q,cls,bid,ask,mid,spread,vol24,volnum,rate,minSize,maxSpread,feeType,feesEnabled,tok0
Pakistan Super League: Karachi Kings vs Hyderabad Kingsmen - Toss Matc,A 竞技,,1.0,,,0.0,0.0,0.0,50,4.5,sports_fees_v2,True,233979526806032838933496699920438951475274423376164933575774032499501442265
Pakistan Super League: Karachi Kings vs Hyderabad Kingsmen - Toss Matc,A 竞技,,1.0,,,0.0,0.0,0.0,50,4.5,sports_fees_v2,True,471274771599041749643699733272518171548465306541427254656258880555637326174
Pakistan Super League: Karachi Kings vs Hyderabad Kingsmen - Team Top ,A 竞技,,1.0,,,0.0,0.0,0.0,50,4.5,sports_fees_v2,True,113581509282851802655686951951057969323900050530743536339837675081344405689305
Pakistan Super League: Karachi Kings vs Hyderabad Kingsmen - Team Top ,A 竞技,,1.0,,,0.0,0.0,0.0,50,4.5,sports_fees_v2,True,49312434874902384699385687185728277293751477903190516354125633759131274975124
Pakistan Super League: Lahore Qalandars vs Hyderabad Kingsmen - Toss M,A 竞技,,0.99,,,0.0,67.5,0.0,50,4.5,sports_fees_v2,True,51938865373697046525464939794661449495705460368210896592803868361686168557070
Pakistan Super League: Lahore Qalandars vs Hyderabad Kingsmen - Toss M,A 竞技,,0.99,,,0.0,67.5,0.0,50,4.5,sports_fees_v2,True,49844723468719738629074920006951292301687985827841928722261370792074782739723
Pakistan Super League: Lahore Qalandars vs Hyderabad Kingsmen - Toss M,A 竞技,,0.99,,,0.0,162.5,0.0,50,4.5,sports_fees_v2,True,46782070113628390374880793029804983176720565900067879686559065970177375756295
Pakistan Super League: Lahore Qalandars vs Hyderabad Kingsmen - Most S,A 竞技,,0.99,,,0.0,91.35938,0.0,50,4.5,sports_fees_v2,True,19712060613181303631766294056829520788586877123827700469914548595802251734932
Pakistan Super League: Lahore Qalandars vs Hyderabad Kingsmen - Most S,A 竞技,,0.99,,,0.0,87.41,0.0,50,4.5,sports_fees_v2,True,28590176986599095847096285179547712617321738781070465072697284354072345984791
Pakistan Super League: Lahore Qalandars vs Hyderabad Kingsmen - Most S,A 竞技,,0.99,,,0.0,87.41,0.0,50,4.5,sports_fees_v2,True,88732287338903065897829975822495969209160972661912216100899990626525109687076
Pakistan Super League: Lahore Qalandars vs Hyderabad Kingsmen - Team T,A 竞技,,1.0,,,0.0,24.0,0.0,50,4.5,sports_fees_v2,True,62242616315173730091703606233131232919607589352447773188713267522596855379542
Pakistan Super League: Lahore Qalandars vs Hyderabad Kingsmen - Team T,A 竞技,,0.99,,,0.0,20.0,0.0,50,4.5,sports_fees_v2,True,51424141303427981118456628910697183665407347245586624362449278590851003419080
Pakistan Super League: Lahore Qalandars vs Hyderabad Kingsmen - Team T,A 竞技,,0.99,,,0.0,20.0,0.0,50,4.5,sports_fees_v2,True,59481371808482654934482737750974720937338266088179986872917575219770113883970
Pakistan Super League: Rawalpindi Pindiz vs Peshawar Zalmi - Toss Matc,A 竞技,0.05,0.96,0.505,0.9099999999999999,0.0,54.66,0.0,50,4.5,sports_fees_v2,True,57553739207503232074992720024791908578931262885097705551097793677950412626566
Will Victoria win?,A 竞技,,1.0,,,0.0,0.0,0.0,50,4.5,sports_fees_v3,True,49663948061885143628377824843843678796036752066342899898651923906713605662967
Will the match end in a draw?,A 竞技,,1.0,,,0.0,0.0,0.0,50,4.5,sports_fees_v3,True,47935735590900070448403525608033554013207402776334326661746699288804470337597
Will South Australia win?,A 竞技,,1.0,,,0.0,0.0,0.0,50,4.5,sports_fees_v3,True,48973890288086370457620468731362434968210150599703098114710439416833943985995
Sheffield Shield: Victoria vs South Australia - Match goes to Day 3?,A 竞技,,1.0,,,0.0,0.0,0.0,50,4.5,sports_fees_v3,True,36877107144205225388442511430439243957809933734502616380332544820054768952399
Sheffield Shield: Victoria vs South Australia - Match goes to Day 4?,A 竞技,,1.0,,,0.0,0.0,0.0,50,4.5,sports_fees_v3,True,63958065165225925533579983609601047258666256903966301536035511564262175146535
Sheffield Shield: Victoria vs South Australia - Match goes to Day 5?,A 竞技,,1.0,,,0.0,0.0,0.0,50,4.5,sports_fees_v3,True,32915568809242079451358573555284833353682479853626771230185782656410096197720
Sheffield Shield: Victoria vs South Australia - Team Top Batter Victor,A 竞技,,1.0,,,0.0,0.0,0.0,50,4.5,sports_fees_v3,True,13817506311288423744780628870835727359056196129934097685120179031285936560001
Sheffield Shield: Victoria vs South Australia - Team Top Batter Draw,A 竞技,,1.0,,,0.0,0.0,0.0,50,4.5,sports_fees_v3,True,58731109286875994688503421039048542951637555715484679462972796549458625614469
Sheffield Shield: Victoria vs South Australia - Team Top Batter South ,A 竞技,,1.0,,,0.0,0.0,0.0,50,4.5,sports_fees_v3,True,70840222999048254725371515130538656953041938677892434665409974193771998925828
Will New South Wales Blues win?,A 竞技,,0.88,,,0.0,0.0,0.0,50,4.5,sports_fees_v3,True,43131792138252850034770306416948463245213509314483257682952184734365778233563
Will the match end in a draw?,A 竞技,,1.0,,,0.0,0.0,0.0,50,4.5,sports_fees_v3,True,91928267291888786505119078382413911868735124816764384497277521677718088960377
Will Tasmania Tigers win?,A 竞技,,1.0,,,0.0,0.0,0.0,50,4.5,sports_fees_v3,True,41388578393719021812306431496097346151871349347812027687910362900882514555480
Sheffield Shield: New South Wales Blues vs Tasmania Tigers - Match goe,A 竞技,,1.0,,,0.0,0.0,0.0,50,4.5,sports_fees_v3,True,34671650148022852618079095323719119527485267364200489617177641149936569415142
Sheffield Shield: New South Wales Blues vs Tasmania Tigers - Match goe,A 竞技,,1.0,,,0.0,0.0,0.0,50,4.5,sports_fees_v3,True,104692935517738542079891346424081714418291244551172681245161728667911964515338
Sheffield Shield: New South Wales Blues vs Tasmania Tigers - Match goe,A 竞技,,1.0,,,0.0,0.0,0.0,50,4.5,sports_fees_v3,True,53722778350113039421854057753157130243723806089753619395928800375318377710590
Sheffield Shield: New South Wales Blues vs Tasmania Tigers - Team Top ,A 竞技,,1.0,,,0.0,0.0,0.0,50,4.5,sports_fees_v3,True,95471383043337065169992978643070573078834865258722851799103133930070466005328
Sheffield Shield: New South Wales Blues vs Tasmania Tigers - Team Top ,A 竞技,,1.0,,,0.0,0.0,0.0,50,4.5,sports_fees_v3,True,15213028258684798758506599591949597412489011082797868447699967100767536087248
Sheffield Shield: New South Wales Blues vs Tasmania Tigers - Team Top ,A 竞技,,1.0,,,0.0,0.0,0.0,50,4.5,sports_fees_v3,True,19394511381716355169060426670898122468092789328712543753929356467405164561974
Will Western Australia win?,A 竞技,,1.0,,,0.0,0.0,0.0,50,4.5,sports_fees_v3,True,36165206195140771221201957300033475247413062416575691919358737429333709564809
Will the match end in a draw?,A 竞技,,1.0,,,0.0,0.0,0.0,50,4.5,sports_fees_v3,True,94049751675095851109790082642450858926635022280137742494938429062843320697014
Will Queensland Bulls win?,A 竞技,,1.0,,,60.967805,60.967805,0.0,50,4.5,sports_fees_v3,True,56326308886556545373948884123121148702462963752147845132583622332528966527975
Sheffield Shield: Western Australia vs Queensland Bulls - Match goes t,A 竞技,,1.0,,,0.0,0.0,0.0,50,4.5,sports_fees_v3,True,37901312576343633580002263157705320537534351252454398231764498348682872515273
Sheffield Shield: Western Australia vs Queensland Bulls - Match goes t,A 竞技,,1.0,,,0.0,0.0,0.0,50,4.5,sports_fees_v3,True,74968346158775388670565321881076574507578120044813795393339825606289334764583
Sheffield Shield: Western Australia vs Queensland Bulls - Match goes t,A 竞技,,0.849,,,0.0,443.99,0.0,50,4.5,sports_fees_v3,True,106205281322593891455367046016926451810128869821193660798342925173204363387618
Sheffield Shield: Western Australia vs Queensland Bulls - Team Top Bat,A 竞技,,1.0,,,0.0,0.0,0.0,50,4.5,sports_fees_v3,True,63638800950985010685385455804409015917484334226706937252182436520963520277737
Sheffield Shield: Western Australia vs Queensland Bulls - Team Top Bat,A 竞技,,1.0,,,0.0,0.0,0.0,50,4.5,sports_fees_v3,True,44142527315483995441580166441579796507450630185149415331284085227283924031053
Sheffield Shield: Western Australia vs Queensland Bulls - Team Top Bat,A 竞技,,1.0,,,0.0,0.0,0.0,50,4.5,sports_fees_v3,True,6878342985803263742057283338307140101483615320993694840866828712027228798804
SaiPa Lappeenranta vs. JYP Jyvaskyla,A 竞技,0.54,0.56,0.55,0.020000000000000018,0.0,0.0,0.0,50,4.5,sports_fees_v3,True,86108770820628951521693095338342531063568171316872958346680152751179528956097
Jokerit Helsinki vs. HIFK Helsinki,A 竞技,0.56,0.57,0.565,0.009999999999999898,149.993334,149.993334,0.0,50,4.5,sports_fees_v3,True,92309477995484889952979556595348211962636456415039244725675717387523730856774
KalPa Hockey vs. Tappara Tampere,A 竞技,0.43,0.46,0.445,0.030000000000000027,0.0,0.0,0.0,50,4.5,sports_fees_v3,True,50486196195994976093679680140749123656632374925406615426137310128654106677006
KooKoo vs. Jukurit Mikkeli,A 竞技,0.53,0.58,0.5549999999999999,0.04999999999999993,0.0,0.0,0.0,50,4.5,sports_fees_v3,True,54139808005047506902754669424316917484539993231539898192395355996725162871257
Assat Pori vs. HPK Hameenlinna,A 竞技,0.63,0.67,0.65,0.040000000000000036,0.0,0.0,0.0,50,4.5,sports_fees_v3,True,23094648006755719812161576148757944179729586579226136808712547759973831461836
Ilves Tampere vs. Lukko Rauma,A 竞技,0.58,0.63,0.605,0.050000000000000044,0.0,0.0,0.0,50,4.5,sports_fees_v3,True,105416375442373044421371679831207940189353869555652552894857484787024406238199
TPS Turku vs. Vaasan Sport,A 竞技,0.72,0.76,0.74,0.040000000000000036,0.0,0.0,0.0,50,4.5,sports_fees_v3,True,112769132663113669970243809686769775832202420749675798565034476045807128680349
Pelicans Lahti vs. Karpat Oulu,A 竞技,0.54,0.58,0.56,0.039999999999999925,0.0,0.0,0.0,50,4.5,sports_fees_v3,True,69023144833424232141667107880213859298159225717964284777691989110085098197452
Skanderborg AGF Haandbold vs. CS Dinamo Bucuresti,A 竞技,,1.0,,,0.0,0.0,0.0,50,4.5,sports_fees_v3,True,65171990968574771534781505104484299856430207088638126963360838971279238297841
RK Vardar Skopje vs. Wisla Plock,A 竞技,0.02,0.99,0.505,0.97,0.0,0.0,0.0,50,4.5,sports_fees_v3,True,67681680444656520616298490487290221944287804026076891044136994132963554065225
MT Melsungen vs. HBC Nantes,A 竞技,0.02,0.99,0.505,0.97,0.0,0.0,0.0,50,4.5,sports_fees_v3,True,112977767925641906836106311980275641292907946623724942546832181981187410123235
Fuchse Berlin vs. FC Porto,A 竞技,0.02,0.99,0.505,0.97,0.0,0.0,0.0,50,4.5,sports_fees_v3,True,18658835093725155624159428756569252877317926216837859083673380846914921777157
Skanderborg AGF Haandbold vs. Montpellier Handball,A 竞技,0.04,0.97,0.505,0.9299999999999999,0.0,0.0,0.0,50,4.5,sports_fees_v3,True,59495367764598937086630478164685536925018273814145847618184673149059684926828
RK Zagreb vs. Aalborg Haandbold,A 竞技,0.03,0.97,0.5,0.94,0.0,0.0,0.0,50,4.5,sports_fees_v3,True,47401433825093733671670797784933085563055121347835587014971867674167681787589
Will Goa win?,A 竞技,0.03,0.96,0.495,0.9299999999999999,0.0,0.0,0.0,50,4.5,sports_fees_v3,True,23317436841632638929848476918739187858835608924710242721720344681249305404079
Will the match end in a draw?,A 竞技,0.03,0.95,0.49,0.9199999999999999,0.0,0.0,0.0,50,4.5,sports_fees_v3,True,75828377776460534575795335046606660203088208316465001267154335545838720209704
Will Baroda win?,A 竞技,0.03,0.96,0.495,0.9299999999999999,0.0,0.0,0.0,50,4.5,sports_fees_v3,True,92101711661154937764866652499884529322179882743435213810502886840957689133078
Ranji Trophy: Goa vs Baroda - Who wins the toss?,A 竞技,0.02,0.98,0.5,0.96,0.0,0.0,0.0,50,4.5,sports_fees_v3,True,16623117005959878367615677592912699092768393365877072787145770194012723879951
Ranji Trophy: Goa vs Baroda - Match goes to Day 3?,A 竞技,0.01,0.99,0.5,0.98,0.0,0.0,0.0,50,4.5,sports_fees_v3,True,71415053545062964309621144218664074216221999951156919859755314568905031526540
Ranji Trophy: Goa vs Baroda - Match goes to Day 4?,A 竞技,0.01,0.99,0.5,0.98,0.0,0.0,0.0,50,4.5,sports_fees_v3,True,100192871092785207725659238952679590786133641249644370452165612657765295875504
Ranji Trophy: Goa vs Baroda - Match goes to Day 5?,A 竞技,0.01,0.99,0.5,0.98,0.0,0.0,0.0,50,4.5,sports_fees_v3,True,29412077090078665680420128580759492890430890215099185180940588025264714010136
Ranji Trophy: Goa vs Baroda - Team Top Batter Goa Winner,A 竞技,,0.99,,,0.0,0.0,0.0,50,4.5,sports_fees_v3,True,22840374334881390897104333855767052884916964955862314199220951407341194784433
Ranji Trophy: Goa vs Baroda - Team Top Batter Draw,A 竞技,,0.99,,,0.0,0.0,0.0,50,4.5,sports_fees_v3,True,33304285502396779955858395588581525546098321908104020658606060650890893998410
Ranji Trophy: Goa vs Baroda - Team Top Batter Baroda Winner,A 竞技,,0.99,,,0.0,0.0,0.0,50,4.5,sports_fees_v3,True,25090235284209820169246585611014240534406341193222106578550731523028229467573
Will Jammu And Kashmir win?,A 竞技,0.03,0.96,0.495,0.9299999999999999,0.0,0.0,0.0,50,4.5,sports_fees_v3,True,11566777351234286982389902419342110948526600593038353645624690343673684743394
Will the match end in a draw?,A 竞技,0.03,0.96,0.495,0.9299999999999999,0.0,0.0,0.0,50,4.5,sports_fees_v3,True,6220016551940656176293953445014491061382458432202021348169045679461292569681
Will Madhya Pradesh win?,A 竞技,0.03,0.96,0.495,0.9299999999999999,0.0,0.0,0.0,50,4.5,sports_fees_v3,True,65562890473421508308151179744162251755980640164596456009886972292293554430935
Ranji Trophy: Jammu And Kashmir vs Madhya Pradesh - Who wins the toss?,A 竞技,0.02,0.98,0.5,0.96,0.0,0.0,0.0,50,4.5,sports_fees_v3,True,36196930148369137410507649088929045709192682265057109575839266264331093722335
Ranji Trophy: Jammu And Kashmir vs Madhya Pradesh - Match goes to Day ,A 竞技,0.01,0.99,0.5,0.98,0.0,0.0,0.0,50,4.5,sports_fees_v3,True,87876062758894752613191300883259006383793837735606719147858690406204104845770
Ranji Trophy: Jammu And Kashmir vs Madhya Pradesh - Match goes to Day ,A 竞技,0.01,0.99,0.5,0.98,0.0,0.0,0.0,50,4.5,sports_fees_v3,True,48493563468281609351271782711081511311684393677304336528302195064005242339340
Ranji Trophy: Jammu And Kashmir vs Madhya Pradesh - Match goes to Day ,A 竞技,0.01,0.99,0.5,0.98,0.0,0.0,0.0,50,4.5,sports_fees_v3,True,50187295645232571787759802790696924161154759525552499180343895879578369210253
Ranji Trophy: Jammu And Kashmir vs Madhya Pradesh - Team Top Batter Ja,A 竞技,,0.99,,,0.0,0.0,0.0,50,4.5,sports_fees_v3,True,17286576269651088640876519747100634399001234035856851585955371428183458054428
Ranji Trophy: Jammu And Kashmir vs Madhya Pradesh - Team Top Batter Dr,A 竞技,,0.99,,,0.0,0.0,0.0,50,4.5,sports_fees_v3,True,87914571463289157916550608103429226145256307625231735389642988385020516395244
Ranji Trophy: Jammu And Kashmir vs Madhya Pradesh - Team Top Batter Ma,A 竞技,,0.99,,,0.0,0.0,0.0,50,4.5,sports_fees_v3,True,17492734629880246449491810561959729896279231295178968684611879508135977113278
Will Vidarbha win?,A 竞技,0.04,0.94,0.49,0.8999999999999999,0.0,0.0,0.0,50,4.5,sports_fees_v3,True,86873603320395262425753231491937359868785191204055873980517741890092439324012
Will the match end in a draw?,A 竞技,0.04,0.94,0.49,0.8999999999999999,0.0,0.0,0.0,50,4.5,sports_fees_v3,True,100569437608746701836600359272647513055307033819031269998712429701588983487656
Will Puducherry win?,A 竞技,0.04,0.94,0.49,0.8999999999999999,0.0,0.0,0.0,50,4.5,sports_fees_v3,True,91602353929424125784398713869311092866566643828259390858396442712884622360582
Ranji Trophy: Vidarbha vs Puducherry - Who wins the toss?,A 竞技,0.02,0.98,0.5,0.96,0.0,0.0,0.0,50,4.5,sports_fees_v3,True,33621461193230882693479901586032534121587721068219785625833743260939375175068
Ranji Trophy: Vidarbha vs Puducherry - Match goes to Day 3?,A 竞技,0.01,0.99,0.5,0.98,0.0,0.0,0.0,50,4.5,sports_fees_v3,True,57487396821867807756736276309840991690862891015705073881620819292905846958812
Ranji Trophy: Vidarbha vs Puducherry - Match goes to Day 4?,A 竞技,0.01,0.99,0.5,0.98,0.0,0.0,0.0,50,4.5,sports_fees_v3,True,38469594640952452080224511484610018603911199509519246511660949048240426728072
Ranji Trophy: Vidarbha vs Puducherry - Match goes to Day 5?,A 竞技,0.01,0.99,0.5,0.98,0.0,0.0,0.0,50,4.5,sports_fees_v3,True,70322975966061937782341546528747050481708876453416099115542345919555587044288
Ranji Trophy: Vidarbha vs Puducherry - Team Top Batter Vidarbha Winner,A 竞技,,0.99,,,0.0,0.0,0.0,50,4.5,sports_fees_v3,True,103820908845512930583641649071707210151356255725216086777217087571456963983581
Ranji Trophy: Vidarbha vs Puducherry - Team Top Batter Draw,A 竞技,,0.99,,,0.0,0.0,0.0,50,4.5,sports_fees_v3,True,12986157919705295133110435652415013806282668429089232769888411095601674178776
Ranji Trophy: Vidarbha vs Puducherry - Team Top Batter Puducherry Winn,A 竞技,,0.99,,,0.0,0.0,0.0,50,4.5,sports_fees_v3,True,42182901174046420877760141020648167414614482395783218762284638464913349333855
Will Bihar win?,A 竞技,0.03,0.96,0.495,0.9299999999999999,0.0,0.0,0.0,50,4.5,sports_fees_v3,True,65505239614641332547524698868970498905860480095369565270851756193342335243824
Will the match end in a draw?,A 竞技,0.03,0.96,0.495,0.9299999999999999,0.0,0.0,0.0,50,4.5,sports_fees_v3,True,38971789889527394253887824431433542763031745315802273476230009886847908109750
Will Uttar Pradesh win?,A 竞技,0.03,0.95,0.49,0.9199999999999999,0.0,0.0,0.0,50,4.5,sports_fees_v3,True,7821149374060886969703786592623707386497418425829255421390341815512712032216
Ranji Trophy: Bihar vs Uttar Pradesh - Who wins the toss?,A 竞技,0.02,0.98,0.5,0.96,0.0,0.0,0.0,50,4.5,sports_fees_v3,True,51697482243709229045144059680791004772424208372139727942145335530704509052849
Ranji Trophy: Bihar vs Uttar Pradesh - Match goes to Day 3?,A 竞技,0.01,0.99,0.5,0.98,0.0,0.0,0.0,50,4.5,sports_fees_v3,True,1160033816871517567614981209007431511975332619594070423858440975804223327298
Ranji Trophy: Bihar vs Uttar Pradesh - Match goes to Day 4?,A 竞技,0.01,0.99,0.5,0.98,0.0,0.0,0.0,50,4.5,sports_fees_v3,True,2696079813442988752648952393496022850648469784101796713014700667051446853504
Ranji Trophy: Bihar vs Uttar Pradesh - Match goes to Day 5?,A 竞技,0.01,0.99,0.5,0.98,0.0,0.0,0.0,50,4.5,sports_fees_v3,True,66055906939573386340899071868386697595153614951438673301323854797591235118727
Ranji Trophy: Bihar vs Uttar Pradesh - Team Top Batter Bihar Winner,A 竞技,,0.99,,,0.0,0.0,0.0,50,4.5,sports_fees_v3,True,99695590404899468380807602458758489625483010296750095285042526921821987882392
Ranji Trophy: Bihar vs Uttar Pradesh - Team Top Batter Draw,A 竞技,,0.99,,,0.0,0.0,0.0,50,4.5,sports_fees_v3,True,1075601218068137451947025339988281252907511854969076206908155306473869232136
Ranji Trophy: Bihar vs Uttar Pradesh - Team Top Batter Uttar Pradesh W,A 竞技,,0.99,,,0.0,0.0,0.0,50,4.5,sports_fees_v3,True,50445066656375051949334466338201993826777836043517651409318180012673473396680
Will Hyderabad win?,A 竞技,0.04,0.94,0.49,0.8999999999999999,0.0,0.0,0.0,50,4.5,sports_fees_v3,True,101286489057603314724400666344079560561364642743336820459053006476369338295668
Will the match end in a draw?,A 竞技,0.04,0.94,0.49,0.8999999999999999,0.0,0.0,0.0,50,4.5,sports_fees_v3,True,45506512785850455392018168646276055644842854362121104026625725928207747159451
Will Tripura win?,A 竞技,0.04,0.94,0.49,0.8999999999999999,0.0,0.0,0.0,50,4.5,sports_fees_v3,True,73256517734600229390381086716668173358406202223298011986856378403921078093011
Ranji Trophy: Hyderabad vs Tripura - Who wins the toss?,A 竞技,0.02,0.98,0.5,0.96,0.0,0.0,0.0,50,4.5,sports_fees_v3,True,32732808998105532602254038583532623967904712229414192082379968680624967239029
Ranji Trophy: Hyderabad vs Tripura - Match goes to Day 3?,A 竞技,0.01,0.99,0.5,0.98,0.0,0.0,0.0,50,4.5,sports_fees_v3,True,94270616648942408820931690431576191126141162368954737239064263222420209916951
Ranji Trophy: Hyderabad vs Tripura - Match goes to Day 4?,A 竞技,0.01,0.99,0.5,0.98,0.0,0.0,0.0,50,4.5,sports_fees_v3,True,45096187936062333148022786268480626746815805981164404439617947377399982581051
Ranji Trophy: Hyderabad vs Tripura - Match goes to Day 5?,A 竞技,0.01,0.99,0.5,0.98,0.0,0.0,0.0,50,4.5,sports_fees_v3,True,107887815353507559590715788375998517024984218039610165013653097007133203935682
Ranji Trophy: Hyderabad vs Tripura - Team Top Batter Hyderabad Winner,A 竞技,,0.99,,,0.0,0.0,0.0,50,4.5,sports_fees_v3,True,15676414272398386008535773515370389024482298076273816549821034935917913062581
Ranji Trophy: Hyderabad vs Tripura - Team Top Batter Draw,A 竞技,,0.99,,,0.0,0.0,0.0,50,4.5,sports_fees_v3,True,18115280233550567938260756091993188700780873481742256539966941179471493120341
Ranji Trophy: Hyderabad vs Tripura - Team Top Batter Tripura Winner,A 竞技,,0.99,,,0.0,0.0,0.0,50,4.5,sports_fees_v3,True,71466986521797383558556421302324279181602855112188050657008871073694903283189
Will Punjab win?,A 竞技,0.04,0.93,0.48500000000000004,0.89,0.0,0.0,0.0,50,4.5,sports_fees_v3,True,83072754998680210476837137220966613879637364781793335572198422851834079266832
Will the match end in a draw?,A 竞技,0.04,0.93,0.48500000000000004,0.89,0.0,0.0,0.0,50,4.5,sports_fees_v3,True,94322173247496829418643764790682839688942149980093920699692126170630466208286
Will Assam win?,A 竞技,0.04,0.94,0.49,0.8999999999999999,0.0,0.0,0.0,50,4.5,sports_fees_v3,True,695193044766448515300894864118054275974708067734287814076673261736620278119
Ranji Trophy: Punjab vs Assam - Who wins the toss?,A 竞技,0.02,0.98,0.5,0.96,0.0,0.0,0.0,50,4.5,sports_fees_v3,True,96663709718790045913797791341795130693577481339120898956770540540922255427489
Ranji Trophy: Punjab vs Assam - Match goes to Day 3?,A 竞技,0.01,0.99,0.5,0.98,0.0,0.0,0.0,50,4.5,sports_fees_v3,True,6863808562694315499500858894021222861659704538228747046679654523235703349633
Ranji Trophy: Punjab vs Assam - Match goes to Day 4?,A 竞技,0.01,0.99,0.5,0.98,0.0,0.0,0.0,50,4.5,sports_fees_v3,True,84853117289868222054236879671230407214338630471459461226829012131536003828469
Ranji Trophy: Punjab vs Assam - Match goes to Day 5?,A 竞技,0.01,0.99,0.5,0.98,0.0,0.0,0.0,50,4.5,sports_fees_v3,True,33670520889208521984038279472020480698093771218842807290315788168473895644980
Ranji Trophy: Punjab vs Assam - Team Top Batter Punjab Winner,A 竞技,,0.99,,,0.0,0.0,0.0,50,4.5,sports_fees_v3,True,112176349469696946844433771772268861601811255872065238982930717072070266250671
Ranji Trophy: Punjab vs Assam - Team Top Batter Draw,A 竞技,,0.99,,,0.0,0.0,0.0,50,4.5,sports_fees_v3,True,95448545518319628615198669555309001820557640440871280972805474544948853065257
Ranji Trophy: Punjab vs Assam - Team Top Batter Assam Winner,A 竞技,,0.99,,,0.0,0.0,0.0,50,4.5,sports_fees_v3,True,78848046837388039302676717502782659129824795969087809476486675419110877598977
Will Saurashtra win?,A 竞技,0.03,0.96,0.495,0.9299999999999999,0.0,0.0,0.0,50,4.5,sports_fees_v3,True,64957027836467985591544907842174441269931229514364218453703530195441574528618
Will the match end in a draw?,A 竞技,0.03,0.96,0.495,0.9299999999999999,0.0,0.0,0.0,50,4.5,sports_fees_v3,True,65681666756642560241448463180449898107924982418793407098365581153906942508704
Will Chhattisgarh win?,A 竞技,0.03,0.96,0.495,0.9299999999999999,0.0,0.0,0.0,50,4.5,sports_fees_v3,True,99638734346978068692198478283382443777023734444187646404681793151822843984126
Ranji Trophy: Saurashtra vs Chhattisgarh - Who wins the toss?,A 竞技,0.02,0.98,0.5,0.96,0.0,0.0,0.0,50,4.5,sports_fees_v3,True,65181283034032915811412876873688361279032833556249771702739436049033453622268
Ranji Trophy: Saurashtra vs Chhattisgarh - Match goes to Day 3?,A 竞技,0.01,0.99,0.5,0.98,0.0,0.0,0.0,50,4.5,sports_fees_v3,True,85918787021485009310728691105457020573822243217230683350768039053771464660824
Ranji Trophy: Saurashtra vs Chhattisgarh - Match goes to Day 4?,A 竞技,0.01,0.99,0.5,0.98,0.0,0.0,0.0,50,4.5,sports_fees_v3,True,45588569670028990717027976024335627368333925080035760153216315002134659921339
Ranji Trophy: Saurashtra vs Chhattisgarh - Match goes to Day 5?,A 竞技,0.01,0.99,0.5,0.98,0.0,0.0,0.0,50,4.5,sports_fees_v3,True,43142504566955355744784859081201324005641426638671712330687472796563913081673
Ranji Trophy: Saurashtra vs Chhattisgarh - Team Top Batter Saurashtra ,A 竞技,,0.99,,,0.0,0.0,0.0,50,4.5,sports_fees_v3,True,2798338586431998872326752653252125602680864101952267511440686177384044299562
Ranji Trophy: Saurashtra vs Chhattisgarh - Team Top Batter Draw,A 竞技,,0.99,,,0.0,0.0,0.0,50,4.5,sports_fees_v3,True,670243226856015747823785809320068428024330100089918922820668944205532855512
Ranji Trophy: Saurashtra vs Chhattisgarh - Team Top Batter Chhattisgar,A 竞技,,0.99,,,0.0,0.0,0.0,50,4.5,sports_fees_v3,True,25718170157204006806064592991495226843690515079442336272965432765031224731051
Will Andhra win?,A 竞技,0.04,0.94,0.49,0.8999999999999999,0.0,0.0,0.0,50,4.5,sports_fees_v3,True,68217205060379566850623526772135295733227459227276065001653413515775603893248
Will the match end in a draw?,A 竞技,0.04,0.93,0.48500000000000004,0.89,0.0,0.0,0.0,50,4.5,sports_fees_v3,True,71466530796092156270241015300776370066553099797640683197948136671871748262015
Will Karnataka win?,A 竞技,0.04,0.94,0.49,0.8999999999999999,0.0,0.0,0.0,50,4.5,sports_fees_v3,True,102177076211342932502347485431562312583263227922755194748212700868063774343166
Ranji Trophy: Andhra vs Karnataka - Who wins the toss?,A 竞技,0.02,0.98,0.5,0.96,0.0,0.0,0.0,50,4.5,sports_fees_v3,True,5880064479042718932416972812832700149435003306920157424152325009218711511511
Ranji Trophy: Andhra vs Karnataka - Match goes to Day 3?,A 竞技,0.01,0.99,0.5,0.98,0.0,0.0,0.0,50,4.5,sports_fees_v3,True,33598729985814195265163035264345897606048709281750647630256124104041325851917
Ranji Trophy: Andhra vs Karnataka - Match goes to Day 4?,A 竞技,0.01,0.99,0.5,0.98,0.0,0.0,0.0,50,4.5,sports_fees_v3,True,29574343989852473022722649369408314412005668092643885653328322741597578821385
Ranji Trophy: Andhra vs Karnataka - Match goes to Day 5?,A 竞技,0.01,0.99,0.5,0.98,0.0,0.0,0.0,50,4.5,sports_fees_v3,True,87533971247092814108759052435994560820246675308030514568025015182765742143061
Ranji Trophy: Andhra vs Karnataka - Team Top Batter Andhra Winner,A 竞技,,0.99,,,0.0,0.0,0.0,50,4.5,sports_fees_v3,True,63467434854616789000179449235789112276755357725351429487820416984882995216676
Ranji Trophy: Andhra vs Karnataka - Team Top Batter Draw,A 竞技,,0.99,,,0.0,0.0,0.0,50,4.5,sports_fees_v3,True,99135982122236064180817226670368277963717856985305414333807697619799552072314
Ranji Trophy: Andhra vs Karnataka - Team Top Batter Karnataka Winner,A 竞技,,0.99,,,0.0,0.0,0.0,50,4.5,sports_fees_v3,True,4380480217096972566116511868469939233802450969853187129209677855345022833397
Will Gujarat win?,A 竞技,0.04,0.93,0.48500000000000004,0.89,0.0,0.0,0.0,50,4.5,sports_fees_v3,True,13299084219991481875471983857673885190135070764106579363064008532966829795530
Will the match end in a draw?,A 竞技,0.04,0.94,0.49,0.8999999999999999,0.0,0.0,0.0,50,4.5,sports_fees_v3,True,20924505923790439987083678703423549147371579484185987096963719477707671064405
Will Odisha win?,A 竞技,0.04,0.94,0.49,0.8999999999999999,0.0,0.0,0.0,50,4.5,sports_fees_v3,True,64398686975385588861258979494512359372428785651312415683866829114078683537270
Ranji Trophy: Gujarat vs Odisha - Who wins the toss?,A 竞技,0.02,0.98,0.5,0.96,0.0,0.0,0.0,50,4.5,sports_fees_v3,True,78713325408627348412670017433687549675312490749452753759554923104984590175655
Ranji Trophy: Gujarat vs Odisha - Match goes to Day 3?,A 竞技,0.01,0.99,0.5,0.98,0.0,0.0,0.0,50,4.5,sports_fees_v3,True,5185778499594299661865726293225969872300176678818050068505963743228351463772
Ranji Trophy: Gujarat vs Odisha - Match goes to Day 4?,A 竞技,0.01,0.99,0.5,0.98,0.0,0.0,0.0,50,4.5,sports_fees_v3,True,72587015962397673334626780927683408547815325517085400958561961938634829617236
Ranji Trophy: Gujarat vs Odisha - Match goes to Day 5?,A 竞技,0.01,0.99,0.5,0.98,0.0,0.0,0.0,50,4.5,sports_fees_v3,True,9336676320106191980290349773009862801667227545669777471141812095009921732469
Ranji Trophy: Gujarat vs Odisha - Team Top Batter Gujarat Winner,A 竞技,,0.99,,,0.0,0.0,0.0,50,4.5,sports_fees_v3,True,27662456811802481858003064115770870155184639473669813843568210793762693297377
Ranji Trophy: Gujarat vs Odisha - Team Top Batter Draw,A 竞技,,0.99,,,0.0,0.0,0.0,50,4.5,sports_fees_v3,True,41333973543331805360664358132220417791396675938821648988767558113626347889476
Ranji Trophy: Gujarat vs Odisha - Team Top Batter Odisha Winner,A 竞技,,0.99,,,0.0,0.0,0.0,50,4.5,sports_fees_v3,True,40212226996590120953018885508370710352952725494908106719236307396961793074129
Will Jharkhand win?,A 竞技,0.04,0.94,0.49,0.8999999999999999,0.0,0.0,0.0,50,4.5,sports_fees_v3,True,58861667377326784487990901063827614076231624876458120286200570279798984117344
Will the match end in a draw?,A 竞技,0.04,0.93,0.48500000000000004,0.89,0.0,0.0,0.0,50,4.5,sports_fees_v3,True,68771742736893799382453925043722515744108736624703842802761809474925016767842
Will Kerala win?,A 竞技,0.04,0.94,0.49,0.8999999999999999,0.0,0.0,0.0,50,4.5,sports_fees_v3,True,43542067835238350624410350866346382140359854306371283995010923696985255600779
Ranji Trophy: Jharkhand vs Kerala - Who wins the toss?,A 竞技,0.02,0.98,0.5,0.96,0.0,0.0,0.0,50,4.5,sports_fees_v3,True,74192839897500745959378211447119216498447673819531577655360372967816897754038
Ranji Trophy: Jharkhand vs Kerala - Match goes to Day 3?,A 竞技,0.01,0.99,0.5,0.98,0.0,0.0,0.0,50,4.5,sports_fees_v3,True,86501353040251849409532754513020457582488787359652946170142759420298497874229
Ranji Trophy: Jharkhand vs Kerala - Match goes to Day 4?,A 竞技,0.01,0.99,0.5,0.98,0.0,0.0,0.0,50,4.5,sports_fees_v3,True,100783654883733234621781335533913559489255514687728261127310014886335085242785
Ranji Trophy: Jharkhand vs Kerala - Match goes to Day 5?,A 竞技,0.01,0.99,0.5,0.98,0.0,0.0,0.0,50,4.5,sports_fees_v3,True,58604319924671061828016351441626408236292893434004028805170931592206331841351
Ranji Trophy: Jharkhand vs Kerala - Team Top Batter Jharkhand Winner,A 竞技,,0.99,,,0.0,0.0,0.0,50,4.5,sports_fees_v3,True,37614298958966236597330364981150304487669657456040248540319878139434868468461
Ranji Trophy: Jharkhand vs Kerala - Team Top Batter Draw,A 竞技,,0.99,,,0.0,0.0,0.0,50,4.5,sports_fees_v3,True,100813056483759540629748547802083942615414250549090065288109979657917124023524
Ranji Trophy: Jharkhand vs Kerala - Team Top Batter Kerala Winner,A 竞技,,0.99,,,0.0,0.0,0.0,50,4.5,sports_fees_v3,True,69611423660005293719043545920961733523838667765797621444736549701618027752790
Tth Holstebro vs. Ribe-Esbjerg HH,A 竞技,0.02,0.99,0.505,0.97,0.0,0.0,0.0,50,4.5,sports_fees_v3,True,92044052300500429052426758516315351680043067865961501375461189838299142918261
Chartres Metropole Handball vs. Chambery Savoie Mont Blanc Handball,A 竞技,0.02,0.98,0.5,0.96,0.0,0.0,0.0,50,4.5,sports_fees_v3,True,100559671764723798363098693528208340437614343002803288045083914072857056166879
Saint Raphael vs. Cesson Rennes Metropole HB,A 竞技,0.02,0.99,0.505,0.97,0.0,0.0,0.0,50,4.5,sports_fees_v3,True,41806946136180646562788159287609047515330961270165173995013340702117655606692
Limoges Handball vs. USAM Nimes Gard,A 竞技,0.03,0.97,0.5,0.94,0.0,0.0,0.0,50,4.5,sports_fees_v3,True,75395497637586509483969156575063994981020067766332402274841129630083112684536
Paris Saint-Germain Handball vs. Fenix Toulouse Handball,A 竞技,0.03,0.97,0.5,0.94,0.0,0.0,0.0,50,4.5,sports_fees_v3,True,54773660144934487056370251076898896331113286458578523740810013485601815620744
PAUC Handball vs. Saran Loiret Handball,A 竞技,0.03,0.97,0.5,0.94,0.0,0.0,0.0,50,4.5,sports_fees_v3,True,84050423943799640899091644166666791830216795150031623414658408566930248026712
Rhein-Neckar Lowen vs. ThSV Eisenach,A 竞技,0.02,0.85,0.435,0.83,0.0,0.0,0.0,50,4.5,sports_fees_v3,True,7801683715456186009411978823911676257798789246174727938651020459786771569527
TVB Stuttgart vs. HSG Wetzlar,A 竞技,0.68,0.78,0.73,0.09999999999999998,0.0,0.0,0.0,50,4.5,sports_fees_v3,True,113525065443749818152088834763300607945411140304410172164062509858799575941583
TSV Hannover-Burgdorf vs. SG Flensburg-Handewitt,A 竞技,0.25,0.37,0.31,0.12,0.0,0.0,0.0,50,4.5,sports_fees_v3,True,49107109905523865762346420612735298496125392834150707149037498296699291428652
Balatonfuredi Kse vs. Gyongyosi KK,A 竞技,,0.49,,,0.0,20.0,0.0,50,4.5,sports_fees_v3,True,28172204608159422317572654437974524302500759016558044553357940428454952058343
KPR Gwardia Opole vs. SPR Chrobry Glogow,A 竞技,,1.0,,,0.0,0.0,0.0,50,4.5,sports_fees_v3,True,26288245149418100072084252206511004276145128707849303259385095436486919955693
BM Granollers vs. BM Ciudad Encantada Cuenca,A 竞技,,1.0,,,0.0,0.0,0.0,50,4.5,sports_fees_v3,True,77750241839196571739564783596409324951301917386922840342918295241982098271747
Fertiberia Puerto Sagunto vs. Eon Horneo Alicante,A 竞技,0.02,0.99,0.505,0.97,0.0,0.0,0.0,50,4.5,sports_fees_v3,True,36199604642695078133001754852069255073280474228240593944770859340369765352612
BM Ciudad Encantada Cuenca vs. BM Logrono La Rioja,A 竞技,0.02,0.98,0.5,0.96,0.0,0.0,0.0,50,4.5,sports_fees_v3,True,12319620275859372605677312914936793455038600381700527674688678722913054585323
Will FC Seoul win K-League?,A 竞技,0.81,0.986,0.898,0.17599999999999993,0.0,106.31776599999999,0.0,50,4.5,sports_fees_v2,True,98014639498678897040962130508216342791844423794065543822470602037901506636430
Will Ulsan HD win K-League?,A 竞技,0.01,0.52,0.265,0.51,0.0,32.8801,0.0,50,4.5,sports_fees_v2,True,100207894152507900646139061075972141621047712715771398899046570525284466184004
Will Jeonbuk Hyundai Motors win K-League?,A 竞技,,0.53,,,0.0,24.36,0.0,50,4.5,sports_fees_v2,True,81225235760582762515457267674505017379594386085286193425861508759545336291641
Will Pohang Steelers win K-League?,A 竞技,0.002,0.443,0.2225,0.441,0.0,191.35,0.0,50,4.5,sports_fees_v2,True,40645382799159980491484911703974266438056838514892587063995743982412549298754
Will Daejeon Hana Citizen win K-League?,A 竞技,0.001,0.522,0.2615,0.521,0.0,91.34,0.0,50,4.5,sports_fees_v2,True,43899980802630637047482740900032476211304440747682191951293177294863416264405
Will Gangwon FC win K-League?,A 竞技,,0.44,,,0.0,91.15425,0.0,50,4.5,sports_fees_v2,True,85810457349298372489584714709094706319745264802919057759745490081678489230784
Will Jeju SK win K-League?,A 竞技,,0.54,,,0.0,19.16,0.0,50,4.5,sports_fees_v2,True,95937198455719373231846193661384176522627709853680499178623100705722683897714
Will Incheon United win K-League?,A 竞技,,0.53,,,0.0,19.16,0.0,50,4.5,sports_fees_v2,True,41621294938986115547074820977719552276404804960977043871069997900356657769128
Will FC Anyang win K-League?,A 竞技,0.002,0.523,0.2625,0.521,0.0,200.54999999999998,0.0,50,4.5,sports_fees_v2,True,26961131942529334918929826557709262338671908321848919356514175718895838929698
Daejeon Hana Citizen FC vs. Gwangju FC: Team to Take First Corner,A 竞技,0.001,0.999,0.5,0.998,0.0,0.0,0.0,50,4.5,sports_fees_v3,True,44497594225016556450979374247813967626305505847210092960744944773326156053035
Jeonbuk Hyundai Motors FC vs. FC Seoul: Team to Take First Corner,A 竞技,0.001,0.999,0.5,0.998,0.0,0.0,0.0,50,4.5,sports_fees_v3,True,100571005241017451593645227292709232466958267398555782359324866005483580442054
Ulsan HD FC vs. FC Anyang: Team to Take First Corner,A 竞技,0.001,0.999,0.5,0.998,0.0,1014.2849999999999,0.0,50,4.5,sports_fees_v3,True,44794254975327086160187003179209486003993331646742913222338173087176754265969
Jeju SK FC vs. Incheon United FC: Team to Take First Corner,A 竞技,0.001,0.999,0.5,0.998,0.0,0.0,0.0,50,4.5,sports_fees_v3,True,84425017572277943414221759135263964663665160393899931495591264962844913168114
Pohang Steelers FC vs. Gimcheon Sangmu FC: Team to Take First Corner,A 竞技,0.001,0.999,0.5,0.998,0.0,0.0,0.0,50,4.5,sports_fees_v3,True,78379301683319401298585511322563266131293378314172461802379034047436173019037
Gangwon FC vs. Bucheon FC 1995: Team to Take First Corner,A 竞技,0.001,0.999,0.5,0.998,0.0,0.0,0.0,50,4.5,sports_fees_v3,True,87466405168711435516516719714157324606093851715666726229110374323101873862210
Incheon United FC vs. Bucheon FC 1995: Team to Take First Corner,A 竞技,,0.999,,,0.0,34.0,0.0,50,4.5,sports_fees_v3,True,14531969958319811170332800333424076611596388381636919025695055478613869644054
FC Anyang vs. Gangwon FC: Team to Take First Corner,A 竞技,0.001,0.999,0.5,0.998,0.0,0.0,0.0,50,4.5,sports_fees_v3,True,1925889524547136924062769360079360221346882350876154260212508080210180502421
Gwangju FC vs. Jeju SK FC: Team to Take First Corner,A 竞技,0.001,1.0,0.5005,0.999,0.0,118.0,0.0,50,4.5,sports_fees_v3,True,45631024823569324599538339668455826576377616860424998879983018059359849562001
FC Seoul vs. Ulsan HD FC: Team to Take First Corner,A 竞技,0.001,0.999,0.5,0.998,0.0,0.0,0.0,50,4.5,sports_fees_v3,True,67213977887501398473909408104649646271934025275152380338341654069291740225392
Pohang Steelers FC vs. Jeonbuk Hyundai Motors FC: Total Corners Odd or,A 竞技,0.001,0.999,0.5,0.998,0.0,0.0,0.0,50,4.5,sports_fees_v3,True,87268714683420720887439472935926506284920220672880317868839396543747418216596
Gimcheon Sangmu FC vs. FC Seoul: Team to Take First Corner,A 竞技,0.001,0.999,0.5,0.998,0.0,0.0,0.0,50,4.5,sports_fees_v3,True,22787692249332424567760753708922947605034161124148677361410928883077307420746
Pohang Steelers FC vs. Ulsan HD FC: Team to Take First Corner,A 竞技,0.001,0.999,0.5,0.998,0.0,0.0,0.0,50,4.5,sports_fees_v3,True,38734566430777584667038012115648899486472671371007214939409308945227582774354
FC Anyang vs. Daejeon Hana Citizen FC: Team to Take First Corner,A 竞技,0.001,0.999,0.5,0.998,0.0,0.0,0.0,50,4.5,sports_fees_v3,True,91984880251786515481510168576871920969800040666852850690191141962438141204738
Jeonbuk Hyundai Motors FC vs. Jeju SK FC: Team to Take First Corner,A 竞技,0.001,0.999,0.5,0.998,0.0,0.0,0.0,50,4.5,sports_fees_v3,True,69039938015433773191806135491275345068658471820952162697325346072048233301322
Bucheon FC 1995 vs. Gwangju FC: Team to Take First Corner,A 竞技,0.001,0.999,0.5,0.998,0.0,0.0,0.0,50,4.5,sports_fees_v3,True,50914446278196339083903711072613832202614809593948523738410110673990604876143
Will FC Seoul be runner-up in the 2026 K-League?,A 竞技,0.02,0.97,0.495,0.95,0.0,0.0,0.0,50,4.5,sports_fees_v3,True,17175893283796396977026821575138299859337182690424953613340915943903679274746
Will Ulsan HD be runner-up in the 2026 K-League?,A 竞技,0.02,0.98,0.5,0.96,0.0,0.0,0.0,50,4.5,sports_fees_v3,True,88859078781367984487592131436187840516254042311631076248162203038184733149122
Will Jeonbuk Hyundai Motors be runner-up in the 2026 K-League?,A 竞技,0.02,0.97,0.495,0.95,0.0,0.0,0.0,50,4.5,sports_fees_v3,True,12884103670908500102217249340156473134526204494654336494279632449559248453035
Will Pohang Steelers be runner-up in the 2026 K-League?,A 竞技,,0.97,,,0.0,18.1011,0.0,50,4.5,sports_fees_v3,True,87735742581321359475265528773710563118925579014003308550431585370622606343536
Will Daejeon Hana Citizen be runner-up in the 2026 K-League?,A 竞技,0.02,0.97,0.495,0.95,0.0,0.0,0.0,50,4.5,sports_fees_v3,True,91000392790260072227543936696410882647160195709814233189605099438807434228211
Will Gangwon FC be runner-up in the 2026 K-League?,A 竞技,,0.96,,,0.0,6.3163,0.0,50,4.5,sports_fees_v3,True,96252803260777402468441407927223898530946059851451250641579774442739506399218
Will Jeju SK be runner-up in the 2026 K-League?,A 竞技,0.02,0.96,0.49,0.94,0.0,0.0,0.0,50,4.5,sports_fees_v3,True,25707375544903623246023986394358756345665218719395012803848975483806999400745
Will Gimcheon Sangmu be runner-up in the 2026 K-League?,A 竞技,,0.91,,,0.0,89.41,0.0,50,4.5,sports_fees_v3,True,27731627256964222928551809684437487959930087265538408017574880747861024163150
Will Incheon United be runner-up in the 2026 K-League?,A 竞技,0.02,0.96,0.49,0.94,0.0,0.0,0.0,50,4.5,sports_fees_v3,True,62832765251395276501258496323107035643008499490223202654410602537585039791203
Will FC Anyang be runner-up in the 2026 K-League?,A 竞技,0.02,0.97,0.495,0.95,0.0,0.0,0.0,50,4.5,sports_fees_v3,True,39610634747192584183326183863281525038269477237346639615542423674742249119675
Will Bucheon FC 1995 be runner-up in the 2026 K-League?,A 竞技,0.002,0.011,0.0065,0.009,0.0,101.41,0.0,50,4.5,sports_fees_v3,True,33470077175639088216871631322189391972090970424862278658967496100480783307369
Gwangju FC vs. FC Seoul: 1st Half O/U 4.5 Total Corners,A 竞技,0.001,0.999,0.5,0.998,0.0,0.0,0.0,50,4.5,sports_fees_v3,True,79584012665775669979556612721424179065856725386018832737075784684242901917181
Gwangju FC vs. FC Seoul: 2nd Half O/U 5.5 Total Corners,A 竞技,,1.0,,,0.0,0.0,0.0,50,4.5,sports_fees_v3,True,43074703360530622817774202034907389650953184753081224094276361704475756427967
Gwangju FC vs. FC Seoul: Total Corners Odd or Even?,A 竞技,,1.0,,,0.0,0.0,0.0,50,4.5,sports_fees_v3,True,46572615487717176480242840534385949430498809007541413817567138174597270620603
Will Ansan Greeners be promoted to K-League?,A 竞技,0.01,0.98,0.495,0.97,0.0,0.0,0.0,50,4.5,sports_fees_v3,True,78558714233983929390092131852757376349116387631106786456658096769061414932123
Will Busan IPark be promoted to K-League?,A 竞技,0.01,0.98,0.495,0.97,0.0,0.0,0.0,50,4.5,sports_fees_v3,True,48186837481569213457314881926006136460446804633352427864022916903212820710830
Will Cheonan City be promoted to K-League?,A 竞技,0.01,0.98,0.495,0.97,0.0,0.0,0.0,50,4.5,sports_fees_v3,True,28025698716715431462814660347096784442862639525961485460602521440570042509256
Will Chungbuk Cheongju be promoted to K-League?,A 竞技,0.01,0.98,0.495,0.97,0.0,0.0,0.0,50,4.5,sports_fees_v3,True,45823030024325131353291361436308041542278322585807052262909651448968059261159
Will Chungnam Asan be promoted to K-League?,A 竞技,0.01,0.98,0.495,0.97,0.0,0.0,0.0,50,4.5,sports_fees_v3,True,43698271197495224722664135426193316853148140727793018369573345032989399401766
Will Daegu FC be promoted to K-League?,A 竞技,0.01,0.98,0.495,0.97,0.0,0.0,0.0,50,4.5,sports_fees_v3,True,90286892852190402199427369074852307709588797611742231365729487575790104987574
Will Gimhae FC 2008 be promoted to K-League?,A 竞技,0.01,0.98,0.495,0.97,0.0,0.0,0.0,50,4.5,sports_fees_v3,True,102052441346915992665715367016703316764897850503370369043364732882587313090066
Will Gimpo FC be promoted to K-League?,A 竞技,0.01,0.98,0.495,0.97,0.0,0.0,0.0,50,4.5,sports_fees_v3,True,63763890623756543702074540419698821329753565300827527584423953836079447835039
Will Gyeongnam FC be promoted to K-League?,A 竞技,0.01,0.98,0.495,0.97,0.0,0.0,0.0,50,4.5,sports_fees_v3,True,92064465799982480390468182247211932753156338384229745628820454130475924808609
Will Hwaseong FC be promoted to K-League?,A 竞技,0.01,0.98,0.495,0.97,0.0,0.0,0.0,50,4.5,sports_fees_v3,True,35770851692348993193475167211173150480929922843411052823432613336318294986777
Will Jeonnam Dragons be promoted to K-League?,A 竞技,0.01,0.98,0.495,0.97,0.0,0.0,0.0,50,4.5,sports_fees_v3,True,97709642076399613001608459702730921649520738658636069556879283860262157807582
Will Paju Frontier be promoted to K-League?,A 竞技,0.01,0.98,0.495,0.97,0.0,0.0,0.0,50,4.5,sports_fees_v3,True,36403419411778905482794258414338551259032102683819488713086185854465414382968
Will Seongnam FC be promoted to K-League?,A 竞技,0.01,0.98,0.495,0.97,0.0,0.0,0.0,50,4.5,sports_fees_v3,True,68160924626593363743024432729910477725039303497777720767250961475625006560147
Will Seoul E-Land be promoted to K-League?,A 竞技,0.01,0.98,0.495,0.97,0.0,0.0,0.0,50,4.5,sports_fees_v3,True,99290352896238047853708630060118175187508276573190143797997840154454757368173
Will Suwon FC be promoted to K-League?,A 竞技,0.01,0.98,0.495,0.97,0.0,0.0,0.0,50,4.5,sports_fees_v3,True,102066462542559957792990010123409251828513823959509494443007124559951419230407
Will Suwon Samsung Bluewings be promoted to K-League?,A 竞技,,0.99,,,0.0,0.0,0.0,50,4.5,sports_fees_v3,True,43763624216134404139548869393176804740289633720333273767592908773331465655103
Will Yongin FC be promoted to K-League?,A 竞技,0.01,0.98,0.495,0.97,0.0,0.0,0.0,50,4.5,sports_fees_v3,True,41393117030716691848054935358448668583451027784669308020564905285876977829513
Will FC Seoul be relegated from the 2026 K-League?,A 竞技,0.008,0.068,0.038000000000000006,0.060000000000000005,0.0,1258.309689,1.0,20,4.5,sports_fees_v3,True,102638254581068295930788807631693782358190598090048800154977083556842717092883
Will Ulsan HD be relegated from the 2026 K-League?,A 竞技,0.004,0.02,0.012,0.016,0.0,248.0,0.0,20,4.5,sports_fees_v3,True,19461449284371248771332654730552302746274858727277200865098507954842304535044
Will Jeonbuk Hyundai Motors be relegated from the 2026 K-League?,A 竞技,0.013,0.328,0.1705,0.315,0.0,1040.952589,1.0,20,4.5,sports_fees_v3,True,106277743946235427741890565932701104819048209311256092470836437960476482086057
Will Pohang Steelers be relegated from the 2026 K-League?,A 竞技,0.011,0.098,0.0545,0.08700000000000001,0.0,91.11111,1.0,20,4.5,sports_fees_v3,True,96656113952838144361311870578931994647030936493077669283791036757380983356901
Will Daejeon Hana Citizen be relegated from the 2026 K-League?,A 竞技,0.011,0.25,0.1305,0.239,0.0,84.405341,1.0,20,4.5,sports_fees_v3,True,39473570425429733595536340990785710129922616870925396197884138678362680968440
Will Gwangju FC be relegated from the 2026 K-League?,A 竞技,0.54,0.6,0.5700000000000001,0.05999999999999994,0.0,212.24499,5.0,20,4.5,sports_fees_v3,True,17750447094392509808538386782170428348622671450959946835870852542556515816358
Will Gangwon FC be relegated from the 2026 K-League?,A 竞技,0.01,0.039,0.0245,0.028999999999999998,0.0,308.94,0.0,20,4.5,sports_fees_v3,True,115119905554934771982654347104015671538032980067259255048857556981240616035138
Will Jeju SK be relegated from the 2026 K-League?,A 竞技,0.016,0.07,0.043000000000000003,0.054000000000000006,0.0,165.846344,1.0,20,4.5,sports_fees_v3,True,112537360869848836189891344207181694353697073991533343129836089993954226387095
Will Gimcheon Sangmu be relegated from the 2026 K-League?,A 竞技,0.85,0.97,0.9099999999999999,0.12,0.0,249.39333399999998,1.0,20,4.5,sports_fees_v3,True,89248177140019805845789504970503622689802363746229420076505150014144712901168
Will Incheon United be relegated from the 2026 K-League?,A 竞技,0.012,0.067,0.0395,0.05500000000000001,0.0,543.7700000000001,1.0,20,4.5,sports_fees_v3,True,86302088962028673142069922263069291258979203239025412716069065845194807549963
Will FC Anyang be relegated from the 2026 K-League?,A 竞技,0.023,0.098,0.0605,0.07500000000000001,0.0,0.0,1.0,20,4.5,sports_fees_v3,True,87907056638910033761210617339356429302228020397415642030766674315454554369243
Will Bucheon FC 1995 be relegated from the 2026 K-League?,A 竞技,0.011,0.1,0.0555,0.08900000000000001,0.0,174.0,1.0,20,4.5,sports_fees_v3,True,101638175801453315145372804241296346033402412474045133641808799797813635689663
Will Ulsan HD finish 10th in the 2026 K-League?,A 竞技,0.02,0.97,0.495,0.95,0.0,0.0,0.0,50,4.5,sports_fees_v3,True,109316432049933582279334963425143564962608823195240515500689445486875896125483
Will Jeonbuk Hyundai Motors finish 10th in the 2026 K-League?,A 竞技,0.02,0.97,0.495,0.95,0.0,0.0,0.0,50,4.5,sports_fees_v3,True,24399253479057975136230024601713794456887074386490500382276685956546394407553
Will Pohang Steelers finish 10th in the 2026 K-League?,A 竞技,0.01,0.97,0.49,0.96,0.0,0.0,0.0,50,4.5,sports_fees_v3,True,104131421943990841546744516562362122768424351977505174902130040823411702449556
Will Daejeon Hana Citizen finish 10th in the 2026 K-League?,A 竞技,0.02,0.96,0.49,0.94,0.0,0.0,0.0,50,4.5,sports_fees_v3,True,101213847936092270253509707541107676023015021775135546904078071070183990173053
Will Gwangju FC finish 10th in the 2026 K-League?,A 竞技,0.02,0.97,0.495,0.95,0.0,0.0,0.0,50,4.5,sports_fees_v3,True,9850699425868531666251163602882943860858293049585139012354855401178328897255
Will Gangwon FC finish 10th in the 2026 K-League?,A 竞技,0.02,0.97,0.495,0.95,0.0,0.0,0.0,50,4.5,sports_fees_v3,True,66500048279930500009519481014168068265165711552034604052638066498577545882888
Will Jeju SK finish 10th in the 2026 K-League?,A 竞技,0.02,0.97,0.495,0.95,0.0,0.0,0.0,50,4.5,sports_fees_v3,True,110750365221408172362155692275317551653907083946053847429172810190490839111781
Will Gimcheon Sangmu finish 10th in the 2026 K-League?,A 竞技,0.02,0.97,0.495,0.95,0.0,0.0,0.0,50,4.5,sports_fees_v3,True,14477386579095083097174308326305730302642602555508206399885441517929495843280
Will Incheon United finish 10th in the 2026 K-League?,A 竞技,0.02,0.97,0.495,0.95,0.0,0.0,0.0,50,4.5,sports_fees_v3,True,114219672485989971939502866872725594088349402100083393936754156880897957281060
Will FC Anyang finish 10th in the 2026 K-League?,A 竞技,0.01,0.95,0.48,0.94,0.0,0.0,0.0,50,4.5,sports_fees_v3,True,92822647761867332987080078579225053170882283514685265101758449137819252813329
Will Bucheon FC 1995 finish 10th in the 2026 K-League?,A 竞技,0.02,0.97,0.495,0.95,0.0,0.0,0.0,50,4.5,sports_fees_v3,True,70512638396383437161462729122245422561637259873914114924763917664029981264902
Will FC Seoul keep the most clean sheets in the 2026 K-League?,A 竞技,0.02,0.95,0.485,0.9299999999999999,0.0,0.0,0.0,50,4.5,sports_fees_v3,True,3064340700941324990371521987866213083516979826260810968189126667621725284552
Will Jeonbuk Hyundai Motors keep the most clean sheets in the 2026 K-L,A 竞技,0.02,0.97,0.495,0.95,0.0,0.0,0.0,50,4.5,sports_fees_v3,True,87185095440863008422234756085848600207315177710265735621003227683290873287844
Will Pohang Steelers keep the most clean sheets in the 2026 K-League?,A 竞技,0.02,0.93,0.47500000000000003,0.91,0.0,0.0,0.0,50,4.5,sports_fees_v3,True,34751340007915684046817798224014196913820223958758854873438963101281737685917
Will Gangwon FC keep the most clean sheets in the 2026 K-League?,A 竞技,0.03,0.97,0.5,0.94,0.0,0.0,0.0,50,4.5,sports_fees_v3,True,3379186466383245560488838888851951127177750824524852882545010797322350409209
Will Jeju SK keep the most clean sheets in the 2026 K-League?,A 竞技,0.03,0.93,0.48000000000000004,0.9,0.0,0.0,0.0,50,4.5,sports_fees_v3,True,106575222182810595428808527284905353233202312435122923666344591198223930958339
Ulsan HD FC vs. Incheon United FC: Total Corners Odd or Even?,A 竞技,,1.0,,,0.0,0.0,0.0,50,4.5,sports_fees_v3,True,30353761981172033451234297928249706842034839125298885016249686771057485994473
Ulsan HD FC vs. Incheon United FC: Team to Take First Corner,A 竞技,,1.0,,,0.0,0.0,0.0,50,4.5,sports_fees_v3,True,76684136001825232623736371141530842355792013681881118318525235159997985225304
Jeonbuk Hyundai Motors FC vs. FC Seoul: Team to Take First Corner,A 竞技,,1.0,,,0.0,0.0,0.0,50,4.5,sports_fees_v3,True,112760334841046913477808492759270044842263732771914425736472716346042278657474
Pohang Steelers FC vs. FC Seoul: Team to Take First Corner,A 竞技,,1.0,,,0.0,0.0,0.0,50,4.5,sports_fees_v3,True,39948722085513723595227246952448698689736898815407663116123285280428054706218
Incheon United FC vs. Daejeon Hana Citizen FC: Team to Take First Corn,A 竞技,,1.0,,,0.0,0.0,0.0,50,4.5,sports_fees_v3,True,51739341258801394923985444899636791181392386133303887818890309961362412285762
Jeonbuk Hyundai Motors FC vs. Gwangju FC: Team to Take First Corner,A 竞技,,1.0,,,0.0,5.0,0.0,50,4.5,sports_fees_v3,True,61239724883409521460650956388195107715467258739911200464631096117009905197513
Gangwon FC vs. Jeju SK FC: Team to Take First Corner,A 竞技,,1.0,,,0.0,5.0,0.0,50,4.5,sports_fees_v3,True,97211375614977293349164969008345331801159189856500989536918118672321938290118
Will Daejeon Hana Citizen FC win on 2026-10-09?,A 竞技,0.42,0.43,0.425,0.010000000000000009,0.0,0.0,0.0,50,4.5,sports_fees_v3,True,68906651551178696812861427435874594422521087612702222516978347071136285197081
Will Daejeon Hana Citizen FC vs. Jeonbuk Hyundai Motors FC end in a dr,A 竞技,0.26,0.27,0.265,0.010000000000000009,14.957266,14.957266,0.0,50,4.5,sports_fees_v3,True,94682192873074061446242991545718725199692936675628763213614112819053490731984
Will Jeonbuk Hyundai Motors FC win on 2026-10-09?,A 竞技,0.31,0.32,0.315,0.010000000000000009,12.670455,12.670455,0.0,50,4.5,sports_fees_v3,True,80210517348535803588497164735331345943710922944677903326733833853472546964148
Will Incheon United FC win on 2026-10-09?,A 竞技,0.41,0.42,0.415,0.010000000000000009,2.380953,2.380953,0.0,50,4.5,sports_fees_v3,True,6050184207954058483754499505925794915669897556045057753724034727640587903711
Will Incheon United FC vs. Pohang Steelers FC end in a draw?,A 竞技,0.3,0.31,0.305,0.010000000000000009,0.0,2.85714,0.0,50,4.5,sports_fees_v3,True,52419440919376563331193566250753760026863158409408686284450587657891843177074
Will Pohang Steelers FC win on 2026-10-09?,A 竞技,0.27,0.28,0.275,0.010000000000000009,528.4668780000001,528.4668780000001,0.0,50,4.5,sports_fees_v3,True,69932969026905610344543136925524709438307096744324697043365666610062856919685
Will Gangwon FC win on 2026-10-09?,A 竞技,0.54,0.55,0.545,0.010000000000000009,190.727274,195.953464,0.0,50,4.5,sports_fees_v3,True,57130176759731100955357580862037224271039661498546633524997957140046682165865
Will Gangwon FC vs. Bucheon FC 1995 end in a draw?,A 竞技,0.26,0.28,0.27,0.020000000000000018,0.0,0.0,0.0,50,4.5,sports_fees_v3,True,111631816069044006187649226707967977390131600317337034076570185390247315430578
Will Bucheon FC 1995 win on 2026-10-09?,A 竞技,0.18,0.2,0.19,0.020000000000000018,44.397561,168.397561,0.0,50,4.5,sports_fees_v3,True,113766063500924918358866484319813259156464989858387190655266078702203272360171
"Florentino Perez out as Real Madrid president by December 31, 2026?",A 竞技,0.048,0.053,0.0505,0.0049999999999999975,0.0,125168.714759,10.0,50,4.5,sports_fees_v2,True,17778376686872711132626360318815774026243052310854427843088692937217714843238
Will Alavés win the 2026-27 LALIGA Championship?,A 竞技,0.001,0.002,0.0015,0.001,54.848000000000006,451757.2700000001,0.0,50,4.5,sports_fees_v2,True,61127404499122113418296509856304616952314004224208544810194190945525104776727
Will Athletic Bilbao win the 2026-27 LALIGA Championship?,A 竞技,0.001,0.002,0.0015,0.001,38.516999999999996,283138.2544990001,0.0,20,4.5,sports_fees_v2,True,114017983786359422603889037533885529892108203453289278096466745309910256617475
Will Atlético Madrid win the 2026-27 LALIGA Championship?,A 竞技,0.016,0.017,0.0165,0.0010000000000000009,1119.790067,484496.14879,0.0,50,4.5,sports_fees_v2,True,104306566889574124755791577915746121890592516932087427322573979257199835868466
Will Barcelona win the 2026-27 LALIGA Championship?,A 竞技,0.8,0.81,0.805,0.010000000000000009,381.07370599999996,476649.432883,11.0,50,4.5,sports_fees_v2,True,78000288950683689025029690066756773560403178897442713372002372085573604431292
Will Betis win the 2026-27 LALIGA Championship?,A 竞技,0.003,0.004,0.0035,0.001,24.166666,432169.164625,0.0,20,4.5,sports_fees_v2,True,10313073926527731061084427866073842487970457164047480167734118236155304952250
Will Celta Vigo win the 2026-27 LALIGA Championship?,A 竞技,0.001,0.002,0.0015,0.001,9.009,378310.5563330001,0.0,20,4.5,sports_fees_v2,True,62697373450436189008971692805086523587186420161749313274272920658436882132102
Will Espanyol win the 2026-27 LALIGA Championship?,A 竞技,0.001,0.002,0.0015,0.001,28.727,306625.912,0.0,20,4.5,sports_fees_v2,True,23038799501419373036515876628442894408542440525173582527852234161079225982857
Will Getafe win the 2026-27 LALIGA Championship?,A 竞技,0.001,0.002,0.0015,0.001,61.054,314565.244,0.0,20,4.5,sports_fees_v2,True,91684328161521747986730258685179916401469759070937541594056143376011441940715
Will Osasuna win the 2026-27 LALIGA Championship?,A 竞技,0.001,0.002,0.0015,0.001,11.111,316916.9429999999,0.0,20,4.5,sports_fees_v2,True,45821472054224115170466506438119984711319670612588394893766263892668920972840
Will Rayo Vallecano win the 2026-27 LALIGA Championship?,A 竞技,0.001,0.002,0.0015,0.001,31.022,342889.66199999995,0.0,20,4.5,sports_fees_v2,True,14834151501367902902814629414291157617362778611016536624855988737349098046069
Will Real Madrid win the 2026-27 LALIGA Championship?,A 竞技,0.16,0.17,0.165,0.010000000000000009,0.0,632664.7108629998,9.0,50,4.5,sports_fees_v2,True,42357151343332687280234811440515873266579625243133461094036465284179642296484
Will Real Sociedad win the 2026-27 LALIGA Championship?,A 竞技,0.001,0.002,0.0015,0.001,0.0,313221.94071600004,0.0,20,4.5,sports_fees_v2,True,55425772479710688798295912202614534105139670844610119759346246369439265491082
Will Sevilla win the 2026-27 LALIGA Championship?,A 竞技,0.001,0.002,0.0015,0.001,0.0,371486.189333,0.0,20,4.5,sports_fees_v2,True,35612016242198072428734492254411526590176190680676763180799235711086942662735
Will Valencia win the 2026-27 LALIGA Championship?,A 竞技,0.001,0.002,0.0015,0.001,0.0,397180.947,0.0,20,4.5,sports_fees_v2,True,113856516411902078133427566368852236833870789727066405019343538788694110761753
Will Villarreal win the 2026-27 LALIGA Championship?,A 竞技,0.002,0.003,0.0025,0.001,30.0595,796755.921312,0.0,20,4.5,sports_fees_v2,True,113425062535644332921371280980545220084690407039886754096111209549228191875637
Will Levante win the 2026-27 LALIGA Championship?,A 竞技,0.001,0.002,0.0015,0.001,0.0,305189.85599999997,0.0,20,4.5,sports_fees_v2,True,20472722907092688700638117423141603499690883597155540750680125930393480319762
Will Elche win the 2026-27 LALIGA Championship?,A 竞技,,0.001,,,0.0,68498.197,0.0,20,4.5,sports_fees_v2,True,63417157495196382430996905017121612734673406085574138330923327709663180217752
Will Racing Santander win the 2026-27 LALIGA Championship?,A 竞技,0.001,0.002,0.0015,0.001,0.0,397187.14949899993,0.0,20,4.5,sports_fees_v2,True,71840571234588363977283925354826500488291892342884137962983153821334517927886
Will Deportivo La Coruña win the 2026-27 LALIGA Championship?,A 竞技,0.001,0.002,0.0015,0.001,0.0,360591.71099999995,0.0,20,4.5,sports_fees_v2,True,41395045193115370015902004784978378171099862358016741224390183632730189676406
Will Málaga win the 2026-27 LALIGA Championship?,A 竞技,,0.001,,,0.0,65173.942499000004,0.0,20,4.5,sports_fees_v2,True,48850660788872148205146943914158189790959522620610106221822575806051640516419
Will Team C win the 2026-27 LALIGA Championship?,A 竞技,,0.001,,,0.0,3245.65,0.0,20,4.5,sports_fees_v2,True,111633517987020864528342944654137706608236983103603121979585653465358681056003
Will Alavés be runner-up in the 2026-27 LaLiga?,A 竞技,,0.2,,,0.0,12.0,0.0,50,4.5,sports_fees_v3,True,98583330861562029041924222500296965271417086249367103206594478541237770332695
Will Athletic Bilbao be runner-up in the 2026-27 LaLiga?,A 竞技,,0.2,,,0.0,12.0,0.0,50,4.5,sports_fees_v3,True,66551409662376574765818469776728342633298269671937436287690370014051463298083
Will Atlético Madrid be runner-up in the 2026-27 LaLiga?,A 竞技,0.05,0.34,0.195,0.29000000000000004,0.0,159.261641,0.0,50,4.5,sports_fees_v3,True,36739335172221792638348086668449831650582067957845849495380860031441984923718
Will Barcelona be runner-up in the 2026-27 LaLiga?,A 竞技,0.15,0.35,0.25,0.19999999999999998,0.0,100.29914099999999,0.0,50,4.5,sports_fees_v3,True,18285606944471396249331616997230179081949758438988017628827493246078875842756
Will Celta Vigo be runner-up in the 2026-27 LaLiga?,A 竞技,,0.2,,,0.0,12.0,0.0,50,4.5,sports_fees_v3,True,87533984617075690034567225568956860210753137632867270475007083185969446265136
Will Deportivo La Coruña be runner-up in the 2026-27 LaLiga?,A 竞技,,0.2,,,0.0,12.0,0.0,50,4.5,sports_fees_v3,True,56899777113695703595975300866231294391580200705721990417177034157688404338827
Will Elche be runner-up in the 2026-27 LaLiga?,A 竞技,0.001,0.1,0.0505,0.099,0.0,17.0,0.0,50,4.5,sports_fees_v3,True,58808385291566473752995927387070010079262217967351356533772825613255910222019
Will Espanyol be runner-up in the 2026-27 LaLiga?,A 竞技,,0.2,,,0.0,12.0,0.0,50,4.5,sports_fees_v3,True,18140811576211395085435142679709636724582735276162294938160791222063781638913
Will Getafe be runner-up in the 2026-27 LaLiga?,A 竞技,,0.2,,,0.0,12.0,0.0,50,4.5,sports_fees_v3,True,66986313699365739170510821130646859220344687678873157580581693138520826257634
Will Levante be runner-up in the 2026-27 LaLiga?,A 竞技,,0.2,,,0.0,12.0,0.0,50,4.5,sports_fees_v3,True,56406813414300495904196443111187815938155151838584846990812033669426787003235
Will Málaga be runner-up in the 2026-27 LaLiga?,A 竞技,,0.2,,,0.0,12.0,0.0,50,4.5,sports_fees_v3,True,29953980645392710008678357584822295318616597417092585633759501971554385967646
Will Osasuna be runner-up in the 2026-27 LaLiga?,A 竞技,,0.2,,,0.0,12.0,0.0,50,4.5,sports_fees_v3,True,86961382387190394579456323583209055913984563381799356875633478776181821142519
Will Racing Santander be runner-up in the 2026-27 LaLiga?,A 竞技,,0.2,,,0.0,12.0,0.0,50,4.5,sports_fees_v3,True,104170216554862422761494805138455712145402867422666507918513303323874119828508
Will Rayo Vallecano be runner-up in the 2026-27 LaLiga?,A 竞技,,0.2,,,0.0,12.0,0.0,50,4.5,sports_fees_v3,True,98038799372232529321745791871264747242042392044643998346630853379619412185372
Will Real Betis be runner-up in the 2026-27 LaLiga?,A 竞技,0.01,0.18,0.095,0.16999999999999998,0.0,24.0,0.0,50,4.5,sports_fees_v3,True,37155256031056322138065785315291263865552759382387723840860611976028969421250
Will Real Madrid be runner-up in the 2026-27 LaLiga?,A 竞技,0.44,0.59,0.515,0.14999999999999997,0.0,3157.985187,0.0,50,4.5,sports_fees_v3,True,103810868839991806722377281737999036265140282405307288072244361855746158326295
Will Real Sociedad be runner-up in the 2026-27 LaLiga?,A 竞技,,0.2,,,0.0,12.0,0.0,50,4.5,sports_fees_v3,True,91066089686441445707579004846691038375653346815699414223920390389960994996510
Will Sevilla be runner-up in the 2026-27 LaLiga?,A 竞技,,0.2,,,0.0,117.0,0.0,50,4.5,sports_fees_v3,True,48690605612053233989326823162136360730281558822391791368034505944028941122137
Will Valencia be runner-up in the 2026-27 LaLiga?,A 竞技,,0.2,,,0.0,12.0,0.0,50,4.5,sports_fees_v3,True,85466583699797116059778433840425717057566484003349926481605476958290698009058
Will Villarreal be runner-up in the 2026-27 LaLiga?,A 竞技,,0.19,,,0.0,12.0,0.0,50,4.5,sports_fees_v3,True,9527845551094139000264125744642508825187231861828964965556814593023445519886
Will Atlético de Madrid qualify for the 2027-28 UEFA Champions League?,A 竞技,0.85,0.9,0.875,0.050000000000000044,0.0,3957.0284669999996,1.0,20,4.5,sports_fees_v3,True,39728923301452116802740107397930026201571520166964466321803394179047618797039
Will FC Barcelona qualify for the 2027-28 UEFA Champions League?,A 竞技,0.952,0.999,0.9755,0.04700000000000004,0.0,115.38875,0.0,20,4.5,sports_fees_v3,True,103890214172031017542796275975140363167990755515779102886450071269412375364110
Will Real Madrid qualify for the 2027-28 UEFA Champions League?,A 竞技,0.951,0.991,0.971,0.040000000000000036,0.0,63.0,0.0,20,4.5,sports_fees_v3,True,97282625588124793331395289154072556401843614034543650304196241998747796472315
Will Athletic Club qualify for the 2027-28 UEFA Champions League?,A 竞技,0.2,0.22,0.21000000000000002,0.01999999999999999,0.0,595.590696,5.0,20,4.5,sports_fees_v3,True,91718328519777702232344082950524311458269301249303909701659933598925049519691
Will Real Betis qualify for the 2027-28 UEFA Champions League?,A 竞技,0.59,0.61,0.6,0.020000000000000018,0.0,809.357987,5.0,20,4.5,sports_fees_v3,True,22391368202009257364268346591014757716141599530195968754599733977847861386639
Will Villarreal qualify for the 2027-28 UEFA Champions League?,A 竞技,0.121,0.179,0.15,0.057999999999999996,20.0,2149.7635859999996,1.0,20,4.5,sports_fees_v3,True,109771639130229158273329906954285597904430426200324829017644374932719946248471
Will Real Sociedad qualify for the 2027-28 UEFA Champions League?,A 竞技,0.13,0.21,0.16999999999999998,0.07999999999999999,0.0,44.0,1.0,20,4.5,sports_fees_v3,True,30253481044928246996729918845038703006193259644872223249396098303735592874097
Will Sevilla qualify for the 2027-28 UEFA Champions League?,A 竞技,0.17,0.2,0.185,0.03,0.0,1899.894762,1.0,20,4.5,sports_fees_v3,True,2922044616587226322503882834968579956557127092786529147545941258848547348334
Will Celta Vigo qualify for the 2027-28 UEFA Champions League?,A 竞技,0.05,0.13,0.09,0.08,0.0,0.0,1.0,20,4.5,sports_fees_v3,True,63884562656772523888353219779316637448509465096407647486022118603204075563725
Will Rayo Vallecano qualify for the 2027-28 UEFA Champions League?,A 竞技,0.018,0.057,0.0375,0.03900000000000001,0.0,140.0,1.0,20,4.5,sports_fees_v3,True,74592329372338406172039618012856515161278514785696687451338502470280181609827
Will Getafe qualify for the 2027-28 UEFA Champions League?,A 竞技,0.031,0.074,0.0525,0.043,0.0,526.85,1.0,20,4.5,sports_fees_v3,True,56835801036417998429861555915348398297649225357171040523705149684379073516614
Will Osasuna qualify for the 2027-28 UEFA Champions League?,A 竞技,0.05,0.08,0.065,0.03,0.0,21.0,1.0,20,4.5,sports_fees_v3,True,74943371022792554782107442803304690314809856710368351240935687153021584403904
Will Alavés qualify for the 2027-28 UEFA Champions League?,A 竞技,0.008,0.055,0.0315,0.047,0.0,47.91,0.0,20,4.5,sports_fees_v3,True,56145013142170890618120505931222026618460556830755066589335894310020959886815
Will Levante qualify for the 2027-28 UEFA Champions League?,A 竞技,0.03,0.05,0.04,0.020000000000000004,0.0,102.0,1.0,20,4.5,sports_fees_v3,True,104808169832714252077246634890638131116679224999070312850320015248685939440413
Will Espanyol qualify for the 2027-28 UEFA Champions League?,A 竞技,0.03,0.08,0.055,0.05,0.0,210.94,1.0,20,4.5,sports_fees_v3,True,21769295914506823554509257317343057314149156633729505596471217676403669551400
Will Atlético de Madrid qualify for the 2027-28 UEFA Europa League?,A 竞技,0.058,0.088,0.073,0.029999999999999992,0.0,1407.941923,1.0,20,4.5,sports_fees_v3,True,95318105286328617000519991572736541263621816171824937600669773642556597925531
Will Elche qualify for the 2027-28 UEFA Champions League?,A 竞技,0.04,0.09,0.065,0.049999999999999996,0.0,0.0,1.0,20,4.5,sports_fees_v3,True,78204549003767247598757568186769118842122209528935365299748354786684529438317
Will FC Barcelona qualify for the 2027-28 UEFA Europa League?,A 竞技,0.011,0.047,0.028999999999999998,0.036000000000000004,0.0,33.51,0.0,20,4.5,sports_fees_v3,True,74864378617277264821582923874612663986986672823777747930819328122039599144558
Will Valencia qualify for the 2027-28 UEFA Champions League?,A 竞技,0.018,0.059,0.0385,0.040999999999999995,0.0,101.0,1.0,20,4.5,sports_fees_v3,True,109949253875881737616341044581810593379673400693893797032677842065748773913410
Will Real Madrid qualify for the 2027-28 UEFA Europa League?,A 竞技,0.007,0.188,0.0975,0.181,0.0,38.58,1.0,20,4.5,sports_fees_v3,True,96785417413204801592397664743160880391474858963060024545098035086358861357500
Will Racing Santander qualify for the 2027-28 UEFA Champions League?,A 竞技,0.019,0.089,0.054,0.06999999999999999,111.91999999999999,125.90999999999998,1.0,20,4.5,sports_fees_v3,True,68967382815060570232669741118377841100931754108026894623771557698509654215063
Will Athletic Club qualify for the 2027-28 UEFA Europa League?,A 竞技,0.31,0.32,0.315,0.010000000000000009,0.0,3103.4266390000003,5.0,20,4.5,sports_fees_v3,True,112960521902422222514615532373750488433049127404409177357499855667968329211046
Will Deportivo La Coruña qualify for the 2027-28 UEFA Champions League,A 竞技,0.022,0.075,0.0485,0.053,0.0,302.941284,1.0,20,4.5,sports_fees_v3,True,109233994438259647865233086600176126854329034497562427251471737354157314949003
Will Málaga qualify for the 2027-28 UEFA Champions League?,A 竞技,0.011,0.037,0.024,0.026,0.0,872.13,0.0,20,4.5,sports_fees_v3,True,14876355225549508782960640024997853728270336609716919517742878860619064835756
Will Real Betis qualify for the 2027-28 UEFA Europa League?,A 竞技,0.06,0.24,0.15,0.18,0.0,0.0,1.0,20,4.5,sports_fees_v3,True,27128596960808474675496947970673580152298653528790865620561811121744527105671
Will Villarreal qualify for the 2027-28 UEFA Europa League?,A 竞技,0.22,0.23,0.225,0.010000000000000009,0.0,2112.5598229999996,5.0,20,4.5,sports_fees_v3,True,4080927167022316430332321459485392305533107504992848485720496390244441102837
Will Real Sociedad qualify for the 2027-28 UEFA Europa League?,A 竞技,0.311,0.313,0.312,0.0020000000000000018,40.0,1959.264284,5.0,20,4.5,sports_fees_v3,True,91253949640205702293229249202360754584703402766630882803561224445338299071771
Will Sevilla qualify for the 2027-28 UEFA Europa League?,A 竞技,0.04,0.2,0.12000000000000001,0.16,0.0,0.0,1.0,20,4.5,sports_fees_v3,True,5253869473488016448346998080052264816907049359929124244875399052151631881580
Will Celta Vigo qualify for the 2027-28 UEFA Europa League?,A 竞技,0.21,0.25,0.22999999999999998,0.04000000000000001,0.0,100.0,5.0,20,4.5,sports_fees_v3,True,51474695426263047354548499381170924970763754088950232352830229767502403086773
Will Rayo Vallecano qualify for the 2027-28 UEFA Europa League?,A 竞技,0.01,0.35,0.18,0.33999999999999997,0.0,0.0,1.0,20,4.5,sports_fees_v3,True,16889902116902648543299692078398029775221931768533397659733569141722229959318
Will Getafe qualify for the 2027-28 UEFA Europa League?,A 竞技,0.03,0.2,0.115,0.17,0.0,40.0,1.0,20,4.5,sports_fees_v3,True,51043092235319058074540225195657479742614347927206179762663292472222859771725
Will Osasuna qualify for the 2027-28 UEFA Europa League?,A 竞技,0.03,0.35,0.19,0.31999999999999995,0.0,0.0,1.0,20,4.5,sports_fees_v3,True,35880570743414061698558289293810147408819660597702814233648292324841204761652
Will Alavés qualify for the 2027-28 UEFA Europa League?,A 竞技,0.04,0.08,0.06,0.04,0.0,813.366512,1.0,20,4.5,sports_fees_v3,True,13311428423097769074400025998219955168011329656257962989091086087666670782947
Will Levante qualify for the 2027-28 UEFA Europa League?,A 竞技,0.16,0.21,0.185,0.04999999999999999,0.0,0.0,1.0,20,4.5,sports_fees_v3,True,90678221326109479451856967351091960262801932762536233132431711061957743084704
Will Espanyol qualify for the 2027-28 UEFA Europa League?,A 竞技,0.08,0.27,0.17500000000000002,0.19,0.0,364.48,1.0,20,4.5,sports_fees_v3,True,94356879469024621818554519146178648404341389351871425678909184559462994738959
Will Elche qualify for the 2027-28 UEFA Europa League?,A 竞技,0.01,0.34,0.17500000000000002,0.33,0.0,0.0,1.0,20,4.5,sports_fees_v3,True,51510503508331575671175027701396619169557864953121538257113305314122791655422
Will Valencia qualify for the 2027-28 UEFA Europa League?,A 竞技,0.05,0.26,0.155,0.21000000000000002,0.0,946.662352,1.0,20,4.5,sports_fees_v3,True,10513118755651980904418191503189238520631117323292773593188773109118618247869
Will Racing Santander qualify for the 2027-28 UEFA Europa League?,A 竞技,0.08,0.1,0.09,0.020000000000000004,0.0,180.0,1.0,20,4.5,sports_fees_v3,True,101247186876632865531711144390788458723546152646217031547995850357818560912404
Will Deportivo La Coruña qualify for the 2027-28 UEFA Europa League?,A 竞技,0.01,0.33,0.17,0.32,0.0,20.869564,1.0,20,4.5,sports_fees_v3,True,78094811679248641503099632108853784459727822688631773798017278304236411462590
Will Málaga qualify for the 2027-28 UEFA Europa League?,A 竞技,0.023,0.199,0.111,0.17600000000000002,0.0,120.0,1.0,20,4.5,sports_fees_v3,True,89035620818845942882369766895449515521412265642422630627127137591514077268136
Will Atlético de Madrid qualify for the 2027-28 UEFA Conference League,A 竞技,0.009,0.129,0.069,0.12000000000000001,0.0,22.76,1.0,20,4.5,sports_fees_v3,True,14146712250995443901413963093344016559277085910456427806895757066033526080821
Will FC Barcelona qualify for the 2027-28 UEFA Conference League?,A 竞技,0.002,0.026,0.013999999999999999,0.024,0.0,1749.6799999999998,0.0,20,4.5,sports_fees_v3,True,39638625327422141881477973038336229990567522300459857057468464578027857375097
Will Real Madrid qualify for the 2027-28 UEFA Conference League?,A 竞技,0.012,0.065,0.0385,0.053000000000000005,0.0,151.0,1.0,20,4.5,sports_fees_v3,True,57645709648450939508438703131045761811836804588853881832653513999182797933008
Will Athletic Club qualify for the 2027-28 UEFA Conference League?,A 竞技,0.01,0.34,0.17500000000000002,0.33,0.0,52.956372,5.0,20,4.5,sports_fees_v3,True,34388421755960079342279996154001138823711758456290899934794562391619465567387
Will Real Betis qualify for the 2027-28 UEFA Conference League?,A 竞技,0.04,0.19,0.115,0.15,0.0,0.0,5.0,20,4.5,sports_fees_v3,True,82826726425422579764646589040169254428254949265200757631655777844832137338200
Will Villarreal qualify for the 2027-28 UEFA Conference League?,A 竞技,0.01,0.34,0.17500000000000002,0.33,0.0,0.0,1.0,20,4.5,sports_fees_v3,True,98965081893896212178443765666553212747661444317944945650091255520355419500960
Will Real Sociedad qualify for the 2027-28 UEFA Conference League?,A 竞技,0.04,0.27,0.155,0.23,0.0,0.0,1.0,20,4.5,sports_fees_v3,True,115320102526318220760002305058975242163744816696467554302960382278599801829602
Will Sevilla qualify for the 2027-28 UEFA Conference League?,A 竞技,0.055,0.098,0.0765,0.043000000000000003,0.0,531.72,1.0,20,4.5,sports_fees_v3,True,38625586574179800457891431681898368662823849081705523977598901984892041436809
Will Celta Vigo qualify for the 2027-28 UEFA Conference League?,A 竞技,0.11,0.12,0.11499999999999999,0.009999999999999995,0.0,917.53,1.0,20,4.5,sports_fees_v3,True,57902982071577044537502177596104195523402380079964771340046991751026551718997
Will Rayo Vallecano qualify for the 2027-28 UEFA Conference League?,A 竞技,0.2,0.25,0.225,0.04999999999999999,0.0,20.0,5.0,20,4.5,sports_fees_v3,True,59043935412079458203169513787251635464580781306350716327479003412273078731433
Will Getafe qualify for the 2027-28 UEFA Conference League?,A 竞技,0.03,0.35,0.19,0.31999999999999995,0.0,42.0,1.0,20,4.5,sports_fees_v3,True,49953666343693912906659470656397569755611815735925614845861015698611021868073
Will Osasuna qualify for the 2027-28 UEFA Conference League?,A 竞技,0.04,0.35,0.19499999999999998,0.31,0.0,0.0,5.0,20,4.5,sports_fees_v3,True,518738212153718014650291758816865061228238976382554507858153800342482466405
Will Alavés qualify for the 2027-28 UEFA Conference League?,A 竞技,0.009,0.055,0.032,0.046,0.0,363.0,0.0,20,4.5,sports_fees_v3,True,21571096780730586113818810481993267699103284262705202974738854238337496588639
Will Levante qualify for the 2027-28 UEFA Conference League?,A 竞技,0.14,0.21,0.175,0.06999999999999998,0.0,0.0,1.0,20,4.5,sports_fees_v3,True,22358384326654160596806342930858845883473839324939004463085730321389690376179
Will Espanyol qualify for the 2027-28 UEFA Conference League?,A 竞技,0.05,0.35,0.19999999999999998,0.3,0.0,0.0,1.0,20,4.5,sports_fees_v3,True,83080316049632870539637104977583623211498779634635382624833562345639673409267
Will Elche qualify for the 2027-28 UEFA Conference League?,A 竞技,0.057,0.1,0.0785,0.043000000000000003,0.0,238.0,1.0,20,4.5,sports_fees_v3,True,107331555195649082833516102718005039734580051338625330379492340104989879140070
Will Valencia qualify for the 2027-28 UEFA Conference League?,A 竞技,0.06,0.25,0.155,0.19,0.0,0.0,5.0,20,4.5,sports_fees_v3,True,48954395962676854705483149336780383231970982356667927643924424787682384564381
Will Racing Santander qualify for the 2027-28 UEFA Conference League?,A 竞技,0.07,0.09,0.08,0.01999999999999999,0.0,466.20000000000005,1.0,20,4.5,sports_fees_v3,True,29583094271206810083260711892908806747085005167115485724169494591406957811829
Will LIV Golf announce shutdown in 2026? ,A 竞技,0.339,0.34,0.3395,0.0010000000000000009,268.24,76608.975418,5.0,20,4.5,sports_fees_v2,True,27109528745962353153062217183681674494526507513235007940265446072498952186686
Will a team from LCK (South Korea) win LoL Worlds 2026?,A 竞技,0.68,0.69,0.685,0.009999999999999898,199.17913099999998,132992.997341,6.0,50,4.5,sports_fees_v2,True,71142357229322422344089572678224125547687709803011207827324848262016351952627
Will a team from LPL (China) win LoL Worlds 2026?,A 竞技,0.24,0.25,0.245,0.010000000000000009,44.9,122465.16068599999,4.0,50,4.5,sports_fees_v2,True,63553648568153764734764671568095102122288246900552333991766030067701843832429
Will a team from LEC (Europe / EMEA) win LoL Worlds 2026?,A 竞技,0.056,0.063,0.0595,0.006999999999999999,0.0,56612.187945,0.0,50,4.5,sports_fees_v2,True,8075586814258215407911549328821150398632147457489902941671175151004761484297
Will a team from LCP (Asia-Pacific) win LoL Worlds 2026?,A 竞技,0.002,0.003,0.0025,0.001,10.0,189506.47715100003,0.0,20,3.5,sports_fees_v2,True,39807432297442540878459542930892184598243512431093706742493940587874987022578
Will a team from LCS (North America) win LoL Worlds 2026?,A 竞技,0.011,0.018,0.014499999999999999,0.006999999999999999,6.0,73937.72284799999,0.0,20,3.5,sports_fees_v2,True,52403537493563830765883710778287505385392007448086338056806110113263873991223
Will a team from CBLOL (Brazil) win LoL Worlds 2026?,A 竞技,0.001,0.002,0.0015,0.001,10.0,46290.083361000005,0.0,20,3.5,sports_fees_v2,True,27974924150564690023698463836407993830858595282200993484742099530675395913602
LoL: ZennIT vs The Bandits (BO3) - Road Of Legends Tier 1 Group,A 竞技,,1.0,,,0.0,112.9,0.0,50,4.5,,False,36408350682438387457574261390236022714495760375683209804952463107329218427825
LoL: ZennIT vs The Bandits - Game 1 Winner,A 竞技,,1.0,,,0.0,0.0,0.0,50,4.5,,False,101292767069659588604895238809958098455250866341106880978917934317444876844193
LoL: ZennIT vs The Bandits - Game 2 Winner,A 竞技,,1.0,,,0.0,0.0,0.0,50,4.5,,False,41271791010291522000013544675376679056689304432037982777059728260262412899866
Game Handicap: BAN (-1.5) vs ZennIT (+1.5),A 竞技,,1.0,,,0.0,0.0,0.0,50,4.5,,False,39590623775006857457299833592088108133637314235476800653751343798402105961445
Will Grok AI beat T1 in 2026? ,A 竞技,0.021,0.022,0.0215,0.0009999999999999974,0.0,89358.791831,20.0,50,4.5,sports_fees_v2,True,104282291059413542365063689338883743489763941813522234045325493604544843033020
Will Faker win a Finals MVP Award at an international event in 2026?,A 竞技,0.042,0.048,0.045,0.005999999999999998,0.0,108193.75428699999,20.0,50,4.5,sports_fees_v2,True,107447321736958001331291285876045469730039741023700731311287919712891910829120
Game 1: Both Teams Slay Baron Nashor?,A 竞技,,1.0,,,0.0,0.0,0.0,50,4.5,sports_fees_v2,True,46629408177173971109159133152065459529109950673686630906619025483780288006032
Game 1: Both Teams Slay a Dragon?,A 竞技,,1.0,,,0.0,0.0,0.0,50,4.5,sports_fees_v2,True,11878480885447633658354383465297881762951442369331918461022062803403955888176
Game 1: Both Teams Destroy Inhibitors?,A 竞技,,1.0,,,0.0,0.0,0.0,50,4.5,sports_fees_v2,True,38858107079038063810429366257886054443241732696934478613219602890387295271803
Game 1: Any Player Quadra Kill?,A 竞技,,1.0,,,0.0,0.0,0.0,50,4.5,sports_fees_v2,True,87678899511944065679325805693383285864614073783722369962212086511124194968775
Game 1: Both Teams Slay a Dragon?,A 竞技,,1.0,,,0.0,0.0,0.0,50,4.5,sports_fees_v2,True,98796219074341002185152782992320370885435994212088133608254500326807419407212
Game 1: Both Teams Destroy Inhibitors?,A 竞技,,1.0,,,0.0,0.0,0.0,50,4.5,sports_fees_v2,True,1137950943753925221966633454753714192495368711834247735243435301924755963213
Game 1: Any Player Quadra Kill?,A 竞技,,1.0,,,0.0,0.0,0.0,50,4.5,sports_fees_v2,True,83975461545303053067487444461346278125864371614605454464892330592481563365110
Game 1: Any Player Penta Kill?,A 竞技,,1.0,,,0.0,0.0,0.0,50,4.5,sports_fees_v2,True,29763867651126564908639926101615011652704757508272779057183695978913071876311
Game 1: Odd/Even Total Kills?,A 竞技,,1.0,,,0.0,0.0,0.0,50,4.5,sports_fees_v2,True,77458529815653626439637324112768398398287548468238985788818841962942332188232
Game 2: Any Player Quadra Kill?,A 竞技,,1.0,,,0.0,0.0,0.0,50,4.5,sports_fees_v2,True,79380346243916102409714042810529239160195761460650601469874269469625609219828
Will Faker Win an International Title in 2026?,A 竞技,0.16,0.22,0.19,0.06,0.0,2079.7175840000004,1.0,20,6.5,sports_fees_v2,True,65131434781075699159750304213596128158566891009633289934940087908108401883130
Will a Player Pick Teemo in a Tier 1 League/Event this Year?,A 竞技,0.007,0.968,0.4875,0.961,0.0,782.271958,1.0,20,6.5,sports_fees_v2,True,6927641199831939552379892676843165732107244910582332073625627671440963155909
Will FURIA Win CBLOL 2026 Split 2,A 竞技,0.41,0.47,0.43999999999999995,0.06,602.781698,35049.571576,5.0,50,4.5,sports_fees_v2,True,99314934061396489306452957996961031977203686839796365128797538330817118314366
Will LOS Win CBLOL 2026 Split 2,A 竞技,0.541,0.568,0.5545,0.026999999999999913,169.318733,34076.434697,5.0,50,4.5,sports_fees_v2,True,60371015837437770151803239771436643172375297582198870362482351074110949089314
Game 1: Both Teams Slay Baron Nashor?,A 竞技,,1.0,,,0.0,0.0,0.0,50,4.5,sports_fees_v3,True,22795982373703495569798552599749792676578654474151188393443908975343281964469
Game 2: Both Teams Slay Baron Nashor?,A 竞技,,1.0,,,0.0,0.0,0.0,50,4.5,sports_fees_v3,True,92490408765096350489760673360630720833343777243986626331468163188425134392004
Game 1: Both Teams Slay a Dragon?,A 竞技,,1.0,,,0.0,0.0,0.0,50,4.5,sports_fees_v3,True,112042259463263722331267612392953834395427375391760574815419128964554796259406
Game 1: Any Player Quadra Kill?,A 竞技,,1.0,,,0.0,0.0,0.0,50,4.5,sports_fees_v3,True,53043368171221230121530226763716923948041677859392918631105250108346645934129
Game 1: Any Player Penta Kill?,A 竞技,,1.0,,,0.0,0.0,0.0,50,4.5,sports_fees_v3,True,642837609032082010244945823541723330285531718876552689784615352986744487109
Game 2: Both Teams Destroy Inhibitors?,A 竞技,,1.0,,,0.0,0.0,0.0,50,4.5,sports_fees_v3,True,83005537673285097553013126438589738740568835595177691772915355607471211437191
Game 2: Any Player Quadra Kill?,A 竞技,,1.0,,,0.0,0.0,0.0,50,4.5,sports_fees_v3,True,106123803337463925479519936626614981513017266608814664688026933194869513541291
Game 2: Any Player Penta Kill?,A 竞技,,1.0,,,0.0,0.0,0.0,50,4.5,sports_fees_v3,True,47959579187293678786908279488854583770793902829957489964586843766776867365360
Game 3: Both Teams Destroy Inhibitors?,A 竞技,,1.0,,,0.0,0.0,0.0,50,4.5,sports_fees_v3,True,85194969880071859722040328440125876176732985643396776446364525019368376839966
Game 3: Any Player Quadra Kill?,A 竞技,,1.0,,,0.0,0.0,0.0,50,4.5,sports_fees_v3,True,17290089999489348929375484452689994298401621314356979349223643803913250494222
Game 3: Any Player Penta Kill?,A 竞技,,1.0,,,0.0,0.0,0.0,50,4.5,sports_fees_v3,True,10546363292430914779949414738937433201598745081672815184453226541601513449921
Game 3: Any Player Quadra Kill?,A 竞技,,1.0,,,0.0,0.0,0.0,50,4.5,sports_fees_v3,True,36159614702285217551596456495126900508488297415367569733175329264196107456702
Will Hanwha Life Esports Qualify for Worlds 2026?,A 竞技,0.998,1.0,0.999,0.0020000000000000018,0.0,16.0101,0.0,20,6.5,sports_fees_v3,True,88803666079906773129358252930187782634765172636644124188347048218062508784771
Will BILIBILI GAMING Qualify for Worlds 2026?,A 竞技,0.99,1.0,0.995,0.010000000000000009,0.0,193.705,0.0,20,6.5,sports_fees_v3,True,12887635554161436947959222147772551355100386839399802445283512718817696470710
Will Gen.G Esports Qualify for Worlds 2026?,A 竞技,0.999,1.0,0.9995,0.0010000000000000009,0.0,1015.182,0.0,20,6.5,sports_fees_v3,True,60289685983566213570275307919127341904046821480613517108047971505028679630924
Will T1 Qualify for Worlds 2026?,A 竞技,0.98,1.0,0.99,0.020000000000000018,0.0,891.3100000000002,0.0,20,6.5,sports_fees_v3,True,48573078961881111504702076956660215306589837518915749362639178993671382429998
Will G2 Esports Qualify for Worlds 2026?,A 竞技,0.999,1.0,0.9995,0.0010000000000000009,0.0,554.0,0.0,20,6.5,sports_fees_v3,True,98379176544268205237556823562646365722067476720994196445616590906258878810625
Will LYON Qualify for Worlds 2026?,A 竞技,0.991,0.999,0.995,0.008000000000000007,0.0,762.05,0.0,20,6.5,sports_fees_v3,True,56535377489646778139945985253097647914761888094133194028165305214648211750756
Will TOP ESPORTS Qualify for Worlds 2026?,A 竞技,0.99,0.998,0.994,0.008000000000000007,0.0,170.1,0.0,20,6.5,sports_fees_v3,True,113870782796268424730259901360834524196554374552656348622833015143640449283477
Will Karmine Corp Qualify for Worlds 2026?,A 竞技,0.991,1.0,0.9955,0.009000000000000008,0.0,758.867351,0.0,20,6.5,sports_fees_v3,True,52271798563453866802634093582561750017018751595195487947219660703504745630534
Will Anyone's Legend Qualify for Worlds 2026?,A 竞技,0.981,1.0,0.9904999999999999,0.019000000000000017,0.0,656.2,0.0,20,6.5,sports_fees_v3,True,84492497469379592834265953551295473592787883656237137831513327777030809739034
Will kt Rolster Qualify for Worlds 2026?,A 竞技,,0.001,,,0.0,2969.381534,0.0,20,6.5,sports_fees_v3,True,51664479770163317979422910239928571778628481524905609572451358295173530857145
Will FlyQuest Qualify for Worlds 2026?,A 竞技,0.002,0.019,0.010499999999999999,0.017,0.0,691.5889030000001,0.0,20,6.5,sports_fees_v3,True,87119413684081467848596941408603650812387448551395110664550991834933107101821
Will Beijing JDG Esports Qualify for Worlds 2026?,A 竞技,,0.001,,,0.0,504.87262,0.0,20,6.5,sports_fees_v3,True,91175495676079421133037677128071223262831472301006839487691356667041281912758
Will Dplus KIA Qualify for Worlds 2026?,A 竞技,0.981,0.998,0.9895,0.017000000000000015,0.0,999.34,0.0,20,6.5,sports_fees_v3,True,92078133873822499020598198387792190717395850689131217612383887308365853124022
Will Team Liquid Alienware Qualify for Worlds 2026?,A 竞技,0.991,0.999,0.995,0.008000000000000007,0.0,359.0309,0.0,20,6.5,sports_fees_v3,True,21822527330576534987985274405192211918443897941453377307000382464521951974601
Will WeiboGaming Qualify for Worlds 2026?,A 竞技,,0.001,,,20.0,562.5799999999999,0.0,20,6.5,sports_fees_v3,True,69552343981414359731984517047171443280882257332987636012851396056121112737913
Will Team Secret Whales Qualify for Worlds 2026?,A 竞技,0.999,1.0,0.9995,0.0010000000000000009,0.0,80.0,0.0,20,6.5,sports_fees_v3,True,45198633394700640185568634304058024806849919452844617637600000385666877786058
Will CTBC Flying Oyster Qualify for Worlds 2026?,A 竞技,0.998,0.999,0.9984999999999999,0.0010000000000000009,0.0,400.49122800000004,0.0,20,6.5,sports_fees_v3,True,32810495535025882411996452632396086658810840843324938700376064167836176620344
Will Cloud9 Kia Qualify for Worlds 2026?,A 竞技,0.991,0.999,0.995,0.008000000000000007,0.0,1021.4,0.0,20,6.5,sports_fees_v3,True,110250191142244645617933797622354423071504659010675148106030757440392379697081
Will Shenzhen NINJAS IN PYJAMAS Qualify for Worlds 2026?,A 竞技,,0.001,,,0.0,245.46076799999997,0.0,20,6.5,sports_fees_v3,True,86228663848076955298385566392595450462184277736240374448259886730764715699943
Will Movistar KOI Qualify for Worlds 2026?,A 竞技,0.991,0.999,0.995,0.008000000000000007,0.0,565.6320000000001,0.0,20,6.5,sports_fees_v3,True,77875283799772153497543227401430233966708590039554622209259505282784827604853
Will Xi'an Team WE Qualify for Worlds 2026?,A 竞技,0.002,0.009,0.0055,0.006999999999999999,0.0,1247.713,0.0,20,6.5,sports_fees_v3,True,45871779870765718130920171080279245073193740732623946293173680082956536632735
Will Invictus Gaming Qualify for Worlds 2026?,A 竞技,0.991,0.999,0.995,0.008000000000000007,0.0,1059.444289,0.0,20,6.5,sports_fees_v3,True,68814963358973816941772672608847219078507170088559741167577784178546889957247
Will GAM Esports Qualify for Worlds 2026?,A 竞技,0.001,0.01,0.0055,0.009000000000000001,0.0,305.0,0.0,20,6.5,sports_fees_v3,True,110898588701285030578015201317528029454593686751699713077549117348929602287618
Will BNK FEARX Qualify for Worlds 2026?,A 竞技,,0.001,,,0.0,647.8204069999999,0.0,20,6.5,sports_fees_v3,True,36929703840966434830255799030385260399493600463873646995251777820477000806069
Will Relove Deep Cross Gaming Qualify for Worlds 2026?,A 竞技,0.003,0.009,0.006,0.005999999999999999,0.0,701.1882720000001,0.0,20,6.5,sports_fees_v3,True,61324499190383384207023074493121501630061600040401901470393407003680868067947
Will MVK Esports Qualify for Worlds 2026?,A 竞技,0.98,1.0,0.99,0.020000000000000018,0.0,380.2919,0.0,20,6.5,sports_fees_v3,True,86659777337951746965255081804788336917341314633564774849344554540112072187686
Will Suzhou LNG Esports Qualify for Worlds 2026?,A 竞技,,0.001,,,20.0,585.0,0.0,20,6.5,sports_fees_v3,True,100390250967335597009177275474109610654562648413034069300220139276623987040226
Will Team Vitality Qualify for Worlds 2026?,A 竞技,,0.001,,,0.0,532.9901,0.0,20,6.5,sports_fees_v3,True,11645773132091433567941418846481704827456493945508913515789570278176066133321
Will Fnatic Qualify for Worlds 2026?,A 竞技,,0.001,,,0.0,773.0,0.0,20,6.5,sports_fees_v3,True,85163360928476493792170262139298637969943228683947484307312902298752281738746
Will KIWOOM DRX Qualify for Worlds 2026?,A 竞技,,0.001,,,0.0,416.0,0.0,20,6.5,sports_fees_v3,True,42427915259009078666987096570948136714973999078268025958092534560467592831885
Will GIANTX Qualify for Worlds 2026?,A 竞技,,0.001,,,0.0,291.34000000000003,0.0,20,6.5,sports_fees_v3,True,113248899289783891082848443686601888038440274932587674742158792442124767028361
Will Sentinels Qualify for Worlds 2026?,A 竞技,0.001,0.01,0.0055,0.009000000000000001,0.0,0.0,0.0,20,6.5,sports_fees_v3,True,114419840126271694038669067199682579795532352253919895215096269511709706007667
Will THUNDER TALK GAMING Qualify for Worlds 2026?,A 竞技,0.001,0.01,0.0055,0.009000000000000001,0.0,25.0,0.0,20,6.5,sports_fees_v3,True,7605355014887470800783657676361293031169065606926769514822895876663938240710
Will HANJIN BRION Qualify for Worlds 2026?,A 竞技,,0.001,,,120.99,861.0,0.0,20,6.5,sports_fees_v3,True,99438550561751908696876003650290952135695391732483023558275541916796792527563
Will NONGSHIM RED FORCE Qualify for Worlds 2026?,A 竞技,0.001,0.01,0.0055,0.009000000000000001,0.0,175.0,0.0,20,6.5,sports_fees_v3,True,51428858661493411062735775487959435019601099050978939133425351033019394818585
Will Shopify Rebellion Qualify for Worlds 2026?,A 竞技,,0.001,,,43.18,849.575116,0.0,20,6.5,sports_fees_v3,True,20317105908947813959817621533280212885876633679171236514806132437877138134869
Will Fukuoka SoftBank HAWKS gaming Qualify for Worlds 2026?,A 竞技,0.002,0.009,0.0055,0.006999999999999999,0.0,415.06888499999997,0.0,20,6.5,sports_fees_v3,True,43085724109689742328086507867056467062650910276652107397613058398304369638871
Will FURIA Qualify for Worlds 2026?,A 竞技,0.991,1.0,0.9955,0.009000000000000008,0.0,583.6,0.0,20,6.5,sports_fees_v3,True,45447069564183399840876011074990458179176920786705983707955015303216310012914
Will EDWARD GAMING Qualify for Worlds 2026?,A 竞技,,0.001,,,0.0,351.0,0.0,20,6.5,sports_fees_v3,True,41130028590498184648016266604684827442741519242972107030337006199933214201399
Will RED Kalunga Qualify for Worlds 2026?,A 竞技,0.002,0.019,0.010499999999999999,0.017,0.0,184.0,0.0,20,6.5,sports_fees_v3,True,105343736544662402868719305740879950897012916424136408815287329728249307878357
Will Natus Vincere Qualify for Worlds 2026?,A 竞技,,0.001,,,4.02,636.02,0.0,20,6.5,sports_fees_v3,True,68756557355048314102057420446692774273713290456110572294318006898353412235035
Will LGD GAMING Qualify for Worlds 2026?,A 竞技,,0.001,,,0.0,1853.9700000000003,0.0,20,6.5,sports_fees_v3,True,111950598516357453196397965952148075796141467319870969925869595620085136694214
Will Disguised Qualify for Worlds 2026?,A 竞技,,0.001,,,0.0,2296.2300000000005,0.0,20,6.5,sports_fees_v3,True,102127823366170851174844613591137139831916949885825054905202154127828157625096
Will Vivo Keyd Stars Qualify for Worlds 2026?,A 竞技,0.002,0.019,0.010499999999999999,0.017,0.0,170.0,0.0,20,6.5,sports_fees_v3,True,78094732923433561036103525387581462898823059743518584101233221757327596740691
Will Shifters Qualify for Worlds 2026?,A 竞技,,0.001,,,0.0,265.0,0.0,20,6.5,sports_fees_v3,True,25013142715030954015378220114619981852738068511893212543363474082664371687835
Will LOUD Qualify for Worlds 2026?,A 竞技,0.002,0.009,0.0055,0.006999999999999999,0.0,486.55857000000003,0.0,20,6.5,sports_fees_v3,True,60035903297664115483101751848682738749190151392593216770240582839286381113682
Will LOS Qualify for Worlds 2026?,A 竞技,0.995,0.999,0.997,0.0040000000000000036,0.0,1536.623332,0.0,20,6.5,sports_fees_v3,True,69165215091275763287208381046589490833271267294160728813624556534572186577919
Will Ground Zero Gaming Qualify for Worlds 2026?,A 竞技,0.002,0.01,0.006,0.008,0.0,270.28200000000004,0.0,20,6.5,sports_fees_v3,True,42094328654399460766317569170098636486380267982932681441998692314947037315394
Will paiN Gaming Qualify for Worlds 2026?,A 竞技,0.002,0.019,0.010499999999999999,0.017,0.0,334.2,0.0,20,6.5,sports_fees_v3,True,53935003754201783870323748693053264338378994148347930387828388304150833963785
Will Dignitas Qualify for Worlds 2026?,A 竞技,,0.001,,,0.0,2828.0200000000004,0.0,20,6.5,sports_fees_v3,True,115599369929754882641566805307141652874452610397965183105741380310635673353229
Will SK Gaming Qualify for Worlds 2026?,A 竞技,,0.001,,,0.0,2120.58,0.0,20,6.5,sports_fees_v3,True,78412303365660079681418273102443725453038812353658254560446841146835920970090
Will Team Heretics Qualify for Worlds 2026?,A 竞技,,0.001,,,0.0,644.0,0.0,20,6.5,sports_fees_v3,True,17289679406307045565165392228443984292026071387142825302902597032978031689747
Will DetonatioN FocusMe Qualify for Worlds 2026?,A 竞技,0.001,0.005,0.003,0.004,0.0,589.3,0.0,20,6.5,sports_fees_v3,True,90260110155723069127052620185762268506810529925928369440993604531246264013311
Will DN SOOPers Qualify for Worlds 2026?,A 竞技,,0.001,,,0.0,456.0,0.0,20,6.5,sports_fees_v3,True,52934356838299663153870005757006507606459200812071126670690138749011463922427
Will Fluxo W7M Qualify for Worlds 2026?,A 竞技,,0.001,,,0.0,321.0,0.0,20,6.5,sports_fees_v3,True,100009037296369166629059655580284702860201120324289575334071644888831980865223
Will LEVIATÁN Qualify for Worlds 2026?,A 竞技,,0.001,,,0.0,686.454236,0.0,20,6.5,sports_fees_v3,True,76314637864940527957462046793569781097824526427982165902730307194311198558356
Game 1: Any Player Quadra Kill?,A 竞技,,1.0,,,0.0,0.0,0.0,50,4.5,sports_fees_v3,True,89741183767516012269688993569342318382941521528246877757201017792077092608988
Game 1: Any Player Penta Kill?,A 竞技,,1.0,,,0.0,0.0,0.0,50,4.5,sports_fees_v3,True,90677483736927373325958332303788186397365578607945146336538561321573167573002
Game 2: Any Player Quadra Kill?,A 竞技,,1.0,,,0.0,0.0,0.0,50,4.5,sports_fees_v3,True,14225007814306151419141220080255589109264995913371002317626890947362631150332
Game 2: Any Player Penta Kill?,A 竞技,,1.0,,,0.0,0.0,0.0,50,4.5,sports_fees_v3,True,27046224469274391785745034022094217097763159592524917562977594944429426618461
Game 1: Any Player Quadra Kill?,A 竞技,,1.0,,,0.0,0.0,0.0,50,4.5,sports_fees_v3,True,7136648673055501114802971641181892131942543070609867213309408907162136138781
Will HLE be number 1 on the end of year Global Power Rankings?,A 竞技,0.24,0.25,0.245,0.010000000000000009,0.0,7267.799928000001,3.0,50,4.5,sports_fees_v3,True,100988205296079751296147238057049658115728187175460516404920170058372139356399
Will Mexico win the 2026-27 CONCACAF Nations League?,A 竞技,0.47,0.48,0.475,0.010000000000000009,28.18,1817.317294,20.0,20,4.5,sports_fees_v3,True,35581338569611420424140915661142518793061233391585221415369647350028746026504
Will United States win the 2026-27 CONCACAF Nations League?,A 竞技,0.34,0.35,0.345,0.009999999999999953,79.028572,490.08006,14.0,20,4.5,sports_fees_v3,True,5354223651747888448587597215344921018945394509290678242712728295227995658547
Will Canada win the 2026-27 CONCACAF Nations League?,A 竞技,0.16,0.17,0.165,0.010000000000000009,0.0,531.5908769999999,6.0,20,4.5,sports_fees_v3,True,60035692504863357219940616650818205112328751376469351003204796126591006539781
Will Panama win the 2026-27 CONCACAF Nations League?,A 竞技,0.006,0.028,0.017,0.022,0.0,301.9184,0.0,20,4.5,sports_fees_v3,True,113553252815583814690536096764698841115083610524171452766795361320111565081735
Will Costa Rica win the 2026-27 CONCACAF Nations League?,A 竞技,0.002,0.012,0.007,0.01,0.0,179.47,0.0,20,4.5,sports_fees_v3,True,100784288072614457310296482421016273973797459255594096197818553037328323463686
Will Haiti win the 2026-27 CONCACAF Nations League?,A 竞技,0.002,0.019,0.010499999999999999,0.017,0.0,162.9,0.0,20,4.5,sports_fees_v3,True,55263766470271894154538798639346036750509756124098506284672824816085932927162
Will Trinidad and Tobago win the 2026-27 CONCACAF Nations League?,A 竞技,0.001,0.02,0.0105,0.019,0.0,357.0792,0.0,20,4.5,sports_fees_v3,True,1525678744508658524621193290436407541518583300008244841389002574691843922251
Will Curacao win the 2026-27 CONCACAF Nations League?,A 竞技,0.005,0.022,0.0135,0.016999999999999998,0.0,305.50262299999997,0.0,20,4.5,sports_fees_v3,True,81283152647262567269645780043801175503173632046381012578419046373817856620109
Will Nicaragua win the 2026-27 CONCACAF Nations League?,A 竞技,0.001,0.017,0.009000000000000001,0.016,0.0,159.47000000000003,0.0,20,4.5,sports_fees_v3,True,107183883197962714249293662502389004564241312258783948641359495446252068392991
Will Dominican Republic win the 2026-27 CONCACAF Nations League?,A 竞技,0.002,0.019,0.010499999999999999,0.017,0.0,189.773546,0.0,20,4.5,sports_fees_v3,True,68655570116639250492875006741509518022978405721111064450550733019371904682803
Will Honduras win the 2026-27 CONCACAF Nations League?,A 竞技,0.002,0.012,0.007,0.01,0.0,231.46999999999997,0.0,20,4.5,sports_fees_v3,True,101993836725216325857603987083751305558324613727761999231496835436161091511948
Will Jamaica win the 2026-27 CONCACAF Nations League?,A 竞技,0.002,0.015,0.0085,0.013,0.0,179.26999999999998,0.0,20,4.5,sports_fees_v3,True,103910409737436780162595025056426494275381990599230905230941353835547917524940
Will Guatemala win the 2026-27 CONCACAF Nations League?,A 竞技,0.002,0.012,0.007,0.01,131.7725,471.0425,0.0,20,4.5,sports_fees_v3,True,14878835046940151703158089292713818840457956764520638757664590200460023065695
Will Suriname win the 2026-27 CONCACAF Nations League?,A 竞技,0.002,0.012,0.007,0.01,0.0,184.2,0.0,20,4.5,sports_fees_v3,True,54784988776195594423827501579886237795166972924451524506642741439404933070564
Will Martinique win the 2026-27 CONCACAF Nations League?,A 竞技,0.002,0.019,0.010499999999999999,0.017,0.0,168.97,0.0,20,4.5,sports_fees_v3,True,63674290521816493209912630622986031249464927836571093066614887420111636540023
Will El Salvador win the 2026-27 CONCACAF Nations League?,A 竞技,0.001,0.017,0.009000000000000001,0.016,0.0,579.8616,0.0,20,4.5,sports_fees_v3,True,64633830770215653432722796915291715848187361737142955518536949449707714776223
Will United States win the 2027 Concacaf Gold Cup?,A 竞技,0.21,0.24,0.22499999999999998,0.03,0.0,213.475437,7.0,20,4.5,sports_fees_v3,True,55126123157845615676708638543276694330992302505117233533457160831020627903085
Will Mexico win the 2027 Concacaf Gold Cup?,A 竞技,0.41,0.59,0.5,0.18,24.509999999999998,1650.70485,17.0,20,4.5,sports_fees_v3,True,7668968575941368108958844341976007603096186001126311021685125033354076473886
Will Canada win the 2027 Concacaf Gold Cup?,A 竞技,0.005,0.189,0.097,0.184,0.0,54.95,2.0,20,4.5,sports_fees_v3,True,80860329793188443202508776409230637827045690102840327974303585173983769753439
Will Panama win the 2027 Concacaf Gold Cup?,A 竞技,0.002,0.061,0.0315,0.059,0.0,56.529999999999994,0.0,20,4.5,sports_fees_v3,True,102045819653780705638185241179599726107599379992073531858927209504172735500507
Will Costa Rica win the 2027 Concacaf Gold Cup?,A 竞技,0.01,0.071,0.040499999999999994,0.06099999999999999,0.0,59.39000000000001,0.0,20,4.5,sports_fees_v3,True,88926470156500306418103988769330661343882726305147411744122963552063512096353
Will Honduras win the 2027 Concacaf Gold Cup?,A 竞技,0.06,0.1,0.08,0.04000000000000001,0.0,76.81,1.0,20,4.5,sports_fees_v3,True,38804872741950450355567945275846053660563656966291752818956531909190620007826
Will Jamaica win the 2027 Concacaf Gold Cup?,A 竞技,0.002,0.064,0.033,0.062,0.0,46.309999999999995,0.0,20,4.5,sports_fees_v3,True,33015482628208110199962591165802904848151384306909208156461744218359478930798
Will Haiti win the 2027 Concacaf Gold Cup?,A 竞技,0.003,0.062,0.0325,0.059,0.0,52.1,0.0,20,4.5,sports_fees_v3,True,50280114901482703603734127778762770130303110708050237038193657178525605806682
Will Curacao win the 2027 Concacaf Gold Cup?,A 竞技,0.005,0.259,0.132,0.254,0.0,51.39,3.0,20,4.5,sports_fees_v3,True,88233250362670452155734614031743822383518503682391328565352296410579906819720
Will Trinidad and Tobago win the 2027 Concacaf Gold Cup?,A 竞技,0.002,0.07,0.036000000000000004,0.068,0.0,45.58,0.0,20,4.5,sports_fees_v3,True,100920076676392021471467235882670459684393499028482301500439524328562012277510
Will Guatemala win the 2027 Concacaf Gold Cup?,A 竞技,0.004,0.065,0.0345,0.061,0.0,46.9,0.0,20,4.5,sports_fees_v3,True,83513791454445398182762123619299164645979413764487022805978257916363351433786
Will El Salvador win the 2027 Concacaf Gold Cup?,A 竞技,0.002,0.066,0.034,0.064,0.0,50.779999999999994,0.0,20,4.5,sports_fees_v3,True,78152722611961276229987550139942025617182859995330412597370424616420866492801
Will Suriname win the 2027 Concacaf Gold Cup?,A 竞技,0.007,0.283,0.145,0.27599999999999997,20.74,77.84,4.0,20,4.5,sports_fees_v3,True,9887823982094123133521458165624540194379411319596900425278987733732216352104
Will Dominican Republic win the 2027 Concacaf Gold Cup?,A 竞技,0.01,0.11,0.06,0.1,0.0,254.38000000000002,0.0,20,4.5,sports_fees_v3,True,2526630678265277526348724241057850358897341221737383273575496649373730661573
Will Martinique win the 2027 Concacaf Gold Cup?,A 竞技,0.008,0.286,0.147,0.27799999999999997,13.36,60.26,4.0,20,4.5,sports_fees_v3,True,114595808135640285321755219501141499820231484448157682054576172604981516758414
Will Nicaragua win the 2027 Concacaf Gold Cup?,A 竞技,0.006,0.193,0.0995,0.187,10.4,54.55,2.0,20,4.5,sports_fees_v3,True,51186825323180280110827487521815882437243400887980150822524593962279616734906
Will Saudi Arabia win the 2027 Concacaf Gold Cup?,A 竞技,0.01,0.075,0.042499999999999996,0.065,0.0,383.68000000000006,0.0,20,4.5,sports_fees_v3,True,26476935079731666906852534784215635913705964495083831749493275684517502150393
Will Mauricio Pochettino leave the USMNT before the 2027 Gold Cup?,A 竞技,0.26,0.27,0.265,0.010000000000000009,0.0,100.0,5.0,20,4.5,sports_fees_v3,True,48743321117755638353109982769457873625392619606437108660459723166228204735181
Rīga FC vs. KÍ: 2nd Half O/U 3.5 Total Corners,A 竞技,0.001,0.999,0.5,0.998,0.0,0.0,0.0,50,4.5,sports_fees_v3,True,1675097408256207824656570109800071215769729348892924642565087165030944127627
Larne FC vs. Lincoln Red Imps FC: O/U 12.5 Total Corners,A 竞技,0.001,0.999,0.5,0.998,0.0,0.0,0.0,50,4.5,sports_fees_v3,True,44331088239448863893886589757423648023028905983748355715929218928327362271434
Larne FC vs. Lincoln Red Imps FC: O/U 13.5 Total Corners,A 竞技,0.001,0.999,0.5,0.998,0.0,11.11111,0.0,50,4.5,sports_fees_v3,True,103443170428204816816380657195330873305351952609298208610844962475121965988957
Larne FC vs. Lincoln Red Imps FC: 1st Half O/U 5.5 Total Corners,A 竞技,0.001,0.999,0.5,0.998,0.0,0.0,0.0,50,4.5,sports_fees_v3,True,84106344734347041195665819331728980356082551891761761804070322733655079757774
Larne FC vs. Lincoln Red Imps FC: Lincoln Red Imps FC O/U 5.5 Corners,A 竞技,0.001,0.999,0.5,0.998,0.0,0.0,0.0,50,4.5,sports_fees_v3,True,14063180088618267611911545076731831696559447855692349035766462710831170591476
Larne FC vs. Lincoln Red Imps FC: Total Corners Odd or Even?,A 竞技,,1.0,,,0.0,0.0,0.0,50,4.5,sports_fees_v3,True,568365895399438989969215779782070627358770525973709755714621827500892695965
FK Austria Wien vs. SC Braga: 2nd Half O/U 5.5 Total Corners,A 竞技,,1.0,,,0.0,0.0,0.0,50,4.5,sports_fees_v3,True,7456372332235924087966413322724355334538249140848510140684601268322965262706
FK Austria Wien vs. SC Braga: SC Braga O/U 4.5 Corners,A 竞技,0.001,0.999,0.5,0.998,0.0,0.0,0.0,50,4.5,sports_fees_v3,True,90673011904290209356135804925730923976238646480821436771872358664346760796380
FK Austria Wien vs. SC Braga: Total Corners Odd or Even?,A 竞技,0.001,0.999,0.5,0.998,0.0,0.0,0.0,50,4.5,sports_fees_v3,True,94334422796512252799833177412830182182980988729290354828322472845200977545767
AFC Ajax vs. FC Sion: 1st Half O/U 4.5 Total Corners,A 竞技,0.001,0.999,0.5,0.998,0.0,0.0,0.0,50,4.5,sports_fees_v3,True,95982391674484737053684970780050177785459383292423946891536056134038712255458
AFC Ajax vs. FC Sion: AFC Ajax O/U 4.5 Corners,A 竞技,0.001,0.999,0.5,0.998,0.0,0.0,0.0,50,4.5,sports_fees_v3,True,20480848005926429496749780572627843544668883866444201419087176618953728761245
AFC Ajax vs. FC Sion: Total Corners Odd or Even?,A 竞技,0.001,0.999,0.5,0.998,0.0,0.0,0.0,50,4.5,sports_fees_v3,True,62537517263016802770839485256298231761603386738795319735676770796812949538316
AFC Ajax vs. FC Sion: Team to Take First Corner,A 竞技,0.001,0.999,0.5,0.998,0.0,0.0,0.0,50,4.5,sports_fees_v3,True,61438262353775736758410131325934966005088496649644633779954632919377980838910
AS Monaco FC vs. Górnik Zabrze: 1st Half O/U 3.5 Total Corners,A 竞技,0.001,0.999,0.5,0.998,0.0,64.89278399999999,0.0,50,4.5,sports_fees_v3,True,73283027405969909300288744290635966425490344000310856507571188548919797818626
AS Monaco FC vs. Górnik Zabrze: AS Monaco FC O/U 4.5 Corners,A 竞技,0.001,0.999,0.5,0.998,0.0,0.0,0.0,50,4.5,sports_fees_v3,True,1486487004615486249019506023250201109450669050385191270373945305080794865054
AS Monaco FC vs. Górnik Zabrze: Total Corners Odd or Even?,A 竞技,0.001,0.999,0.5,0.998,0.0,0.0,0.0,50,4.5,sports_fees_v3,True,27438673043242349903830700913986001901765080792944260132062524471902582686619
Motherwell FC vs. SC Freiburg: 1st Half O/U 4.5 Total Corners,A 竞技,0.001,0.999,0.5,0.998,0.0,5.0,0.0,50,4.5,sports_fees_v3,True,43398856178795291869853887344261981021391174405553769078066277564941080262262
Motherwell FC vs. SC Freiburg: 2nd Half O/U 5.5 Total Corners,A 竞技,,1.0,,,0.0,0.0,0.0,50,4.5,sports_fees_v3,True,71258139591880264464038995360963358250169238462771943392013149382503352804579
Motherwell FC vs. SC Freiburg: Motherwell FC O/U 2.5 Corners,A 竞技,,1.0,,,0.0,163.67565,0.0,50,4.5,sports_fees_v3,True,43946468517588597478411629930854089719414894259336060783831675629504328077592
Will Atalanta finish first in UECL league phase?,A 竞技,0.21,0.228,0.219,0.018000000000000016,3.0,124.89,7.0,20,4.5,sports_fees_v3,True,93767723864752136208202325161578450758312464295699825632086409594160162843264
Will SC Freiburg finish first in UECL league phase?,A 竞技,0.117,0.166,0.14150000000000001,0.049,48.996496,276.996496,4.0,20,4.5,sports_fees_v3,True,52914558195468975292195870706928449889365144691381087576164342538272101513810
Will Monaco finish first in UECL league phase?,A 竞技,0.234,0.294,0.264,0.05999999999999997,10.25,323.53,9.0,20,4.5,sports_fees_v3,True,115002659285283411265809326709067988567279455410325015537923047159212633885977
Will Ajax finish first in UECL league phase?,A 竞技,0.001,0.227,0.114,0.226,0.0,34.89,0.0,20,4.5,sports_fees_v3,True,99352987204906029686221641392615154922179918854587913159775676493517938071432
Will Braga finish first in UECL league phase?,A 竞技,0.003,0.229,0.116,0.226,0.0,34.89,0.0,20,4.5,sports_fees_v3,True,8184266390999869118966380326539178795816339607100850301658009690090537950527
Will Copenhagen finish first in UECL league phase?,A 竞技,0.004,0.079,0.0415,0.075,0.0,34.89,0.0,20,4.5,sports_fees_v3,True,47025486167019264739060290733695760965570394437480800425278895594714910626240
Will Midtjylland finish first in UECL league phase?,A 竞技,0.008,0.07,0.03900000000000001,0.062000000000000006,0.0,34.89,4.0,20,4.5,sports_fees_v3,True,95503243358862085404541947888733577083334393725322094677473790521177685473195
Will Red Star Belgrade finish first in UECL league phase?,A 竞技,0.031,0.261,0.14600000000000002,0.23,0.0,55.89,4.0,20,4.5,sports_fees_v3,True,57478859813102016417509501659529419674239675876484116375627962087582057667106
Will Gent finish first in UECL league phase?,A 竞技,0.002,0.068,0.035,0.066,0.0,48.120000000000005,0.0,20,4.5,sports_fees_v3,True,100701348365324919144123863807559744952003090624564560909722114347424160448155
Will Panathinaikos finish first in UECL league phase?,A 竞技,0.001,0.07,0.035500000000000004,0.069,0.0,34.89,0.0,20,4.5,sports_fees_v3,True,46631368083520343023809446179445274995885746116400126150315918745967278204845
Will Pafos FC finish first in UECL league phase?,A 竞技,0.001,0.061,0.031,0.06,0.0,10.0,0.0,20,4.5,sports_fees_v3,True,84900493888620527245511082143113974934666708713950988690026982062046017683542
Will Brighton & Hove Albion finish first in UECL league phase?,A 竞技,0.11,0.141,0.1255,0.030999999999999986,42.0,76.89,4.0,20,4.5,sports_fees_v3,True,28595859743771024146488751452285791944206134925618658893886453607442392847148
Will Lugano finish first in UECL league phase?,A 竞技,0.004,0.079,0.0415,0.075,0.0,34.89,0.0,20,4.5,sports_fees_v3,True,36316638555142573333391512604923979976444325582368316405395896523707303476181
Will Getafe finish first in UECL league phase?,A 竞技,0.004,0.196,0.1,0.192,0.0,189.77999999999997,2.0,20,4.5,sports_fees_v3,True,12224269958138548254109968897971035293264475371481073652183585453463838809181
Will KuPS Kuopio finish first in UECL league phase?,A 竞技,0.007,0.07,0.038500000000000006,0.063,0.0,34.89,3.0,20,4.5,sports_fees_v3,True,35233238448862380679959312883656636815335715529602986238408152240700811866723
Will Twente finish first in UECL league phase?,A 竞技,0.006,0.475,0.2405,0.469,0.0,34.89,0.0,20,4.5,sports_fees_v3,True,41061974083975538475191311645434405382923653172219277287166415460266774821987
Will Lincoln Red Imps finish first in UECL league phase?,A 竞技,0.002,0.068,0.035,0.066,0.0,48.120000000000005,0.0,20,4.5,sports_fees_v3,True,83725388366327281780962137686666272478188319650003531154640304986534327923926
Will Borac Banja Luka finish first in UECL league phase?,A 竞技,0.002,0.068,0.035,0.066,0.0,48.120000000000005,0.0,20,4.5,sports_fees_v3,True,33707655688603613854992995184255999602729122094536036103163599336633115840967
Will Sint-Truiden finish first in UECL league phase?,A 竞技,0.002,0.069,0.035500000000000004,0.067,0.0,34.89,0.0,20,4.5,sports_fees_v3,True,26608690566711244739086617263891126320447983477316311248260616109542159560124
Will Brann finish first in UECL league phase?,A 竞技,0.003,0.07,0.036500000000000005,0.067,0.0,34.89,0.0,20,4.5,sports_fees_v3,True,41397569408571283068109229113250034418580106247205762872184018870830011902697
Will Hearts finish first in UECL league phase?,A 竞技,0.003,0.07,0.036500000000000005,0.067,0.0,15.0,0.0,20,4.5,sports_fees_v3,True,110140219355479425925025392238458009911832520192837728910431870525720768939650
Will Kairat finish first in UECL league phase?,A 竞技,0.003,0.05,0.026500000000000003,0.047,0.0,34.89,0.0,20,4.5,sports_fees_v3,True,54405456064005017735124105481700702781963773978952485967504310295376687719828
Will Trabzonspor finish first in UECL league phase?,A 竞技,0.003,0.07,0.036500000000000005,0.067,0.0,34.89,0.0,20,4.5,sports_fees_v3,True,11471066112473334194829893615212814917991822380696326733463152467479923761468
Will Universitatea Craiova finish first in UECL league phase?,A 竞技,0.001,0.068,0.0345,0.067,0.0,34.89,0.0,20,4.5,sports_fees_v3,True,20585021556742398266521642892514687578151757578085909798597144629464092175945
Will Riga finish first in UECL league phase?,A 竞技,0.004,0.23,0.117,0.226,0.0,34.89,0.0,20,4.5,sports_fees_v3,True,56799558717392762105600931082912499821013336573186729950950776275798410362106
Will Hajduk Split finish first in UECL league phase?,A 竞技,0.002,0.062,0.032,0.06,0.0,34.89,0.0,20,4.5,sports_fees_v3,True,55902832990573968576219120775776547148522175226385007417380875837965433151546
Will Jablonec finish first in UECL league phase?,A 竞技,0.002,0.037,0.0195,0.034999999999999996,0.0,15.0,0.0,20,4.5,sports_fees_v3,True,25217645221825289091612842849788114818858304715369718484680941527032966577936
Will Nordsjaelland finish first in UECL league phase?,A 竞技,0.002,0.069,0.035500000000000004,0.067,0.0,48.120000000000005,0.0,20,4.5,sports_fees_v3,True,89269006534655018979742983949393183776072974640769083139480067799694377851295
Will AGF Aarhus finish first in UECL league phase?,A 竞技,0.002,0.069,0.035500000000000004,0.067,0.0,48.120000000000005,0.0,20,4.5,sports_fees_v3,True,77537193460444385819350120201792490185601518008199665998408546743026112206765
Will Inter Club d'Escaldes finish first in UECL league phase?,A 竞技,0.001,0.06,0.0305,0.059,0.0,48.120000000000005,0.0,20,4.5,sports_fees_v3,True,80692952294342554431551550069462808651108746586190663379363009455250901168101
Will Thun finish first in UECL league phase?,A 竞技,0.005,0.07,0.037500000000000006,0.065,0.0,34.89,0.0,20,4.5,sports_fees_v3,True,91000775879587298800684718363866753596182655818640662334366146212719154050367
Will CSKA Sofia finish first in UECL league phase?,A 竞技,0.002,0.069,0.035500000000000004,0.067,0.0,48.120000000000005,0.0,20,4.5,sports_fees_v3,True,93165688696427280742251197478755389518327597315700596696466448445434455145304
Will Kauno Zalgiris finish first in UECL league phase?,A 竞技,0.005,0.07,0.037500000000000006,0.065,0.0,34.89,0.0,20,4.5,sports_fees_v3,True,54583426767686604157089611709616688742138496082000163157774482076004374853653
Will Mjallby AIF finish first in UECL league phase?,A 竞技,0.001,0.069,0.035,0.068,0.0,15.0,0.0,20,4.5,sports_fees_v3,True,53019005072574189010289671457012603834673648362560446101631131334291159467115
Will Iberia 1999 finish first in UECL league phase?,A 竞技,0.003,0.07,0.036500000000000005,0.067,0.0,34.89,3.0,20,4.5,sports_fees_v3,True,42655967698125489547944394514608047448186833015643540135073154004165383673037
Will Egnatia finish first in UECL league phase?,A 竞技,0.001,0.069,0.035,0.068,0.0,34.89,0.0,20,4.5,sports_fees_v3,True,71739998510934015510681695572056661526177738556776576910917482303083960370846
Will Atalanta finish the UECL league phase with the best goal differen,A 竞技,0.006,0.453,0.2295,0.447,0.0,21.0,2.0,20,4.5,sports_fees_v3,True,71267618823156376407289198602087908443748591112560786847038375653379384891665
Will SC Freiburg finish the UECL league phase with the best goal diffe,A 竞技,0.001,0.496,0.2485,0.495,0.0,0.0,3.0,20,4.5,sports_fees_v3,True,36458214752727699090774166497525349063914633852210661270182578675926699148120
Will Monaco finish the UECL league phase with the best goal differenti,A 竞技,0.039,0.254,0.1465,0.215,0.0,28.2,1.0,20,4.5,sports_fees_v3,True,78929497048197904936215693292040503526867884853940559089014281924881830895786
Will Ajax finish the UECL league phase with the best goal differential,A 竞技,0.001,0.996,0.4985,0.995,0.0,0.0,0.0,20,4.5,sports_fees_v3,True,97005441421042490298347645887032560250418336799974118668310683671075400692806
Will Braga finish the UECL league phase with the best goal differentia,A 竞技,0.001,0.899,0.45,0.898,0.0,0.0,0.0,20,4.5,sports_fees_v3,True,98267592519613140427263462481448537376842814099531821104474574618032114284105
Will Copenhagen finish the UECL league phase with the best goal differ,A 竞技,0.001,0.498,0.2495,0.497,0.0,0.0,3.0,20,4.5,sports_fees_v3,True,61818125326572163790968324988413550523202455914204154140819945582448746460681
Will Midtjylland finish the UECL league phase with the best goal diffe,A 竞技,0.004,0.071,0.0375,0.06699999999999999,0.0,0.0,0.0,20,4.5,sports_fees_v3,True,108504533548902357778463393406386298669448121058710905821200242363080330906179
Will Red Star Belgrade finish the UECL league phase with the best goal,A 竞技,0.001,0.496,0.2485,0.495,0.0,0.0,2.0,20,4.5,sports_fees_v3,True,47697669928227821064238889566105321120634933934427277705856675890386189157829
Will Gent finish the UECL league phase with the best goal differential,A 竞技,0.001,0.498,0.2495,0.497,0.0,0.0,2.0,20,4.5,sports_fees_v3,True,49716461450429177647851346433605704169899574847169819833860960843019192673633
Will Panathinaikos finish the UECL league phase with the best goal dif,A 竞技,0.001,0.99,0.4955,0.989,0.0,0.0,0.0,20,4.5,sports_fees_v3,True,67514972918905334518305677152840091140915738730747318922400601318290019498405
Will Pafos FC finish the UECL league phase with the best goal differen,A 竞技,0.001,0.926,0.4635,0.925,0.0,0.0,0.0,20,4.5,sports_fees_v3,True,48447645921498162817062728065298647632774871521715385007534180251950524330270
Will Brighton & Hove Albion finish the UECL league phase with the best,A 竞技,0.006,0.496,0.251,0.49,0.0,21.0,2.0,20,4.5,sports_fees_v3,True,2914663569549621299849444533114656076510513668059322618786911720954890763528
Will Lugano finish the UECL league phase with the best goal differenti,A 竞技,0.003,0.88,0.4415,0.877,0.0,0.0,0.0,20,4.5,sports_fees_v3,True,90733077954788222165971952693015669045263220214819098024123544459364912163252
Will Getafe finish the UECL league phase with the best goal differenti,A 竞技,0.001,0.07,0.035500000000000004,0.069,0.0,0.0,2.0,20,4.5,sports_fees_v3,True,66171569727853331043426936322848498924701348875626677224225222035034551501943
Will KuPS Kuopio finish the UECL league phase with the best goal diffe,A 竞技,0.001,0.498,0.2495,0.497,0.0,0.0,2.0,20,4.5,sports_fees_v3,True,47641588369142836423192829846272775593640986321954441203945305607588176443357
Will Twente finish the UECL league phase with the best goal differenti,A 竞技,0.002,0.451,0.2265,0.449,0.0,0.0,2.0,20,4.5,sports_fees_v3,True,113173508273442919322415566400069588575611203332354557504750231797288623368405
Will Lincoln Red Imps finish the UECL league phase with the best goal ,A 竞技,0.002,0.899,0.4505,0.897,0.0,0.0,0.0,20,4.5,sports_fees_v3,True,93362287579591955099516938434697579189791846609685419812834455570502350578723
Will Borac Banja Luka finish the UECL league phase with the best goal ,A 竞技,0.001,0.451,0.226,0.45,0.0,0.0,2.0,20,4.5,sports_fees_v3,True,18926214484302934527792715600578996393398868689954999354173273467457110300971
Will Sint-Truiden finish the UECL league phase with the best goal diff,A 竞技,0.003,0.88,0.4415,0.877,0.0,0.0,0.0,20,4.5,sports_fees_v3,True,8349474356222100447430232677765157059771531241234253148969798197161708796768
Will Brann finish the UECL league phase with the best goal differentia,A 竞技,0.004,0.07,0.037000000000000005,0.066,0.0,0.0,0.0,20,4.5,sports_fees_v3,True,69425705805265801275230105309137090270147787286822188025245568387844751228513
Will Hearts finish the UECL league phase with the best goal differenti,A 竞技,0.001,0.07,0.035500000000000004,0.069,0.0,0.0,2.0,20,4.5,sports_fees_v3,True,103475005818438136232432970331990673514117272491917493844665290778965456836691
Will Kairat finish the UECL league phase with the best goal differenti,A 竞技,0.001,0.486,0.2435,0.485,0.0,0.0,2.0,20,4.5,sports_fees_v3,True,92034513641464461065723413416965759447824701831093548655278090399322387370331
Will Trabzonspor finish the UECL league phase with the best goal diffe,A 竞技,0.002,0.899,0.4505,0.897,0.0,0.0,0.0,20,4.5,sports_fees_v3,True,105728604245990115587399210204241831485967939693865446468585015564837292026420
Will Universitatea Craiova finish the UECL league phase with the best ,A 竞技,0.001,0.069,0.035,0.068,0.0,0.0,2.0,20,4.5,sports_fees_v3,True,98523471153897784077292703893490046262635161933851478098652843013882842085435
Will Riga finish the UECL league phase with the best goal differential,A 竞技,0.002,0.899,0.4505,0.897,0.0,0.0,0.0,20,4.5,sports_fees_v3,True,81876607113090478254383183913253923322612209153492525769286017217040660542066
Will Hajduk Split finish the UECL league phase with the best goal diff,A 竞技,0.001,0.498,0.2495,0.497,0.0,0.0,2.0,20,4.5,sports_fees_v3,True,20033439982072476329785530142135646185241982022209636003650662612796544822992
Will Jablonec finish the UECL league phase with the best goal differen,A 竞技,0.001,0.984,0.4925,0.983,0.0,0.0,0.0,20,4.5,sports_fees_v3,True,56756815356222228044168018671199984112371038166973744176618841012367106462125
Will Nordsjaelland finish the UECL league phase with the best goal dif,A 竞技,0.001,0.995,0.498,0.994,0.0,0.0,0.0,20,4.5,sports_fees_v3,True,99754454423866041569218017989791283589092895812447288696260394275155290069570
Will AGF Aarhus finish the UECL league phase with the best goal differ,A 竞技,0.002,0.496,0.249,0.494,0.0,0.0,2.0,20,4.5,sports_fees_v3,True,4369674593385348652823224952678727731863927994593319719537976597330187224398
Will Inter Club d'Escaldes finish the UECL league phase with the best ,A 竞技,0.002,0.995,0.4985,0.993,0.0,0.0,0.0,20,4.5,sports_fees_v3,True,17106880328383844612121376325639322890896910329402765103392904114535610531694
Will Thun finish the UECL league phase with the best goal differential,A 竞技,0.001,0.451,0.226,0.45,0.0,0.0,2.0,20,4.5,sports_fees_v3,True,33176423349903663118771190104091703861412589450791058026520098107860255879338
Will CSKA Sofia finish the UECL league phase with the best goal differ,A 竞技,0.001,0.88,0.4405,0.879,0.0,0.0,0.0,20,4.5,sports_fees_v3,True,85828629240933767033376717977977811325604516393630076308316886562033728610081
Will Kauno Zalgiris finish the UECL league phase with the best goal di,A 竞技,0.002,0.996,0.499,0.994,0.0,0.0,0.0,20,4.5,sports_fees_v3,True,108345797755633737563301839486223995271946091266602678192141122149974438428079
Will Mjallby AIF finish the UECL league phase with the best goal diffe,A 竞技,0.002,0.899,0.4505,0.897,0.0,0.0,0.0,20,4.5,sports_fees_v3,True,73223953123806362064410642949320772897415248006955478350781533699641061402834
Will Iberia 1999 finish the UECL league phase with the best goal diffe,A 竞技,0.001,0.07,0.035500000000000004,0.069,0.0,0.0,5.0,20,4.5,sports_fees_v3,True,94452708807024007927390563713355945247357849159689353813402929287431866189833
Will Egnatia finish the UECL league phase with the best goal different,A 竞技,0.003,0.969,0.486,0.966,0.0,0.0,0.0,20,4.5,sports_fees_v3,True,87511132005909670616922388439572858910642080169572353862948698649648934339334
Will Atalanta score the most goals in the UECL league phase?,A 竞技,0.001,0.07,0.035500000000000004,0.069,0.0,0.0,3.0,20,4.5,sports_fees_v3,True,81960157922003320937799318356835604138856765092227248306822330303795878310557
Will SC Freiburg score the most goals in the UECL league phase?,A 竞技,0.003,0.993,0.498,0.99,0.0,0.0,0.0,20,4.5,sports_fees_v3,True,107440686737360857718512996149719113821653654778964279808366208615197114333523
Will Monaco score the most goals in the UECL league phase?,A 竞技,0.002,0.499,0.2505,0.497,0.0,0.0,2.0,20,4.5,sports_fees_v3,True,109833806502151063592204637236324757513558556073804347459849502447836482653659
Will Ajax score the most goals in the UECL league phase?,A 竞技,0.001,0.494,0.2475,0.493,0.0,0.0,2.0,20,4.5,sports_fees_v3,True,67508627028056576910979875580821237344458172587032980633649424073263821493158
Will Braga score the most goals in the UECL league phase?,A 竞技,0.002,0.495,0.2485,0.493,0.0,0.0,2.0,20,4.5,sports_fees_v3,True,23568174547582161706228467641254198191890132320400988825731865823190395186900
Will Copenhagen score the most goals in the UECL league phase?,A 竞技,0.003,0.939,0.471,0.9359999999999999,0.0,0.0,0.0,20,4.5,sports_fees_v3,True,38830414591800375738598147429003409964902751880313463440292758224192580915747
Will Midtjylland score the most goals in the UECL league phase?,A 竞技,0.001,0.07,0.035500000000000004,0.069,0.0,0.0,3.0,20,4.5,sports_fees_v3,True,31051623110131226148067599995167229215685391665746052209711575404581139315521
Will Red Star Belgrade score the most goals in the UECL league phase?,A 竞技,0.003,0.497,0.25,0.494,0.0,0.0,1.0,20,4.5,sports_fees_v3,True,55613512020597840063177249149915521240378267367650410788821704369931361452788
Will Gent score the most goals in the UECL league phase?,A 竞技,0.003,0.494,0.2485,0.491,0.0,0.0,1.0,20,4.5,sports_fees_v3,True,109483028940443505785407124015567390969147229575357517066398495872999579482171
Sint Maarten vs. Belize: O/U 12.5 Total Corners,A 竞技,,1.0,,,0.0,0.0,0.0,50,4.5,sports_fees_v3,True,25341604891757740442606856404128988119539778341278263640130630940012674727627
Sint Maarten vs. Belize: O/U 13.5 Total Corners,A 竞技,,1.0,,,0.0,0.0,0.0,50,4.5,sports_fees_v3,True,61197457941845595230995437391786983832398853214347830372389076283604959933701
Sint Maarten vs. Belize: 1st Half O/U 5.5 Total Corners,A 竞技,,1.0,,,0.0,0.0,0.0,50,4.5,sports_fees_v3,True,88651297991189700060541061076614617837501273152810625859946533732893846991887
Sint Maarten vs. Belize: Sint Maarten O/U 4.5 Corners,A 竞技,,1.0,,,0.0,0.0,0.0,50,4.5,sports_fees_v3,True,101383530334465753083999250613857424264037476101332289690825723471486325521008
Sint Maarten vs. Belize: Sint Maarten O/U 5.5 Corners,A 竞技,,1.0,,,0.0,0.0,0.0,50,4.5,sports_fees_v3,True,37006315851733870680058165659377994577682082028075309713394107163173630058391
Sint Maarten vs. Belize: Total Corners Odd or Even?,A 竞技,,1.0,,,0.0,0.0,0.0,50,4.5,sports_fees_v3,True,101256433793695296431102475155650813619151201878376926799866514037827146128637
Sint Maarten vs. Belize: Team to Take First Corner,A 竞技,,1.0,,,0.0,0.0,0.0,50,4.5,sports_fees_v3,True,23518925854032282330014809055498273746599496139698218968315594082984247935836
Puerto Rico vs. Guyana: 2nd Half O/U 3.5 Total Corners,A 竞技,,1.0,,,0.0,0.0,0.0,50,4.5,sports_fees_v3,True,100551489950893123917113572396386478854039028457389886621172343756649118470540
Puerto Rico vs. Guyana: Total Corners Odd or Even?,A 竞技,,1.0,,,0.0,0.0,0.0,50,4.5,sports_fees_v3,True,62785900821155474079037779232292627342671573228728186869247818658879779672888
Puerto Rico vs. Guyana: Team to Take First Corner,A 竞技,,1.0,,,0.0,0.0,0.0,50,4.5,sports_fees_v3,True,17734850083196277423132317026712695638939674384887027568202001390289748793980
Jamaica vs. Honduras: O/U 7.5 Total Corners,A 竞技,,1.0,,,0.0,25.0,0.0,50,4.5,sports_fees_v3,True,16949810651392004118198290486915878086398295670511253464870947475513448637663
Jamaica vs. Honduras: 1st Half O/U 3.5 Total Corners,A 竞技,,1.0,,,0.0,0.0,0.0,50,4.5,sports_fees_v3,True,27113837892659627821012233391750932212766556374242724425546266144057825301044
Jamaica vs. Honduras: Honduras O/U 4.5 Corners,A 竞技,,1.0,,,0.0,0.0,0.0,50,4.5,sports_fees_v3,True,61113457585928410372450816732422030737290181616557285122880866387007642419884
Jamaica vs. Honduras: Total Corners Odd or Even?,A 竞技,,1.0,,,0.0,0.0,0.0,50,4.5,sports_fees_v3,True,62986824936063128672040522248154744412990678093560718194409406180377777523347
St. Vincent and the Grenadines vs. Sint Maarten: O/U 10.5 Total Corner,A 竞技,,1.0,,,0.0,0.0,0.0,50,4.5,sports_fees_v3,True,62663817589534134350379774360759855643537163953253550879870719430509394616123
St. Vincent and the Grenadines vs. Sint Maarten: 2nd Half O/U 3.5 Tota,A 竞技,,1.0,,,0.0,0.0,0.0,50,4.5,sports_fees_v3,True,14811632702028898769765178631512812859636873973320636386703341401323937481618
St. Vincent and the Grenadines vs. Sint Maarten: Total Corners Odd or ,A 竞技,,1.0,,,0.0,0.0,0.0,50,4.5,sports_fees_v3,True,36170417420264050617613397438848528940387499624842715511013676650129750897620
Oxford United FC vs. Milton Keynes Dons FC: Total Corners Odd or Even?,A 竞技,0.001,0.999,0.5,0.998,0.0,0.0,0.0,50,4.5,sports_fees_v3,True,49383710212351481940270588648913197955650541626639588855309532154532303044349
Stevenage FC vs. Oxford United FC: Team to Take First Corner,A 竞技,,1.0,,,0.0,0.0,0.0,50,4.5,sports_fees_v3,True,48307157072039187296007924009680849578146922409027058398017813889785522425424
Leyton Orient FC vs. Barnsley FC: O/U 13.5 Total Corners,A 竞技,,1.0,,,0.0,0.0,0.0,50,4.5,sports_fees_v3,True,94685351177001850934475876235501887694320010182903684863908363902278237293695
Leyton Orient FC vs. Barnsley FC: Total Corners Odd or Even?,A 竞技,,1.0,,,0.0,0.0,0.0,50,4.5,sports_fees_v3,True,33351335666856503026870076482834155088621765093837832962896200168882071388237
AFC Wimbledon vs. Wigan Athletic FC: AFC Wimbledon O/U 5.5 Corners,A 竞技,0.001,0.999,0.5,0.998,0.0,0.0,0.0,50,4.5,sports_fees_v3,True,106169658729115405794530594349714793660556441338739352812070792755819653297253
AFC Wimbledon vs. Wigan Athletic FC: Team to Take First Corner,A 竞技,,1.0,,,0.0,0.0,0.0,50,4.5,sports_fees_v3,True,32536913169868001925557105998785795563640199733131413023065281508341138636663
Barnsley FC vs. Stevenage FC: O/U 10.5 Total Corners,A 竞技,,1.0,,,0.0,76.0,0.0,50,4.5,sports_fees_v3,True,55659043649489790158799490545624140602473999443814100618445199945300123568410
Barnsley FC vs. Stevenage FC: Total Corners Odd or Even?,A 竞技,,1.0,,,0.0,0.0,0.0,50,4.5,sports_fees_v3,True,70199521798233266386066267284404190967355330406236307932537328082851016740612
Will Oxford United FC win on 2026-09-08?,A 竞技,0.01,0.99,0.5,0.98,0.0,0.0,0.0,50,4.5,sports_fees_v3,True,55971243938669539474169933947788169053217123403124667273050850176885040428949
Will Oxford United FC vs. Reading FC end in a draw?,A 竞技,0.33,0.49,0.41000000000000003,0.15999999999999998,0.0,20.0,0.0,50,4.5,sports_fees_v3,True,78999525137434623086439327955757799969180596861685172936578007255369686540645
Will Reading FC win on 2026-09-08?,A 竞技,0.01,0.99,0.5,0.98,0.0,0.0,0.0,50,4.5,sports_fees_v3,True,94825621647459328618334655050679560074969886393017337550937927080425807339719
Oxford United FC leading at halftime?,A 竞技,,0.98,,,0.0,0.0,0.0,50,4.5,sports_fees_v3,True,110751995059500778125683458949905217940486067955455954685014656251570080714790
Oxford United FC vs. Reading FC: Draw at halftime?,A 竞技,0.01,0.8,0.405,0.79,0.0,0.0,0.0,50,4.5,sports_fees_v3,True,37967299672477800438756655914350039089839210084891663466949532918631415895956
Reading FC leading at halftime?,A 竞技,,0.98,,,0.0,0.0,0.0,50,4.5,sports_fees_v3,True,22242423256217145485693577908612812955265452385914382398397308515429291083994
Oxford United FC to win the second half?,A 竞技,,0.99,,,0.0,0.0,0.0,50,4.5,sports_fees_v3,True,17330810628347361918563565604266847225260651008924658216589112560415057555924
Oxford United FC vs. Reading FC: Second half draw?,A 竞技,0.01,0.8,0.405,0.79,0.0,0.0,0.0,50,4.5,sports_fees_v3,True,77923144522336024610073838282792431044303551204706905551326693573932606819994
Reading FC to win the second half?,A 竞技,,0.99,,,0.0,0.0,0.0,50,4.5,sports_fees_v3,True,84648698530087659092054433468679508888608786863076470082206491406611392876446
Exact Score: Oxford United FC 0 - 0 Reading FC?,A 竞技,0.01,0.8,0.405,0.79,0.0,0.0,0.0,50,4.5,sports_fees_v3,True,38114108324280361698830246901896998108564690208532982812121388291100148521406
Exact Score: Oxford United FC 0 - 1 Reading FC?,A 竞技,,0.8,,,0.0,0.0,0.0,50,4.5,sports_fees_v3,True,14364385342783910557283182897756416588199134577565157032104553959481536392931
Exact Score: Oxford United FC 1 - 0 Reading FC?,A 竞技,,0.8,,,0.0,0.0,0.0,50,4.5,sports_fees_v3,True,39394286734294457894476800805420760093571800057887582555607948398155299972355
Exact Score: Oxford United FC 0 - 2 Reading FC?,A 竞技,,0.8,,,0.0,0.0,0.0,50,4.5,sports_fees_v3,True,48885870231874700636896893533306175517676818761731904179430119812170101976732
Exact Score: Oxford United FC 1 - 1 Reading FC?,A 竞技,,0.8,,,0.0,0.0,0.0,50,4.5,sports_fees_v3,True,30987044706520555121794136543295966963350759037111725302517596192505496176468
Exact Score: Oxford United FC 2 - 0 Reading FC?,A 竞技,,0.8,,,0.0,0.0,0.0,50,4.5,sports_fees_v3,True,98441277319426240359072606191887113316352680072004981717093616518451026023636
Exact Score: Oxford United FC 0 - 3 Reading FC?,A 竞技,,0.8,,,0.0,0.0,0.0,50,4.5,sports_fees_v3,True,15654054809863054474176375303203060721628387328915586816547180638609822397524
Exact Score: Oxford United FC 1 - 2 Reading FC?,A 竞技,,0.8,,,0.0,0.0,0.0,50,4.5,sports_fees_v3,True,82083647306151600155188455027111035987680659308075381549534413857529142962054
Exact Score: Oxford United FC 2 - 1 Reading FC?,A 竞技,,0.8,,,0.0,0.0,0.0,50,4.5,sports_fees_v3,True,7880248846601544829793137050023838815027030673415052354443438495522921448225
Exact Score: Oxford United FC 3 - 0 Reading FC?,A 竞技,,0.8,,,0.0,0.0,0.0,50,4.5,sports_fees_v3,True,36789949341878669342087848719196214684945454955439005402781565612490299085031
Exact Score: Oxford United FC 1 - 3 Reading FC?,A 竞技,,0.8,,,0.0,0.0,0.0,50,4.5,sports_fees_v3,True,18653654221869479897858556838607400639058371083549312264721902810880594654987
Exact Score: Oxford United FC 2 - 2 Reading FC?,A 竞技,,0.8,,,0.0,0.0,0.0,50,4.5,sports_fees_v3,True,26123412973904488211106130424465975293025573019844934772726685337436892929985
Exact Score: Oxford United FC 3 - 1 Reading FC?,A 竞技,,0.8,,,0.0,0.0,0.0,50,4.5,sports_fees_v3,True,49312866388767492403131400952698899674164727486026417038581124844798982882670
Exact Score: Oxford United FC 2 - 3 Reading FC?,A 竞技,,0.8,,,0.0,0.0,0.0,50,4.5,sports_fees_v3,True,68200066555380225206761271080416485352627291495102056447478231977215034526149
Exact Score: Oxford United FC 3 - 2 Reading FC?,A 竞技,,0.8,,,0.0,0.0,0.0,50,4.5,sports_fees_v3,True,17976578594107732160289999158186649881755436670007704625436385004702800624986
Exact Score: Oxford United FC 3 - 3 Reading FC?,A 竞技,,0.8,,,0.0,0.0,0.0,50,4.5,sports_fees_v3,True,49912453647448208039979869111585736231219959121593024659226114466206787772986
Exact Score: Any Other Score?,A 竞技,,0.8,,,0.0,0.0,0.0,50,4.5,sports_fees_v3,True,26300628275407259836771311341338973566115349142140828026116083939785624858682
Oxford United FC to score first vs. Reading FC?,A 竞技,,0.97,,,0.0,0.0,0.0,50,4.5,sports_fees_v3,True,75443749932309190633656065277585094682121217824988695809631673034515100039083
Reading FC to score first vs. Oxford United FC?,A 竞技,,0.97,,,0.0,0.0,0.0,50,4.5,sports_fees_v3,True,98532299553467725405904637314046629974606898924089852013853398633688562320025
Oxford United FC vs. Reading FC: Neither team to score first?,A 竞技,0.01,0.97,0.49,0.96,0.0,0.0,0.0,50,4.5,sports_fees_v3,True,57926042835620621275871276659706116006548489295562865391064700297399484880828
Oxford United FC vs. Reading FC: O/U 7.5 Total Corners,A 竞技,0.01,0.99,0.5,0.98,0.0,0.0,0.0,50,4.5,sports_fees_v3,True,92671994468381250076818866166419862223880905706577850650487127026216664207383
Oxford United FC vs. Reading FC: O/U 8.5 Total Corners,A 竞技,0.01,0.99,0.5,0.98,0.0,0.0,0.0,50,4.5,sports_fees_v3,True,71759465206304013399737964512472429138994901552481295384717163828209742243529
Oxford United FC vs. Reading FC: O/U 9.5 Total Corners,A 竞技,0.01,0.99,0.5,0.98,0.0,0.0,0.0,50,4.5,sports_fees_v3,True,109964068130128290107672251004371314271623126322422259013656153403725254865031
Oxford United FC vs. Reading FC: O/U 10.5 Total Corners,A 竞技,0.01,0.99,0.5,0.98,0.0,0.0,0.0,50,4.5,sports_fees_v3,True,104735339914185813191727283905229772619273356872455829578540582635648262927583
Oxford United FC vs. Reading FC: O/U 11.5 Total Corners,A 竞技,0.01,0.99,0.5,0.98,0.0,0.0,0.0,50,4.5,sports_fees_v3,True,50162839602031490033108189405137435162105685033622743166854395547853354218288
Oxford United FC vs. Reading FC: O/U 12.5 Total Corners,A 竞技,0.01,0.99,0.5,0.98,0.0,0.0,0.0,50,4.5,sports_fees_v3,True,45213731317669180326264636611041304308426114752430187779127535980751057319476
Oxford United FC vs. Reading FC: O/U 13.5 Total Corners,A 竞技,0.01,0.99,0.5,0.98,0.0,0.0,0.0,50,4.5,sports_fees_v3,True,19759544999983378525263052467577491191437544151122728183865859087775858937778
Oxford United FC vs. Reading FC: 1st Half O/U 3.5 Total Corners,A 竞技,,1.0,,,0.0,0.0,0.0,50,4.5,sports_fees_v3,True,13773904406134973443050069848957443625252750950484530876020074730556565223003
Oxford United FC vs. Reading FC: 1st Half O/U 4.5 Total Corners,A 竞技,,1.0,,,0.0,0.0,0.0,50,4.5,sports_fees_v3,True,47603932302032947844074839421375075891685798269853675052916867367841565330465
Oxford United FC vs. Reading FC: 1st Half O/U 5.5 Total Corners,A 竞技,,1.0,,,0.0,0.0,0.0,50,4.5,sports_fees_v3,True,53095740411658133060346385998956570118562424256761850559468713346179255140894
Oxford United FC vs. Reading FC: 2nd Half O/U 3.5 Total Corners,A 竞技,0.01,0.99,0.5,0.98,0.0,0.0,0.0,50,4.5,sports_fees_v3,True,31281609912047339482293370506226411778725434932404935997444373240086008307584
Oxford United FC vs. Reading FC: 2nd Half O/U 4.5 Total Corners,A 竞技,0.01,0.99,0.5,0.98,0.0,0.0,0.0,50,4.5,sports_fees_v3,True,106307030705060410223111042246460370920822686797450342824179524626957424100551
Oxford United FC vs. Reading FC: 2nd Half O/U 5.5 Total Corners,A 竞技,0.01,0.99,0.5,0.98,0.0,0.0,0.0,50,4.5,sports_fees_v3,True,20387523104531153057927875732757399861947622205104300951403751451748346530224
Oxford United FC vs. Reading FC: Oxford United FC O/U 2.5 Corners,A 竞技,0.01,0.99,0.5,0.98,0.0,0.0,0.0,50,4.5,sports_fees_v3,True,115551287568705429340356432023022244968230016745597115514897724083403230257862
Oxford United FC vs. Reading FC: Oxford United FC O/U 3.5 Corners,A 竞技,0.01,0.99,0.5,0.98,0.0,0.0,0.0,50,4.5,sports_fees_v3,True,10571915992365410337608702729322629222218376808388727380930580742999978620103
Oxford United FC vs. Reading FC: Oxford United FC O/U 4.5 Corners,A 竞技,0.01,0.99,0.5,0.98,0.0,0.0,0.0,50,4.5,sports_fees_v3,True,40013141762196381361639657290681923968017372480965293710318384475977890569425
Oxford United FC vs. Reading FC: Oxford United FC O/U 5.5 Corners,A 竞技,0.01,0.99,0.5,0.98,0.0,0.0,0.0,50,4.5,sports_fees_v3,True,30698742787809745993479504964663065315660305330300504185453774180977764462092
Oxford United FC vs. Reading FC: Reading FC O/U 2.5 Corners,A 竞技,0.01,0.99,0.5,0.98,0.0,0.0,0.0,50,4.5,sports_fees_v3,True,72744936650815890817038937903084099301726234356874367552702011995003935848089
Oxford United FC vs. Reading FC: Reading FC O/U 3.5 Corners,A 竞技,0.01,0.99,0.5,0.98,0.0,0.0,0.0,50,4.5,sports_fees_v3,True,6281135707003710935563417648443972198986898643268154478727348331796658862485
Oxford United FC vs. Reading FC: Reading FC O/U 4.5 Corners,A 竞技,0.01,0.99,0.5,0.98,0.0,0.0,0.0,50,4.5,sports_fees_v3,True,110219963368987485999500536323507655751832486548650365277949374603646132693084
Oxford United FC vs. Reading FC: Reading FC O/U 5.5 Corners,A 竞技,0.01,0.99,0.5,0.98,0.0,0.0,0.0,50,4.5,sports_fees_v3,True,77904377823689959655126675697965457549079323333312515887128207106580562135091
Oxford United FC vs. Reading FC: Total Corners Odd or Even?,A 竞技,0.01,0.99,0.5,0.98,0.0,0.0,0.0,50,4.5,sports_fees_v3,True,16577350296127860360951505738241473323123280742790831397838749279649672376748
Oxford United FC vs. Reading FC: Team to Take First Corner,A 竞技,0.01,0.99,0.5,0.98,0.0,0.0,0.0,50,4.5,sports_fees_v3,True,92345645399565919222519165788566426166413168148127711531704856477619517137886
Spread: Oxford United FC (-1.5),A 竞技,0.07,0.47,0.27,0.39999999999999997,0.0,0.0,0.0,50,4.5,sports_fees_v3,True,52049545619611290925799953896800471431206637581939244212760962610023613895603
Spread: Reading FC (-1.5),A 竞技,,0.39,,,0.0,0.0,0.0,50,4.5,sports_fees_v3,True,76712160899561251310815010174149329241304066441986770780819739033036925798170
Spread: Oxford United FC (-2.5),A 竞技,,0.34,,,0.0,0.0,0.0,50,4.5,sports_fees_v3,True,25934307516001444823244925299950318824859214992533404618995736958209888775883
Spread: Reading FC (-2.5),A 竞技,,0.3,,,0.0,0.0,0.0,50,4.5,sports_fees_v3,True,83284546758006155726577876661048630569963000926247469962324255333936287597085
Oxford United FC vs. Reading FC: O/U 0.5,A 竞技,0.01,0.99,0.5,0.98,0.0,0.0,0.0,50,4.5,sports_fees_v3,True,5016842034754073626844425604828148281745960533797168523727400455667937174902
Oxford United FC vs. Reading FC: O/U 1.5,A 竞技,0.01,0.99,0.5,0.98,0.0,0.0,0.0,50,4.5,sports_fees_v3,True,114683618695766695043356797087044410169697955691093332182988693401153187572125
Oxford United FC vs. Reading FC: O/U 2.5,A 竞技,,0.99,,,0.0,0.0,0.0,50,4.5,sports_fees_v3,True,67601949354996608572629092074210823869573009396098373368367032616008248607965
Oxford United FC vs. Reading FC: O/U 3.5,A 竞技,,0.99,,,0.0,0.0,0.0,50,4.5,sports_fees_v3,True,9769481202809917313202116708567025511493660717902243459877516986634428153745
Oxford United FC vs. Reading FC: O/U 4.5,A 竞技,,0.99,,,0.0,0.0,0.0,50,4.5,sports_fees_v3,True,113781402271734491539928816204872136237896984078439253666064584218399107451240
Oxford United FC vs. Reading FC: O/U 5.5,A 竞技,,0.99,,,0.0,0.0,0.0,50,4.5,sports_fees_v3,True,1989908427395656993499431843558241477150461848071099829232281497599548880727
Oxford United FC vs. Reading FC: Both Teams to Score,A 竞技,,0.57,,,0.0,0.0,0.0,50,4.5,sports_fees_v3,True,101886571087644974531517803250041287826836591778049766113170974780902924721879
Oxford United FC vs. Reading FC: Both Teams to Score in First Half,A 竞技,,0.8,,,0.0,0.0,0.0,50,4.5,sports_fees_v3,True,105878420507833257222466837911965911949072287800454059450732420464740179157685
Oxford United FC vs. Reading FC: 1st Half O/U 0.5,A 竞技,0.01,0.99,0.5,0.98,0.0,0.0,0.0,50,4.5,sports_fees_v3,True,42679706942195883561224627172648723514417336000845770516172300087437092772216
Oxford United FC vs. Reading FC: 1st Half O/U 1.5,A 竞技,,0.99,,,0.0,0.0,0.0,50,4.5,sports_fees_v3,True,38915025986128217490670946707834737400826793602480902695819406754458497159240
Oxford United FC vs. Reading FC: 1st Half O/U 2.5,A 竞技,,0.99,,,0.0,0.0,0.0,50,4.5,sports_fees_v3,True,6153208141805854832118254334920467323705823993721572602800043289374148214039
Oxford United FC vs. Reading FC: Oxford United FC O/U 0.5,A 竞技,0.01,0.99,0.5,0.98,0.0,0.0,0.0,50,4.5,sports_fees_v3,True,15351580845812878516264183422193395100629880936297909922513750897550051676854
Oxford United FC vs. Reading FC: Oxford United FC O/U 1.5,A 竞技,0.01,0.99,0.5,0.98,0.0,0.0,0.0,50,4.5,sports_fees_v3,True,67971487550564992147859317570864647265402855895332823963512730467313124279789
Oxford United FC vs. Reading FC: Oxford United FC O/U 2.5,A 竞技,,0.99,,,0.0,0.0,0.0,50,4.5,sports_fees_v3,True,73557560993671346483869717995356506343139655081314222405722706618925156198771
Oxford United FC vs. Reading FC: Reading FC O/U 0.5,A 竞技,,0.99,,,0.0,0.0,0.0,50,4.5,sports_fees_v3,True,81276027385489930809607684735525261936262096109622357857425274473121891001560
Oxford United FC vs. Reading FC: Reading FC O/U 1.5,A 竞技,,0.99,,,0.0,0.0,0.0,50,4.5,sports_fees_v3,True,92214857054016938671756664940476972341965003576904428084828534579237239115264
Oxford United FC vs. Reading FC: Reading FC O/U 2.5,A 竞技,,0.99,,,0.0,0.0,0.0,50,4.5,sports_fees_v3,True,97949826658500794949903689128499204452073765044180048913404807700855793081229
Oxford United FC vs. Reading FC: Oxford United FC 1st Half O/U 0.5,A 竞技,0.01,0.99,0.5,0.98,0.0,0.0,0.0,50,4.5,sports_fees_v3,True,77018488772999770907855502924999609509976427887798714624316547354316209211241
Oxford United FC vs. Reading FC: Oxford United FC 1st Half O/U 1.5,A 竞技,,0.99,,,0.0,0.0,0.0,50,4.5,sports_fees_v3,True,59970110362063936577362696850828695718791590402923047185077061647764911015496
Oxford United FC vs. Reading FC: Reading FC 1st Half O/U 0.5,A 竞技,,0.99,,,0.0,0.0,0.0,50,4.5,sports_fees_v3,True,105619738897246356300795382747731363356409331656083954635554954106253965701812
Oxford United FC vs. Reading FC: Reading FC 1st Half O/U 1.5,A 竞技,,0.99,,,0.0,0.0,0.0,50,4.5,sports_fees_v3,True,110637161429506738447291269550118409860618313432227462543664191458154043282730
Oxford United FC vs. Reading FC: Both Teams to Score in Second Half,A 竞技,,0.8,,,0.0,0.0,0.0,50,4.5,sports_fees_v3,True,64611664789358508834026664537549484484981168395630631376687953842997577237658
Oxford United FC vs. Reading FC: 2nd Half O/U 0.5,A 竞技,0.01,0.99,0.5,0.98,0.0,0.0,0.0,50,4.5,sports_fees_v3,True,14247941806155293064634595294825090663172878089403123925100438237416720185944
Oxford United FC vs. Reading FC: 2nd Half O/U 1.5,A 竞技,,0.96,,,0.0,0.0,0.0,50,4.5,sports_fees_v3,True,87033231300629670313474750059583370072754050665060744374249308470981888321824
Oxford United FC vs. Reading FC: 2nd Half O/U 2.5,A 竞技,,0.96,,,0.0,0.0,0.0,50,4.5,sports_fees_v3,True,99205156314003450479041824197722020404891842310005496786094281814809456830597
Oxford United FC vs. Reading FC: Oxford United FC 2nd Half O/U 0.5,A 竞技,0.01,0.99,0.5,0.98,0.0,0.0,0.0,50,4.5,sports_fees_v3,True,12613812794036217717390878771711292430752128168874920160981235130991409502837
Oxford United FC vs. Reading FC: Oxford United FC 2nd Half O/U 1.5,A 竞技,,0.99,,,0.0,0.0,0.0,50,4.5,sports_fees_v3,True,36426181301997849529961405472375067424374253068188797563067606631778139486077
Oxford United FC vs. Reading FC: Reading FC 2nd Half O/U 0.5,A 竞技,,0.99,,,0.0,0.0,0.0,50,4.5,sports_fees_v3,True,48962256687557761676411280215374022781609109947983644171540262152740614134279
Oxford United FC vs. Reading FC: Reading FC 2nd Half O/U 1.5,A 竞技,,0.99,,,0.0,0.0,0.0,50,4.5,sports_fees_v3,True,113084778409628942501054056833015924817755125300162990438722993354152334059226
Blackpool FC vs. Plymouth Argyle FC: 1st Half O/U 4.5 Total Corners,A 竞技,,1.0,,,0.0,0.0,0.0,50,4.5,sports_fees_v3,True,46330983521814208697874043533653673477184094989219228867786611094476460370818
Blackpool FC vs. Plymouth Argyle FC: 1st Half O/U 5.5 Total Corners,A 竞技,,1.0,,,0.0,0.0,0.0,50,4.5,sports_fees_v3,True,87584930184399426665911123611547132618609552921690261081578213206588467410390
Blackpool FC vs. Plymouth Argyle FC: 2nd Half O/U 5.5 Total Corners,A 竞技,,1.0,,,0.0,0.0,0.0,50,4.5,sports_fees_v3,True,13694841583063910247440614404620124827944425684883029968017382863833717554916
Blackpool FC vs. Plymouth Argyle FC: Team to Take First Corner,A 竞技,,1.0,,,0.0,0.0,0.0,50,4.5,sports_fees_v3,True,18433502551703497830161972489932912433223219014749191324049684072684842488207
Oxford United FC vs. Cambridge United FC: 2nd Half O/U 4.5 Total Corne,A 竞技,,1.0,,,0.0,0.0,0.0,50,4.5,sports_fees_v3,True,13454777509516798245125438764044415110142697772222069752124017435022335252676
Oxford United FC vs. Cambridge United FC: 2nd Half O/U 5.5 Total Corne,A 竞技,,1.0,,,0.0,0.0,0.0,50,4.5,sports_fees_v3,True,9040545368698466610530548380897888353928368322659281735597515927729755948092
Oxford United FC vs. Cambridge United FC: Team to Take First Corner,A 竞技,,1.0,,,0.0,0.0,0.0,50,4.5,sports_fees_v3,True,9173334886323787977237764438981191646937996186671544988192965121611390820092
Zaglebie Lubin vs. GKS Piast Gliwice: Zaglebie Lubin O/U 4.5 Corners,A 竞技,0.001,0.999,0.5,0.998,0.0,0.0,0.0,50,4.5,sports_fees_v3,True,14199290039619212634445942083067625030598067279596722978840694020162594041419
Zaglebie Lubin vs. GKS Piast Gliwice: Zaglebie Lubin O/U 5.5 Corners,A 竞技,0.01,1.0,0.505,0.99,0.0,55.99,0.0,50,4.5,sports_fees_v3,True,56445731336572119741595910007077412778860214116527839045879543521972439460271
Zaglebie Lubin vs. GKS Piast Gliwice: Total Corners Odd or Even?,A 竞技,0.001,0.999,0.5,0.998,0.0,0.0,0.0,50,4.5,sports_fees_v3,True,26226252718914602357868292067431827919979099911024786527899338953212121137299
Wisla Krakow vs. GKS Katowice: O/U 12.5 Total Corners,A 竞技,,1.0,,,0.0,0.0,0.0,50,4.5,sports_fees_v3,True,106943586745610564358119710684598098423230254322936630406586368430929331848796
Wisla Krakow vs. GKS Katowice: 2nd Half O/U 4.5 Total Corners,A 竞技,,1.0,,,0.0,0.0,0.0,50,4.5,sports_fees_v3,True,17036267053408693926430334906952831559185996443649224030871320940308291689322
Wisla Krakow vs. GKS Katowice: Wisla Krakow O/U 5.5 Corners,A 竞技,,1.0,,,0.0,0.0,0.0,50,4.5,sports_fees_v3,True,8547541110952530310075345473562218109049435546715986891183277276469802913519
Wisla Krakow vs. GKS Katowice: Total Corners Odd or Even?,A 竞技,,1.0,,,0.0,0.0,0.0,50,4.5,sports_fees_v3,True,88584033130694844900112710620123140368787279789095753634720802353720341477359
Wisla Krakow vs. GKS Katowice: Team to Take First Corner,A 竞技,,1.0,,,0.0,0.0,0.0,50,4.5,sports_fees_v3,True,61058198079201813706159796370204794043285201750653487212899621576620284573300
RKS Rakow Czestochowa vs. Wisla Plock: Team to Take First Corner,A 竞技,,1.0,,,0.0,0.0,0.0,50,4.5,sports_fees_v3,True,84064041477717326479450335523757935284287276172114590262085315526772403542862
KKS Lech Poznan vs. KS Cracovia Krakow: Team to Take First Corner,A 竞技,,1.0,,,0.0,0.0,0.0,50,4.5,sports_fees_v3,True,109098324600870191438618435228816309375277454934973889759523604880351800540067
Gornik Zabrze vs. WKS Slask Wroclaw: Team to Take First Corner,A 竞技,,1.0,,,0.0,0.0,0.0,50,4.5,sports_fees_v3,True,114431795579127698011530949847711291999111185787416092819585099657206760429164
Jagiellonia Bialystok vs. Korona Kielce: O/U 8.5 Total Corners,A 竞技,,1.0,,,0.0,0.0,0.0,50,4.5,sports_fees_v3,True,105065711727309826600011489187948739634415568096901376168481357193573620116143
Jagiellonia Bialystok vs. Korona Kielce: 1st Half O/U 5.5 Total Corner,A 竞技,0.11,1.0,0.555,0.89,0.0,55.99,0.0,50,4.5,sports_fees_v3,True,31106553725431644364299998964370910967097929559896191843990541692231780979102
Jagiellonia Bialystok vs. Korona Kielce: 2nd Half O/U 3.5 Total Corner,A 竞技,,1.0,,,0.0,0.0,0.0,50,4.5,sports_fees_v3,True,93803657512347876657887509426160288801755015669019682777906092259942649306969
Jagiellonia Bialystok vs. Korona Kielce: Jagiellonia Bialystok O/U 2.5,A 竞技,,1.0,,,0.0,0.0,0.0,50,4.5,sports_fees_v3,True,46174192976457870494583988026174024870998647888851121690585331706792743577695
Jagiellonia Bialystok vs. Korona Kielce: Jagiellonia Bialystok O/U 3.5,A 竞技,,1.0,,,0.0,0.0,0.0,50,4.5,sports_fees_v3,True,9159805415126928387576603338344162971948316860944550782019609534318540718027
Jagiellonia Bialystok vs. Korona Kielce: Korona Kielce O/U 5.5 Corners,A 竞技,,1.0,,,0.0,15.0,0.0,50,4.5,sports_fees_v3,True,56610888308748912524910714895355654565830748958822073494293396034820763210956
Jagiellonia Bialystok vs. Korona Kielce: Total Corners Odd or Even?,A 竞技,,1.0,,,0.0,0.0,0.0,50,4.5,sports_fees_v3,True,58728570283753921966234276402502623834307325677082288281879209038697967854040
KS Cracovia Krakow vs. Pogon Szczecin: Team to Take First Corner,A 竞技,,1.0,,,0.0,0.0,0.0,50,4.5,sports_fees_v3,True,56726009745443496217086310695817354440557630240389968311712495140960162063356
LKP Motor Lublin vs. Jagiellonia Bialystok: Team to Take First Corner,A 竞技,0.001,0.999,0.5,0.998,0.0,0.0,0.0,50,4.5,sports_fees_v3,True,96881094212814220367113865867874442668047426912439243355114708989661036416937
Wisla Plock vs. Widzew Lodz: Total Corners Odd or Even?,A 竞技,0.01,1.0,0.505,0.99,0.0,0.0,0.0,50,4.5,sports_fees_v3,True,47950864823105309108634317521104094325405298021436086467460159155269750633906
Wisla Plock vs. Widzew Lodz: Team to Take First Corner,A 竞技,,1.0,,,0.0,0.0,0.0,50,4.5,sports_fees_v3,True,20212934160605561638365912584016270406510083662778025968474618761129589838494
Korona Kielce vs. Legia Warszawa: Team to Take First Corner,A 竞技,0.001,0.999,0.5,0.998,0.0,0.0,0.0,50,4.5,sports_fees_v3,True,109984992545169562412087759722292187025225595040253925721813232731203910680754
RKS Radomiak Radom vs. Gornik Zabrze: Team to Take First Corner,A 竞技,0.001,0.999,0.5,0.998,0.0,0.0,0.0,50,4.5,sports_fees_v3,True,77028839598409619018939713948745356087784921196319224975788023315333265688884
WKS Slask Wroclaw vs. KS Cracovia Krakow: Team to Take First Corner,A 竞技,,1.0,,,0.0,0.0,0.0,50,4.5,sports_fees_v3,True,50577391966542884892313923884282329554995670396805719103048187146953945101705
KS Cracovia Krakow vs. RKS Rakow Czestochowa: Team to Take First Corne,A 竞技,0.001,0.999,0.5,0.998,0.0,0.0,0.0,50,4.5,sports_fees_v3,True,67738764323639236266470209691790811017668353730996675565298268874276911035374
Will Wisla Plock win on 2026-08-15?,A 竞技,0.01,0.99,0.5,0.98,0.0,17.0,0.0,50,4.5,sports_fees_v3,True,33358186646528753368560194523364842220556198948621294903980278416564255018815
Will Wisla Plock vs. KKS Lech Poznan end in a draw?,A 竞技,0.01,0.99,0.5,0.98,0.0,20.0,0.0,50,4.5,sports_fees_v3,True,75853485986891447203145284114035263045322146806663637306647597363582981907261
Will KKS Lech Poznan win on 2026-08-15?,A 竞技,0.01,0.85,0.43,0.84,0.0,6.769829,0.0,50,4.5,sports_fees_v3,True,87083286470845620530431974928278714667195217747658535776869046754937613786356
Wisla Plock leading at halftime?,A 竞技,,1.0,,,0.0,0.0,0.0,50,4.5,sports_fees_v3,True,102758470862679289424920144651203463334750912302034938829324257182772669841829
Wisla Plock vs. KKS Lech Poznan: Draw at halftime?,A 竞技,,1.0,,,0.0,0.0,0.0,50,4.5,sports_fees_v3,True,18280328420638491483596914493083143404991369140459184981066933391172760432008
KKS Lech Poznan leading at halftime?,A 竞技,,1.0,,,0.0,0.0,0.0,50,4.5,sports_fees_v3,True,14446093526272633839378429664949754940438896886208897753825230737078086304860
Wisla Plock to win the second half?,A 竞技,,1.0,,,0.0,0.0,0.0,50,4.5,sports_fees_v3,True,9105552543260874083660072913003250277456039594265765951813210134852630283229
Wisla Plock vs. KKS Lech Poznan: Second half draw?,A 竞技,,1.0,,,0.0,0.0,0.0,50,4.5,sports_fees_v3,True,104086569551698145753586416743425144566771619230441061660150751379021331175505
KKS Lech Poznan to win the second half?,A 竞技,,1.0,,,0.0,0.0,0.0,50,4.5,sports_fees_v3,True,33291186206174470246412539671661207117845656323165635046850836036384487882790
Exact Score: Wisla Plock 0 - 0 KKS Lech Poznan?,A 竞技,,1.0,,,0.0,0.0,0.0,50,4.5,sports_fees_v3,True,23655393032101790373158334817710441045555306208409630339803843142822498557931
Exact Score: Wisla Plock 0 - 1 KKS Lech Poznan?,A 竞技,,1.0,,,0.0,0.0,0.0,50,4.5,sports_fees_v3,True,19071803093934535081215718086065354839445453456885913181291002211723477493571
Exact Score: Wisla Plock 1 - 0 KKS Lech Poznan?,A 竞技,,1.0,,,0.0,0.0,0.0,50,4.5,sports_fees_v3,True,107550039376423925777799494778471823065198370213788028620839561900283503000183
Exact Score: Wisla Plock 0 - 2 KKS Lech Poznan?,A 竞技,,1.0,,,0.0,0.0,0.0,50,4.5,sports_fees_v3,True,31200357017508935403111803958262588392027239107691291915919694550016299642330
Exact Score: Wisla Plock 1 - 1 KKS Lech Poznan?,A 竞技,,1.0,,,0.0,0.0,0.0,50,4.5,sports_fees_v3,True,79225024457117932423722513716705237527052668841691995485477167348095289045553
Exact Score: Wisla Plock 2 - 0 KKS Lech Poznan?,A 竞技,,1.0,,,0.0,0.0,0.0,50,4.5,sports_fees_v3,True,39867931712280629119598091959244072095796372200004706434935838201204237164544
Exact Score: Wisla Plock 0 - 3 KKS Lech Poznan?,A 竞技,,1.0,,,0.0,0.0,0.0,50,4.5,sports_fees_v3,True,92119487406482315687078619336977313868809305285252128549050374072158974670735
Exact Score: Wisla Plock 1 - 2 KKS Lech Poznan?,A 竞技,,1.0,,,0.0,0.0,0.0,50,4.5,sports_fees_v3,True,19825547724388269750828551497649992981982224563990680901363634710976686379246
Exact Score: Wisla Plock 2 - 1 KKS Lech Poznan?,A 竞技,,1.0,,,0.0,0.0,0.0,50,4.5,sports_fees_v3,True,91750013794082193414297073075231051294297449977887945362268507917821438048325
Exact Score: Wisla Plock 3 - 0 KKS Lech Poznan?,A 竞技,,1.0,,,0.0,0.0,0.0,50,4.5,sports_fees_v3,True,115175312783541476921058977134836850662111073889301662835611101033028381998334
Exact Score: Wisla Plock 1 - 3 KKS Lech Poznan?,A 竞技,,1.0,,,0.0,0.0,0.0,50,4.5,sports_fees_v3,True,26094744104445533177664469663122159751727459014769592527941737067354124495886
Exact Score: Wisla Plock 2 - 2 KKS Lech Poznan?,A 竞技,,1.0,,,0.0,0.0,0.0,50,4.5,sports_fees_v3,True,24577058726118494342676643874049035596394847217991348585652743592647368761390
Exact Score: Wisla Plock 3 - 1 KKS Lech Poznan?,A 竞技,,1.0,,,0.0,0.0,0.0,50,4.5,sports_fees_v3,True,57730915738892680090637220439709600511866926541089263292296467707873287026468
Exact Score: Wisla Plock 2 - 3 KKS Lech Poznan?,A 竞技,,1.0,,,0.0,0.0,0.0,50,4.5,sports_fees_v3,True,96719952202967255780182808332349763519584880575255059308891621786327850508990
Exact Score: Wisla Plock 3 - 2 KKS Lech Poznan?,A 竞技,,1.0,,,0.0,0.0,0.0,50,4.5,sports_fees_v3,True,78820956303423164444626915576362830408989336609633517344887541877137407337470
Exact Score: Wisla Plock 3 - 3 KKS Lech Poznan?,A 竞技,,1.0,,,0.0,0.0,0.0,50,4.5,sports_fees_v3,True,52213770911003162152660827015037869573995971485524646517344592953778885968514
Exact Score: Any Other Score?,A 竞技,,1.0,,,0.0,0.0,0.0,50,4.5,sports_fees_v3,True,68370035742240757329154518888421844137356949321701277105368123574102717591087
Wisla Plock to score first vs. KKS Lech Poznan?,A 竞技,,1.0,,,0.0,0.0,0.0,50,4.5,sports_fees_v3,True,85171197994221229693347720070489332172354180687862674807429512903381613579091
KKS Lech Poznan to score first vs. Wisla Plock?,A 竞技,,1.0,,,0.0,0.0,0.0,50,4.5,sports_fees_v3,True,61907287351031790932249693004684928895649079723597470609593317283710155998252
Wisla Plock vs. KKS Lech Poznan: Neither team to score first?,A 竞技,,1.0,,,0.0,0.0,0.0,50,4.5,sports_fees_v3,True,75950840936908215723692334873948426671820290167507249772267827928898428299253
Spread: Wisla Plock (-1.5),A 竞技,,0.99,,,0.0,0.0,0.0,50,4.5,sports_fees_v3,True,10439241981051197203064695364980192961835115806247830888496776223888207504919
Spread: KKS Lech Poznan (-1.5),A 竞技,,0.99,,,0.0,0.0,0.0,50,4.5,sports_fees_v3,True,30661886695078723643702906779401996743767046893452432147013460946512337199275
Spread: Wisla Plock (-2.5),A 竞技,,0.99,,,0.0,0.0,0.0,50,4.5,sports_fees_v3,True,13241773445261270737999882973259262214950666644254635954103385717220659196504
Spread: KKS Lech Poznan (-2.5),A 竞技,,0.99,,,0.0,0.0,0.0,50,4.5,sports_fees_v3,True,19877780436368896129196088970368024724331481299747343587262964875603935143716
Wisla Plock vs. KKS Lech Poznan: O/U 0.5,A 竞技,0.01,1.0,0.505,0.99,0.0,0.0,0.0,50,4.5,sports_fees_v3,True,79424176701130181188024690235315385973948871381491113505314839384226695726659
Wisla Plock vs. KKS Lech Poznan: O/U 1.5,A 竞技,0.01,1.0,0.505,0.99,0.0,0.0,0.0,50,4.5,sports_fees_v3,True,74171223483267018634304813002150526235059577330002809345488476357101790130638
Wisla Plock vs. KKS Lech Poznan: O/U 2.5,A 竞技,0.01,1.0,0.505,0.99,0.0,0.0,0.0,50,4.5,sports_fees_v3,True,95280158009195552567237894380610660781707942524708157594316016419915362439462
Wisla Plock vs. KKS Lech Poznan: O/U 3.5,A 竞技,0.01,1.0,0.505,0.99,0.0,0.0,0.0,50,4.5,sports_fees_v3,True,51080926805927235291620579914601514961452493412104210610541682115271349985028
Wisla Plock vs. KKS Lech Poznan: O/U 4.5,A 竞技,,1.0,,,0.0,0.0,0.0,50,4.5,sports_fees_v3,True,54733453402024581723402373467105445614218075726502383274182354917070594388692
Wisla Plock vs. KKS Lech Poznan: O/U 5.5,A 竞技,,1.0,,,0.0,0.0,0.0,50,4.5,sports_fees_v3,True,73771625078424188686073469392791838499790603279287305244098145744816651156360
Wisla Plock vs. KKS Lech Poznan: Both Teams to Score,A 竞技,0.01,1.0,0.505,0.99,0.0,0.0,0.0,50,4.5,sports_fees_v3,True,112120134534603591005353532912356676814336506790732460951797235914272163619303
Wisla Plock vs. KKS Lech Poznan: Both Teams to Score in First Half,A 竞技,,1.0,,,0.0,0.0,0.0,50,4.5,sports_fees_v3,True,60447052878127898343516124008176327041541839648407141799431731426459263304272
Wisla Plock vs. KKS Lech Poznan: 1st Half O/U 0.5,A 竞技,,1.0,,,0.0,0.0,0.0,50,4.5,sports_fees_v3,True,782254114312031219241143358832219831274568913856781682572894501758875311461
Wisla Plock vs. KKS Lech Poznan: 1st Half O/U 1.5,A 竞技,,1.0,,,0.0,0.0,0.0,50,4.5,sports_fees_v3,True,11033140608004485208489701187294831004525239632317835771048311282350742161995
Wisla Plock vs. KKS Lech Poznan: 1st Half O/U 2.5,A 竞技,,1.0,,,0.0,0.0,0.0,50,4.5,sports_fees_v3,True,1942127118192633883499051978353395591959434829037743842044278921021534746060
Wisla Plock vs. KKS Lech Poznan: Wisla Plock O/U 0.5,A 竞技,,1.0,,,0.0,0.0,0.0,50,4.5,sports_fees_v3,True,51059291464004158559475561392120621402497515276532918532865614874418822964154
Wisla Plock vs. KKS Lech Poznan: Wisla Plock O/U 1.5,A 竞技,,1.0,,,0.0,0.0,0.0,50,4.5,sports_fees_v3,True,41778307672445056454820511216391209970625203739086888307313952649043353803104
Wisla Plock vs. KKS Lech Poznan: Wisla Plock O/U 2.5,A 竞技,,1.0,,,0.0,0.0,0.0,50,4.5,sports_fees_v3,True,22550404433399975807351696800481760367973756742131458765511346520921699726521
Wisla Plock vs. KKS Lech Poznan: KKS Lech Poznan O/U 0.5,A 竞技,,1.0,,,0.0,0.0,0.0,50,4.5,sports_fees_v3,True,3393552215352675991944076046882996520583380010060759114046871992356311575689
Wisla Plock vs. KKS Lech Poznan: KKS Lech Poznan O/U 1.5,A 竞技,,1.0,,,0.0,0.0,0.0,50,4.5,sports_fees_v3,True,69537243476647336446951491809861618984471023496945833580231323756061638586668
Wisla Plock vs. KKS Lech Poznan: KKS Lech Poznan O/U 2.5,A 竞技,,1.0,,,0.0,0.0,0.0,50,4.5,sports_fees_v3,True,6071945770857249806172522751911694056209880343077116294863865762359262481522
Wisla Plock vs. KKS Lech Poznan: Wisla Plock 1st Half O/U 0.5,A 竞技,,1.0,,,0.0,0.0,0.0,50,4.5,sports_fees_v3,True,73309214041782003995557805657346058218134091951025072216261195794661988946229
Wisla Plock vs. KKS Lech Poznan: Wisla Plock 1st Half O/U 1.5,A 竞技,,1.0,,,0.0,0.0,0.0,50,4.5,sports_fees_v3,True,100849973226649167175637122409636957027636831996795348575207675406896073123705
Wisla Plock vs. KKS Lech Poznan: KKS Lech Poznan 1st Half O/U 0.5,A 竞技,,1.0,,,0.0,0.0,0.0,50,4.5,sports_fees_v3,True,8723916779365883570625928597160132534413645793436369993962188981953943502914
Wisla Plock vs. KKS Lech Poznan: KKS Lech Poznan 1st Half O/U 1.5,A 竞技,,1.0,,,0.0,0.0,0.0,50,4.5,sports_fees_v3,True,66567212152663866639812288738625884794423847735067692376895363957522959968252
Wisla Plock vs. KKS Lech Poznan: Both Teams to Score in Second Half,A 竞技,,1.0,,,0.0,0.0,0.0,50,4.5,sports_fees_v3,True,71893963071178234473747917003017131426063227926827620206021733633582796166918
Wisla Plock vs. KKS Lech Poznan: 2nd Half O/U 0.5,A 竞技,,1.0,,,0.0,0.0,0.0,50,4.5,sports_fees_v3,True,15890585212687525832486025704502972032124000010638876363286167613702155105885
Wisla Plock vs. KKS Lech Poznan: 2nd Half O/U 1.5,A 竞技,,1.0,,,0.0,0.0,0.0,50,4.5,sports_fees_v3,True,17477976026621801201136060619613847498532333294754501909215430084378402155130
Wisla Plock vs. KKS Lech Poznan: 2nd Half O/U 2.5,A 竞技,,1.0,,,0.0,0.0,0.0,50,4.5,sports_fees_v3,True,10150727470981694849605255225472945499008874378043666227917354414186016192581
Wisla Plock vs. KKS Lech Poznan: Wisla Plock 2nd Half O/U 0.5,A 竞技,,1.0,,,0.0,0.0,0.0,50,4.5,sports_fees_v3,True,72780545142679937646294059517479310477897073610303054519358838121755831432262
Wisla Plock vs. KKS Lech Poznan: Wisla Plock 2nd Half O/U 1.5,A 竞技,,1.0,,,0.0,0.0,0.0,50,4.5,sports_fees_v3,True,88953745110417604899344917516172402210913080931888956405338430175126193600999
Wisla Plock vs. KKS Lech Poznan: KKS Lech Poznan 2nd Half O/U 0.5,A 竞技,,1.0,,,0.0,0.0,0.0,50,4.5,sports_fees_v3,True,63751176594117906263364085718437359692944442813289774883348761485058549576552
Wisla Plock vs. KKS Lech Poznan: KKS Lech Poznan 2nd Half O/U 1.5,A 竞技,,1.0,,,0.0,0.0,0.0,50,4.5,sports_fees_v3,True,56537350843093299172574514506600919574451375635121827919380233925843524150658
Wisla Plock vs. KKS Lech Poznan: O/U 7.5 Total Corners,A 竞技,,1.0,,,0.0,0.0,0.0,50,4.5,sports_fees_v3,True,60065404048453309364831986400400101942180692832106735428997701221372526605021
Wisla Plock vs. KKS Lech Poznan: O/U 8.5 Total Corners,A 竞技,,1.0,,,0.0,0.0,0.0,50,4.5,sports_fees_v3,True,33624712676168751891203162601561494698015826617498554738637531150297052255088
Wisla Plock vs. KKS Lech Poznan: O/U 9.5 Total Corners,A 竞技,,1.0,,,0.0,0.0,0.0,50,4.5,sports_fees_v3,True,42618853267281892638830057364431608486697495606174515469976298271357707406698
Wisla Plock vs. KKS Lech Poznan: O/U 10.5 Total Corners,A 竞技,,1.0,,,0.0,0.0,0.0,50,4.5,sports_fees_v3,True,112427759736438070852378299053610360584536371901916440029664103658804813901517
Wisla Plock vs. KKS Lech Poznan: O/U 11.5 Total Corners,A 竞技,,1.0,,,0.0,0.0,0.0,50,4.5,sports_fees_v3,True,103214604907886333617101991932237449251613333579710161264150935055821506015517
Wisla Plock vs. KKS Lech Poznan: O/U 12.5 Total Corners,A 竞技,,1.0,,,0.0,0.0,0.0,50,4.5,sports_fees_v3,True,56388427397249864762106652940087360225595548586897778433432947395589344058686
Wisla Plock vs. KKS Lech Poznan: O/U 13.5 Total Corners,A 竞技,,1.0,,,0.0,0.0,0.0,50,4.5,sports_fees_v3,True,95697295551977567697234750347375612972181023586117288544908578718579584003879
Wisla Plock vs. KKS Lech Poznan: 1st Half O/U 3.5 Total Corners,A 竞技,,1.0,,,0.0,0.0,0.0,50,4.5,sports_fees_v3,True,58317296073216294033886491097050505632471619614863701544736791095906993080462
Wisla Plock vs. KKS Lech Poznan: 1st Half O/U 4.5 Total Corners,A 竞技,,1.0,,,0.0,0.0,0.0,50,4.5,sports_fees_v3,True,12944606764647512864696343084131228434392222570631660898442347695344978669400
Wisla Plock vs. KKS Lech Poznan: 1st Half O/U 5.5 Total Corners,A 竞技,,1.0,,,0.0,0.0,0.0,50,4.5,sports_fees_v3,True,40787682033075497735825554162894149478193846094646961960643234052892687654242
Wisla Plock vs. KKS Lech Poznan: 2nd Half O/U 3.5 Total Corners,A 竞技,,1.0,,,0.0,0.0,0.0,50,4.5,sports_fees_v3,True,21709863366185367431757678020261766926078495377345584135916966224716600832667
Wisla Plock vs. KKS Lech Poznan: 2nd Half O/U 4.5 Total Corners,A 竞技,,1.0,,,0.0,0.0,0.0,50,4.5,sports_fees_v3,True,105942097614008292606120063458003852424453547311784446987332436630530240502521
Will Qatar SC win on 2026-10-09?,A 竞技,0.17,0.18,0.175,0.009999999999999981,65.493857,67.874807,0.0,50,4.5,sports_fees_v3,True,106033259100388961200039824977566421318078322767988936246533534906828536992870
Will Qatar SC vs. Al Rayyan SC end in a draw?,A 竞技,0.19,0.21,0.2,0.01999999999999999,0.0,2.5,0.0,50,4.5,sports_fees_v3,True,112235157889414776512940145736196435065832975251777445048388930691984025293849
Will Al Rayyan SC win on 2026-10-09?,A 竞技,0.62,0.65,0.635,0.030000000000000027,0.0,0.0,0.0,50,4.5,sports_fees_v3,True,112610042502058554187007559589924452644398124468224769470867379704698112618382
Will Al Sadd SC win on 2026-10-09?,A 竞技,0.61,0.64,0.625,0.030000000000000027,114.689515,114.689515,0.0,50,4.5,sports_fees_v3,True,6393323473250144696805010137955763516859172197842103294881052880434061626765
Will Al Sadd SC vs. Al Arabi Doha SC end in a draw?,A 竞技,0.17,0.2,0.185,0.03,0.0,17.647053,0.0,50,4.5,sports_fees_v3,True,936215050749331328793693175950971188199980776831899955887791868224578456952
Will Al Arabi Doha SC win on 2026-10-09?,A 竞技,0.19,0.21,0.2,0.01999999999999999,0.0,0.0,0.0,50,4.5,sports_fees_v3,True,41290540457717591051417074378091723722530598429970482542319495190089361407706
Will Al Ahli Doha SC win on 2026-10-10?,A 竞技,0.6,0.65,0.625,0.050000000000000044,0.0,0.0,0.0,50,4.5,sports_fees_v3,True,68796865483143578746281706930676997213307768984759004035597260820468390836900
Will Al Ahli Doha SC vs. Al-Sailiya SC end in a draw?,A 竞技,0.19,0.22,0.20500000000000002,0.03,0.0,2.4845680000000003,0.0,50,4.5,sports_fees_v3,True,108363219694529068602420645553550632860712506189881218263162864314472912296038
Will Al-Sailiya SC win on 2026-10-10?,A 竞技,0.15,0.19,0.16999999999999998,0.04000000000000001,0.0,2.395292,0.0,50,4.5,sports_fees_v3,True,61811631467946876265414919027788857116001697069015032369364250899077563469185
Qatar SC leading at halftime?,A 竞技,0.16,0.2,0.18,0.04000000000000001,0.0,0.0,0.0,50,4.5,sports_fees_v3,True,60159577400594383260577979385879635868554153148422557826046079845964514822564
Qatar SC vs. Al Rayyan SC: Draw at halftime?,A 竞技,0.33,0.37,0.35,0.03999999999999998,0.0,0.0,0.0,50,4.5,sports_fees_v3,True,47507370148446293205626303322005514762936051991104682266225760979325391835831
Al Rayyan SC leading at halftime?,A 竞技,0.47,0.5,0.485,0.030000000000000027,0.0,0.0,0.0,50,4.5,sports_fees_v3,True,53845370315002294358687215399545746663789412766464810986488143465527005949191
Qatar SC to win the second half?,A 竞技,0.11,0.26,0.185,0.15000000000000002,0.0,0.0,0.0,50,4.5,sports_fees_v3,True,54475573745703663829798004000503385661648272381320471850822981409484666722557
Qatar SC vs. Al Rayyan SC: Second half draw?,A 竞技,0.22,0.37,0.295,0.15,0.0,0.0,0.0,50,4.5,sports_fees_v3,True,84512548853237493391964241385413018823937606917827861002293938674897855714003
Al Rayyan SC to win the second half?,A 竞技,0.45,0.59,0.52,0.13999999999999996,0.0,0.0,0.0,50,4.5,sports_fees_v3,True,14150892101333864705085448884281407860324508286761005533483278472951282856377
Exact Score: Qatar SC 0 - 0 Al Rayyan SC?,A 竞技,0.02,0.26,0.14,0.24000000000000002,0.0,0.0,0.0,50,4.5,sports_fees_v3,True,35615892158582499957947125582707300151547493784780882987357287930642308437765
Exact Score: Qatar SC 0 - 1 Al Rayyan SC?,A 竞技,0.05,0.1,0.07500000000000001,0.05,0.0,0.0,0.0,50,4.5,sports_fees_v3,True,27340699590460769072808065173026730445541972161455324956135154420063002367583
Exact Score: Qatar SC 1 - 0 Al Rayyan SC?,A 竞技,0.02,0.1,0.060000000000000005,0.08,0.0,0.0,0.0,50,4.5,sports_fees_v3,True,93434315477471821479638163333217292475152392714501467974871499275811608663453
Exact Score: Qatar SC 0 - 2 Al Rayyan SC?,A 竞技,0.06,0.09,0.075,0.03,0.0,0.0,0.0,50,4.5,sports_fees_v3,True,3203217400467892138225334404301333549467800527529748246427918021078000430839
Exact Score: Qatar SC 1 - 1 Al Rayyan SC?,A 竞技,0.07,0.11,0.09,0.039999999999999994,0.0,0.0,0.0,50,4.5,sports_fees_v3,True,582439958735606238329230191489193183093682868173361317183434105050278412465
Exact Score: Qatar SC 2 - 0 Al Rayyan SC?,A 竞技,0.01,0.09,0.049999999999999996,0.08,0.0,0.0,0.0,50,4.5,sports_fees_v3,True,89693054666095608420103573097377409816763479121034842789450800415952383880691
Exact Score: Qatar SC 0 - 3 Al Rayyan SC?,A 竞技,0.05,0.09,0.07,0.039999999999999994,0.0,0.0,0.0,50,4.5,sports_fees_v3,True,64819660486947581587339390188597843806038283320960975761865966037016980254821
Exact Score: Qatar SC 1 - 2 Al Rayyan SC?,A 竞技,0.07,0.11,0.09,0.039999999999999994,0.0,0.0,0.0,50,4.5,sports_fees_v3,True,72216015943470737328782324670861505637931598657164129226543841065499958213598
Exact Score: Qatar SC 2 - 1 Al Rayyan SC?,A 竞技,0.03,0.21,0.12,0.18,0.0,0.0,0.0,50,4.5,sports_fees_v3,True,71729357033960914745914232836900441807082464268448091364531974383211513006207
Exact Score: Qatar SC 3 - 0 Al Rayyan SC?,A 竞技,,0.743,,,0.0,0.0,0.0,50,4.5,sports_fees_v3,True,39738452575622759869025246490667781481876016796606920370059570300431650232558
Exact Score: Qatar SC 0 - 4 Al Rayyan SC?,A 竞技,,0.75,,,0.0,0.0,0.0,50,4.5,sports_fees_v3,True,4611295901088482045426267113563626171552855824424789074459321175754547883516
Exact Score: Qatar SC 1 - 3 Al Rayyan SC?,A 竞技,0.05,0.08,0.065,0.03,0.0,0.0,0.0,50,4.5,sports_fees_v3,True,13234940844343828825557176934083732962723554190787716332576309288244010499602
Exact Score: Qatar SC 2 - 2 Al Rayyan SC?,A 竞技,0.04,0.08,0.06,0.04,0.0,0.0,0.0,50,4.5,sports_fees_v3,True,61920507517974922936471363152688653947623166805327536448768731432281380015533
Exact Score: Qatar SC 3 - 1 Al Rayyan SC?,A 竞技,0.01,0.09,0.049999999999999996,0.08,0.0,0.0,0.0,50,4.5,sports_fees_v3,True,106188995486885506392342038906720085189129604474718913286768856360128857259746
Exact Score: Qatar SC 4 - 0 Al Rayyan SC?,A 竞技,,0.745,,,0.0,0.0,0.0,50,4.5,sports_fees_v3,True,84908799058170556188683333143110017600868193765503072838353560223071351764027
Exact Score: Qatar SC 0 - 5 Al Rayyan SC?,A 竞技,,0.75,,,0.0,0.0,0.0,50,4.5,sports_fees_v3,True,105445762711883585670388486347267186500003552703408750440748473341221592176565
Exact Score: Qatar SC 1 - 4 Al Rayyan SC?,A 竞技,,0.75,,,0.0,0.0,0.0,50,4.5,sports_fees_v3,True,82678309223511320056667405831780658883162288138017085208631452885750520650986
Exact Score: Qatar SC 2 - 3 Al Rayyan SC?,A 竞技,0.007,0.088,0.0475,0.08099999999999999,0.0,0.0,0.0,50,4.5,sports_fees_v3,True,100693028752304672200633548999166443336021856440991198144172539385864234502410
Exact Score: Qatar SC 3 - 2 Al Rayyan SC?,A 竞技,0.01,0.09,0.049999999999999996,0.08,0.0,0.0,0.0,50,4.5,sports_fees_v3,True,60819808670234529883285325349733670305454571278667574763101351823329226430437
Exact Score: Qatar SC 4 - 1 Al Rayyan SC?,A 竞技,,0.746,,,0.0,0.0,0.0,50,4.5,sports_fees_v3,True,43380900008764640592565062608823752540988135358897486927924309187598515913262
Exact Score: Qatar SC 5 - 0 Al Rayyan SC?,A 竞技,,0.75,,,0.0,0.0,0.0,50,4.5,sports_fees_v3,True,38912466541985588718688672538790371004099261447506543650052533512308032247727
Exact Score: Qatar SC 1 - 5 Al Rayyan SC?,A 竞技,,0.74,,,0.0,0.0,0.0,50,4.5,sports_fees_v3,True,37553679055011365458111481997848211681154711210696175451261407911154396710642
Exact Score: Qatar SC 2 - 4 Al Rayyan SC?,A 竞技,,0.74,,,0.0,0.0,0.0,50,4.5,sports_fees_v3,True,41623771332981264130389664020679158707700938812554990760671980421816907132901
Exact Score: Qatar SC 3 - 3 Al Rayyan SC?,A 竞技,0.01,0.09,0.049999999999999996,0.08,0.0,0.0,0.0,50,4.5,sports_fees_v3,True,103472742613417838579381862919727672145552275128069126032462163454254150846877
Exact Score: Qatar SC 4 - 2 Al Rayyan SC?,A 竞技,,0.749,,,0.0,0.0,0.0,50,4.5,sports_fees_v3,True,21846362886297002504743624740221157304413514902907172626555292228834594760348
Exact Score: Qatar SC 5 - 1 Al Rayyan SC?,A 竞技,,0.75,,,0.0,0.0,0.0,50,4.5,sports_fees_v3,True,18375415738480261651516171330330635636397173549799576241034016550859603782678
Exact Score: Qatar SC 2 - 5 Al Rayyan SC?,A 竞技,,0.75,,,0.0,0.0,0.0,50,4.5,sports_fees_v3,True,420014329959702323652495112132609481264550842969921274570253954934985129614
Exact Score: Qatar SC 3 - 4 Al Rayyan SC?,A 竞技,,0.75,,,0.0,0.0,0.0,50,4.5,sports_fees_v3,True,38198932636221233647486171588828751946091565396633575824199316961124994625222
Exact Score: Qatar SC 4 - 3 Al Rayyan SC?,A 竞技,,0.748,,,0.0,0.0,0.0,50,4.5,sports_fees_v3,True,69198854707917893166237681466157672810059330334220897749055201120010870230313
Exact Score: Qatar SC 5 - 2 Al Rayyan SC?,A 竞技,,0.75,,,0.0,0.0,0.0,50,4.5,sports_fees_v3,True,83541737007076908697927955114904547869847286419306319699150757411318776145535
Exact Score: Qatar SC 3 - 5 Al Rayyan SC?,A 竞技,,0.74,,,0.0,0.0,0.0,50,4.5,sports_fees_v3,True,70797948123316792471617895850212559691396799112459283394500975045887315589268
Exact Score: Qatar SC 4 - 4 Al Rayyan SC?,A 竞技,,0.75,,,0.0,0.0,0.0,50,4.5,sports_fees_v3,True,14622120281172226503051751740147043007557463980701016334611850132321153621638
Exact Score: Qatar SC 5 - 3 Al Rayyan SC?,A 竞技,,0.75,,,0.0,0.0,0.0,50,4.5,sports_fees_v3,True,57289685781278998086484574137563319871847558187249009121592969082500235660181
Exact Score: Qatar SC 4 - 5 Al Rayyan SC?,A 竞技,,0.74,,,0.0,9.9898,0.0,50,4.5,sports_fees_v3,True,44704887880065553257384624129018418179165932275547136221045725631564122958415
Exact Score: Qatar SC 5 - 4 Al Rayyan SC?,A 竞技,,0.75,,,0.0,9.9898,0.0,50,4.5,sports_fees_v3,True,13631690657354800780184943146307190466924977417136989329497217431262540211692
Exact Score: Qatar SC 5 - 5 Al Rayyan SC?,A 竞技,,0.74,,,0.0,9.9898,0.0,50,4.5,sports_fees_v3,True,12964092017002919128632114860199485534822655281599631544173984575562949176635
Exact Score: Any Other Score?,A 竞技,,0.74,,,0.0,0.0,0.0,50,4.5,sports_fees_v3,True,78894585953620867507527861557952456959088236912731343978150190194291145387501
Al Sadd SC leading at halftime?,A 竞技,0.45,0.49,0.47,0.03999999999999998,0.0,0.0,0.0,50,4.5,sports_fees_v3,True,15888862663472109752663463179766428550180123270888820438224710352575301612473
Al Sadd SC vs. Al Arabi Doha SC: Draw at halftime?,A 竞技,0.31,0.33,0.32,0.020000000000000018,0.0,0.0,0.0,50,4.5,sports_fees_v3,True,3600207502676043157508995428113966426131510217868280764907655678112507654993
Al Arabi Doha SC leading at halftime?,A 竞技,0.18,0.21,0.195,0.03,0.0,0.0,0.0,50,4.5,sports_fees_v3,True,32333655795811650262542990220332039886956689662329104591547588098970986115774
Al Sadd SC to win the second half?,A 竞技,0.44,0.58,0.51,0.13999999999999996,0.0,0.0,0.0,50,4.5,sports_fees_v3,True,86132385595931230303114674877370790116618676634439214201128847661733393546444
Al Sadd SC vs. Al Arabi Doha SC: Second half draw?,A 竞技,0.2,0.35,0.275,0.14999999999999997,0.0,0.0,0.0,50,4.5,sports_fees_v3,True,91465148832892238931502829487476390629657783235991203479249393265120771725273
Al Arabi Doha SC to win the second half?,A 竞技,0.14,0.29,0.215,0.14999999999999997,0.0,0.0,0.0,50,4.5,sports_fees_v3,True,85427198471706566858406675717187345993521217996733694526909921932686011895456
Exact Score: Al Sadd SC 0 - 0 Al Arabi Doha SC?,A 竞技,,0.75,,,0.0,0.0,0.0,50,4.5,sports_fees_v3,True,79778938305865429807750993688816259202574083370599351643760620350401476255655
Exact Score: Al Sadd SC 0 - 1 Al Arabi Doha SC?,A 竞技,,0.75,,,0.0,0.0,0.0,50,4.5,sports_fees_v3,True,57067987394759159700939963541015690222962469297689594091929191346847640877607
Exact Score: Al Sadd SC 1 - 0 Al Arabi Doha SC?,A 竞技,,0.074,,,0.0,0.0,0.0,50,4.5,sports_fees_v3,True,18123468489874988567102003493157355802271065212861489558249057491833542125405
Exact Score: Al Sadd SC 0 - 2 Al Arabi Doha SC?,A 竞技,,0.73,,,0.0,0.0,0.0,50,4.5,sports_fees_v3,True,95217219932953062997282654282857201896399027617634056264896939526301979505836
Exact Score: Al Sadd SC 1 - 1 Al Arabi Doha SC?,A 竞技,0.05,0.08,0.065,0.03,0.0,0.0,0.0,50,4.5,sports_fees_v3,True,35757193391605071261137664134466486328085997546438322661170744717266609462411
Exact Score: Al Sadd SC 2 - 0 Al Arabi Doha SC?,A 竞技,0.05,0.08,0.065,0.03,0.0,0.0,0.0,50,4.5,sports_fees_v3,True,54242587063176965191852405707841508562880566576549444283364128285135663227303
Exact Score: Al Sadd SC 0 - 3 Al Arabi Doha SC?,A 竞技,,0.75,,,0.0,0.0,0.0,50,4.5,sports_fees_v3,True,21472819724856810491056139124769990375868133805190688199959030304609759712173
Exact Score: Al Sadd SC 1 - 2 Al Arabi Doha SC?,A 竞技,,0.077,,,0.0,0.0,0.0,50,4.5,sports_fees_v3,True,63890532944064671156186693844201619980640304233230627544737046870538586929582
Exact Score: Al Sadd SC 2 - 1 Al Arabi Doha SC?,A 竞技,0.06,0.1,0.08,0.04000000000000001,0.0,0.0,0.0,50,4.5,sports_fees_v3,True,42737700986694310385942054306654501260884874210877842784435434186746545987372
Exact Score: Al Sadd SC 3 - 0 Al Arabi Doha SC?,A 竞技,,0.077,,,0.0,0.0,0.0,50,4.5,sports_fees_v3,True,98354480086479844622853521084282784888965694742274138021500310012555150226837
Exact Score: Al Sadd SC 0 - 4 Al Arabi Doha SC?,A 竞技,,0.75,,,0.0,0.0,0.0,50,4.5,sports_fees_v3,True,19752974983628326571589285439172970271483680277723543293159848681189830357473
Exact Score: Al Sadd SC 1 - 3 Al Arabi Doha SC?,A 竞技,,0.75,,,0.0,0.0,0.0,50,4.5,sports_fees_v3,True,80804964132099215454374690716753581392967151345607961627430808887041302606514
Exact Score: Al Sadd SC 2 - 2 Al Arabi Doha SC?,A 竞技,0.05,0.08,0.065,0.03,0.0,0.0,0.0,50,4.5,sports_fees_v3,True,110037334705210842049388151042338933114828473701948550613661130960566046564097
Exact Score: Al Sadd SC 3 - 1 Al Arabi Doha SC?,A 竞技,0.04,0.08,0.06,0.04,0.0,0.0,0.0,50,4.5,sports_fees_v3,True,52976857425161592415509363861190500740099666293695107324448147057676324092015
Exact Score: Al Sadd SC 4 - 0 Al Arabi Doha SC?,A 竞技,,0.75,,,0.0,0.0,0.0,50,4.5,sports_fees_v3,True,107030825837428222992970649618536007494939739565140848984563984317436581056286
Exact Score: Al Sadd SC 0 - 5 Al Arabi Doha SC?,A 竞技,,0.75,,,0.0,0.0,0.0,50,4.5,sports_fees_v3,True,101356949689078316835960749651299484529593343842916023520071689262931596126042
Exact Score: Al Sadd SC 1 - 4 Al Arabi Doha SC?,A 竞技,,0.75,,,0.0,0.0,0.0,50,4.5,sports_fees_v3,True,61621114940552402585655094959715228741406860318734813399090602934187371206543
Exact Score: Al Sadd SC 2 - 3 Al Arabi Doha SC?,A 竞技,,0.75,,,0.0,0.0,0.0,50,4.5,sports_fees_v3,True,41036011068436446424503834088374174953942707806905087857918770439055165620652
Exact Score: Al Sadd SC 3 - 2 Al Arabi Doha SC?,A 竞技,,0.079,,,0.0,0.0,0.0,50,4.5,sports_fees_v3,True,94380089999475031237409668400585940544881239224151255637798037030939920830149
Exact Score: Al Sadd SC 4 - 1 Al Arabi Doha SC?,A 竞技,,0.75,,,0.0,0.0,0.0,50,4.5,sports_fees_v3,True,80299138774149295176648386866882230930978031828646154925467553849621474232946
Exact Score: Al Sadd SC 5 - 0 Al Arabi Doha SC?,A 竞技,,0.75,,,0.0,0.0,0.0,50,4.5,sports_fees_v3,True,56841060126355954404723412130696855752760281238343045452108279800618635098582
Exact Score: Al Sadd SC 1 - 5 Al Arabi Doha SC?,A 竞技,,0.75,,,0.0,0.0,0.0,50,4.5,sports_fees_v3,True,6086990620828088711880889195857620939467155861522480817460833933606920666007
Exact Score: Al Sadd SC 2 - 4 Al Arabi Doha SC?,A 竞技,,0.75,,,0.0,0.0,0.0,50,4.5,sports_fees_v3,True,107224356672700485385267410917032650045909480446063380724504672368905393233731
Exact Score: Al Sadd SC 3 - 3 Al Arabi Doha SC?,A 竞技,,0.75,,,0.0,0.0,0.0,50,4.5,sports_fees_v3,True,93325683455533387274216286010594057837448005906207861075021834261509689821986
Exact Score: Al Sadd SC 4 - 2 Al Arabi Doha SC?,A 竞技,,0.75,,,0.0,0.0,0.0,50,4.5,sports_fees_v3,True,39101022351346356120492010549887176426324358957085896241099091922361654732104
Exact Score: Al Sadd SC 5 - 1 Al Arabi Doha SC?,A 竞技,,0.75,,,0.0,0.0,0.0,50,4.5,sports_fees_v3,True,72075626349274028551420743478810383849198792880058853059941690147384099026485
Exact Score: Al Sadd SC 2 - 5 Al Arabi Doha SC?,A 竞技,,0.75,,,0.0,0.0,0.0,50,4.5,sports_fees_v3,True,62266520566190420593993672878958663178074570571982999225221277326846443548527
Exact Score: Al Sadd SC 3 - 4 Al Arabi Doha SC?,A 竞技,,0.75,,,0.0,0.0,0.0,50,4.5,sports_fees_v3,True,77932936678114031939638654898838409599415514343455707261129106221361280964559
Exact Score: Al Sadd SC 4 - 3 Al Arabi Doha SC?,A 竞技,,0.75,,,0.0,0.0,0.0,50,4.5,sports_fees_v3,True,6558169707171644556932243771579559636248864130853217058577850401271739458528
Exact Score: Al Sadd SC 5 - 2 Al Arabi Doha SC?,A 竞技,,0.75,,,0.0,0.0,0.0,50,4.5,sports_fees_v3,True,62973154089472669457512185539676251359362032164829512161315408717424164783381
Exact Score: Al Sadd SC 3 - 5 Al Arabi Doha SC?,A 竞技,,0.75,,,0.0,0.0,0.0,50,4.5,sports_fees_v3,True,107602956687305382276181954674721949640636794789701166027943384914237886848907
Exact Score: Al Sadd SC 4 - 4 Al Arabi Doha SC?,A 竞技,,0.75,,,0.0,0.0,0.0,50,4.5,sports_fees_v3,True,36771040550802682909737205700336144203460766439723878448191998439634402979261
Exact Score: Al Sadd SC 5 - 3 Al Arabi Doha SC?,A 竞技,,0.75,,,0.0,0.0,0.0,50,4.5,sports_fees_v3,True,96590395149793608079475070822441506069004211790543937303650440152008304624664
Exact Score: Al Sadd SC 4 - 5 Al Arabi Doha SC?,A 竞技,,0.75,,,0.0,9.9898,0.0,50,4.5,sports_fees_v3,True,42091229580240389755897950472119020621248066174495636929820501601415399390881
Exact Score: Al Sadd SC 5 - 4 Al Arabi Doha SC?,A 竞技,,0.75,,,0.0,9.9898,0.0,50,4.5,sports_fees_v3,True,19673803521418624752814100325714954556257435033086530144617226582644773808686
Exact Score: Al Sadd SC 5 - 5 Al Arabi Doha SC?,A 竞技,,0.75,,,0.0,9.9898,0.0,50,4.5,sports_fees_v3,True,111457149944954172355885434534278196385387391014628618562519061974350373526520
Exact Score: Any Other Score?,A 竞技,,0.2,,,0.0,0.0,0.0,50,4.5,sports_fees_v3,True,99897179870333340455403810971203546704208483425702604980841175758557688410975
Al Ahli Doha SC leading at halftime?,A 竞技,0.44,0.52,0.48,0.08000000000000002,0.0,0.0,0.0,50,4.5,sports_fees_v3,True,79737711411186112175023276703485639940685666700538095906120320814788403594118
Al Ahli Doha SC vs. Al-Sailiya SC: Draw at halftime?,A 竞技,0.33,0.36,0.345,0.02999999999999997,0.0,0.0,0.0,50,4.5,sports_fees_v3,True,18303683634276801520163878244179027371180302305241435341611507754187445551506
Al-Sailiya SC leading at halftime?,A 竞技,0.17,0.25,0.21000000000000002,0.07999999999999999,0.0,0.0,0.0,50,4.5,sports_fees_v3,True,82876416273832269129416576715808604887674120108375259518354761727241566389763
Al Ahli Doha SC to win the second half?,A 竞技,0.02,0.98,0.5,0.96,0.0,0.0,0.0,50,4.5,sports_fees_v3,True,17682514048909580383395103698778907460597994859345412746165937024817376954116
Al Ahli Doha SC vs. Al-Sailiya SC: Second half draw?,A 竞技,0.03,0.8,0.41500000000000004,0.77,0.0,0.0,0.0,50,4.5,sports_fees_v3,True,80793889381328337009244725832780984408561375563816839434735454639007621416794
Imparatel Alexandru vs. Barancean Sergiu,A 竞技,,1.0,,,0.0,0.0,0.0,50,4.5,sports_fees_v3,True,102864701278832406684782435970195282673943965613603983161939132100909084045848
Iurcenco Iuri vs. Capbatut Petru,A 竞技,,1.0,,,0.0,0.0,0.0,50,4.5,sports_fees_v3,True,25095264112044483362917729674998658035868415105460084926711103947629638455678
Iurcenco Iuri vs. Efros Iuri,A 竞技,,1.0,,,0.0,0.0,0.0,50,4.5,sports_fees_v3,True,115389100108391026571288000393751314022568004864276391414378150499801757589008
Bulat Alexandru vs. Buianov Eduard,A 竞技,,1.0,,,0.0,0.0,0.0,50,4.5,sports_fees_v3,True,60914926354374137233601704384845902831455492667525976697275157934639073903363
Efros Iuri vs. Capbatut Petru,A 竞技,,1.0,,,0.0,0.0,0.0,50,4.5,sports_fees_v3,True,47220109393331497452475921882036171645949956827958023699964619825016395107326
Gribcov Dmitri vs. Capbatut Petru,A 竞技,,1.0,,,0.0,0.0,0.0,50,4.5,sports_fees_v3,True,46944534491290955825399935435884391227134970665113420787021241297255296256212
Efros Iuri vs. Gribcov Dmitri,A 竞技,,1.0,,,0.0,0.0,0.0,50,4.5,sports_fees_v3,True,63161279569708087467932102847970610929732723771305799176375178136122756794646
Buianov Eduard vs. Bulat Alexandru,A 竞技,,1.0,,,0.0,0.0,0.0,50,4.5,sports_fees_v3,True,20345466099314176846814967644266928265116200501290839583562660200821092005091
Capbatut Petru vs. Gribcov Dmitri,A 竞技,0.01,0.99,0.5,0.98,0.0,0.0,0.0,50,4.5,sports_fees_v3,True,63629880455549250886151065826967342942479513855782234543846098196284813786240
Iurcenco Iuri vs. Efros Iuri,A 竞技,,1.0,,,0.0,0.0,0.0,50,4.5,sports_fees_v3,True,61093519689540910391771662772095259543868667882601354708255955854140324819721
Cosogolov Alexandr vs. Efros Iuri,A 竞技,,1.0,,,0.0,0.0,0.0,50,4.5,sports_fees_v3,True,19633319163232561025297425789920162306514810305146502887724282639676088300219
Efros Iuri vs. Gribcov Dmitri,A 竞技,,1.0,,,0.0,0.0,0.0,50,4.5,sports_fees_v3,True,92843222922041445869962484257688418693407152171247746582900885095632331458868
Buianov Eduard vs. Mihalachi Igor,A 竞技,,1.0,,,0.0,0.0,0.0,50,4.5,sports_fees_v3,True,58867084679061396649718046456167412435650656768958432483110581318374439021362
Burucenco Vadim vs. Bodac Alexandr,A 竞技,,1.0,,,0.0,0.0,0.0,50,4.5,sports_fees_v3,True,47698877607514787209815733947138409067820865923577020240805282216991333078689
Marenco Anton vs. Bodac Alexandr,A 竞技,,1.0,,,0.0,0.0,0.0,50,4.5,sports_fees_v3,True,67228603615632402345771055207427258996154455953129129062313096162090952287726
Bodac Alexandr vs. Mitul Anatoli,A 竞技,,1.0,,,0.0,0.0,0.0,50,4.5,sports_fees_v3,True,106019847031318602470740982168105259141085868637772595817967474091759198034574
Cucerovschii Serghei vs. Ungurean Maxim,A 竞技,,1.0,,,0.0,0.0,0.0,50,4.5,sports_fees_v3,True,62543418726727507607972522429993243488517521555735605618915972863224722757440
Iasciuc Victor vs. Ungurean Maxim,A 竞技,,1.0,,,0.0,0.0,0.0,50,4.5,sports_fees_v3,True,35865694243200521653518111271018191519867768388381220703380476908716065282726
Turcan Victor vs. Ungurean Maxim,A 竞技,,1.0,,,0.0,0.0,0.0,50,4.5,sports_fees_v3,True,63956090025741611291771481786037498944841502264227175169307587274615569179813
Turcan Victor vs. Ungurean Maxim: Total Games O/U 3.5,A 竞技,,1.0,,,0.0,0.0,0.0,50,4.5,sports_fees_v3,True,40786596451449093678763778799952308702760027848515647828997777904698456855298
Turcan Victor vs. Ungurean Maxim: Total Games O/U 4.5,A 竞技,,1.0,,,0.0,0.0,0.0,50,4.5,sports_fees_v3,True,62038181638076241801420602477920269769360324999856248670216929829182834480063
Game Handicap: Turcan Victor (-1.5) vs Ungurean Maxim (+1.5),A 竞技,,1.0,,,0.0,0.0,0.0,50,4.5,sports_fees_v3,True,23785955191625013519985656971169509739875760320102622887907723888105588629232
Game Handicap: Ungurean Maxim (-1.5) vs Turcan Victor (+1.5),A 竞技,,1.0,,,0.0,0.0,0.0,50,4.5,sports_fees_v3,True,34285982714653982169571729832775352447140123542738954923123888639135431666121
Iasciuc Victor vs. Ungurean Maxim: Total Games O/U 3.5,A 竞技,,1.0,,,0.0,0.0,0.0,50,4.5,sports_fees_v3,True,75407688206933602292304078625113122250015889236737887157349919323565483062704
Iasciuc Victor vs. Ungurean Maxim: Total Games O/U 4.5,A 竞技,,1.0,,,0.0,0.0,0.0,50,4.5,sports_fees_v3,True,32394212918720257852408583529680464980372966317366760202476356361555463420662
Game Handicap: Iasciuc Victor (-1.5) vs Ungurean Maxim (+1.5),A 竞技,,1.0,,,0.0,0.0,0.0,50,4.5,sports_fees_v3,True,108675524268616934562174233987181628306815673299049680385706507968465545331486
Game Handicap: Ungurean Maxim (-1.5) vs Iasciuc Victor (+1.5),A 竞技,,1.0,,,0.0,0.0,0.0,50,4.5,sports_fees_v3,True,47117858561261051883236431754911982091296696591962747625974346010217468301427
Cucerovschii Serghei vs. Ungurean Maxim: Total Games O/U 3.5,A 竞技,,1.0,,,0.0,0.0,0.0,50,4.5,sports_fees_v3,True,44836302394238170929638486623999327890218006976794717508197293167042076473966
Cucerovschii Serghei vs. Ungurean Maxim: Total Games O/U 4.5,A 竞技,,1.0,,,0.0,0.0,0.0,50,4.5,sports_fees_v3,True,36318336854479753088316173591280930311113812642173841067475820338030909185649
Game Handicap: Cucerovschii Serghei (-1.5) vs Ungurean Maxim (+1.5),A 竞技,,1.0,,,0.0,0.0,0.0,50,4.5,sports_fees_v3,True,91437514351940148217467783339955397694292940752477705095166452794540253355890
Game Handicap: Ungurean Maxim (-1.5) vs Cucerovschii Serghei (+1.5),A 竞技,,1.0,,,0.0,0.0,0.0,50,4.5,sports_fees_v3,True,26457051005092326383838079832027686332921028195909959249251199292862919022580
Yavorskiy Oleksandr vs. Iskander Christopher,A 竞技,,1.0,,,0.0,0.0,0.0,50,4.5,sports_fees_v3,True,102408873754924816983550404676466098743425035932834320239707717944090163068462
Yavorskiy Oleksandr vs. Iskander Christopher: Total Games O/U 3.5,A 竞技,,1.0,,,0.0,0.0,0.0,50,4.5,sports_fees_v3,True,11644914694903508786056503737727702704586857935773690654650091779405258573533
Yavorskiy Oleksandr vs. Iskander Christopher: Total Games O/U 4.5,A 竞技,,1.0,,,0.0,0.0,0.0,50,4.5,sports_fees_v3,True,48465870218806771121081442066037815013961508964904461391587540885189479436597
Game Handicap: Yavorskiy Oleksandr (-1.5) vs Iskander Christopher (+1.,A 竞技,,1.0,,,0.0,0.0,0.0,50,4.5,sports_fees_v3,True,49145433447700399031738055324293649172308474897579212447911336871730294652043
Game Handicap: Iskander Christopher (-1.5) vs Yavorskiy Oleksandr (+1.,A 竞技,,1.0,,,0.0,0.0,0.0,50,4.5,sports_fees_v3,True,78205159413028758575532726819820522142795587288916150298672785906009405485184
Yavorskiy Oleksandr vs. Marenco Anton,A 竞技,,1.0,,,0.0,0.0,0.0,50,4.5,sports_fees_v3,True,90661233674368746451459006648133503918152934348001627493414248700644611574137
Yavorskiy Oleksandr vs. Marenco Anton: Total Games O/U 3.5,A 竞技,,1.0,,,0.0,0.0,0.0,50,4.5,sports_fees_v3,True,95509002060778645804892431660011718142821872597937899356108474317609631507216
Yavorskiy Oleksandr vs. Marenco Anton: Total Games O/U 4.5,A 竞技,,1.0,,,0.0,0.0,0.0,50,4.5,sports_fees_v3,True,15089397436103499088424187979537434638440140646839883458404006359713058059526
Game Handicap: Yavorskiy Oleksandr (-1.5) vs Marenco Anton (+1.5),A 竞技,,1.0,,,0.0,0.0,0.0,50,4.5,sports_fees_v3,True,99290497481585761616698490980260585777021488406203361926888444803958617002701
Game Handicap: Marenco Anton (-1.5) vs Yavorskiy Oleksandr (+1.5),A 竞技,,1.0,,,0.0,0.0,0.0,50,4.5,sports_fees_v3,True,113090397463334315879592019557231004885147766899365618755041599026396635722043
Yavorskiy Oleksandr vs. Paniivan Hennadii,A 竞技,,1.0,,,0.0,0.0,0.0,50,4.5,sports_fees_v3,True,97234512436475044761283236535098208388321649056097487088340548507109962310259
Yavorskiy Oleksandr vs. Paniivan Hennadii: Total Games O/U 3.5,A 竞技,,1.0,,,0.0,0.0,0.0,50,4.5,sports_fees_v3,True,51401811989056689101494429857246613113357039992871270849313520886564595278150
Yavorskiy Oleksandr vs. Paniivan Hennadii: Total Games O/U 4.5,A 竞技,,1.0,,,0.0,0.0,0.0,50,4.5,sports_fees_v3,True,57784059312306727441634845102005725416659076699323488675324743339391608930527
Game Handicap: Yavorskiy Oleksandr (-1.5) vs Paniivan Hennadii (+1.5),A 竞技,,1.0,,,0.0,0.0,0.0,50,4.5,sports_fees_v3,True,111549640400524009593453777897031251535043610043461325673652183052837645139406
Game Handicap: Paniivan Hennadii (-1.5) vs Yavorskiy Oleksandr (+1.5),A 竞技,,1.0,,,0.0,0.0,0.0,50,4.5,sports_fees_v3,True,113321683253291265888793701197396625907120992053772204661124512923177240106777
Yavorskiy Oleksandr vs. Ursu Sergiu,A 竞技,,1.0,,,0.0,0.0,0.0,50,4.5,sports_fees_v3,True,14956179216207974576329016384916439508194097544944849644327721643710466699350
Yavorskiy Oleksandr vs. Ursu Sergiu: Total Games O/U 3.5,A 竞技,,1.0,,,0.0,0.0,0.0,50,4.5,sports_fees_v3,True,51341294557087527403473800697054925906442848457515016742821942612537189500066
Yavorskiy Oleksandr vs. Ursu Sergiu: Total Games O/U 4.5,A 竞技,,1.0,,,0.0,0.0,0.0,50,4.5,sports_fees_v3,True,77552080303199743518588502278465943742117828549124821099125932605080968782953
Game Handicap: Yavorskiy Oleksandr (-1.5) vs Ursu Sergiu (+1.5),A 竞技,,1.0,,,0.0,0.0,0.0,50,4.5,sports_fees_v3,True,4557513764601705100953067552418444645435486286342241879623666055394782771728
Game Handicap: Ursu Sergiu (-1.5) vs Yavorskiy Oleksandr (+1.5),A 竞技,,1.0,,,0.0,0.0,0.0,50,4.5,sports_fees_v3,True,95578396273685420498481363099573317824349193796674649293871574181974132157944
Yavorskiy Oleksandr vs. Otgon Andrei,A 竞技,,1.0,,,0.0,0.0,0.0,50,4.5,sports_fees_v3,True,48435109237446801021616892868196896174853501997567255276179374047413722153811
Yavorskiy Oleksandr vs. Otgon Andrei: Total Games O/U 3.5,A 竞技,,1.0,,,0.0,0.0,0.0,50,4.5,sports_fees_v3,True,65570458283067255603314324679895701359532904608729146004715040578935232853252
Yavorskiy Oleksandr vs. Otgon Andrei: Total Games O/U 4.5,A 竞技,,1.0,,,0.0,0.0,0.0,50,4.5,sports_fees_v3,True,107741337909282260419518815834036831852870814496503418630806255449804607912787
Game Handicap: Yavorskiy Oleksandr (-1.5) vs Otgon Andrei (+1.5),A 竞技,,1.0,,,0.0,0.0,0.0,50,4.5,sports_fees_v3,True,66490625015850947411701586758252819004864014803913439889433415523403197744713
Game Handicap: Otgon Andrei (-1.5) vs Yavorskiy Oleksandr (+1.5),A 竞技,,1.0,,,0.0,0.0,0.0,50,4.5,sports_fees_v3,True,103558157580216285041935550192949522043334582074632292916326547637432286366669
Yavorskiy Oleksandr vs. Paniivan Hennadii,A 竞技,,1.0,,,0.0,0.0,0.0,50,4.5,sports_fees_v3,True,86544544129636965212318725416254562957662472286463473869018986994342287328575
Yavorskiy Oleksandr vs. Paniivan Hennadii: Total Games O/U 3.5,A 竞技,,1.0,,,0.0,0.0,0.0,50,4.5,sports_fees_v3,True,107451689273831784316604858766652274974814478060397974399172399383414813216292
Yavorskiy Oleksandr vs. Paniivan Hennadii: Total Games O/U 4.5,A 竞技,,1.0,,,0.0,0.0,0.0,50,4.5,sports_fees_v3,True,85900266000836441118908170525613513730136183394510332927075253573623986192203
Game Handicap: Yavorskiy Oleksandr (-1.5) vs Paniivan Hennadii (+1.5),A 竞技,,1.0,,,0.0,0.0,0.0,50,4.5,sports_fees_v3,True,78303934736917104358433097988909072471171717472567642971608482382781231663402
Game Handicap: Paniivan Hennadii (-1.5) vs Yavorskiy Oleksandr (+1.5),A 竞技,,1.0,,,0.0,0.0,0.0,50,4.5,sports_fees_v3,True,93737823271672598242812076847649884684835329557543894409473419362106316406341
Plescaci Vitalie vs. Spivacov Oleg,A 竞技,,1.0,,,0.0,0.0,0.0,50,4.5,sports_fees_v3,True,75601406358884263965783113403397517477299639838282828264915016932512530186967
Plescaci Vitalie vs. Rata Mihail,A 竞技,,1.0,,,0.0,0.0,0.0,50,4.5,sports_fees_v3,True,54384067196469801297616237483091553378166365930995408153596804054405648337284
Cotorcea Oleg vs. Spivacov Oleg,A 竞技,,1.0,,,0.0,0.0,0.0,50,4.5,sports_fees_v3,True,48377008450027827610101027950993610786013509474019595368092087263073647925466
Plescaci Vitalie vs. Cotorcea Oleg,A 竞技,,1.0,,,0.0,0.0,0.0,50,4.5,sports_fees_v3,True,111267377876014630787862516228044806626386677691708378189985471745985532965976
Cotorcea Oleg vs. Rata Mihail,A 竞技,,1.0,,,0.0,0.0,0.0,50,4.5,sports_fees_v3,True,50290153706297572810811929396679611737222579288175775838404025075001846587688
Cotorcea Oleg vs. Rata Mihail: Total Games O/U 3.5,A 竞技,,1.0,,,0.0,0.0,0.0,50,4.5,sports_fees_v3,True,28165322410819559329492309594422846895400488255220795236436897682112914378388
Cotorcea Oleg vs. Rata Mihail: Total Games O/U 4.5,A 竞技,,1.0,,,0.0,0.0,0.0,50,4.5,sports_fees_v3,True,23911209677026180525075783322871194613445577115079624931625573853290065338411
Game Handicap: Cotorcea Oleg (-1.5) vs Rata Mihail (+1.5),A 竞技,,1.0,,,0.0,0.0,0.0,50,4.5,sports_fees_v3,True,77940147514348944737566186961195381920965423299468213783391304780315296227308
Game Handicap: Rata Mihail (-1.5) vs Cotorcea Oleg (+1.5),A 竞技,,1.0,,,0.0,0.0,0.0,50,4.5,sports_fees_v3,True,43147275430757808415069077799579773621077925898850692438957731892174068544699
Plescaci Vitalie vs. Cotorcea Oleg: Total Games O/U 3.5,A 竞技,,1.0,,,0.0,0.0,0.0,50,4.5,sports_fees_v3,True,98048572199866636744094317745754416532196668875929408978424895770073122273657
Plescaci Vitalie vs. Cotorcea Oleg: Total Games O/U 4.5,A 竞技,,1.0,,,0.0,0.0,0.0,50,4.5,sports_fees_v3,True,29756637082419773893325938468066326231180919814109003864983367205937419252199
Game Handicap: Plescaci Vitalie (-1.5) vs Cotorcea Oleg (+1.5),A 竞技,,1.0,,,0.0,0.0,0.0,50,4.5,sports_fees_v3,True,88080543361215461835378165061869576853179283764125259153234999119774495265537
Game Handicap: Cotorcea Oleg (-1.5) vs Plescaci Vitalie (+1.5),A 竞技,,1.0,,,0.0,0.0,0.0,50,4.5,sports_fees_v3,True,67836504039375038120460436618483695407268964306781747430891026177932326215149
Cotorcea Oleg vs. Spivacov Oleg: Total Games O/U 3.5,A 竞技,,1.0,,,0.0,0.0,0.0,50,4.5,sports_fees_v3,True,72327827330792892180770242479978880940334427512120935948477123969865746308604
Cotorcea Oleg vs. Spivacov Oleg: Total Games O/U 4.5,A 竞技,,1.0,,,0.0,0.0,0.0,50,4.5,sports_fees_v3,True,8961425817622163563346313594698371653580698972652093843060831749728501035585
Game Handicap: Cotorcea Oleg (-1.5) vs Spivacov Oleg (+1.5),A 竞技,,1.0,,,0.0,0.0,0.0,50,4.5,sports_fees_v3,True,23906584984334030734018453312803106419267468980007489496808909434629040564631
Game Handicap: Spivacov Oleg (-1.5) vs Cotorcea Oleg (+1.5),A 竞技,,1.0,,,0.0,0.0,0.0,50,4.5,sports_fees_v3,True,5437301593285965186260302012728621115098947605179915796253325033553284895538
Plescaci Vitalie vs. Rata Mihail: Total Games O/U 3.5,A 竞技,,1.0,,,0.0,0.0,0.0,50,4.5,sports_fees_v3,True,24567040904743604003600161468570426817242804823475042356691127059354345095323
Plescaci Vitalie vs. Rata Mihail: Total Games O/U 4.5,A 竞技,,1.0,,,0.0,0.0,0.0,50,4.5,sports_fees_v3,True,38310176653754105708315618753021927555380675623914121529123874563731290746417
Game Handicap: Plescaci Vitalie (-1.5) vs Rata Mihail (+1.5),A 竞技,,1.0,,,0.0,0.0,0.0,50,4.5,sports_fees_v3,True,20297217574971109466736143087903078456349980726826052248649108944775540436792
Game Handicap: Rata Mihail (-1.5) vs Plescaci Vitalie (+1.5),A 竞技,,1.0,,,0.0,0.0,0.0,50,4.5,sports_fees_v3,True,14876089382298596701010863601067360178172486878298442692344348277215281309407
Plescaci Vitalie vs. Spivacov Oleg: Total Games O/U 3.5,A 竞技,,1.0,,,0.0,0.0,0.0,50,4.5,sports_fees_v3,True,89169506653407307321061687924731712037467000493373601251003217389570905581736
Plescaci Vitalie vs. Spivacov Oleg: Total Games O/U 4.5,A 竞技,,1.0,,,0.0,0.0,0.0,50,4.5,sports_fees_v3,True,100310930417345314428804041624134321520940597962007202423674832262754358349208
Game Handicap: Plescaci Vitalie (-1.5) vs Spivacov Oleg (+1.5),A 竞技,,1.0,,,0.0,0.0,0.0,50,4.5,sports_fees_v3,True,63962148564133795055254942487566802737957026901770275436337201713149487615544
Game Handicap: Spivacov Oleg (-1.5) vs Plescaci Vitalie (+1.5),A 竞技,,1.0,,,0.0,0.0,0.0,50,4.5,sports_fees_v3,True,22370310028936446510855865074743588749169324239383064972198881706026476316293
Bucos Oleg vs. Ciubinidze Miroslav,A 竞技,,1.0,,,0.0,0.0,0.0,50,4.5,sports_fees_v3,True,91324004954096226054640350923691211014050810561245156270005705281362260514831
Turcan Victor vs. Ungurean Maxim: Total Games O/U 3.5,A 竞技,,1.0,,,0.0,0.0,0.0,50,4.5,sports_fees_v3,True,792026914204425819459311500538744605034027036258660004926334955512241891721
Plescaci Vitalie vs. Duplii Alexandru,A 竞技,,0.01,,,0.0,0.0,0.0,50,4.5,sports_fees_v3,True,31563654835214625939691782648806910933574200009297347636844327357841935611209
Mitul Anatoli vs. Bodac Alexandr,A 竞技,0.04,0.96,0.5,0.9199999999999999,0.0,0.0,0.0,50,4.5,sports_fees_v3,True,12049276461791696022104725750474500737738587714406501022239420776129220825950
Burucenco Vadim vs. Galiuc Evgheni,A 竞技,0.04,0.96,0.5,0.9199999999999999,0.0,0.0,0.0,50,4.5,sports_fees_v3,True,85597432048945921718665640230076376457709351104566133311447481390542232155790
Mitul Anatoli vs. Galiuc Evgheni,A 竞技,0.03,0.96,0.495,0.9299999999999999,0.0,0.0,0.0,50,4.5,sports_fees_v3,True,50301759701190950702642030938070753813679471483369233231009219368989331143584
Casapciuc Stanislav vs. Veremiichuk Yaroslav,A 竞技,0.04,0.96,0.5,0.9199999999999999,0.0,0.0,0.0,50,4.5,sports_fees_v3,True,1656332406830952371257231853420225837772226497833153134386398200592570481665
Oanta Mihail vs. Buianov Eduard,A 竞技,0.04,0.96,0.5,0.9199999999999999,0.0,0.0,0.0,50,4.5,sports_fees_v3,True,76783391154587538003915607864995940874877858016068693881852101025266082621638
Mutu Veaceslav vs. Buianov Eduard,A 竞技,0.03,0.97,0.5,0.94,0.0,0.0,0.0,50,4.5,sports_fees_v3,True,49444746962266900847888037011884852269182603494445302709983125302914158105669
Mutu Veaceslav vs. Midori Mihai,A 竞技,0.04,0.96,0.5,0.9199999999999999,0.0,0.0,0.0,50,4.5,sports_fees_v3,True,102720428032045589068222306795098267437350619656209707804623835356006635654793
Casapciuc Stanislav vs. Calmis Andrei,A 竞技,0.03,0.97,0.5,0.94,0.0,0.0,0.0,50,4.5,sports_fees_v3,True,83884236905386412997965318784602956984212447531364597500099631621784377487969
Uzun Nicolai vs. Casapciuc Stanislav,A 竞技,0.04,0.96,0.5,0.9199999999999999,0.0,0.0,0.0,50,4.5,sports_fees_v3,True,8624471922106384547003718985103871390066848440233036929216151620794371513464
Calmis Andrei vs. Veremiichuk Yaroslav,A 竞技,0.04,0.96,0.5,0.9199999999999999,0.0,0.0,0.0,50,4.5,sports_fees_v3,True,83429516925739826040476636331184811219842399056082938459585411783540549151229
Uzun Nicolai vs. Veremiichuk Yaroslav,A 竞技,0.04,0.96,0.5,0.9199999999999999,0.0,0.0,0.0,50,4.5,sports_fees_v3,True,67375449182490740642898477059718243322769373733447240256481573365885732299810
Hordynska-Sheiko Anastasiia vs. Gorchakova Anna,A 竞技,,1.0,,,0.0,0.0,0.0,50,4.5,sports_fees_v3,True,7163092176103099499820322090556167658816761580822034961282692603304214986637
Gorchakova Anna vs. Shevchuk Viktoria,A 竞技,,1.0,,,0.0,0.0,0.0,50,4.5,sports_fees_v3,True,71409906305085068057104792177347461309041056549913226651986359744232838307162
Hordynska-Sheiko Anastasiia vs. Volgina Anastasiia,A 竞技,,1.0,,,0.0,0.0,0.0,50,4.5,sports_fees_v3,True,9958851853560674215747868626010286573495289848807749994108279893995519596611
Gordeets Margarita vs. Gorchakova Anna,A 竞技,,1.0,,,0.0,0.0,0.0,50,4.5,sports_fees_v3,True,99173776016519330628527602365841732965622027690494912074758571885525935914957
Yureneva Svitlana vs. Kurtenko Viktoriia,A 竞技,,1.0,,,0.0,0.0,0.0,50,4.5,sports_fees_v3,True,107319878778324373004300344140237063122897398896819390769853998790840857267224
Kurtenko Viktoriia vs. Kurtenko Alina,A 竞技,,1.0,,,0.0,0.0,0.0,50,4.5,sports_fees_v3,True,33809475273797219497438110424266205021838522131149417509066997750304938030013
Kurtenko Viktoriia vs. Plashchynska Anhelina,A 竞技,,1.0,,,0.0,0.0,0.0,50,4.5,sports_fees_v3,True,27701480520492913692623361930322521903950081437005930017200546623202364470027
Plashchynska Anhelina vs. Pashchenko Polina,A 竞技,,1.0,,,0.0,0.0,0.0,50,4.5,sports_fees_v3,True,62101178392097317957786985752184614765372118810996927470764627083078893370338
Dronova Uliana vs. Yevtodii Iolanta,A 竞技,,1.0,,,0.0,0.0,0.0,50,4.5,sports_fees_v3,True,103105534408060745550024241920995044539931385756515133966983998837983269495123
Yevtodii Iolanta vs. Ovriakh Alina,A 竞技,,1.0,,,0.0,0.0,0.0,50,4.5,sports_fees_v3,True,82206143088549731272310031548412492990735651909736711422389771171807071980995
Yevtodii Iolanta vs. Ovriakh Alina: Total Games O/U 3.5,A 竞技,,1.0,,,0.0,0.0,0.0,50,4.5,sports_fees_v3,True,23259228855283092252385648298777875508035646326369455475202132775292418990023
Yevtodii Iolanta vs. Ovriakh Alina: Total Games O/U 4.5,A 竞技,,1.0,,,0.0,0.0,0.0,50,4.5,sports_fees_v3,True,8794124085346378835980375357855644120800574752805173786058811943342639232897
Game Handicap: Yevtodii Iolanta (-1.5) vs Ovriakh Alina (+1.5),A 竞技,,1.0,,,0.0,0.0,0.0,50,4.5,sports_fees_v3,True,48788608531135900477760982921043457018658301732369618710676358975128059930500
Game Handicap: Ovriakh Alina (-1.5) vs Yevtodii Iolanta (+1.5),A 竞技,,1.0,,,0.0,0.0,0.0,50,4.5,sports_fees_v3,True,6046962685868962275727922864454839006461118809395047311352730580158900900503
Dronova Uliana vs. Yevtodii Iolanta: Total Games O/U 3.5,A 竞技,,1.0,,,0.0,0.0,0.0,50,4.5,sports_fees_v3,True,12266578987690072046744705644416816106787776354173711047232393831914791150107
Dronova Uliana vs. Yevtodii Iolanta: Total Games O/U 4.5,A 竞技,,1.0,,,0.0,0.0,0.0,50,4.5,sports_fees_v3,True,98566881763921856405283579305579923838493589480039356408879992153201223828508
Game Handicap: Dronova Uliana (-1.5) vs Yevtodii Iolanta (+1.5),A 竞技,,1.0,,,0.0,0.0,0.0,50,4.5,sports_fees_v3,True,48217750975611708434266353134771612230315451175399185207718028674330935537630
Game Handicap: Yevtodii Iolanta (-1.5) vs Dronova Uliana (+1.5),A 竞技,,1.0,,,0.0,0.0,0.0,50,4.5,sports_fees_v3,True,23722338014497473770065476120925751532354706810852292570529281312010238060437
Plokhotniuk Nataliia vs. Rzhevska Anna,A 竞技,0.99,1.0,0.995,0.010000000000000009,0.0,0.0,0.0,50,4.5,sports_fees_v3,True,67771778040441108550255010812544480766478739954543047659033071988485738491046
Dronova Uliana vs. Yevtodii Iolanta,A 竞技,,1.0,,,0.0,0.0,0.0,50,4.5,sports_fees_v3,True,89747999147090346379259419403883112040886238599810744276089441233154482048619
Rzhevska Anna vs. Yevtodii Iolanta,A 竞技,0.99,1.0,0.995,0.010000000000000009,0.0,0.0,0.0,50,4.5,sports_fees_v3,True,113561121082159334205024956253638814522504669267047344009751601456844301414355
Rzhevska Anna vs. Ovriakh Alina,A 竞技,0.02,0.46,0.24000000000000002,0.44,0.0,0.0,0.0,50,4.5,sports_fees_v3,True,4952804139981352790378511065975781341442492752110100900376959327718104144725
Dronova Uliana vs. Ovriakh Alina,A 竞技,,0.01,,,0.0,0.0,0.0,50,4.5,sports_fees_v3,True,25540133524849314397710431634711531732401275162248591924031174323993656713755
Plokhotniuk Nataliia vs. Yevtodii Iolanta,A 竞技,0.03,0.55,0.29000000000000004,0.52,0.0,0.0,0.0,50,4.5,sports_fees_v3,True,96902347455851972232891755476172585869616080516745135004992492793612541549075
Yevtodii Iolanta vs. Ovriakh Alina,A 竞技,0.03,0.97,0.5,0.94,0.0,0.0,0.0,50,4.5,sports_fees_v3,True,94942441739909627942413781170393994880511668169869393990132020892833045406599
Plokhotniuk Nataliia vs. Ovriakh Alina,A 竞技,,0.01,,,0.0,0.0,0.0,50,4.5,sports_fees_v3,True,96295345711719157888448005121251194804902630124251143926784707407020442792096
Dronova Uliana vs. Plokhotniuk Nataliia,A 竞技,0.03,0.97,0.5,0.94,0.0,0.0,0.0,50,4.5,sports_fees_v3,True,91128678761153935001242607897125518738705001583901314335727320332495238823952
Dronova Uliana vs. Rzhevska Anna,A 竞技,0.03,0.97,0.5,0.94,0.0,0.0,0.0,50,4.5,sports_fees_v3,True,42457044277589372441953099057264279944370853562761760280186281262182613093656
Dronova Uliana vs. Rzhevska Anna: Total Games O/U 3.5,A 竞技,0.01,0.99,0.5,0.98,0.0,0.0,0.0,50,4.5,sports_fees_v3,True,98717517862754734677829039035336145878121708176255853720781909527746874815977
Dronova Uliana vs. Rzhevska Anna: Total Games O/U 4.5,A 竞技,0.01,0.99,0.5,0.98,0.0,0.0,0.0,50,4.5,sports_fees_v3,True,49271763540936943008351315669247912996465030076506748784255042500560857349111
Game Handicap: Dronova Uliana (-1.5) vs Rzhevska Anna (+1.5),A 竞技,0.01,0.99,0.5,0.98,0.0,0.0,0.0,50,4.5,sports_fees_v3,True,106211648987277108404267442285459548536111850982251167683121522108289652923837
Game Handicap: Rzhevska Anna (-1.5) vs Dronova Uliana (+1.5),A 竞技,0.01,0.99,0.5,0.98,0.0,0.0,0.0,50,4.5,sports_fees_v3,True,96546866916265720340112207959594610957532621168588816232089844046199822693763
Dronova Uliana vs. Plokhotniuk Nataliia: Total Games O/U 3.5,A 竞技,0.01,0.99,0.5,0.98,0.0,0.0,0.0,50,4.5,sports_fees_v3,True,68473469597931965853310034675064337749588450149093454429308429700254904834382
Dronova Uliana vs. Plokhotniuk Nataliia: Total Games O/U 4.5,A 竞技,0.01,0.99,0.5,0.98,0.0,0.0,0.0,50,4.5,sports_fees_v3,True,21243958091919546447973274891385706337829571160864073199757944015604806417560
Game Handicap: Dronova Uliana (-1.5) vs Plokhotniuk Nataliia (+1.5),A 竞技,0.01,0.99,0.5,0.98,0.0,0.0,0.0,50,4.5,sports_fees_v3,True,6628763409279329529183712749474612614342798693825905144454858299844224612205
Game Handicap: Plokhotniuk Nataliia (-1.5) vs Dronova Uliana (+1.5),A 竞技,0.01,0.99,0.5,0.98,0.0,0.0,0.0,50,4.5,sports_fees_v3,True,90420545409257662190256921743830512421931742130781137800005304151661808438148
Yevtodii Iolanta vs. Ovriakh Alina: Total Games O/U 3.5,A 竞技,0.01,0.99,0.5,0.98,0.0,0.0,0.0,50,4.5,sports_fees_v3,True,30451874078598798354782552435627977066484909031108595990219551976408384560613
Yevtodii Iolanta vs. Ovriakh Alina: Total Games O/U 4.5,A 竞技,0.01,0.99,0.5,0.98,0.0,0.0,0.0,50,4.5,sports_fees_v3,True,77964608734098975746216376547809435600364444682330413991387239345434853866336
Game Handicap: Yevtodii Iolanta (-1.5) vs Ovriakh Alina (+1.5),A 竞技,0.01,0.99,0.5,0.98,0.0,0.0,0.0,50,4.5,sports_fees_v3,True,109114858773905764052214795694687348728333730346150777288223297513021041495511
Game Handicap: Ovriakh Alina (-1.5) vs Yevtodii Iolanta (+1.5),A 竞技,0.01,0.99,0.5,0.98,0.0,0.0,0.0,50,4.5,sports_fees_v3,True,28366970641683010369308249635375305085983686561460737931608649965210959621202
Plokhotniuk Nataliia vs. Yevtodii Iolanta: Total Games O/U 3.5,A 竞技,0.01,0.99,0.5,0.98,0.0,0.0,0.0,50,4.5,sports_fees_v3,True,69831467630768271313821659608074075286267952666280904753130200284545015412013
Plokhotniuk Nataliia vs. Yevtodii Iolanta: Total Games O/U 4.5,A 竞技,0.01,0.99,0.5,0.98,0.0,0.0,0.0,50,4.5,sports_fees_v3,True,29455303643073769461889450024775922797191815429036568090545910838775510247717
Game Handicap: Plokhotniuk Nataliia (-1.5) vs Yevtodii Iolanta (+1.5),A 竞技,0.01,0.99,0.5,0.98,0.0,0.0,0.0,50,4.5,sports_fees_v3,True,59325481548344846671232498435717394387086807580259739153631144714935861299993
Game Handicap: Yevtodii Iolanta (-1.5) vs Plokhotniuk Nataliia (+1.5),A 竞技,0.01,0.99,0.5,0.98,0.0,0.0,0.0,50,4.5,sports_fees_v3,True,70783992882015187248482878812472248184289593182934906446735419903736662374488
Rzhevska Anna vs. Ovriakh Alina: Total Games O/U 3.5,A 竞技,0.01,0.99,0.5,0.98,0.0,0.0,0.0,50,4.5,sports_fees_v3,True,65618050433371573450086454286402669146758035727287675993868524222699741319595
Rzhevska Anna vs. Ovriakh Alina: Total Games O/U 4.5,A 竞技,0.01,0.99,0.5,0.98,0.0,0.0,0.0,50,4.5,sports_fees_v3,True,48243979081805709596534691576446798278374571966213389007008528499862539170989
Game Handicap: Rzhevska Anna (-1.5) vs Ovriakh Alina (+1.5),A 竞技,0.01,0.99,0.5,0.98,0.0,0.0,0.0,50,4.5,sports_fees_v3,True,48709945444690753022226555169368029708991744367943282067020615577884225349022
Game Handicap: Ovriakh Alina (-1.5) vs Rzhevska Anna (+1.5),A 竞技,0.01,0.99,0.5,0.98,0.0,0.0,0.0,50,4.5,sports_fees_v3,True,96988410950609005075343619146845313862626633035302369291830623325034530650165
Dronova Uliana vs. Yevtodii Iolanta: Total Games O/U 3.5,A 竞技,,1.0,,,0.0,0.0,0.0,50,4.5,sports_fees_v3,True,15380565020381738077237848198010783239551556758739912031186357290085809241484
Dronova Uliana vs. Yevtodii Iolanta: Total Games O/U 4.5,A 竞技,,1.0,,,0.0,0.0,0.0,50,4.5,sports_fees_v3,True,10095866305584951062872947359180871445966098751615504527901372068772378998166
Game Handicap: Dronova Uliana (-1.5) vs Yevtodii Iolanta (+1.5),A 竞技,,1.0,,,0.0,0.0,0.0,50,4.5,sports_fees_v3,True,73778231009058357327866879711439707139332296614731164757053839066191346651813
Game Handicap: Yevtodii Iolanta (-1.5) vs Dronova Uliana (+1.5),A 竞技,,1.0,,,0.0,0.0,0.0,50,4.5,sports_fees_v3,True,73690250303504859241590136649910854967404645006672585537325708783916656731152
Plokhotniuk Nataliia vs. Rzhevska Anna: Total Games O/U 3.5,A 竞技,,0.01,,,0.0,0.0,0.0,50,4.5,sports_fees_v3,True,106422556304718317891585005658336536934131987007866424663296872188019241037430
Plokhotniuk Nataliia vs. Rzhevska Anna: Total Games O/U 4.5,A 竞技,,0.01,,,0.0,0.0,0.0,50,4.5,sports_fees_v3,True,50322584238182952980346043148911624960012546397284183906679156348885348006938
Game Handicap: Plokhotniuk Nataliia (-1.5) vs Rzhevska Anna (+1.5),A 竞技,0.99,1.0,0.995,0.010000000000000009,0.0,0.0,0.0,50,4.5,sports_fees_v3,True,22497519085679470279676175754666190745178223263295594063037924404670440920301
Game Handicap: Rzhevska Anna (-1.5) vs Plokhotniuk Nataliia (+1.5),A 竞技,,0.01,,,0.0,0.0,0.0,50,4.5,sports_fees_v3,True,93320377881786829476542937823732751108216317816587695866548873695389901879248
Will Justin Allgaier win the 2026 NASCAR O'Reilly Auto Parts Series ch,A 竞技,0.29,0.32,0.305,0.030000000000000027,131.089812,2813.58576,2.0,20,4.5,sports_fees_v3,True,39533146364398417505180155696786714374764128731802116454198345677713756217730
Will Carson Kvapil win the 2026 NASCAR O'Reilly Auto Parts Series cham,A 竞技,0.1,0.14,0.12000000000000001,0.04000000000000001,71.721429,906.077717,1.0,20,4.5,sports_fees_v3,True,26140552792212896269709909980968866548996842252478953519744626499970456725297
Will Sheldon Creed win the 2026 NASCAR O'Reilly Auto Parts Series cham,A 竞技,0.133,0.247,0.19,0.11399999999999999,0.0,2102.6998739999995,1.0,20,4.5,sports_fees_v3,True,8774690057267684245649397819279753908526462449314717435735881852421504076677
Will Jesse Love win the 2026 NASCAR O'Reilly Auto Parts Series champio,A 竞技,0.086,0.146,0.11599999999999999,0.06,0.0,183.120179,1.0,20,4.5,sports_fees_v3,True,47842916509368627852023347676541974120480011855475893369983682663739608693853
Will Corey Day win the 2026 NASCAR O'Reilly Auto Parts Series champion,A 竞技,0.021,0.19,0.1055,0.169,0.0,182.96912500000002,0.0,20,4.5,sports_fees_v3,True,13522985259119610792837180878441945721141019233972398080450978409077183489396
Will Brandon Jones win the 2026 NASCAR O'Reilly Auto Parts Series cham,A 竞技,0.006,0.061,0.0335,0.055,40.0,138.0,0.0,20,4.5,sports_fees_v3,True,66963224372937615179340722807285763360764091217533912787856496160282575711896
Will Austin Hill win the 2026 NASCAR O'Reilly Auto Parts Series champi,A 竞技,0.006,0.043,0.024499999999999997,0.037,0.0,161.0,0.0,20,4.5,sports_fees_v3,True,22849299992057554658826764600714963015737459171422667769613394721847956264229
Will Sammy Smith win the 2026 NASCAR O'Reilly Auto Parts Series champi,A 竞技,0.006,0.06,0.033,0.054,0.0,95.007459,0.0,20,4.5,sports_fees_v3,True,11047295264342866347979743468290133437987545970958023923661890443032625104344
Will Parker Retzlaff win the 2026 NASCAR O'Reilly Auto Parts Series ch,A 竞技,0.006,0.027,0.0165,0.020999999999999998,0.0,75.0,0.0,20,4.5,sports_fees_v3,True,89894371643268761561847952274550351017698372574059423959450233095772504861862
Will Sam Mayer win the 2026 NASCAR O'Reilly Auto Parts Series champion,A 竞技,0.011,0.04,0.025500000000000002,0.029,7.14,116.164431,0.0,20,4.5,sports_fees_v3,True,115074223178207454180629161097780021470920294279760299485916142465073993718101
Will Taylor Gray win the 2026 NASCAR O'Reilly Auto Parts Series champi,A 竞技,0.004,0.057,0.0305,0.053000000000000005,49.995723999999996,145.995724,0.0,20,4.5,sports_fees_v3,True,104021290976733681429178552047374023008558392490189051546347608565784867865724
Will Rajah Caruth win the 2026 NASCAR O'Reilly Auto Parts Series champ,A 竞技,0.006,0.036,0.020999999999999998,0.03,0.0,172.004138,0.0,20,4.5,sports_fees_v3,True,35542880108438882599953511180305044622165595727925685740082644662266159635623
Will Matt Dibenedetto win the 2026 NASCAR Xfinity Series Blue Cross NC,A 竞技,,0.74,,,0.0,0.0,0.0,50,4.5,sports_fees_v3,True,70191427328168224235318056783361999133701374691078990637011144127115535764137
Will Joey Gase win the 2026 NASCAR Xfinity Series Blue Cross NC 300?,A 竞技,,0.74,,,0.0,0.0,0.0,50,4.5,sports_fees_v3,True,64368877933371043359503707447159612144740884870317693632379034386275743892680
Will Ryan Ellis win the 2026 NASCAR Xfinity Series Blue Cross NC 300?,A 竞技,,0.74,,,0.0,0.0,0.0,50,4.5,sports_fees_v3,True,34838672078262704345223722844595857820842797162587205863983313366818066178003
Will Jeb Burton win the 2026 NASCAR Xfinity Series Blue Cross NC 300?,A 竞技,,0.74,,,0.0,0.0,0.0,50,4.5,sports_fees_v3,True,47820253167858127206505952346929844238714983685931005019779164837794694984531
Will Brandon Jones win the 2026 NASCAR Xfinity Series Blue Cross NC 30,A 竞技,,0.74,,,0.0,0.0,0.0,50,4.5,sports_fees_v3,True,7981044068871762903390928046443055118385457109656383348983852649487051661947
Will Brennan Poole win the 2026 NASCAR Xfinity Series Blue Cross NC 30,A 竞技,,0.74,,,0.0,0.0,0.0,50,4.5,sports_fees_v3,True,38396699792180212241267469126599729961130754557552791500843880767373844512000
Will Justin Allgaier win the 2026 NASCAR Xfinity Series Blue Cross NC ,A 竞技,,0.74,,,0.0,0.0,0.0,50,4.5,sports_fees_v3,True,20881372502667716595734345015138324484030322712807292949924807588801394234936
Will Ryan Sieg win the 2026 NASCAR Xfinity Series Blue Cross NC 300?,A 竞技,,0.74,,,0.0,0.0,0.0,50,4.5,sports_fees_v3,True,16061879808715201585747899503810647505448832220676523580270875483242611960252
Will Jeremy Clements win the 2026 NASCAR Xfinity Series Blue Cross NC ,A 竞技,,0.74,,,0.0,0.0,0.0,50,4.5,sports_fees_v3,True,22426481326538384031366357030275271025719085071217890147560360272438291707508
Will JJ Yeley win the 2026 NASCAR Xfinity Series Blue Cross NC 300?,A 竞技,,0.74,,,0.0,0.0,0.0,50,4.5,sports_fees_v3,True,80157543410865640182421924102432285980323234533419599816473584126486857784846
Will Garrett Smithley win the 2026 NASCAR Xfinity Series Blue Cross NC,A 竞技,,0.74,,,0.0,0.0,0.0,50,4.5,sports_fees_v3,True,86131762409077278080131789438782975527868886526421048531500710405373327938470
Will Austin Hill win the 2026 NASCAR Xfinity Series Blue Cross NC 300?,A 竞技,,0.74,,,0.0,0.0,0.0,50,4.5,sports_fees_v3,True,91904646198898839163837616965071075831777510823553626859846276049090059428115
Will Josh Bilicki win the 2026 NASCAR Xfinity Series Blue Cross NC 300,A 竞技,,0.74,,,0.0,0.0,0.0,50,4.5,sports_fees_v3,True,19982442226829692342122890530029117518979236750054017800740174052882669476586
Will Sheldon Creed win the 2026 NASCAR Xfinity Series Blue Cross NC 30,A 竞技,,0.74,,,0.0,0.0,0.0,50,4.5,sports_fees_v3,True,94839370967988452170877459213069414768041302136384670979236438411714118568032
Will Harrison Burton win the 2026 NASCAR Xfinity Series Blue Cross NC ,A 竞技,,0.74,,,0.0,0.0,0.0,50,4.5,sports_fees_v3,True,48065274421520423462895539055308013204967824473507887190855176778375766110169
Will Myatt Snider win the 2026 NASCAR Xfinity Series Blue Cross NC 300,A 竞技,,0.74,,,0.0,0.0,0.0,50,4.5,sports_fees_v3,True,30668952128523372354031046217448379241117416055209681294448689532692173724311
Will Patrick Staropoli win the 2026 NASCAR Xfinity Series Blue Cross N,A 竞技,,0.74,,,0.0,0.0,0.0,50,4.5,sports_fees_v3,True,775666998425352995573801012488878089723495887286046327244260183991949959966
Will Dawson Cram win the 2026 NASCAR Xfinity Series Blue Cross NC 300?,A 竞技,,0.74,,,0.0,0.0,0.0,50,4.5,sports_fees_v3,True,114671886817358465402473735402612549099990876942469690865609430064068084319044
Will Anthony Alfredo win the 2026 NASCAR Xfinity Series Blue Cross NC ,A 竞技,,0.74,,,0.0,0.0,0.0,50,4.5,sports_fees_v3,True,101705446561635432297813480516075918800501326941136462732534929483823783744884
Will Sam Mayer win the 2026 NASCAR Xfinity Series Blue Cross NC 300?,A 竞技,,0.74,,,0.0,0.0,0.0,50,4.5,sports_fees_v3,True,39106762569435637385371536285912281903528007328231111527181864024939210183643
Will Blaine Perkins win the 2026 NASCAR Xfinity Series Blue Cross NC 3,A 竞技,,0.74,,,0.0,0.0,0.0,50,4.5,sports_fees_v3,True,89960649139099925588097310402407116071319399655570038743161522043664797267317
Will Kyle Sieg win the 2026 NASCAR Xfinity Series Blue Cross NC 300?,A 竞技,,0.74,,,0.0,0.0,0.0,50,4.5,sports_fees_v3,True,84291943601112191886737481971758136761385915111816136494544493121299832036113
Will Taylor Gray win the 2026 NASCAR Xfinity Series Blue Cross NC 300?,A 竞技,,0.74,,,0.0,0.0,0.0,50,4.5,sports_fees_v3,True,3080790734846333244005239084597329592565661610010110827748457031785624455953
Will Dean Thompson win the 2026 NASCAR Xfinity Series Blue Cross NC 30,A 竞技,,0.74,,,0.0,0.0,0.0,50,4.5,sports_fees_v3,True,102188277331969759256096438112270348661049851527955432519205560749797754781928
Will Parker Retzlaff win the 2026 NASCAR Xfinity Series Blue Cross NC ,A 竞技,,0.74,,,0.0,0.0,0.0,50,4.5,sports_fees_v3,True,29785695281128507871863827861660332106723879321476149830665771367988598643668
Will Rajah Caruth win the 2026 NASCAR Xfinity Series Blue Cross NC 300,A 竞技,,0.74,,,0.0,0.0,0.0,50,4.5,sports_fees_v3,True,69042809674246436074669838791636658034998953675420075573157895843719243754623
Will Mason Maggio win the 2026 NASCAR Xfinity Series Blue Cross NC 300,A 竞技,,0.74,,,0.0,0.0,0.0,50,4.5,sports_fees_v3,True,32911110618257564214192259684973422581268991569109755261014724520382385021275
Will Sammy Smith win the 2026 NASCAR Xfinity Series Blue Cross NC 300?,A 竞技,,0.74,,,0.0,0.0,0.0,50,4.5,sports_fees_v3,True,48790612459082965299225372231416713361671694975887407436981299119559077541481
Will William Sawalich win the 2026 NASCAR Xfinity Series Blue Cross NC,A 竞技,,0.74,,,0.0,0.0,0.0,50,4.5,sports_fees_v3,True,12686793049228501041550214250981353875974890671953819595018638336302039034120
Will Jesse Love win the 2026 NASCAR Xfinity Series Blue Cross NC 300?,A 竞技,,0.74,,,0.0,0.0,0.0,50,4.5,sports_fees_v3,True,105624410870777946853477564646941461771460238256644142376754657278639609454577
Will Carson Kvapil win the 2026 NASCAR Xfinity Series Blue Cross NC 30,A 竞技,,0.74,,,0.0,0.0,0.0,50,4.5,sports_fees_v3,True,5584856227447052836763658053867162886355759055302682759831339800100888446218
Will Austin Green win the 2026 NASCAR Xfinity Series Blue Cross NC 300,A 竞技,,0.74,,,0.0,0.0,0.0,50,4.5,sports_fees_v3,True,77347825119433358746023456198814772785129066297429742902081011238156386529005
Will Corey Day win the 2026 NASCAR Xfinity Series Blue Cross NC 300?,A 竞技,,0.74,,,0.0,0.0,0.0,50,4.5,sports_fees_v3,True,31385756626668657283085191775814046896265369543795142569762540960348662050975
Will Brent Crews win the 2026 NASCAR Xfinity Series Blue Cross NC 300?,A 竞技,,0.74,,,0.0,0.0,0.0,50,4.5,sports_fees_v3,True,104700278411287538940619891366330849664015654808802692237121781696360709180175
Will Jake Finch win the 2026 NASCAR Xfinity Series Blue Cross NC 300?,A 竞技,,0.74,,,0.0,0.0,0.0,50,4.5,sports_fees_v3,True,17280398977994098280419580546492875524948245177452366316274194271437858999470
Will Lavar Scott win the 2026 NASCAR Xfinity Series Blue Cross NC 300?,A 竞技,,0.74,,,0.0,0.0,0.0,50,4.5,sports_fees_v3,True,73813629968016176290862452257929216486567474254746436084361359447850440848245
Will Carson Brown win the 2026 NASCAR Xfinity Series Blue Cross NC 300,A 竞技,,0.74,,,0.0,0.0,0.0,50,4.5,sports_fees_v3,True,75307026457641348628580614301830462250643541074560226669006914885745433414506
Montevideo City Torque leading at halftime?,A 竞技,,1.0,,,0.0,0.0,0.0,50,4.5,sports_fees_v3,True,13417734371582234084547911365570489071589926741047752945734957509500529279290
Montevideo City Torque vs. Montevideo Wanderers: Draw at halftime?,A 竞技,,1.0,,,0.0,0.0,0.0,50,4.5,sports_fees_v3,True,108524966930015345251717344545288279514501850010930701644751219690502458191492
Montevideo Wanderers leading at halftime?,A 竞技,,1.0,,,0.0,0.0,0.0,50,4.5,sports_fees_v3,True,45376903013376202636179634895432606550254814007095074743294357848686069543689
Montevideo City Torque to win the second half?,A 竞技,,1.0,,,0.0,0.0,0.0,50,4.5,sports_fees_v3,True,88850842394068588709144064500271879183368927077482684274471710047696460043327
Montevideo City Torque vs. Montevideo Wanderers: Second half draw?,A 竞技,,1.0,,,0.0,0.0,0.0,50,4.5,sports_fees_v3,True,110446481971074567121603322423521829609753459774385554693416906729821647900938
Montevideo Wanderers to win the second half?,A 竞技,,1.0,,,0.0,0.0,0.0,50,4.5,sports_fees_v3,True,91566812831397653085894917205252659102066577384283465881614802723686042625470
Montevideo City Torque vs. Montevideo Wanderers: O/U 7.5 Total Corners,A 竞技,,1.0,,,0.0,0.0,0.0,50,4.5,sports_fees_v3,True,17740312261248374654989483973156525690361604241526170963227607629247262663605
Montevideo City Torque vs. Montevideo Wanderers: O/U 8.5 Total Corners,A 竞技,,1.0,,,0.0,0.0,0.0,50,4.5,sports_fees_v3,True,14274685188208156308357663956386803498101217484966134247738019824134621198097
Montevideo City Torque vs. Montevideo Wanderers: O/U 9.5 Total Corners,A 竞技,,1.0,,,0.0,0.0,0.0,50,4.5,sports_fees_v3,True,22333257405122740722001869529869017520086676935086044546634470850392789201842
Montevideo City Torque vs. Montevideo Wanderers: O/U 10.5 Total Corner,A 竞技,,1.0,,,0.0,0.0,0.0,50,4.5,sports_fees_v3,True,99816520199836910228259688935958242884250255389384958648319655420674187595247
Montevideo City Torque vs. Montevideo Wanderers: O/U 11.5 Total Corner,A 竞技,,1.0,,,0.0,0.0,0.0,50,4.5,sports_fees_v3,True,2754881019943053078636583580527024454780651417084063902196828395416131757759
Montevideo City Torque vs. Montevideo Wanderers: O/U 12.5 Total Corner,A 竞技,,1.0,,,0.0,0.0,0.0,50,4.5,sports_fees_v3,True,85032844025868772268101776746425686340022735823623073470388727615936501296067
Montevideo City Torque vs. Montevideo Wanderers: O/U 13.5 Total Corner,A 竞技,,1.0,,,0.0,0.0,0.0,50,4.5,sports_fees_v3,True,15505712288986336892830230494766685268095801524185346233312537663147101253760
Montevideo City Torque vs. Montevideo Wanderers: 1st Half O/U 3.5 Tota,A 竞技,,1.0,,,0.0,0.0,0.0,50,4.5,sports_fees_v3,True,22201629214320291580145728597353719318661010315025103403719149476906256502523
Montevideo City Torque vs. Montevideo Wanderers: 1st Half O/U 4.5 Tota,A 竞技,,1.0,,,0.0,0.0,0.0,50,4.5,sports_fees_v3,True,105389544463807548487640395101066619604517058876541254312835457417087616248955
Montevideo City Torque vs. Montevideo Wanderers: 1st Half O/U 5.5 Tota,A 竞技,,1.0,,,0.0,0.0,0.0,50,4.5,sports_fees_v3,True,14131702073410647540867269735517412679750764267098258268052520678260059795303
Montevideo City Torque vs. Montevideo Wanderers: 2nd Half O/U 3.5 Tota,A 竞技,,1.0,,,0.0,0.0,0.0,50,4.5,sports_fees_v3,True,35085923892801708338853340919429127053893548471216545835325759356084816594711
Montevideo City Torque vs. Montevideo Wanderers: 2nd Half O/U 4.5 Tota,A 竞技,,1.0,,,0.0,0.0,0.0,50,4.5,sports_fees_v3,True,68341257280297634047855202891084971420600730234145131843564571889411898371669
Montevideo City Torque vs. Montevideo Wanderers: 2nd Half O/U 5.5 Tota,A 竞技,,1.0,,,0.0,0.0,0.0,50,4.5,sports_fees_v3,True,87482184702980979287018551657601415678960960095316458550321663462646100858967
Montevideo City Torque vs. Montevideo Wanderers: Montevideo City Torqu,A 竞技,,1.0,,,0.0,0.0,0.0,50,4.5,sports_fees_v3,True,66655946455846717622877736940094301737282800036283950054241040738260307744514
Montevideo City Torque vs. Montevideo Wanderers: Montevideo City Torqu,A 竞技,,1.0,,,0.0,0.0,0.0,50,4.5,sports_fees_v3,True,55165852721015929608908476804896684348672160150403257494055378074261899086270
Montevideo City Torque vs. Montevideo Wanderers: Montevideo City Torqu,A 竞技,,1.0,,,0.0,0.0,0.0,50,4.5,sports_fees_v3,True,31804309023172957662235155773640197018678168917980558584359474262244179650170
Montevideo City Torque vs. Montevideo Wanderers: Montevideo City Torqu,A 竞技,,1.0,,,0.0,0.0,0.0,50,4.5,sports_fees_v3,True,50194635152466936055963066742757902416881506467359918572746005407858636967036
Montevideo City Torque vs. Montevideo Wanderers: Montevideo Wanderers ,A 竞技,,1.0,,,0.0,0.0,0.0,50,4.5,sports_fees_v3,True,72082455433734186484504262927166637760988044718611724231808097221885806517646
Montevideo City Torque vs. Montevideo Wanderers: Montevideo Wanderers ,A 竞技,,1.0,,,0.0,0.0,0.0,50,4.5,sports_fees_v3,True,48165069317157332972916151916439674906497895888830025678385355925456750961141
Montevideo City Torque vs. Montevideo Wanderers: Montevideo Wanderers ,A 竞技,,1.0,,,0.0,0.0,0.0,50,4.5,sports_fees_v3,True,67113383318327730981186221578400678880959602535278116176009588604140884447979
Montevideo City Torque vs. Montevideo Wanderers: Montevideo Wanderers ,A 竞技,,1.0,,,0.0,0.0,0.0,50,4.5,sports_fees_v3,True,52420872491037842346357654099424127211696982853826251116255817974811655771763
Montevideo City Torque vs. Montevideo Wanderers: Total Corners Odd or ,A 竞技,,1.0,,,0.0,5.314813,0.0,50,4.5,sports_fees_v3,True,75490607720223893718106695767199559201174164963797961949205892061499089804768
Montevideo City Torque vs. Montevideo Wanderers: Team to Take First Co,A 竞技,,1.0,,,0.0,0.0,0.0,50,4.5,sports_fees_v3,True,74584934452209073925040473177868054841465335860529107185308246148395309757411
Albion FC vs. Danubio FC: Team to Take First Corner,A 竞技,,1.0,,,0.0,0.0,0.0,50,4.5,sports_fees_v3,True,64477875183163566112010833503467562090444659627701494967602544056857465393830
Racing Club Montevideo vs. CA Boston River: O/U 7.5 Total Corners,A 竞技,,1.0,,,0.0,0.0,0.0,50,4.5,sports_fees_v3,True,52780560193717605804298499555428292649449024869635154794723958643759884387271
Racing Club Montevideo vs. CA Boston River: O/U 8.5 Total Corners,A 竞技,,1.0,,,0.0,0.0,0.0,50,4.5,sports_fees_v3,True,107120309737853656810436432889444725458102579834674532263436891590639468308815
Racing Club Montevideo vs. CA Boston River: O/U 9.5 Total Corners,A 竞技,,1.0,,,0.0,0.0,0.0,50,4.5,sports_fees_v3,True,11726816172589074784551746538778182121944007192749977163245055247014562199132
Racing Club Montevideo vs. CA Boston River: O/U 10.5 Total Corners,A 竞技,,1.0,,,0.0,0.0,0.0,50,4.5,sports_fees_v3,True,33710339787177674105204949552538615205696112555412020120149817725161592338913
Racing Club Montevideo vs. CA Boston River: O/U 11.5 Total Corners,A 竞技,,1.0,,,0.0,0.0,0.0,50,4.5,sports_fees_v3,True,32227306550063270122746353262949249236133640785709624100192700485342502790333
Racing Club Montevideo vs. CA Boston River: O/U 12.5 Total Corners,A 竞技,,1.0,,,0.0,0.0,0.0,50,4.5,sports_fees_v3,True,54368860338797085131742089709842007776561431247733959620659164408483797946324
Racing Club Montevideo vs. CA Boston River: O/U 13.5 Total Corners,A 竞技,,1.0,,,0.0,0.0,0.0,50,4.5,sports_fees_v3,True,53969811655393312258051667993697812322328062415826293918097072328616875899177
Racing Club Montevideo vs. CA Boston River: 1st Half O/U 3.5 Total Cor,A 竞技,,1.0,,,0.0,0.0,0.0,50,4.5,sports_fees_v3,True,12996091495727523419128593665920354548816684712967655198370488396489606483095
Racing Club Montevideo vs. CA Boston River: 1st Half O/U 4.5 Total Cor,A 竞技,,1.0,,,0.0,0.0,0.0,50,4.5,sports_fees_v3,True,36552378434965979133150647613998924200437390427829932136090235827673897825235
Racing Club Montevideo vs. CA Boston River: 1st Half O/U 5.5 Total Cor,A 竞技,,1.0,,,0.0,0.0,0.0,50,4.5,sports_fees_v3,True,70918852433982006579531579863169823434610602209468798162445823217577624263876
Racing Club Montevideo vs. CA Boston River: 2nd Half O/U 3.5 Total Cor,A 竞技,,1.0,,,0.0,0.0,0.0,50,4.5,sports_fees_v3,True,68210251844402036452336053677626496610998821451614711318926897041040596294947
Racing Club Montevideo vs. CA Boston River: 2nd Half O/U 4.5 Total Cor,A 竞技,,1.0,,,0.0,0.0,0.0,50,4.5,sports_fees_v3,True,58847238805555678746762309185731634434510346749681691477893031129055117655380
Racing Club Montevideo vs. CA Boston River: 2nd Half O/U 5.5 Total Cor,A 竞技,,1.0,,,0.0,0.0,0.0,50,4.5,sports_fees_v3,True,53142846388319012498457854643356293261657173804466062458191348159658573794899
Racing Club Montevideo vs. CA Boston River: Racing Club Montevideo O/U,A 竞技,,1.0,,,0.0,0.0,0.0,50,4.5,sports_fees_v3,True,80110574820963418117802973506150108058423928877561628899830304171843454898498
Racing Club Montevideo vs. CA Boston River: Racing Club Montevideo O/U,A 竞技,,1.0,,,0.0,0.0,0.0,50,4.5,sports_fees_v3,True,110633077459025818640063969037831157444110083703797953182948474486658012549028
Racing Club Montevideo vs. CA Boston River: Racing Club Montevideo O/U,A 竞技,,1.0,,,0.0,0.0,0.0,50,4.5,sports_fees_v3,True,30444575126251307619695600596063724328190130426341742084629340989361892444186
Racing Club Montevideo vs. CA Boston River: Racing Club Montevideo O/U,A 竞技,,1.0,,,0.0,0.0,0.0,50,4.5,sports_fees_v3,True,10918737275914731060105988274866156695147356223150034460765525794554664611526
Racing Club Montevideo vs. CA Boston River: CA Boston River O/U 2.5 Co,A 竞技,,1.0,,,0.0,0.0,0.0,50,4.5,sports_fees_v3,True,71881677458006488361066233751735491473283576653941212079875089559923793187917
Racing Club Montevideo vs. CA Boston River: CA Boston River O/U 3.5 Co,A 竞技,,1.0,,,0.0,0.0,0.0,50,4.5,sports_fees_v3,True,2148047841733243562100548190214145088592511347324087224186199378241499123271
Racing Club Montevideo vs. CA Boston River: CA Boston River O/U 4.5 Co,A 竞技,,1.0,,,0.0,0.0,0.0,50,4.5,sports_fees_v3,True,36510219124657929493331705289315517050461545650781920442379738795808272187501
Racing Club Montevideo vs. CA Boston River: CA Boston River O/U 5.5 Co,A 竞技,,1.0,,,0.0,0.0,0.0,50,4.5,sports_fees_v3,True,39764396636961665329301055794755745079672546627430712486101150135006416441942
Racing Club Montevideo vs. CA Boston River: Total Corners Odd or Even?,A 竞技,,1.0,,,0.0,0.0,0.0,50,4.5,sports_fees_v3,True,24178357255892882102197120415031247783476713887026324371715442951355665816920
Racing Club Montevideo vs. CA Boston River: Team to Take First Corner,A 竞技,,1.0,,,0.0,0.0,0.0,50,4.5,sports_fees_v3,True,83084945312733624112132957746450788486202666014197064990211863937467618082815
Deportivo Maldonado vs. CA Juventud de Las Piedras: O/U 7.5 Total Corn,A 竞技,,1.0,,,0.0,0.0,0.0,50,4.5,sports_fees_v3,True,18126958463752037956298566389787317780713155150471505655192792504575317320549
Deportivo Maldonado vs. CA Juventud de Las Piedras: O/U 8.5 Total Corn,A 竞技,,1.0,,,0.0,0.0,0.0,50,4.5,sports_fees_v3,True,62682268325832215009098458340530758978326661800517037353258590629177451825507
Deportivo Maldonado vs. CA Juventud de Las Piedras: O/U 9.5 Total Corn,A 竞技,,1.0,,,0.0,0.0,0.0,50,4.5,sports_fees_v3,True,110283808426597813369239620428397502127000834553557503481596757990391643273564
Deportivo Maldonado vs. CA Juventud de Las Piedras: O/U 10.5 Total Cor,A 竞技,,1.0,,,0.0,0.0,0.0,50,4.5,sports_fees_v3,True,47917103275544392005573063300778616430970916126632128173548562286289532793129
Deportivo Maldonado vs. CA Juventud de Las Piedras: O/U 11.5 Total Cor,A 竞技,,1.0,,,0.0,0.0,0.0,50,4.5,sports_fees_v3,True,51208405948694408058707120516812306283666100510138671482663656444984648717264
Deportivo Maldonado vs. CA Juventud de Las Piedras: O/U 12.5 Total Cor,A 竞技,,1.0,,,0.0,0.0,0.0,50,4.5,sports_fees_v3,True,97361119781768220855349801131998432240356877757409526881034283925245153739736
Deportivo Maldonado vs. CA Juventud de Las Piedras: O/U 13.5 Total Cor,A 竞技,,1.0,,,0.0,0.0,0.0,50,4.5,sports_fees_v3,True,41907649763069354204646147012938643278318144380323008875715613012588317926151
Deportivo Maldonado vs. CA Juventud de Las Piedras: 1st Half O/U 3.5 T,A 竞技,,1.0,,,0.0,0.0,0.0,50,4.5,sports_fees_v3,True,61801951722862769251643975775677424167439305598779048775809971388096208625857
Deportivo Maldonado vs. CA Juventud de Las Piedras: 1st Half O/U 4.5 T,A 竞技,,1.0,,,0.0,0.0,0.0,50,4.5,sports_fees_v3,True,14495329060507929778962362923931514182964739175189812178622617765725831333440
Deportivo Maldonado vs. CA Juventud de Las Piedras: 1st Half O/U 5.5 T,A 竞技,,1.0,,,0.0,0.0,0.0,50,4.5,sports_fees_v3,True,91977908789516246682974406573919421668692414553914765449347394363783019136380
Deportivo Maldonado vs. CA Juventud de Las Piedras: 2nd Half O/U 3.5 T,A 竞技,,1.0,,,0.0,0.0,0.0,50,4.5,sports_fees_v3,True,38004920390774373890576716647387868530928909557643370537274970079445378908051
Deportivo Maldonado vs. CA Juventud de Las Piedras: 2nd Half O/U 4.5 T,A 竞技,,1.0,,,0.0,0.0,0.0,50,4.5,sports_fees_v3,True,93313640633083456119795388916651827316294214009932696539270498215578704048393
Deportivo Maldonado vs. CA Juventud de Las Piedras: 2nd Half O/U 5.5 T,A 竞技,,1.0,,,0.0,0.0,0.0,50,4.5,sports_fees_v3,True,88220667462090267884971010070126977232962846190045991589382395011073624853973
Deportivo Maldonado vs. CA Juventud de Las Piedras: Deportivo Maldonad,A 竞技,,1.0,,,0.0,0.0,0.0,50,4.5,sports_fees_v3,True,104200504171086066750613737466803285627593194180409140152597326573529679469005
Deportivo Maldonado vs. CA Juventud de Las Piedras: Deportivo Maldonad,A 竞技,,1.0,,,0.0,0.0,0.0,50,4.5,sports_fees_v3,True,79352036027144776783594353697380047277389731986408849268837503156272041565329
Deportivo Maldonado vs. CA Juventud de Las Piedras: Deportivo Maldonad,A 竞技,,1.0,,,0.0,0.0,0.0,50,4.5,sports_fees_v3,True,35923421960211665435452575736042043069193084254424956108376417644442997336155
Deportivo Maldonado vs. CA Juventud de Las Piedras: Deportivo Maldonad,A 竞技,,1.0,,,0.0,0.0,0.0,50,4.5,sports_fees_v3,True,58879454214408942185060257812436055306687592400401402953180213189518495908479
Deportivo Maldonado vs. CA Juventud de Las Piedras: CA Juventud de Las,A 竞技,,1.0,,,0.0,0.0,0.0,50,4.5,sports_fees_v3,True,32742633214007420658153677290302887168240961152508883435396970750864223041458
Deportivo Maldonado vs. CA Juventud de Las Piedras: CA Juventud de Las,A 竞技,,1.0,,,0.0,0.0,0.0,50,4.5,sports_fees_v3,True,96174877807132538080250831186363610446847105573135895214056897540907744442163
Deportivo Maldonado vs. CA Juventud de Las Piedras: CA Juventud de Las,A 竞技,,1.0,,,0.0,0.0,0.0,50,4.5,sports_fees_v3,True,94764530136920998919827837087208109722677487794282215842164040195425602973843
Deportivo Maldonado vs. CA Juventud de Las Piedras: CA Juventud de Las,A 竞技,,1.0,,,0.0,0.0,0.0,50,4.5,sports_fees_v3,True,35332375017817307941569925045582599460751471108947176271134579724434344041910
Deportivo Maldonado vs. CA Juventud de Las Piedras: Total Corners Odd ,A 竞技,,1.0,,,0.0,0.0,0.0,50,4.5,sports_fees_v3,True,89854378928135325982595535660487069557012294465174663820195063416894733988433
Deportivo Maldonado vs. CA Juventud de Las Piedras: Team to Take First,A 竞技,,1.0,,,0.0,0.0,0.0,50,4.5,sports_fees_v3,True,114945119081001539461866843290480026918938316667139754440849833765681566805554
Defensor Sporting vs. CA Cerro: O/U 7.5 Total Corners,A 竞技,,1.0,,,0.0,0.0,0.0,50,4.5,sports_fees_v3,True,82981620973883396485359004709805177711082111179984213022555904635025569485957
Defensor Sporting vs. CA Cerro: O/U 8.5 Total Corners,A 竞技,,1.0,,,0.0,0.0,0.0,50,4.5,sports_fees_v3,True,4569413467959635359453790373791495373841480508430058016908416936222270812278
Defensor Sporting vs. CA Cerro: O/U 9.5 Total Corners,A 竞技,,1.0,,,0.0,0.0,0.0,50,4.5,sports_fees_v3,True,42117244455580925933334390509272416899644549877396881442376773513196724217662
Defensor Sporting vs. CA Cerro: O/U 10.5 Total Corners,A 竞技,,1.0,,,0.0,0.0,0.0,50,4.5,sports_fees_v3,True,113905702069188575554753690732546553950276447045906580060633473364667693689022
Defensor Sporting vs. CA Cerro: O/U 11.5 Total Corners,A 竞技,,1.0,,,0.0,0.0,0.0,50,4.5,sports_fees_v3,True,27840555397373999820081772414822531572190025308032774978907628099019541849455
Defensor Sporting vs. CA Cerro: O/U 12.5 Total Corners,A 竞技,,1.0,,,0.0,0.0,0.0,50,4.5,sports_fees_v3,True,43066674499201926552226427994961282196575808052177727374009275382613851088122
Defensor Sporting vs. CA Cerro: O/U 13.5 Total Corners,A 竞技,,1.0,,,0.0,0.0,0.0,50,4.5,sports_fees_v3,True,105205303771512239630519892668610167407028903677932802629895356031491061590558
Defensor Sporting vs. CA Cerro: 1st Half O/U 3.5 Total Corners,A 竞技,,1.0,,,0.0,0.0,0.0,50,4.5,sports_fees_v3,True,58354033365736599560443126242855768103984719664782511617934527844955558748940
Defensor Sporting vs. CA Cerro: 1st Half O/U 4.5 Total Corners,A 竞技,,1.0,,,0.0,0.0,0.0,50,4.5,sports_fees_v3,True,82983806303009870029622822595146710993100473089777484361160360884274759103431
Defensor Sporting vs. CA Cerro: 1st Half O/U 5.5 Total Corners,A 竞技,,1.0,,,0.0,0.0,0.0,50,4.5,sports_fees_v3,True,44215412027481318042793546893573200109141596232913598139826955811130278201444
Defensor Sporting vs. CA Cerro: 2nd Half O/U 3.5 Total Corners,A 竞技,,1.0,,,0.0,0.0,0.0,50,4.5,sports_fees_v3,True,38627325680569542856404093974161285906697627232076370500166490543185028107723
Defensor Sporting vs. CA Cerro: 2nd Half O/U 4.5 Total Corners,A 竞技,,1.0,,,0.0,0.0,0.0,50,4.5,sports_fees_v3,True,48709944290115690723438192336296045764987799486243234986260899257451570430350
Defensor Sporting vs. CA Cerro: 2nd Half O/U 5.5 Total Corners,A 竞技,,1.0,,,0.0,0.0,0.0,50,4.5,sports_fees_v3,True,35943970921960577819501457354189543242731748158878930607313127001530971137259
Defensor Sporting vs. CA Cerro: Defensor Sporting O/U 2.5 Corners,A 竞技,,1.0,,,0.0,0.0,0.0,50,4.5,sports_fees_v3,True,85938845167970282657155003022573627796387512797635079139310727075858740075071
Defensor Sporting vs. CA Cerro: Defensor Sporting O/U 3.5 Corners,A 竞技,,1.0,,,0.0,0.0,0.0,50,4.5,sports_fees_v3,True,30227112043421214139344477154892774785893059550654383178542291939150204927568
Defensor Sporting vs. CA Cerro: Defensor Sporting O/U 4.5 Corners,A 竞技,,1.0,,,0.0,0.0,0.0,50,4.5,sports_fees_v3,True,106081209488370146812247843203788185011968863422282720378299761678915127955870
Defensor Sporting vs. CA Cerro: Defensor Sporting O/U 5.5 Corners,A 竞技,,1.0,,,0.0,0.0,0.0,50,4.5,sports_fees_v3,True,81364377948056803565389843500720896860115231727834189500514331819900733503741
Defensor Sporting vs. CA Cerro: CA Cerro O/U 2.5 Corners,A 竞技,,1.0,,,0.0,0.0,0.0,50,4.5,sports_fees_v3,True,60978952905146326762719264889879523199319239485432220928286113228050748359604
Defensor Sporting vs. CA Cerro: CA Cerro O/U 3.5 Corners,A 竞技,,1.0,,,0.0,0.0,0.0,50,4.5,sports_fees_v3,True,7203922991206909999003559984712906583293058999522368388721392633586152216704
Defensor Sporting vs. CA Cerro: CA Cerro O/U 4.5 Corners,A 竞技,,1.0,,,0.0,0.0,0.0,50,4.5,sports_fees_v3,True,113118723092921829370932549924616916122274132484224627768002028131817572971634
Defensor Sporting vs. CA Cerro: CA Cerro O/U 5.5 Corners,A 竞技,,1.0,,,0.0,0.0,0.0,50,4.5,sports_fees_v3,True,65472898155654812623800420664353426709023116112502879119175765244317479007790
Defensor Sporting vs. CA Cerro: Total Corners Odd or Even?,A 竞技,,1.0,,,0.0,0.0,0.0,50,4.5,sports_fees_v3,True,67738491254703334485606118753759548143437372797913426895867253299874939133456
Defensor Sporting vs. CA Cerro: Team to Take First Corner,A 竞技,,1.0,,,0.0,0.0,0.0,50,4.5,sports_fees_v3,True,6909726172931638897371925133529471807811210967027301416233926848470888513520
Central Espanol FC vs. Liverpool Montevideo: O/U 7.5 Total Corners,A 竞技,,1.0,,,0.0,0.0,0.0,50,4.5,sports_fees_v3,True,111842272709094286031002048734519398049655967263448092695870965107021589903666
Fight to Go the Distance?,A 竞技,,1.0,,,0.0,0.0,0.0,50,4.5,sports_fees_v2,True,77503559848059464656683466819767863185296003199551383946088563153598793929911
Power Slap 22: Daniyar Daurenovich vs. Darren Godfrey (Fight 1),A 竞技,,1.0,,,0.0,131.826987,0.0,50,4.5,sports_fees_v3,True,932993214397192775688988077111576310625009186631844980727686376768546587346
Fight to Go the Distance?,A 竞技,,1.0,,,0.0,0.0,0.0,50,4.5,sports_fees_v3,True,70676332873376079241216957390274334391470145981723831774976633887902610341060
Will the fight be won by KO or TKO?,A 竞技,,1.0,,,0.0,0.0,0.0,50,4.5,sports_fees_v3,True,38357915906010233824981420206356329469499741272898193297386220552452862512505
Will Daniyar Daurenovich win by KO or TKO?,A 竞技,,1.0,,,0.0,0.0,0.0,50,4.5,sports_fees_v3,True,64164089882990326542141243914590665000592473637089434388483776658421592137250
Will Darren Godfrey win by KO or TKO?,A 竞技,,1.0,,,0.0,0.0,0.0,50,4.5,sports_fees_v3,True,106821614929328811147450312465238613341699251150603750003872178113525986295188
Power Slap 23: Hayden Johnson vs. John Reubel (Fight 2),A 竞技,0.01,0.99,0.5,0.98,0.0,0.0,0.0,50,4.5,sports_fees_v3,True,85455931466100367061505820342262107576263136219638780502061179612546088113719
Fight to Go the Distance?,A 竞技,,1.0,,,0.0,0.0,0.0,50,4.5,sports_fees_v3,True,114186774485251006787595020047148604269481280781435158337776193386878312199498
Will the fight be won by KO or TKO?,A 竞技,,1.0,,,0.0,0.0,0.0,50,4.5,sports_fees_v3,True,80063764412148644562326956054545664188059963276575939102561009327058375793027
Will Hayden Johnson win by KO or TKO?,A 竞技,,1.0,,,0.0,0.0,0.0,50,4.5,sports_fees_v3,True,52529103186841967279081863848247641073856702647361626379701090536866427550585
Will John Reubel win by KO or TKO?,A 竞技,,1.0,,,0.0,0.0,0.0,50,4.5,sports_fees_v3,True,108784470244992926820085819596889115913633020649959162498679404702248365266626
Fight to Go the Distance?,A 竞技,,1.0,,,0.0,0.0,0.0,50,4.5,sports_fees_v3,True,41662594919697387925443804553580818144193795424207114718969818660832737247768
Fight to Go the Distance?,A 竞技,,1.0,,,0.0,0.0,0.0,50,4.5,sports_fees_v3,True,31295237877312561983616900712904113869947497996709292535393604792162265621805
Power Slap 24: Pono Pau vs. Nathan Klingensmith (Fight 1),A 竞技,0.5,0.98,0.74,0.48,0.0,0.0,0.0,50,4.5,sports_fees_v3,True,89347038766475688505735813528879418442558904962712008104221748184962180665670
Fight to Go the Distance?,A 竞技,0.01,0.99,0.5,0.98,0.0,0.0,0.0,50,4.5,sports_fees_v3,True,56973354734947166008202180312501076369334134528157322610874483549407062374606
Will the fight be won by KO or TKO?,A 竞技,0.01,0.99,0.5,0.98,0.0,0.0,0.0,50,4.5,sports_fees_v3,True,55211281280125208822098958167793376515990008937942176995770727328008075837793
Will Pono Pau win by KO or TKO?,A 竞技,0.01,0.99,0.5,0.98,0.0,0.0,0.0,50,4.5,sports_fees_v3,True,107897665140521894917074002168878004939101664362457699599699733821000846481575
Will Nathan Klingensmith win by KO or TKO?,A 竞技,0.01,0.99,0.5,0.98,0.0,0.0,0.0,50,4.5,sports_fees_v3,True,51517664459300603489508690970255692668109894390631714292179613009005176543740
Will Austin Cindric win the 2026 NASCAR Cup Series championship?,A 竞技,0.001,0.002,0.0015,0.001,0.0,379.022,0.0,20,4.5,sports_fees_v3,True,50983116993876758345989580167415547790962399342273980166698790588565258393355
Will Kyle Larson win the 2026 NASCAR Cup Series championship?,A 竞技,0.429,0.43,0.4295,0.0010000000000000009,0.0,4012.7014990000007,2.0,20,4.5,sports_fees_v3,True,80387649361663967783720414743451746455285579684363190637559405133484382266840
Will Daniel Suarez win the 2026 NASCAR Cup Series championship?,A 竞技,0.001,0.002,0.0015,0.001,0.0,358.154,0.0,20,4.5,sports_fees_v3,True,6532160127603742420088904047945171732268237616507695983597953627144532386391
Will Chase Elliott win the 2026 NASCAR Cup Series championship?,A 竞技,0.002,0.102,0.052,0.09999999999999999,0.0,293.161907,0.0,20,4.5,sports_fees_v3,True,108223426213362525685895490793095081727647193599936257884279996573650909104532
Will Denny Hamlin win the 2026 NASCAR Cup Series championship?,A 竞技,0.25,0.3,0.275,0.04999999999999999,42.93243,23100.688719,1.0,20,4.5,sports_fees_v3,True,13841604113337861763082836774153615752694618659712760652225471216496475246190
Will Ryan Blaney win the 2026 NASCAR Cup Series championship?,A 竞技,0.05,0.08,0.065,0.03,0.0,9126.998724,0.0,20,4.5,sports_fees_v3,True,106200390095296501989584284563820370221015439455894436955239698412913653104396
Will Chris Buescher win the 2026 NASCAR Cup Series championship?,A 竞技,0.001,0.002,0.0015,0.001,0.0,340.749892,0.0,20,4.5,sports_fees_v3,True,17122847795331994017717744862820933207259060256515799135886450421956094593556
Will Chase Briscoe win the 2026 NASCAR Cup Series championship?,A 竞技,0.01,0.058,0.034,0.048,0.0,423.100862,0.0,20,4.5,sports_fees_v3,True,18026158705683432846556293970255726858807465409476309900655800665109327645573
Will Christopher Bell win the 2026 NASCAR Cup Series championship?,A 竞技,0.088,0.118,0.103,0.03,6.39,1517.6122129999999,0.0,20,4.5,sports_fees_v3,True,8874199436575659773446922952785563865687043784866800678258257460666465560615
Will Joey Logano win the 2026 NASCAR Cup Series championship?,A 竞技,0.049,0.081,0.065,0.032,0.0,2592.3385359999997,0.0,20,4.5,sports_fees_v3,True,43603222897672160856523043047160453484617654995150794480360716387246229895739
Will Bubba Wallace win the 2026 NASCAR Cup Series championship?,A 竞技,0.002,0.132,0.067,0.13,0.0,602.304,0.0,20,4.5,sports_fees_v3,True,16965794308466155081464688011438724268955048567366837691738014158454933434898
Will William Byron win the 2026 NASCAR Cup Series championship?,A 竞技,0.001,0.004,0.0025,0.003,0.0,309.152,0.0,20,4.5,sports_fees_v3,True,36289002827304195465826801544991994541263992227523497037296289985022635707355
Will Tyler Reddick win the 2026 NASCAR Cup Series championship?,A 竞技,0.004,0.018,0.011,0.013999999999999999,0.0,5655.888777,0.0,20,4.5,sports_fees_v3,True,99400361878565108951308965655508180548469817699486035730618075528384261999586
Will Ty Gibbs win the 2026 NASCAR Cup Series championship?,A 竞技,0.003,0.024,0.0135,0.021,0.0,435.97542699999997,0.0,20,4.5,sports_fees_v3,True,92497877063001603308497940882749487132438447274734139956003423477307769386066
Will Ryan Preece win the 2026 NASCAR Cup Series championship?,A 竞技,0.001,0.002,0.0015,0.001,0.0,359.022,0.0,20,4.5,sports_fees_v3,True,84313768230867982015929985769973870712671009071150230542208811220120259919839
Will Carson Hocevar win the 2026 NASCAR Cup Series championship?,A 竞技,0.006,0.04,0.023,0.034,30.1,1340.2591340000001,0.0,20,4.5,sports_fees_v3,True,64506219492253863768739049273889697504355454187525629498057239870651160699145
Will Layne Riggs win the 2026 NASCAR Craftsman Truck Series championsh,A 竞技,0.33,0.34,0.335,0.010000000000000009,0.0,786.4387099999999,17.0,20,4.5,sports_fees_v3,True,6503112791241175665737295925789647014642419505874800243006681326559948135238
Will Kaden Honeycutt win the 2026 NASCAR Craftsman Truck Series champi,A 竞技,0.4,0.43,0.41500000000000004,0.02999999999999997,65.03,592.2928400000001,22.0,20,4.5,sports_fees_v3,True,89300314218411521764566348165259146591687647029558983563693045446274049128355
Will Chandler Smith win the 2026 NASCAR Craftsman Truck Series champio,A 竞技,0.006,0.099,0.052500000000000005,0.093,0.0,428.797,0.0,20,4.5,sports_fees_v3,True,99327512782473180608925417193936693581353202612238252657955642217499471791057
Will Christian Eckes win the 2026 NASCAR Craftsman Truck Series champi,A 竞技,0.006,0.073,0.0395,0.06699999999999999,0.0,241.27255000000002,0.0,20,4.5,sports_fees_v3,True,66241848141415815646335846408499446830307414951583511929485180819032726004358
Will Giovanni Ruggiero win the 2026 NASCAR Craftsman Truck Series cham,A 竞技,0.007,0.074,0.0405,0.06699999999999999,0.0,160.0,0.0,20,4.5,sports_fees_v3,True,53920088831254357959387707171024318853838904650967472339243696418083258573328
Will Ty Majeski win the 2026 NASCAR Craftsman Truck Series championshi,A 竞技,0.071,0.107,0.089,0.036000000000000004,0.0,162.219489,1.0,20,4.5,sports_fees_v3,True,94848198032269769515429152225396245870734676077188817540237908641251214491626
Will Grant Enfinger win the 2026 NASCAR Craftsman Truck Series champio,A 竞技,0.007,0.084,0.045500000000000006,0.077,0.0,365.089656,0.0,20,4.5,sports_fees_v3,True,72467835658770950834369670875956082657025427321478575361948063799450891398
Will Daniel Hemric win the 2026 NASCAR Craftsman Truck Series champion,A 竞技,0.007,0.076,0.0415,0.06899999999999999,63.0,145.23,0.0,20,4.5,sports_fees_v3,True,113223058273551189928905686847526723276740067596327743817563433438482704823760
Will Ben Rhodes win the 2026 NASCAR Craftsman Truck Series championshi,A 竞技,0.004,0.029,0.0165,0.025,0.0,98.0,0.0,20,4.5,sports_fees_v3,True,32247375463966591286232714056109457832085655921562896122502934993639047771966
Will Tyler Ankrum win the 2026 NASCAR Craftsman Truck Series champions,A 竞技,0.006,0.058,0.032,0.052000000000000005,0.0,24.994684,0.0,20,4.5,sports_fees_v3,True,76568709022204530651974553893842791738787540173788443082485042756271956615102
Will Regan Smith win the 2026 NASCAR Craftsman Truck Series Ecosave 20,A 竞技,0.001,0.739,0.37,0.738,0.0,0.0,0.0,50,4.5,sports_fees_v3,True,4554615067049751087801606508822588439301792027353420206471095086965236301673
Will Corey Lajoie win the 2026 NASCAR Craftsman Truck Series Ecosave 2,A 竞技,0.001,0.739,0.37,0.738,0.0,0.0,0.0,50,4.5,sports_fees_v3,True,115749886231129987868382356422900085418784416202674443654014927859626932834366
Will Josh Reaume win the 2026 NASCAR Craftsman Truck Series Ecosave 20,A 竞技,0.001,0.739,0.37,0.738,0.0,0.0,0.0,50,4.5,sports_fees_v3,True,20207931735406818821229558845800196765542631771153736947021857413797939639001
Will Timmy Hill win the 2026 NASCAR Craftsman Truck Series Ecosave 200,A 竞技,,0.74,,,0.0,0.0,0.0,50,4.5,sports_fees_v3,True,86180211797957879935700607940405238461993175621589195646570524706244752673000
Will Grant Enfinger win the 2026 NASCAR Craftsman Truck Series Ecosave,A 竞技,0.001,0.739,0.37,0.738,0.0,0.0,0.0,50,4.5,sports_fees_v3,True,41195863727542809823169943925688359137031570253948034148570694205898250214321
Will Daniel Hemric win the 2026 NASCAR Craftsman Truck Series Ecosave ,A 竞技,0.001,0.739,0.37,0.738,0.0,0.0,0.0,50,4.5,sports_fees_v3,True,70004787211538424463981444131608736374747883138882122030667275629127564039727
Will Ben Rhodes win the 2026 NASCAR Craftsman Truck Series Ecosave 200,A 竞技,,0.74,,,0.0,0.0,0.0,50,4.5,sports_fees_v3,True,73518719202066921591212810006419419056019817212467281794439187174444984967714
Will Justin Haley win the 2026 NASCAR Craftsman Truck Series Ecosave 2,A 竞技,,0.74,,,0.0,0.0,0.0,50,4.5,sports_fees_v3,True,4508476653801373742316952825815714032719779051313642863939731780523981793415
Will Spencer Boyd win the 2026 NASCAR Craftsman Truck Series Ecosave 2,A 竞技,,0.74,,,0.0,0.0,0.0,50,4.5,sports_fees_v3,True,47489218067124081411681599726051869409878676894338399806766713702168719413860
Will Stewart Friesen win the 2026 NASCAR Craftsman Truck Series Ecosav,A 竞技,,0.74,,,0.0,0.0,0.0,50,4.5,sports_fees_v3,True,110961200469203475930908696136484714218342830933459777082485256451755399673336
Will Matt Mills win the 2026 NASCAR Craftsman Truck Series Ecosave 200,A 竞技,0.001,0.74,0.3705,0.739,0.0,0.0,0.0,50,4.5,sports_fees_v3,True,52310215115943315041318550426622103978027885111239688729712561803191444467332
Will Ty Majeski win the 2026 NASCAR Craftsman Truck Series Ecosave 200,A 竞技,,0.73,,,0.0,0.0,0.0,50,4.5,sports_fees_v3,True,60289880365955343395815147441031641205649598711572795879606532577130771381603
Will Bayley Currey win the 2026 NASCAR Craftsman Truck Series Ecosave ,A 竞技,,0.74,,,0.0,0.0,0.0,50,4.5,sports_fees_v3,True,42970010087365069502931534891022491673972481255334627045691276950860010872068
Will Christian Eckes win the 2026 NASCAR Craftsman Truck Series Ecosav,A 竞技,,0.73,,,0.0,0.0,0.0,50,4.5,sports_fees_v3,True,18119138902951058455601360606577375958833959650522682744707180560819864291572
Will Tyler Ankrum win the 2026 NASCAR Craftsman Truck Series Ecosave 2,A 竞技,0.001,0.739,0.37,0.738,0.0,0.0,0.0,50,4.5,sports_fees_v3,True,23940883592111309515447373834270897976660368519939604826778985621198753020688
Will Chandler Smith win the 2026 NASCAR Craftsman Truck Series Ecosave,A 竞技,,0.73,,,0.0,0.0,0.0,50,4.5,sports_fees_v3,True,3025058480145486618520895866830139402537177943854485050504340526626182491252
Will Tanner Gray win the 2026 NASCAR Craftsman Truck Series Ecosave 20,A 竞技,0.001,0.739,0.37,0.738,0.0,0.0,0.0,50,4.5,sports_fees_v3,True,109195223705283780974074788282077028218585672609126399160588833169969508279578
Will Kris Wright win the 2026 NASCAR Craftsman Truck Series Ecosave 20,A 竞技,,0.73,,,0.0,0.0,0.0,50,4.5,sports_fees_v3,True,22751133752822406101788507696330296845157223494596837833520371878048127558785
Will Rajah Caruth win the 2026 NASCAR Craftsman Truck Series Ecosave 2,A 竞技,,0.73,,,0.0,0.0,0.0,50,4.5,sports_fees_v3,True,103086998667650733114597943821359523767989634358835808494413286519795435320802
Will Jake Garcia win the 2026 NASCAR Craftsman Truck Series Ecosave 20,A 竞技,0.001,0.739,0.37,0.738,0.0,0.0,0.0,50,4.5,sports_fees_v3,True,43942708733080927661614364498458229172109626614689168479752968021304265040673
Will Kaden Honeycutt win the 2026 NASCAR Craftsman Truck Series Ecosav,A 竞技,,0.73,,,0.0,0.0,0.0,50,4.5,sports_fees_v3,True,115433706122743525719243548215717955252327424831725561375531140619739245417257
Will Connor Mosack win the 2026 NASCAR Craftsman Truck Series Ecosave ,A 竞技,,0.73,,,0.0,0.0,0.0,50,4.5,sports_fees_v3,True,34288088520883960645870306162967256424520794073088463617775137339395831525406
Will Layne Riggs win the 2026 NASCAR Craftsman Truck Series Ecosave 20,A 竞技,,0.73,,,0.0,0.0,0.0,50,4.5,sports_fees_v3,True,93874386628283301429381714371303549864948323415439816386348566827851886021610
Will Leland Honeyman win the 2026 NASCAR Craftsman Truck Series Ecosav,A 竞技,,0.73,,,0.0,0.0,0.0,50,4.5,sports_fees_v3,True,88557946689285960296828554767842761042737866640575991466427847136174203842609
Will Daniel Dye win the 2026 NASCAR Craftsman Truck Series Ecosave 200,A 竞技,,0.74,,,0.0,0.0,0.0,50,4.5,sports_fees_v3,True,90368258871987147120982035503953438048812259707562702169205903965831597601916
Will Conner Jones win the 2026 NASCAR Craftsman Truck Series Ecosave 2,A 竞技,0.001,0.739,0.37,0.738,0.0,0.0,0.0,50,4.5,sports_fees_v3,True,16784359044575986201296676894896119610149144221473791113543014758313584759733
Will Landen Lewis win the 2026 NASCAR Craftsman Truck Series Ecosave 2,A 竞技,,0.74,,,0.0,0.0,0.0,50,4.5,sports_fees_v3,True,54546026838497236953357276353904418829682154075132883116851777737900089876771
Will Brenden Queen win the 2026 NASCAR Craftsman Truck Series Ecosave ,A 竞技,0.001,0.96,0.4805,0.959,0.0,0.0,0.0,50,4.5,sports_fees_v3,True,100850985855259729052463534119719259001717436086746969990517126174565062165443
Will Dawson Sutton win the 2026 NASCAR Craftsman Truck Series Ecosave ,A 竞技,0.001,0.739,0.37,0.738,0.0,0.0,0.0,50,4.5,sports_fees_v3,True,92203998650372875324437065714691655474958968920135124956112976435120375832923
Will Andres Perez De Lara win the 2026 NASCAR Craftsman Truck Series E,A 竞技,0.001,0.738,0.3695,0.737,0.0,0.0,0.0,50,4.5,sports_fees_v3,True,94381160782399760274140878748936781323569718637814974035326624079992194454599
Will Gio Ruggiero win the 2026 NASCAR Craftsman Truck Series Ecosave 2,A 竞技,,0.73,,,0.0,0.0,0.0,50,4.5,sports_fees_v3,True,75478013155679479649659852329430125634479221288899950298272627794708873162967
Will Luke Baldwin win the 2026 NASCAR Craftsman Truck Series Ecosave 2,A 竞技,0.001,0.819,0.41,0.818,0.0,0.0,0.0,50,4.5,sports_fees_v3,True,81767601622256782909999319762931554439814256667916680263876607257195971627376
Will Brent Crews win the 2026 NASCAR Craftsman Truck Series Ecosave 20,A 竞技,,0.73,,,0.0,0.0,0.0,50,4.5,sports_fees_v3,True,47863396642553627314454841617425611129933191062700406787268179817405103926590
Will Cole Butcher win the 2026 NASCAR Craftsman Truck Series Ecosave 2,A 竞技,0.001,0.739,0.37,0.738,0.0,0.0,0.0,50,4.5,sports_fees_v3,True,93231850824685818616029674823056270686305823105021794850152463943626698187046
Will Mini Tyrrell win the 2026 NASCAR Craftsman Truck Series Ecosave 2,A 竞技,0.001,0.73,0.3655,0.729,0.0,0.0,0.0,50,4.5,sports_fees_v3,True,15729170515141131000174846766305219984852948100270302745211956914295417395875
CS Emelec vs. SD Aucas: Team to Take First Corner,A 竞技,,1.0,,,0.0,0.0,0.0,50,4.5,sports_fees_v3,True,79160481078237121139954906162625825613736205041285564473112464029111654494519
CD Universidad Catolica del Ecuador vs. CD Tecnico Universitario: Team,A 竞技,,1.0,,,0.0,0.0,0.0,50,4.5,sports_fees_v3,True,61367518300146432340034065978017154099583993309067798979348948212903852253182
Barcelona SC vs. CSD Macara: Team to Take First Corner,A 竞技,,1.0,,,0.0,0.0,0.0,50,4.5,sports_fees_v3,True,103445377705318748696765127531599172292462109901495042615044944082686916148025
SD Aucas vs. Leones Futbol Club: Team to Take First Corner,A 竞技,,1.0,,,0.0,0.0,0.0,50,4.5,sports_fees_v3,True,5082942765174366999949118120371852761600461344746559686195074753058061161946
Will Aucas win the 2026 LigaPro Serie A (Ecuador)?,A 竞技,0.006,0.049,0.0275,0.043000000000000003,0.0,18.14,0.0,50,4.5,sports_fees_v3,True,114312664859361615738602760500342009755973561037669354988655502573908641965211
Will Barcelona SC win the 2026 LigaPro Serie A (Ecuador)?,A 竞技,0.008,0.058,0.033,0.05,0.0,68.0798,0.0,50,4.5,sports_fees_v3,True,66221022751453519241905618843979138090157497969015877492948264530736447549517
Will Independiente del Valle win the 2026 LigaPro Serie A (Ecuador)?,A 竞技,0.91,0.96,0.935,0.04999999999999993,0.0,63.025549999999996,0.0,50,4.5,sports_fees_v3,True,109236276781972787081305356892434288473250244748284012061663218295061252312921
Will LDU Quito win the 2026 LigaPro Serie A (Ecuador)?,A 竞技,0.006,0.049,0.0275,0.043000000000000003,0.0,38.14,0.0,50,4.5,sports_fees_v3,True,87291578093065213140314648997366622104492150616835561181655480091363800105793
Will Macará win the 2026 LigaPro Serie A (Ecuador)?,A 竞技,0.006,0.049,0.0275,0.043000000000000003,0.0,18.14,0.0,50,4.5,sports_fees_v3,True,94969635910413277960657833887199347216670330593548960436082220572820368660002
Will Universidad Católica win the 2026 LigaPro Serie A (Ecuador)?,A 竞技,0.006,0.049,0.0275,0.043000000000000003,0.0,18.69,0.0,50,4.5,sports_fees_v3,True,31446581457605253161993516016715648175927125975842018369832655814021796770882
Will Aucas be runner-up in the 2026 LigaPro Serie A (Ecuador)?,A 竞技,0.03,0.95,0.49,0.9199999999999999,0.0,0.0,0.0,50,4.5,sports_fees_v3,True,32233763553004259463494658443497667216707057473342336699392016198333234812575
Will Barcelona SC be runner-up in the 2026 LigaPro Serie A (Ecuador)?,A 竞技,0.02,0.97,0.495,0.95,0.0,0.0,0.0,50,4.5,sports_fees_v3,True,93589352077763609149999900127582492220850035157871046496741860970604829064221
Will Independiente del Valle be runner-up in the 2026 LigaPro Serie A ,A 竞技,0.02,0.93,0.47500000000000003,0.91,0.0,0.0,0.0,50,4.5,sports_fees_v3,True,85388683621403000414881315343141972059513629592964317558220310682124314721326
Will LDU Quito be runner-up in the 2026 LigaPro Serie A (Ecuador)?,A 竞技,0.03,0.97,0.5,0.94,0.0,0.0,0.0,50,4.5,sports_fees_v3,True,99154838780504434301853332749289581978934514785202792968766273644926629311256
Will Macará be runner-up in the 2026 LigaPro Serie A (Ecuador)?,A 竞技,0.02,0.97,0.495,0.95,0.0,0.0,0.0,50,4.5,sports_fees_v3,True,20207418816870633320380146518646007638672826621609842692092711109083535377174
Will Universidad Católica be runner-up in the 2026 LigaPro Serie A (Ec,A 竞技,0.02,0.92,0.47000000000000003,0.9,0.0,0.0,0.0,50,4.5,sports_fees_v3,True,46220933809675980571824849510611675979275824862904197608698767977946342831045
Will Aucas be relegated from the 2026 LigaPro Serie A (Ecuador)?,A 竞技,0.001,0.04,0.0205,0.039,0.0,0.0,0.0,20,4.5,sports_fees_v3,True,90793441854202126304548894852884129069277048409248441813644735013733253691149
Will Barcelona SC be relegated from the 2026 LigaPro Serie A (Ecuador),A 竞技,0.005,0.026,0.0155,0.020999999999999998,0.0,124.0,0.0,20,4.5,sports_fees_v3,True,13386536791702560625820839837080929348904324851116595660114288238261926546425
Will Delfín be relegated from the 2026 LigaPro Serie A (Ecuador)?,A 竞技,0.53,0.54,0.535,0.010000000000000009,0.0,260.0,5.0,20,4.5,sports_fees_v3,True,108121232337432189062699661639148050001239252917307471995476489357249154879937
Will Deportivo Cuenca be relegated from the 2026 LigaPro Serie A (Ecua,A 竞技,0.02,0.061,0.0405,0.040999999999999995,0.0,42.0,1.0,20,4.5,sports_fees_v3,True,62189551612642436148037366025224421609229987360454663736820059734266054312539
Will Emelec be relegated from the 2026 LigaPro Serie A (Ecuador)?,A 竞技,0.001,0.04,0.0205,0.039,0.0,197.0,0.0,20,4.5,sports_fees_v3,True,104925694854793716593219430671068365621999295001568673449472379709404200532516
Will Guayaquil City be relegated from the 2026 LigaPro Serie A (Ecuado,A 竞技,0.002,0.037,0.0195,0.034999999999999996,0.0,408.99978300000004,0.0,20,4.5,sports_fees_v3,True,12764926835940854565494352235271815753811818100643819619880373876533881851074
Will Independiente del Valle be relegated from the 2026 LigaPro Serie ,A 竞技,0.004,0.049,0.026500000000000003,0.045,0.0,21.0,0.0,20,4.5,sports_fees_v3,True,65119680013534432151238867125505449119892285510177608411242287591163702179731
Will LDU Quito be relegated from the 2026 LigaPro Serie A (Ecuador)?,A 竞技,0.001,0.04,0.0205,0.039,0.0,0.0,0.0,20,4.5,sports_fees_v3,True,29459811147955604073388728073398948038363644043143319626239891134435436345315
Will Leones be relegated from the 2026 LigaPro Serie A (Ecuador)?,A 竞技,0.003,0.05,0.026500000000000003,0.047,0.0,0.0,0.0,20,4.5,sports_fees_v3,True,92092441246125280931450164196644476497557868010163999989934657378129139809557
Will Libertad be relegated from the 2026 LigaPro Serie A (Ecuador)?,A 竞技,0.003,0.05,0.026500000000000003,0.047,0.0,0.0,0.0,20,4.5,sports_fees_v3,True,13426570479814044044685235613289574072184206531111448090621551312812034474443
Will Macará be relegated from the 2026 LigaPro Serie A (Ecuador)?,A 竞技,0.003,0.054,0.0285,0.051,0.0,63.73465,0.0,20,4.5,sports_fees_v3,True,56572350695510612371150745054817255610189409019982315638574055650885956781846
Will Manta be relegated from the 2026 LigaPro Serie A (Ecuador)?,A 竞技,0.75,0.76,0.755,0.010000000000000009,0.0,200.2,5.0,20,4.5,sports_fees_v3,True,78146773202804758620750993399275099471898368496631039255926623939414161583795
Will Mushuc Runa be relegated from the 2026 LigaPro Serie A (Ecuador)?,A 竞技,0.01,0.25,0.13,0.24,0.0,41.0,1.0,20,4.5,sports_fees_v3,True,52259717745700836310927105188948695316759864828707805140178891654828071334027
Will Orense be relegated from the 2026 LigaPro Serie A (Ecuador)?,A 竞技,0.21,0.27,0.24,0.060000000000000026,0.0,0.0,5.0,20,4.5,sports_fees_v3,True,41930878692091400904373722164044210225947625986211319546156605176285671633299
Will Técnico Universitario be relegated from the 2026 LigaPro Serie A ,A 竞技,0.02,0.25,0.135,0.23,0.0,20.0,1.0,20,4.5,sports_fees_v3,True,83252623074674002948465525172396989446589898605957883707075683298446740508543
Will Universidad Católica be relegated from the 2026 LigaPro Serie A (,A 竞技,0.003,0.05,0.026500000000000003,0.047,0.0,0.0,0.0,20,4.5,sports_fees_v3,True,110634676111013940095153221087767706833273750368586257788034537409120695606983
Will Delfín finish 14th in the 2026 LigaPro Serie A (Ecuador)?,A 竞技,0.03,0.96,0.495,0.9299999999999999,0.0,0.0,0.0,50,4.5,sports_fees_v3,True,25756618898388354262093250488730961650956576197452465147989230653982134821010
Will Deportivo Cuenca finish 14th in the 2026 LigaPro Serie A (Ecuador,A 竞技,0.04,0.93,0.48500000000000004,0.89,0.0,0.0,0.0,50,4.5,sports_fees_v3,True,63497017754393450149601006088339814712157337797488238777209261789240646357029
Will Manta finish 14th in the 2026 LigaPro Serie A (Ecuador)?,A 竞技,0.02,0.97,0.495,0.95,0.0,0.0,0.0,50,4.5,sports_fees_v3,True,10895713315220787882815238892491539678746507799387161803369809839263999160927
Will Mushuc Runa finish 14th in the 2026 LigaPro Serie A (Ecuador)?,A 竞技,0.02,0.95,0.485,0.9299999999999999,0.0,0.0,0.0,50,4.5,sports_fees_v3,True,86103927648449194870181865855176255363194484061987401648212336303023409600521
Will Orense finish 14th in the 2026 LigaPro Serie A (Ecuador)?,A 竞技,0.04,0.97,0.505,0.9299999999999999,0.0,0.0,0.0,50,4.5,sports_fees_v3,True,38092658247881526259420483093462285563745589240031835352254027508079253958392
Will Técnico Universitario finish 14th in the 2026 LigaPro Serie A (Ec,A 竞技,0.03,0.97,0.5,0.94,0.0,0.0,0.0,50,4.5,sports_fees_v3,True,26031045086117997857471737758745873817575386648581226048298935458029240471002
Will Aucas keep the most clean sheets in the 2026 LigaPro Serie A (Ecu,A 竞技,0.01,0.97,0.49,0.96,0.0,0.0,0.0,50,4.5,sports_fees_v3,True,100931953296515452526023951491136097859145866839387817119871143568777139162110
Will Barcelona SC keep the most clean sheets in the 2026 LigaPro Serie,A 竞技,0.01,0.97,0.49,0.96,0.0,0.0,0.0,50,4.5,sports_fees_v3,True,108123408417805798020202983819849314897805971004308559963246071732232158891679
Will Delfín keep the most clean sheets in the 2026 LigaPro Serie A (Ec,A 竞技,0.01,0.97,0.49,0.96,0.0,0.0,0.0,50,4.5,sports_fees_v3,True,93466571964314633506204318847448440584660995932734552027449561781501121170877
Will Deportivo Cuenca keep the most clean sheets in the 2026 LigaPro S,A 竞技,0.01,0.97,0.49,0.96,0.0,0.0,0.0,50,4.5,sports_fees_v3,True,19088308880987406312655400579361280770611537020927097174399359696004077183228
Will Emelec keep the most clean sheets in the 2026 LigaPro Serie A (Ec,A 竞技,0.01,0.97,0.49,0.96,0.0,0.0,0.0,50,4.5,sports_fees_v3,True,110998045972639013905859983738192532800214327683798933287238277931558787983740
Will Independiente del Valle keep the most clean sheets in the 2026 Li,A 竞技,0.01,0.97,0.49,0.96,0.0,0.0,0.0,50,4.5,sports_fees_v3,True,62407237469104909690635294813531404225426484618481115414875866663862022021301
Will LDU Quito keep the most clean sheets in the 2026 LigaPro Serie A ,A 竞技,0.01,0.97,0.49,0.96,0.0,0.0,0.0,50,4.5,sports_fees_v3,True,115664611476989918531404613577656669754871513603161915113518336327161971602875
Will Leones keep the most clean sheets in the 2026 LigaPro Serie A (Ec,A 竞技,0.01,0.96,0.485,0.95,0.0,0.0,0.0,50,4.5,sports_fees_v3,True,13930729397945425418085321249672342947356067070124427233398278187057017592726
Will Libertad keep the most clean sheets in the 2026 LigaPro Serie A (,A 竞技,0.01,0.97,0.49,0.96,0.0,0.0,0.0,50,4.5,sports_fees_v3,True,104743401682397515811001405634571826936652900641729794851315988300835827172245
Will Macará keep the most clean sheets in the 2026 LigaPro Serie A (Ec,A 竞技,0.01,0.88,0.445,0.87,0.0,0.0,0.0,50,4.5,sports_fees_v3,True,84319935627080404190315948569667787185784335901693235147208484357908586483203
Will Manta keep the most clean sheets in the 2026 LigaPro Serie A (Ecu,A 竞技,0.01,0.88,0.445,0.87,0.0,0.0,0.0,50,4.5,sports_fees_v3,True,91152920875497774698637072283960004467467356091182991244558653687165044440081
Will Mushuc Runa keep the most clean sheets in the 2026 LigaPro Serie ,A 竞技,0.01,0.88,0.445,0.87,0.0,0.0,0.0,50,4.5,sports_fees_v3,True,97706448225164194524255488419200205649410219972766049567054812593991469789894
Will Orense keep the most clean sheets in the 2026 LigaPro Serie A (Ec,A 竞技,0.01,0.88,0.445,0.87,0.0,0.0,0.0,50,4.5,sports_fees_v3,True,46104081480439679561094079763785902760566353247095121441970334310707643983965
Will Técnico Universitario keep the most clean sheets in the 2026 Liga,A 竞技,0.01,0.97,0.49,0.96,0.0,0.0,0.0,50,4.5,sports_fees_v3,True,88317967417037526158719419807615141282706838313599724319762172971718799969409
Will Universidad Católica keep the most clean sheets in the 2026 LigaP,A 竞技,0.01,0.97,0.49,0.96,0.0,0.0,0.0,50,4.5,sports_fees_v3,True,70348832138905214221068921976623009556814288323432595087587299044199784111052
Will Barcelona SC win on 2026-09-21?,A 竞技,0.01,0.99,0.5,0.98,0.0,191.60415999999998,0.0,50,4.5,sports_fees_v3,True,26519587587216173215645206260473131005111714078408329559292026711121750170222
Will Barcelona SC vs. CSD Independiente del Valle end in a draw?,A 竞技,0.01,0.32,0.165,0.31,0.0,19.127747,0.0,50,4.5,sports_fees_v3,True,1675743427369700007800259542174765528244389690336162549270740592213164968374
Will CSD Independiente del Valle win on 2026-09-21?,A 竞技,,0.99,,,0.0,638.7986099999999,0.0,50,4.5,sports_fees_v3,True,85008721719954789672412596407497066856299970691109652046802003477971381866697
Barcelona SC leading at halftime?,A 竞技,,1.0,,,0.0,11.111112,0.0,50,4.5,sports_fees_v3,True,11797427129387580427134636715166272014995423659179542905812960706627050718729
Barcelona SC vs. CSD Independiente del Valle: Draw at halftime?,A 竞技,,1.0,,,0.0,144.389831,0.0,50,4.5,sports_fees_v3,True,104475656119470927549332542465484997610201921320156867674071365926098467611724
CSD Independiente del Valle leading at halftime?,A 竞技,,1.0,,,0.0,0.0,0.0,50,4.5,sports_fees_v3,True,82936122226619984157613492275479669903881055832323277936090716262304259710932
Barcelona SC to win the second half?,A 竞技,,1.0,,,0.0,0.0,0.0,50,4.5,sports_fees_v3,True,104164629029002110663370855328527308749156935261982844823023038261271051667296
Barcelona SC vs. CSD Independiente del Valle: Second half draw?,A 竞技,,1.0,,,0.0,1.612902,0.0,50,4.5,sports_fees_v3,True,47971725753020939180597971942817809402399563660119007333467600626106669347939
CSD Independiente del Valle to win the second half?,A 竞技,,1.0,,,0.0,0.0,0.0,50,4.5,sports_fees_v3,True,109987125021006191245858395676611295517379802570104814403593839832658201747934
Exact Score: Barcelona SC 0 - 0 CSD Independiente del Valle?,A 竞技,,1.0,,,0.0,15.5,0.0,50,4.5,sports_fees_v3,True,17403496820590288848173779782333850967633076921391762672317563533316736589026
Exact Score: Barcelona SC 0 - 1 CSD Independiente del Valle?,A 竞技,,1.0,,,0.0,76.0,0.0,50,4.5,sports_fees_v3,True,23990761723126727765053374766858245772370671038627099868830557827128490387059
Exact Score: Barcelona SC 1 - 0 CSD Independiente del Valle?,A 竞技,,1.0,,,0.0,0.0,0.0,50,4.5,sports_fees_v3,True,25205584833682757243373837073099447162579176996031550507270761592667285249824
Exact Score: Barcelona SC 0 - 2 CSD Independiente del Valle?,A 竞技,,1.0,,,0.0,0.0,0.0,50,4.5,sports_fees_v3,True,58453835376076242497108710769419445220227415726654392364146853506830305981877
Exact Score: Barcelona SC 1 - 1 CSD Independiente del Valle?,A 竞技,,1.0,,,0.0,6.25,0.0,50,4.5,sports_fees_v3,True,68303414329602268816700404026009492918890522535147979230640608207137534418954
Exact Score: Barcelona SC 2 - 0 CSD Independiente del Valle?,A 竞技,,1.0,,,0.0,0.0,0.0,50,4.5,sports_fees_v3,True,92408741962127765866178369002157624162147453643015627867004188232425341151408
Exact Score: Barcelona SC 0 - 3 CSD Independiente del Valle?,A 竞技,,1.0,,,0.0,30.303031,0.0,50,4.5,sports_fees_v3,True,38642518529643678595618111208790538675284424762502921587733403915902977688417
Exact Score: Barcelona SC 1 - 2 CSD Independiente del Valle?,A 竞技,,1.0,,,0.0,0.0,0.0,50,4.5,sports_fees_v3,True,33306086521354319978638442763576427389720283226219694463802652641427964447444
Exact Score: Barcelona SC 2 - 1 CSD Independiente del Valle?,A 竞技,,1.0,,,0.0,0.0,0.0,50,4.5,sports_fees_v3,True,104442039349723124005274861307203658758790380194014725387135848518782617339464
Exact Score: Barcelona SC 3 - 0 CSD Independiente del Valle?,A 竞技,,1.0,,,0.0,35.714286,0.0,50,4.5,sports_fees_v3,True,5989158922139028702980050888820412374987206125933497249614260315369510399222
Exact Score: Barcelona SC 1 - 3 CSD Independiente del Valle?,A 竞技,,1.0,,,0.0,53.71045,0.0,50,4.5,sports_fees_v3,True,50286567885440086607010740026780540666077391602803338873358444411367248372426
Exact Score: Barcelona SC 2 - 2 CSD Independiente del Valle?,A 竞技,,1.0,,,0.0,16.666667,0.0,50,4.5,sports_fees_v3,True,20397409653015263927742745332594614578023388321532788494318140162444800527101
Exact Score: Barcelona SC 3 - 1 CSD Independiente del Valle?,A 竞技,,1.0,,,0.0,53.446865,0.0,50,4.5,sports_fees_v3,True,111877737072160458673630179418092962321295184823507694166355982244432487614052
Exact Score: Barcelona SC 2 - 3 CSD Independiente del Valle?,A 竞技,,1.0,,,0.0,85.04166699999999,0.0,50,4.5,sports_fees_v3,True,76077795961699450784337789387431434521359591938367188259825134560719726218709
Exact Score: Barcelona SC 3 - 2 CSD Independiente del Valle?,A 竞技,,1.0,,,0.0,88.739131,0.0,50,4.5,sports_fees_v3,True,38672395907447601386148043654841559691903447134857020037083139840103025011753
Exact Score: Barcelona SC 3 - 3 CSD Independiente del Valle?,A 竞技,,1.0,,,0.0,216.8,0.0,50,4.5,sports_fees_v3,True,75124011600414397535801951652290429351647025765018387953746372792470087856151
Exact Score: Any Other Score?,A 竞技,,1.0,,,0.0,0.0,0.0,50,4.5,sports_fees_v3,True,24890194915043943213829976962991884460111283255962862931039820508931512229738
Barcelona SC to score first vs. CSD Independiente del Valle?,A 竞技,,1.0,,,0.0,0.0,0.0,50,4.5,sports_fees_v3,True,12979189598714518329306601348766076918928197591807946130252524285309080039129
CSD Independiente del Valle to score first vs. Barcelona SC?,A 竞技,,1.0,,,0.0,0.0,0.0,50,4.5,sports_fees_v3,True,11463768058642116662296076560821479899973581691380017890252265357617955960177
Barcelona SC vs. CSD Independiente del Valle: Neither team to score fi,A 竞技,,1.0,,,0.0,0.0,0.0,50,4.5,sports_fees_v3,True,48854983235186614152065802146978670819199600100880839079261019684287167841147
Spread: Barcelona SC (-1.5),A 竞技,,0.99,,,0.0,2.1,0.0,50,4.5,sports_fees_v3,True,14868610477996385154268267891540514803371455271443451363366285191868254073827
Spread: CSD Independiente del Valle (-1.5),A 竞技,,0.99,,,0.0,0.0,0.0,50,4.5,sports_fees_v3,True,47153925939302795145312816726267781370787932892823596157249806821630470423279
Spread: Barcelona SC (-2.5),A 竞技,,0.99,,,0.0,67.6,0.0,50,4.5,sports_fees_v3,True,33748362620441694307776385798815067569423311994199696018498015787551585331078
Spread: CSD Independiente del Valle (-2.5),A 竞技,,0.999,,,0.0,12.341280000000001,0.0,50,4.5,sports_fees_v3,True,62317257301538882122748631098104190126663812154976285238069152234410816205855
Barcelona SC vs. CSD Independiente del Valle: O/U 0.5,A 竞技,0.01,1.0,0.505,0.99,0.0,13.186369000000001,0.0,50,4.5,sports_fees_v3,True,105694240855251295158709591543734789627131280135854522558847079493985341269573
Barcelona SC vs. CSD Independiente del Valle: O/U 1.5,A 竞技,0.01,1.0,0.505,0.99,0.0,4.0,0.0,50,4.5,sports_fees_v3,True,68077872563737944438310711996926232925465114637930230401612839400225328824651
Barcelona SC vs. CSD Independiente del Valle: O/U 2.5,A 竞技,,0.999,,,0.0,306.83736600000003,0.0,50,4.5,sports_fees_v3,True,17116744745444914481384035876710625004634391074462719789027050977009057562236
Barcelona SC vs. CSD Independiente del Valle: O/U 3.5,A 竞技,0.01,1.0,0.505,0.99,0.0,28.185186,0.0,50,4.5,sports_fees_v3,True,62462010420182135274584306590437391802464079884001837360094247270414799522220
Barcelona SC vs. CSD Independiente del Valle: O/U 4.5,A 竞技,,1.0,,,0.0,39.999997,0.0,50,4.5,sports_fees_v3,True,23375770945841131310588941856791898750017331985045841163101160671511789464067
Barcelona SC vs. CSD Independiente del Valle: O/U 5.5,A 竞技,,1.0,,,0.0,38.0,0.0,50,4.5,sports_fees_v3,True,65941123048167188736923248501179815884140193176995114665438795307321810946698
Barcelona SC vs. CSD Independiente del Valle: Both Teams to Score,A 竞技,0.01,1.0,0.505,0.99,0.0,117.413692,0.0,50,4.5,sports_fees_v3,True,63169005910738356042212418872756032623713014581557254927427695096798863522987
Barcelona SC vs. CSD Independiente del Valle: Both Teams to Score in F,A 竞技,,1.0,,,0.0,5.555556,0.0,50,4.5,sports_fees_v3,True,77384431949334391238510340380110890838827302500186236099264009169105872198275
Barcelona SC vs. CSD Independiente del Valle: 1st Half O/U 0.5,A 竞技,,1.0,,,0.0,0.0,0.0,50,4.5,sports_fees_v3,True,44946092276285273812674199847131190981023950291618245421200161438893448659563
Barcelona SC vs. CSD Independiente del Valle: 1st Half O/U 1.5,A 竞技,,1.0,,,0.0,0.0,0.0,50,4.5,sports_fees_v3,True,8335226319033011678815299967241457221389240664278968868182236596649891191815
Barcelona SC vs. CSD Independiente del Valle: 1st Half O/U 2.5,A 竞技,,1.0,,,0.0,0.0,0.0,50,4.5,sports_fees_v3,True,5688118021909413468466160478206909092307574328850815052938724872004980470549
Barcelona SC vs. CSD Independiente del Valle: Barcelona SC O/U 0.5,A 竞技,,1.0,,,0.0,0.0,0.0,50,4.5,sports_fees_v3,True,66407671033546215427143547706706353874553275504333370325005464273188308916406
Barcelona SC vs. CSD Independiente del Valle: Barcelona SC O/U 1.5,A 竞技,,1.0,,,0.0,0.0,0.0,50,4.5,sports_fees_v3,True,31804653960126622771608456258235422426676472967805626356142202994623775448618
Barcelona SC vs. CSD Independiente del Valle: Barcelona SC O/U 2.5,A 竞技,,1.0,,,0.0,0.0,0.0,50,4.5,sports_fees_v3,True,75562338747622391537879554473021274269595368402680118631342602342462820776735
York City FC vs. Bristol Rovers FC: Total Corners Odd or Even?,A 竞技,0.001,0.999,0.5,0.998,0.0,0.0,0.0,50,4.5,sports_fees_v3,True,63267032453095752917515297859767190949194996214613003774556210331537732511490
Gillingham FC vs. Walsall FC: Total Corners Odd or Even?,A 竞技,0.001,0.999,0.5,0.998,0.0,0.0,0.0,50,4.5,sports_fees_v3,True,58919202674675675415987096082386685264982709971638784727126816077882720642182
Colchester United FC vs. Cheltenham Town FC: O/U 11.5 Total Corners,A 竞技,,1.0,,,0.0,0.0,0.0,50,4.5,sports_fees_v3,True,105884946177394296546666310942250293587672156427738330327871572600046518702461
Colchester United FC vs. Cheltenham Town FC: O/U 12.5 Total Corners,A 竞技,,1.0,,,0.0,0.0,0.0,50,4.5,sports_fees_v3,True,11837676157832306640262160227219950042573667283813246004834063985829767555093
Colchester United FC vs. Cheltenham Town FC: 1st Half O/U 5.5 Total Co,A 竞技,,1.0,,,0.0,0.0,0.0,50,4.5,sports_fees_v3,True,47999914693887650987476626564839238759573781816943587275130829663922722432906
Colchester United FC vs. Cheltenham Town FC: 2nd Half O/U 5.5 Total Co,A 竞技,,1.0,,,0.0,0.0,0.0,50,4.5,sports_fees_v3,True,26443986423231054217548553431810491284147615375396784093194725057879658575849
Colchester United FC vs. Cheltenham Town FC: Colchester United FC O/U ,A 竞技,,1.0,,,0.0,0.0,0.0,50,4.5,sports_fees_v3,True,79766563863618988158509955421906353250494844565483196783157957723877784893097
Colchester United FC vs. Cheltenham Town FC: Colchester United FC O/U ,A 竞技,,1.0,,,0.0,0.0,0.0,50,4.5,sports_fees_v3,True,66809390325921968290760666099767169429072289811392915064941998416815841345458
Colchester United FC vs. Cheltenham Town FC: Total Corners Odd or Even,A 竞技,,1.0,,,0.0,0.0,0.0,50,4.5,sports_fees_v3,True,80617528714929169172968439437215074591925805884766709968043231107047897284043
Colchester United FC vs. Cheltenham Town FC: Team to Take First Corner,A 竞技,,1.0,,,0.0,0.0,0.0,50,4.5,sports_fees_v3,True,113612650939281681936357152490573552173369145588470831529768086266706418118784
Gillingham FC vs. Bristol Rovers FC: Gillingham FC O/U 2.5 Corners,A 竞技,,1.0,,,0.0,0.0,0.0,50,4.5,sports_fees_v3,True,93293723998940255816883656799454682311103651068974114513679221927327358599625
Gillingham FC vs. Bristol Rovers FC: Total Corners Odd or Even?,A 竞技,,1.0,,,0.0,0.0,0.0,50,4.5,sports_fees_v3,True,75778833654054959828965624294859214307018558940807626226051903577241817759318
Gillingham FC vs. Bristol Rovers FC: Team to Take First Corner,A 竞技,,1.0,,,0.0,0.0,0.0,50,4.5,sports_fees_v3,True,94037753059463489842949293447052749384110293192416649100469799071898734581698
Grimsby Town FC vs. Crawley Town FC: Crawley Town FC O/U 5.5 Corners,A 竞技,,1.0,,,0.0,0.0,0.0,50,4.5,sports_fees_v3,True,95830164191625833184883022056723134866010210703410697689232892513287651273673
Grimsby Town FC vs. Crawley Town FC: Total Corners Odd or Even?,A 竞技,,1.0,,,0.0,0.0,0.0,50,4.5,sports_fees_v3,True,6134531867448153894442253957183479692230152046704640598980753153668515696208
Grimsby Town FC vs. Crawley Town FC: Team to Take First Corner,A 竞技,,1.0,,,0.0,0.0,0.0,50,4.5,sports_fees_v3,True,86806051712785834095483403415494215515336433699876507795954180358870173422873
Barnet FC vs. Fleetwood Town FC: O/U 10.5 Total Corners,A 竞技,,1.0,,,0.0,0.0,0.0,50,4.5,sports_fees_v3,True,105727589005329330465697459537100281340233163787390585353136932041041911106865
Barnet FC vs. Fleetwood Town FC: O/U 11.5 Total Corners,A 竞技,,1.0,,,0.0,0.0,0.0,50,4.5,sports_fees_v3,True,100256256703480670247268348022665690370499619014671594551924186585505117971364
Barnet FC vs. Fleetwood Town FC: Barnet FC O/U 4.5 Corners,A 竞技,,1.0,,,0.0,0.0,0.0,50,4.5,sports_fees_v3,True,58210127443375907709586896099285918290307253549357711244027466646428156025055
Barnet FC vs. Fleetwood Town FC: Barnet FC O/U 5.5 Corners,A 竞技,,1.0,,,0.0,0.0,0.0,50,4.5,sports_fees_v3,True,54818700958733812342403177434017332097210621880039781305558053060068739471361
Barnet FC vs. Fleetwood Town FC: Fleetwood Town FC O/U 5.5 Corners,A 竞技,,1.0,,,0.0,0.0,0.0,50,4.5,sports_fees_v3,True,66898314440036469038125132614915134541724261628560212528268780104970553802785
Barnet FC vs. Fleetwood Town FC: Total Corners Odd or Even?,A 竞技,,1.0,,,0.0,0.0,0.0,50,4.5,sports_fees_v3,True,50095515205772292372365430285641435671355570948567515518249661532611915327412
Barnet FC vs. Fleetwood Town FC: Team to Take First Corner,A 竞技,,1.0,,,0.0,0.0,0.0,50,4.5,sports_fees_v3,True,64956788834698159326293626443724680186598583722026896257172781504460506495237
Chesterfield FC vs. York City FC: O/U 10.5 Total Corners,A 竞技,,1.0,,,0.0,0.0,0.0,50,4.5,sports_fees_v3,True,11255334856588003567068035163219478568221532770279554376040970331920486827958
Chesterfield FC vs. York City FC: O/U 11.5 Total Corners,A 竞技,,1.0,,,0.0,0.0,0.0,50,4.5,sports_fees_v3,True,66229887200269427730875233598890297845315658216174505730767502051189665386073
Chesterfield FC vs. York City FC: 2nd Half O/U 3.5 Total Corners,A 竞技,,1.0,,,0.0,0.0,0.0,50,4.5,sports_fees_v3,True,7436944803029885855426102372726428358911871344027354972403097104352909827847
Chesterfield FC vs. York City FC: York City FC O/U 3.5 Corners,A 竞技,,1.0,,,0.0,0.0,0.0,50,4.5,sports_fees_v3,True,7394493112509550139969472431704086610370509979480168688234682704336992904542
Chesterfield FC vs. York City FC: York City FC O/U 4.5 Corners,A 竞技,,1.0,,,0.0,0.0,0.0,50,4.5,sports_fees_v3,True,29436888894964971532591761446627946268230516037528457982494831620148345665041
Chesterfield FC vs. York City FC: Total Corners Odd or Even?,A 竞技,,1.0,,,0.0,0.0,0.0,50,4.5,sports_fees_v3,True,85141382178469658698449001329796671685856187159786400431748076273362753098084
Chesterfield FC vs. York City FC: Team to Take First Corner,A 竞技,,1.0,,,0.0,0.0,0.0,50,4.5,sports_fees_v3,True,47565409681213289738782252426827004492958112587041859665929099375455067703263
Crewe Alexandra FC vs. Shrewsbury Town FC: 2nd Half O/U 5.5 Total Corn,A 竞技,,1.0,,,0.0,0.0,0.0,50,4.5,sports_fees_v3,True,36320329367043578717773065168903317328108790752105402329036708310205102185375
Crewe Alexandra FC vs. Shrewsbury Town FC: Crewe Alexandra FC O/U 5.5 ,A 竞技,,1.0,,,0.0,15.0,0.0,50,4.5,sports_fees_v3,True,76577314391181568011198050787022738069193233361936488654071222314098328592663
Crewe Alexandra FC vs. Shrewsbury Town FC: Total Corners Odd or Even?,A 竞技,,1.0,,,0.0,0.0,0.0,50,4.5,sports_fees_v3,True,114276512576148262784862926149029047066230259177141080781635446285410266671225
Crewe Alexandra FC vs. Shrewsbury Town FC: Team to Take First Corner,A 竞技,,1.0,,,0.0,0.0,0.0,50,4.5,sports_fees_v3,True,48551389713133954848596651022454761782216809464159258444834905531478720718011
Salford City FC vs. Swindon Town FC: Swindon Town FC O/U 4.5 Corners,A 竞技,,1.0,,,0.0,694.0,0.0,50,4.5,sports_fees_v3,True,111601822701052009732500154336548357874110630043456233269169693636941709605399
Salford City FC vs. Swindon Town FC: Swindon Town FC O/U 5.5 Corners,A 竞技,,1.0,,,0.0,1.626505,0.0,50,4.5,sports_fees_v3,True,99773798754088651372766128534127972150524274253600625199981975632230650341114
Salford City FC vs. Swindon Town FC: Total Corners Odd or Even?,A 竞技,,1.0,,,0.0,0.0,0.0,50,4.5,sports_fees_v3,True,58291660073417929953548760530722416207133954755090655289519711300274776184072
Salford City FC vs. Swindon Town FC: Team to Take First Corner,A 竞技,,1.0,,,0.0,0.0,0.0,50,4.5,sports_fees_v3,True,86892736345008345457454746209932812687461000707683532332828944596840522345335
Exeter City FC vs. Tranmere Rovers FC: 1st Half O/U 3.5 Total Corners,A 竞技,,1.0,,,0.0,0.0,0.0,50,4.5,sports_fees_v3,True,101788735749558210454283052659178592476212663334014374623451931618222821530303
Exeter City FC vs. Tranmere Rovers FC: 1st Half O/U 4.5 Total Corners,A 竞技,,1.0,,,0.0,0.0,0.0,50,4.5,sports_fees_v3,True,108129633125492083926975840439878165927824287941016294118722495473753311565839
Exeter City FC vs. Tranmere Rovers FC: 2nd Half O/U 3.5 Total Corners,A 竞技,,1.0,,,0.0,0.0,0.0,50,4.5,sports_fees_v3,True,7939133962050825745832272398861710057537361577354782118826168080997730273973
Exeter City FC vs. Tranmere Rovers FC: 2nd Half O/U 4.5 Total Corners,A 竞技,,1.0,,,0.0,0.0,0.0,50,4.5,sports_fees_v3,True,109978430788250939315595178191010068135035449729172896327360683879029981508020
Exeter City FC vs. Tranmere Rovers FC: Exeter City FC O/U 5.5 Corners,A 竞技,,1.0,,,0.0,0.0,0.0,50,4.5,sports_fees_v3,True,26626699202783694737002267116295942377300718626443879260158019127991236599300
Exeter City FC vs. Tranmere Rovers FC: Tranmere Rovers FC O/U 2.5 Corn,A 竞技,,1.0,,,0.0,0.0,0.0,50,4.5,sports_fees_v3,True,21977166515516091113820763620078258400772221240327571932414656141514891173363
Exeter City FC vs. Tranmere Rovers FC: Total Corners Odd or Even?,A 竞技,,1.0,,,0.0,0.0,0.0,50,4.5,sports_fees_v3,True,62577734548345505928767134340816052230699328465118986687658020975792676133871
Exeter City FC vs. Tranmere Rovers FC: Team to Take First Corner,A 竞技,,1.0,,,0.0,0.0,0.0,50,4.5,sports_fees_v3,True,11799740467789291682693956842860214488760243312776909235768979161426929358355
Will Crawley Town FC win on 2026-09-26?,A 竞技,0.16,0.48,0.32,0.31999999999999995,0.0,36.049406000000005,0.0,50,4.5,sports_fees_v3,True,54550887766563376447830693798987706310179100460870646594478518356976891697320
Will Crawley Town FC vs. Barnet FC end in a draw?,A 竞技,0.17,0.48,0.325,0.30999999999999994,0.0,9.0,0.0,50,4.5,sports_fees_v3,True,11784938081484007197313843276106152952470626707923763207250325801011696144599
Will Barnet FC win on 2026-09-26?,A 竞技,0.47,0.79,0.63,0.32000000000000006,0.0,9.0,0.0,50,4.5,sports_fees_v3,True,29948555200380955743746520382951083830518209530286101269968836843823047128769
Will Port Vale FC win on 2026-09-26?,A 竞技,0.01,0.99,0.5,0.98,0.0,24.0,0.0,50,4.5,sports_fees_v3,True,25300886337919606477126939327169256015150089355651291137582389231410937538193
Will Port Vale FC vs. Northampton Town FC end in a draw?,A 竞技,0.01,0.99,0.5,0.98,0.0,20.0,0.0,50,4.5,sports_fees_v3,True,3749884002278848658140829807437343790754908889263369261830706857131916390398
Will Northampton Town FC win on 2026-09-26?,A 竞技,0.01,0.99,0.5,0.98,0.0,19.0,0.0,50,4.5,sports_fees_v3,True,50338312517670252769346485446675197082096776429408425515171398926983722569188
Crawley Town FC leading at halftime?,A 竞技,,0.98,,,0.0,0.0,0.0,50,4.5,sports_fees_v3,True,66949601549614263487019978054385987691056544536547417668143292499677249865802
Crawley Town FC vs. Barnet FC: Draw at halftime?,A 竞技,,0.8,,,0.0,0.0,0.0,50,4.5,sports_fees_v3,True,36943547743790885707295604949075217492793532590124253596808134157970427195539
Barnet FC leading at halftime?,A 竞技,,0.98,,,0.0,0.0,0.0,50,4.5,sports_fees_v3,True,55113171421580677459925571049055252222508570242904236781663453180177009953795
Crawley Town FC to win the second half?,A 竞技,,1.0,,,0.0,0.0,0.0,50,4.5,sports_fees_v3,True,56982646602721610433572672732476709588499701087532314927169982698585207930022
Crawley Town FC vs. Barnet FC: Second half draw?,A 竞技,,0.8,,,0.0,0.0,0.0,50,4.5,sports_fees_v3,True,80466451593958283007585750251734319081115130812841803767861722858484305918598
Barnet FC to win the second half?,A 竞技,,1.0,,,0.0,0.0,0.0,50,4.5,sports_fees_v3,True,26290531666122896485850757936116436470505248887047329737704207100967116651952
Exact Score: Crawley Town FC 0 - 0 Barnet FC?,A 竞技,,0.8,,,0.0,0.0,0.0,50,4.5,sports_fees_v3,True,55510812399728893774082065353038850706985112764020103062098791756780122292517
Exact Score: Crawley Town FC 0 - 1 Barnet FC?,A 竞技,,0.8,,,0.0,0.0,0.0,50,4.5,sports_fees_v3,True,89456196175341128688521379970549025022346914035174015499346056846882460670053
Exact Score: Crawley Town FC 1 - 0 Barnet FC?,A 竞技,,0.8,,,0.0,0.0,0.0,50,4.5,sports_fees_v3,True,100038826963867983036229345280758136766617273218562473585465289226677041630527
Exact Score: Crawley Town FC 0 - 2 Barnet FC?,A 竞技,,0.8,,,0.0,0.0,0.0,50,4.5,sports_fees_v3,True,12092079978635024628536594426646186225282114712928578300376913439476634371219
Exact Score: Crawley Town FC 1 - 1 Barnet FC?,A 竞技,,0.8,,,0.0,0.0,0.0,50,4.5,sports_fees_v3,True,15033312443643785196499761994394580805018234717459361492249283819071734405751
Exact Score: Crawley Town FC 2 - 0 Barnet FC?,A 竞技,,0.8,,,0.0,0.0,0.0,50,4.5,sports_fees_v3,True,11406526553325158984834967680598554376181045405724794426299258437282067793236
Exact Score: Crawley Town FC 0 - 3 Barnet FC?,A 竞技,,0.8,,,0.0,0.0,0.0,50,4.5,sports_fees_v3,True,88646376743319095100225455139345142570663498586683660945990586422023799143497
Exact Score: Crawley Town FC 1 - 2 Barnet FC?,A 竞技,,0.8,,,0.0,0.0,0.0,50,4.5,sports_fees_v3,True,51772695799006252535396644884002719198987767439734215741445091842688111981859
Exact Score: Crawley Town FC 2 - 1 Barnet FC?,A 竞技,,0.8,,,0.0,0.0,0.0,50,4.5,sports_fees_v3,True,36374641032945988954965666020503582758095249148319874745287681926354298292520
Exact Score: Crawley Town FC 3 - 0 Barnet FC?,A 竞技,,0.8,,,0.0,0.0,0.0,50,4.5,sports_fees_v3,True,81084891159270081880004025388995882918177754590351137743562487849140243703174
Exact Score: Crawley Town FC 1 - 3 Barnet FC?,A 竞技,,0.8,,,0.0,0.0,0.0,50,4.5,sports_fees_v3,True,13524218073068003162909873858950841480321454452495442372062225736474216565322
Exact Score: Crawley Town FC 2 - 2 Barnet FC?,A 竞技,,0.8,,,0.0,0.0,0.0,50,4.5,sports_fees_v3,True,109920810680877344882141041661171054478242716990049129891044938872120204877159
Exact Score: Crawley Town FC 3 - 1 Barnet FC?,A 竞技,,0.8,,,0.0,0.0,0.0,50,4.5,sports_fees_v3,True,12989760407009782464897493607613698713250524744070034107896059166677402533931
Exact Score: Crawley Town FC 2 - 3 Barnet FC?,A 竞技,,0.8,,,0.0,0.0,0.0,50,4.5,sports_fees_v3,True,73311791258927060254963320082347441561408377428487884049186810584549661727684
Exact Score: Crawley Town FC 3 - 2 Barnet FC?,A 竞技,,0.8,,,0.0,0.0,0.0,50,4.5,sports_fees_v3,True,73557808666019187287975097608273647006228284619384191413047153498411449522633
Exact Score: Crawley Town FC 3 - 3 Barnet FC?,A 竞技,,0.8,,,0.0,0.0,0.0,50,4.5,sports_fees_v3,True,81473684640250312430896599533227665612213998668833269964640406814320817170799
Exact Score: Any Other Score?,A 竞技,,0.8,,,0.0,0.0,0.0,50,4.5,sports_fees_v3,True,18970865442039346406363670735003941015457446220110164783267010087850774252928
Crawley Town FC to score first vs. Barnet FC?,A 竞技,,0.97,,,0.0,0.0,0.0,50,4.5,sports_fees_v3,True,15989863584679611142699801723143106816596546089688039785956297785482119803756
Barnet FC to score first vs. Crawley Town FC?,A 竞技,,0.97,,,0.0,0.0,0.0,50,4.5,sports_fees_v3,True,19562793982424980309913736116739707580486552524465588491747144188352512957892
Crawley Town FC vs. Barnet FC: Neither team to score first?,A 竞技,,0.97,,,0.0,0.0,0.0,50,4.5,sports_fees_v3,True,87772497154839370688697738135854068345929207881354636040044540969201948116151
Port Vale FC leading at halftime?,A 竞技,,1.0,,,0.0,0.0,0.0,50,4.5,sports_fees_v3,True,7074520404064387777876868727555076674177014226868062379151361198165297091706
Port Vale FC vs. Northampton Town FC: Draw at halftime?,A 竞技,,1.0,,,0.0,0.0,0.0,50,4.5,sports_fees_v3,True,96465033912639503051035914486823643760196036595464075672504555961962793783864
Northampton Town FC leading at halftime?,A 竞技,,1.0,,,0.0,0.0,0.0,50,4.5,sports_fees_v3,True,26677583240198642872924514459644247240562834200654031326269033953949461862109
Port Vale FC to win the second half?,A 竞技,0.01,0.99,0.5,0.98,0.0,0.0,0.0,50,4.5,sports_fees_v3,True,44187276609725901342995161502654192396771926661357558195432232900529546698764
Port Vale FC vs. Northampton Town FC: Second half draw?,A 竞技,,1.0,,,0.0,0.0,0.0,50,4.5,sports_fees_v3,True,31608029860790557532000225214077652751861684296803076262483518349637708081355
Northampton Town FC to win the second half?,A 竞技,,1.0,,,0.0,0.0,0.0,50,4.5,sports_fees_v3,True,97640007707600142161188099645931376091847513336253415216382559882744776652536
Exact Score: Port Vale FC 0 - 0 Northampton Town FC?,A 竞技,,0.99,,,0.0,0.0,0.0,50,4.5,sports_fees_v3,True,99594059045366223910134044985890809541480982321069049153527663554434980501102
Exact Score: Port Vale FC 0 - 1 Northampton Town FC?,A 竞技,,0.99,,,0.0,0.0,0.0,50,4.5,sports_fees_v3,True,44266850720185016449707062120364057046579248303514231168407115325745727772790
Exact Score: Port Vale FC 1 - 0 Northampton Town FC?,A 竞技,,0.99,,,0.0,0.0,0.0,50,4.5,sports_fees_v3,True,6181169883645380201070937483000265284856336187678097928557732985176489373779
Exact Score: Port Vale FC 0 - 2 Northampton Town FC?,A 竞技,,0.99,,,0.0,0.0,0.0,50,4.5,sports_fees_v3,True,27492907280736225411080545202224976940310498692489820076999627575251530670077
Exact Score: Port Vale FC 1 - 1 Northampton Town FC?,A 竞技,,0.99,,,0.0,0.0,0.0,50,4.5,sports_fees_v3,True,87946083495671025584809880999524559190862171455386509285587735303663377507568
Exact Score: Port Vale FC 2 - 0 Northampton Town FC?,A 竞技,,0.99,,,0.0,0.0,0.0,50,4.5,sports_fees_v3,True,72699136393302294271017500303083883119411439720480065134043409654689324476699
Exact Score: Port Vale FC 0 - 3 Northampton Town FC?,A 竞技,,0.999,,,0.0,0.0,0.0,50,4.5,sports_fees_v3,True,34684579107121120831623383480008778614822843424894722004375253179297147682009
Exact Score: Port Vale FC 1 - 2 Northampton Town FC?,A 竞技,,0.99,,,0.0,0.0,0.0,50,4.5,sports_fees_v3,True,12397170676682074302159551094013266796864730849051947472997477400741932022264
Exact Score: Port Vale FC 2 - 1 Northampton Town FC?,A 竞技,,0.99,,,0.0,0.0,0.0,50,4.5,sports_fees_v3,True,63321011245522014455847504439254649248949231734133791209087181482865403161507
Exact Score: Port Vale FC 3 - 0 Northampton Town FC?,A 竞技,,0.99,,,0.0,0.0,0.0,50,4.5,sports_fees_v3,True,78957577363346006038773167503136243892351403881475865212153276739046186970270
Exact Score: Port Vale FC 1 - 3 Northampton Town FC?,A 竞技,,0.999,,,0.0,0.0,0.0,50,4.5,sports_fees_v3,True,13755092566345925938776711672466530337289874294666014616656478932941020511687
Exact Score: Port Vale FC 2 - 2 Northampton Town FC?,A 竞技,,0.99,,,0.0,0.0,0.0,50,4.5,sports_fees_v3,True,74040252702839872016458818550947108728849070470819089713722981085012629086575
Exact Score: Port Vale FC 3 - 1 Northampton Town FC?,A 竞技,,0.99,,,0.0,0.0,0.0,50,4.5,sports_fees_v3,True,87388850811188755665365883358272713268320364051830173685270148427506437080557
Exact Score: Port Vale FC 2 - 3 Northampton Town FC?,A 竞技,,0.999,,,0.0,0.0,0.0,50,4.5,sports_fees_v3,True,26911205168351759463914711005553831765830996235065000500387504251652962201496
Exact Score: Port Vale FC 3 - 2 Northampton Town FC?,A 竞技,,0.999,,,0.0,0.0,0.0,50,4.5,sports_fees_v3,True,81370147966588209453773123440050763665982596494318857987500917338472612431354
Exact Score: Port Vale FC 3 - 3 Northampton Town FC?,A 竞技,,0.999,,,0.0,0.0,0.0,50,4.5,sports_fees_v3,True,9461843309869284645416264229246537933313788491760672685853829637189152992999
Norwich City FC vs. West Bromwich Albion FC: O/U 9.5 Total Corners,A 竞技,0.001,0.999,0.5,0.998,0.0,125.927521,0.0,50,4.5,sports_fees_v3,True,72032182984604393257652346347806467536501263462097795388157795972615156199376
Norwich City FC vs. West Bromwich Albion FC: 2nd Half O/U 5.5 Total Co,A 竞技,0.001,0.999,0.5,0.998,0.0,0.0,0.0,50,4.5,sports_fees_v3,True,53272222346962150211161595565399967853082936652072544018824985062473948768658
Norwich City FC vs. West Bromwich Albion FC: West Bromwich Albion FC O,A 竞技,,1.0,,,0.0,0.0,0.0,50,4.5,sports_fees_v3,True,84662314469634434904474640559026004029199224628691790588192408977082686195334
Norwich City FC vs. West Bromwich Albion FC: Total Corners Odd or Even,A 竞技,,1.0,,,0.0,0.0,0.0,50,4.5,sports_fees_v3,True,85872989454342301620995306042595378023779394670517637920677660094010865691285
Derby County FC vs. Cardiff City FC: O/U 13.5 Total Corners,A 竞技,,1.0,,,0.0,0.0,0.0,50,4.5,sports_fees_v3,True,23267324643690334503988121288092791796649213215610267885370140465912040044886
Derby County FC vs. Cardiff City FC: 2nd Half O/U 3.5 Total Corners,A 竞技,,1.0,,,0.0,0.0,0.0,50,4.5,sports_fees_v3,True,111894291472165489432856204967016947643898101034380397512612873559768676834878
Derby County FC vs. Cardiff City FC: Total Corners Odd or Even?,A 竞技,0.001,0.01,0.0055,0.009000000000000001,0.0,0.0,0.0,50,4.5,sports_fees_v3,True,109781397758048415774307647896669952953649545481274754940684673492115820945920
Wrexham AFC vs. Watford FC: Team to Take First Corner,A 竞技,0.001,0.999,0.5,0.998,0.0,0.0,0.0,50,4.5,sports_fees_v3,True,99777405484669060985316475103611293596434772942045732311556726463647270335740
West Bromwich Albion FC vs. Burnley FC: Total Corners Odd or Even?,A 竞技,0.001,0.999,0.5,0.998,0.0,0.0,0.0,50,4.5,sports_fees_v3,True,74742386659589761528858220821421942967167275260118819570833793384556327375935
West Ham United FC vs. Wolverhampton Wanderers FC: Total Corners Odd o,A 竞技,,1.0,,,0.0,0.0,0.0,50,4.5,sports_fees_v3,True,107833230660370916929548715739397828467187064146288874209404927175086109843053
Millwall FC vs. Bolton Wanderers FC: 1st Half O/U 4.5 Total Corners,A 竞技,,1.0,,,0.0,0.0,0.0,50,4.5,sports_fees_v3,True,29803556988507654831373843872961637592178590493844064534856167893071297372142
Millwall FC vs. Bolton Wanderers FC: 1st Half O/U 5.5 Total Corners,A 竞技,,1.0,,,0.0,0.0,0.0,50,4.5,sports_fees_v3,True,92794993420530795104285627642873960714014919032894649866763290102025750214990
Millwall FC vs. Bolton Wanderers FC: Team to Take First Corner,A 竞技,,1.0,,,0.0,0.0,0.0,50,4.5,sports_fees_v3,True,55353462331199574946170957132974603568127740978340094878242721018665231401540
Will Birmingham City be promoted to Premier League?,A 竞技,,0.94,,,0.0,0.0,0.0,50,4.5,sports_fees_v3,True,9686229602365835443970225587077542186448261706354884867937712048556972542573
Will Blackburn Rovers be promoted to Premier League?,A 竞技,,0.94,,,0.0,4.957433,0.0,50,4.5,sports_fees_v3,True,48778271529471347565067293037810036194849933524985584815092232997008050793559
Will Bristol City be promoted to Premier League?,A 竞技,0.01,0.96,0.485,0.95,0.0,0.0,0.0,50,4.5,sports_fees_v3,True,27985954878907213090081565909110607155790319707714381715340365473240289009692
Will Charlton Athletic be promoted to Premier League?,A 竞技,,0.98,,,0.0,0.0,0.0,50,4.5,sports_fees_v3,True,46692123126711358563923238516506583221815545542209664735462863296164155602220
Will Coventry City be promoted to Premier League?,A 竞技,,0.99,,,0.0,0.0,0.0,50,4.5,sports_fees_v3,True,112059049717226864800051401370463844684063073755444619883213021815822144836060
Will Derby County be promoted to Premier League?,A 竞技,,0.99,,,0.0,0.0,0.0,50,4.5,sports_fees_v3,True,112049892213568924252810082639803010161240192510691970635404644595355169746916
Will Hull City be promoted to Premier League?,A 竞技,,0.99,,,0.0,0.0,0.0,50,4.5,sports_fees_v3,True,1862570211669649072262579641978754669718102400458573284080056708505421118058
Will Ipswich Town be promoted to Premier League?,A 竞技,,0.99,,,0.0,0.0,0.0,50,4.5,sports_fees_v3,True,104028169499057184410350195525218832003459129902149233860678950719161590175936
Will Leicester City be promoted to Premier League?,A 竞技,,0.99,,,0.0,0.0,0.0,50,4.5,sports_fees_v3,True,33174655958529298995128171651054859135600177831672799752424597144456722734643
Will Middlesbrough be promoted to Premier League?,A 竞技,0.01,0.94,0.475,0.9299999999999999,0.0,0.0,0.0,50,4.5,sports_fees_v3,True,52494659574894173842881939325860354525351683993982087563773484970619139235893
Will Millwall be promoted to Premier League?,A 竞技,0.01,0.98,0.495,0.97,0.0,0.0,0.0,50,4.5,sports_fees_v3,True,30412543318309735236733612460936177542841049503364402934028614899450018182079
Will Norwich City be promoted to Premier League?,A 竞技,0.02,0.96,0.49,0.94,0.0,0.0,0.0,50,4.5,sports_fees_v3,True,44579089990734943175196044048007411320841678111809910363698238676450533528526
Will Oxford United be promoted to Premier League?,A 竞技,,0.99,,,0.0,0.0,0.0,50,4.5,sports_fees_v3,True,33689735371005472459328894647536639409073280500032160217449777570164847131838
Will Portsmouth be promoted to Premier League?,A 竞技,,0.99,,,0.0,0.0,0.0,50,4.5,sports_fees_v3,True,1811117834655362510752893331651777931605999768102772230723533134430338690343
Will Preston North End be promoted to Premier League?,A 竞技,,0.99,,,0.0,0.0,0.0,50,4.5,sports_fees_v3,True,82674190987682162143188402684005943957775686566107018349291200183501499983706
Will Queens Park Rangers be promoted to Premier League?,A 竞技,,0.99,,,0.0,0.0,0.0,50,4.5,sports_fees_v3,True,29337560720604173043709518640516089822411547153637035822015516371347617656975
Will Sheffield United be promoted to Premier League?,A 竞技,,0.98,,,0.0,0.0,0.0,50,4.5,sports_fees_v3,True,3228547481499897133630125632820433056067487175781053772816673472761234693601
Will Southampton be promoted to Premier League?,A 竞技,0.01,0.96,0.485,0.95,0.0,0.0,0.0,50,4.5,sports_fees_v3,True,10362708304601691750242575948763133022062068350085647682352389679716663833130
Will Stoke City be promoted to Premier League?,A 竞技,,0.99,,,0.0,0.0,0.0,50,4.5,sports_fees_v3,True,112585684900625871870566105511348234156688607233817198693178149175670916417668
Will Swansea City be promoted to Premier League?,A 竞技,,0.96,,,0.0,0.0,0.0,50,4.5,sports_fees_v3,True,54843368432529100783556988817580299049648855892986639254442537587631852854717
Will Watford be promoted to Premier League?,A 竞技,,0.98,,,0.0,0.0,0.0,50,4.5,sports_fees_v3,True,62367442034685486722489839308812199771660614691854576584834217799210513412028
Will West Bromwich Albion be promoted to Premier League?,A 竞技,,0.96,,,0.0,0.0,0.0,50,4.5,sports_fees_v3,True,11434330822415853737771069386674053785018612507935962696585861683165917316643
Will Wrexham be promoted to Premier League?,A 竞技,,0.94,,,0.0,0.0,0.0,50,4.5,sports_fees_v3,True,38797145064640380723025440144102910836854983241680087542226889601613515839918
Will Wolverhampton Wanderers FC win on 2026-09-09?,A 竞技,0.53,0.77,0.65,0.24,0.0,166.727154,0.0,50,4.5,sports_fees_v3,True,64052605056727845002548971716806259901936703258934210845085144388909630608270
Will Wolverhampton Wanderers FC vs. Portsmouth FC end in a draw?,A 竞技,0.1,0.29,0.195,0.18999999999999997,0.0,0.0,0.0,50,4.5,sports_fees_v3,True,24982722590874196255391912067448988413662980005857884347784544382685458598567
Will Portsmouth FC win on 2026-09-09?,A 竞技,0.04,0.19,0.115,0.15,0.0,10.46875,0.0,50,4.5,sports_fees_v3,True,110633809795147321576680092219405341401964480117175359697878802301684728308058
Wolverhampton Wanderers FC leading at halftime?,A 竞技,0.01,0.95,0.48,0.94,0.0,0.0,0.0,50,4.5,sports_fees_v3,True,25850427814110650483672605262075172571884735344547874031416699353761737948529
Wolverhampton Wanderers FC vs. Portsmouth FC: Draw at halftime?,A 竞技,0.01,0.79,0.4,0.78,0.0,0.0,0.0,50,4.5,sports_fees_v3,True,84879724393207722339005440210816873203088007507090335486081843071090288713172
Portsmouth FC leading at halftime?,A 竞技,,0.95,,,0.0,0.0,0.0,50,4.5,sports_fees_v3,True,62917989748641974785939012436744462196973095832239451165342745717964594643023
Wolverhampton Wanderers FC to win the second half?,A 竞技,0.01,0.97,0.49,0.96,0.0,0.0,0.0,50,4.5,sports_fees_v3,True,102053436629303666972412298956675587146098454197895003201009375041627549814615
Wolverhampton Wanderers FC vs. Portsmouth FC: Second half draw?,A 竞技,0.01,0.79,0.4,0.78,0.0,0.0,0.0,50,4.5,sports_fees_v3,True,24643748834055859332302782248039571528286728862878973170309745882396476046200
Portsmouth FC to win the second half?,A 竞技,,0.97,,,0.0,0.0,0.0,50,4.5,sports_fees_v3,True,84546527267884931889506416581973295818359473842364661824808347887534108444510
Exact Score: Wolverhampton Wanderers FC 0 - 0 Portsmouth FC?,A 竞技,,0.75,,,0.0,0.0,0.0,50,4.5,sports_fees_v3,True,114646970667092987140952488499715324900894508964753626242007511910715751535487
Exact Score: Wolverhampton Wanderers FC 0 - 1 Portsmouth FC?,A 竞技,,0.75,,,0.0,0.0,0.0,50,4.5,sports_fees_v3,True,98547068052137212357911498671553738988692819286501527827086017557971030579185
Exact Score: Wolverhampton Wanderers FC 1 - 0 Portsmouth FC?,A 竞技,,0.75,,,0.0,0.0,0.0,50,4.5,sports_fees_v3,True,73520447203063529118928603831157595103274477273069380764232587769782545646065
Exact Score: Wolverhampton Wanderers FC 0 - 2 Portsmouth FC?,A 竞技,,0.75,,,0.0,0.0,0.0,50,4.5,sports_fees_v3,True,6966610855963813420522096316293192916678776823550427749459977938261650222084
Exact Score: Wolverhampton Wanderers FC 1 - 1 Portsmouth FC?,A 竞技,,0.31,,,0.0,0.0,0.0,50,4.5,sports_fees_v3,True,37648833537789238683471994114188011901781082037729516355282277850965946412617
Exact Score: Wolverhampton Wanderers FC 2 - 0 Portsmouth FC?,A 竞技,,0.75,,,0.0,0.0,0.0,50,4.5,sports_fees_v3,True,24026831424750547450777947120404771343772594244611029264018896158199984911336
Exact Score: Wolverhampton Wanderers FC 0 - 3 Portsmouth FC?,A 竞技,,0.14,,,0.0,0.0,0.0,50,4.5,sports_fees_v3,True,68450842157012514408271468334889935226779756872105309226049526083858783641842
Exact Score: Wolverhampton Wanderers FC 1 - 2 Portsmouth FC?,A 竞技,,0.75,,,0.0,0.0,0.0,50,4.5,sports_fees_v3,True,746784104937879829357213577106323281749075872754360700814487087445549632151
Exact Score: Wolverhampton Wanderers FC 2 - 1 Portsmouth FC?,A 竞技,,0.75,,,0.0,0.0,0.0,50,4.5,sports_fees_v3,True,56255716711972560390161570344267255887267360071828563916617017040622475208090
Exact Score: Wolverhampton Wanderers FC 3 - 0 Portsmouth FC?,A 竞技,,0.75,,,0.0,0.0,0.0,50,4.5,sports_fees_v3,True,9739331750050086366178007019433412748794661587403549788528233850887253630896
Exact Score: Wolverhampton Wanderers FC 1 - 3 Portsmouth FC?,A 竞技,,0.14,,,0.0,0.0,0.0,50,4.5,sports_fees_v3,True,34407951468837516031600824979938793738755962910258070701496075192058586348622
Exact Score: Wolverhampton Wanderers FC 2 - 2 Portsmouth FC?,A 竞技,,0.17,,,0.0,0.0,0.0,50,4.5,sports_fees_v3,True,109746575051792795841492715512534407494824042704896801376780271106582776687172
Exact Score: Wolverhampton Wanderers FC 3 - 1 Portsmouth FC?,A 竞技,,0.75,,,0.0,0.0,0.0,50,4.5,sports_fees_v3,True,27657064703710091543879190376360142378353603843416756487934789035717477189571
Exact Score: Wolverhampton Wanderers FC 2 - 3 Portsmouth FC?,A 竞技,,0.14,,,0.0,0.0,0.0,50,4.5,sports_fees_v3,True,108303918748851737041955362808635884869516382460002465124070118165897758705856
Exact Score: Wolverhampton Wanderers FC 3 - 2 Portsmouth FC?,A 竞技,,0.75,,,0.0,0.0,0.0,50,4.5,sports_fees_v3,True,18018679415911627140682529080277807298860476004843517334067086699149700660565
Exact Score: Wolverhampton Wanderers FC 3 - 3 Portsmouth FC?,A 竞技,,0.14,,,0.0,0.0,0.0,50,4.5,sports_fees_v3,True,15347792773228940425627087211411928942949920686652205436871189835520159575735
Exact Score: Any Other Score?,A 竞技,,0.75,,,0.0,0.0,0.0,50,4.5,sports_fees_v3,True,27796772709675118422697306714858329870704626962791967391435345515924241377318
Wolverhampton Wanderers FC to score first vs. Portsmouth FC?,A 竞技,0.01,0.95,0.48,0.94,0.0,0.0,0.0,50,4.5,sports_fees_v3,True,51821743905144204122066953028331993123137363806534588376709959775815584214200
Portsmouth FC to score first vs. Wolverhampton Wanderers FC?,A 竞技,0.01,0.95,0.48,0.94,0.0,0.0,0.0,50,4.5,sports_fees_v3,True,99661859651199578309899137917835863959585847961751954330254317934003741424941
Wolverhampton Wanderers FC vs. Portsmouth FC: Neither team to score fi,A 竞技,,0.95,,,0.0,0.0,0.0,50,4.5,sports_fees_v3,True,47759383171124156523338319851535829487708585953798858131574520575826607049821
Wolverhampton Wanderers FC vs. Portsmouth FC: O/U 7.5 Total Corners,A 竞技,0.01,0.99,0.5,0.98,0.0,0.0,0.0,50,4.5,sports_fees_v3,True,83678652587181130847447758611792709050532414775480980761283065006983018656787
Wolverhampton Wanderers FC vs. Portsmouth FC: O/U 8.5 Total Corners,A 竞技,0.01,0.99,0.5,0.98,0.0,0.0,0.0,50,4.5,sports_fees_v3,True,40937472524672079739720220101585618038458485789790949896072405683186480624220
Wolverhampton Wanderers FC vs. Portsmouth FC: O/U 9.5 Total Corners,A 竞技,0.01,0.99,0.5,0.98,0.0,0.0,0.0,50,4.5,sports_fees_v3,True,88128991991162409095792529307165849189075299789636467069119241438278300935637
Wolverhampton Wanderers FC vs. Portsmouth FC: O/U 10.5 Total Corners,A 竞技,0.01,0.99,0.5,0.98,0.0,0.0,0.0,50,4.5,sports_fees_v3,True,72828579611642684135890822069929054024944392916534414120977789437618073190997
Wolverhampton Wanderers FC vs. Portsmouth FC: O/U 11.5 Total Corners,A 竞技,0.01,0.99,0.5,0.98,0.0,0.0,0.0,50,4.5,sports_fees_v3,True,46886310414264478440154148857442170505364510153230640427262657394954048367623
Wolverhampton Wanderers FC vs. Portsmouth FC: O/U 12.5 Total Corners,A 竞技,0.01,0.99,0.5,0.98,0.0,0.0,0.0,50,4.5,sports_fees_v3,True,43089952058690367279222068035688565459888750250110608280657399002628362140385
Wolverhampton Wanderers FC vs. Portsmouth FC: O/U 13.5 Total Corners,A 竞技,0.01,0.99,0.5,0.98,0.0,0.0,0.0,50,4.5,sports_fees_v3,True,100627277305897670324043783703233416875826937867500486566044646998914222341336
Wolverhampton Wanderers FC vs. Portsmouth FC: 1st Half O/U 3.5 Total C,A 竞技,,1.0,,,0.0,0.0,0.0,50,4.5,sports_fees_v3,True,50905631464715494714738942760499846671917307469964742473267523718374328337868
Wolverhampton Wanderers FC vs. Portsmouth FC: 1st Half O/U 4.5 Total C,A 竞技,,1.0,,,0.0,0.0,0.0,50,4.5,sports_fees_v3,True,77915051020653070644807501535907851626963949330091580523122385694938518705555
Wolverhampton Wanderers FC vs. Portsmouth FC: 1st Half O/U 5.5 Total C,A 竞技,,1.0,,,0.0,0.0,0.0,50,4.5,sports_fees_v3,True,70719179743715537333308935641351436039611757355411404355320147252574651322109
Wolverhampton Wanderers FC vs. Portsmouth FC: 2nd Half O/U 3.5 Total C,A 竞技,0.01,0.99,0.5,0.98,0.0,0.0,0.0,50,4.5,sports_fees_v3,True,80316922170177012175861609626301134179671852222700959168659077486017902766501
Wolverhampton Wanderers FC vs. Portsmouth FC: 2nd Half O/U 4.5 Total C,A 竞技,0.01,0.99,0.5,0.98,0.0,0.0,0.0,50,4.5,sports_fees_v3,True,48977515329713505537845789722363922771605795219214416034107107056634140827094
Wolverhampton Wanderers FC vs. Portsmouth FC: 2nd Half O/U 5.5 Total C,A 竞技,0.01,0.99,0.5,0.98,0.0,0.0,0.0,50,4.5,sports_fees_v3,True,51777080870299095487284602676824191387563342915685759213220999237620618051432
Wolverhampton Wanderers FC vs. Portsmouth FC: Wolverhampton Wanderers ,A 竞技,0.01,0.99,0.5,0.98,0.0,0.0,0.0,50,4.5,sports_fees_v3,True,39211251355104373796994557537073367393888721499893583567224291850928321946599
Wolverhampton Wanderers FC vs. Portsmouth FC: Wolverhampton Wanderers ,A 竞技,0.01,0.99,0.5,0.98,0.0,0.0,0.0,50,4.5,sports_fees_v3,True,101868472788219843622511768864014820436615938147856554512532072604929870768985
Wolverhampton Wanderers FC vs. Portsmouth FC: Wolverhampton Wanderers ,A 竞技,0.01,0.99,0.5,0.98,0.0,0.0,0.0,50,4.5,sports_fees_v3,True,21089490091608023578798863592829941114271273632817446051486032880016763808247
Wolverhampton Wanderers FC vs. Portsmouth FC: Wolverhampton Wanderers ,A 竞技,0.01,0.99,0.5,0.98,0.0,0.0,0.0,50,4.5,sports_fees_v3,True,5310887683310846308700341258413827916640895309296138275819426918953272182821
Wolverhampton Wanderers FC vs. Portsmouth FC: Portsmouth FC O/U 2.5 Co,A 竞技,0.01,0.99,0.5,0.98,0.0,0.0,0.0,50,4.5,sports_fees_v3,True,3661796977955658682363725311092955079262637940826993267696284365907552378919
Wolverhampton Wanderers FC vs. Portsmouth FC: Portsmouth FC O/U 3.5 Co,A 竞技,0.01,0.99,0.5,0.98,0.0,0.0,0.0,50,4.5,sports_fees_v3,True,30186859244210331946952732084686165184839331175048308492603529253537637297653
Wolverhampton Wanderers FC vs. Portsmouth FC: Portsmouth FC O/U 4.5 Co,A 竞技,0.01,0.99,0.5,0.98,0.0,0.0,0.0,50,4.5,sports_fees_v3,True,37756250328667925062138826673613124713185483744965233735600000362099642628757
Wolverhampton Wanderers FC vs. Portsmouth FC: Portsmouth FC O/U 5.5 Co,A 竞技,0.01,0.99,0.5,0.98,0.0,0.0,0.0,50,4.5,sports_fees_v3,True,9992598977491817489948157882766819048578896729549340858915934311511919078649
Wolverhampton Wanderers FC vs. Portsmouth FC: Total Corners Odd or Eve,A 竞技,0.01,0.99,0.5,0.98,0.0,0.0,0.0,50,4.5,sports_fees_v3,True,54433434540372524651669564567697003188123497002855034785191877685746694100717
Wolverhampton Wanderers FC vs. Portsmouth FC: Team to Take First Corne,A 竞技,0.01,0.99,0.5,0.98,0.0,0.0,0.0,50,4.5,sports_fees_v3,True,75666000141204265124421577631152936279158621272108859549711598830764678595118
Spread: Wolverhampton Wanderers FC (-1.5),A 竞技,0.01,0.99,0.5,0.98,0.0,21.85262,0.0,50,4.5,sports_fees_v3,True,11014474827061290766542604614944220251034831112523871661235909587331712996628
Spread: Portsmouth FC (-1.5),A 竞技,,0.99,,,0.0,0.0,0.0,50,4.5,sports_fees_v3,True,38591303369944134775380277687479519753029504907034545406861095069850562816474
Spread: Wolverhampton Wanderers FC (-2.5),A 竞技,0.01,0.99,0.5,0.98,0.0,0.0,0.0,50,4.5,sports_fees_v3,True,26526619846079231119982905198542719352901685473907390830436586760180637007518
Spread: Portsmouth FC (-2.5),A 竞技,,0.99,,,0.0,0.0,0.0,50,4.5,sports_fees_v3,True,65682212558291724810914428542799989979243561183269099668980323116082816584802
Wolverhampton Wanderers FC vs. Portsmouth FC: O/U 0.5,A 竞技,0.01,0.99,0.5,0.98,0.0,0.0,0.0,50,4.5,sports_fees_v3,True,31558544063031331797291190942551468902595080738345226458590067423654843920459
Wolverhampton Wanderers FC vs. Portsmouth FC: O/U 1.5,A 竞技,0.01,0.99,0.5,0.98,0.0,0.0,0.0,50,4.5,sports_fees_v3,True,1401890987033500009168278247129802845039927192632592347895169129172862140577
Wolverhampton Wanderers FC vs. Portsmouth FC: O/U 2.5,A 竞技,0.01,0.99,0.5,0.98,0.0,0.0,0.0,50,4.5,sports_fees_v3,True,96436432461242638679820485345033009782068610981778934216977146671230962087171
Wolverhampton Wanderers FC vs. Portsmouth FC: O/U 3.5,A 竞技,0.01,0.99,0.5,0.98,0.0,0.0,0.0,50,4.5,sports_fees_v3,True,10841591377951151570483638920109718775205280060638377520471601761957616357963
Wolverhampton Wanderers FC vs. Portsmouth FC: O/U 4.5,A 竞技,,0.99,,,0.0,0.0,0.0,50,4.5,sports_fees_v3,True,5060566003501058531732270592554724222505521686989952532740783848767067375986
Wolverhampton Wanderers FC vs. Portsmouth FC: O/U 5.5,A 竞技,,0.99,,,0.0,0.0,0.0,50,4.5,sports_fees_v3,True,114164426309467864141488038621745842951166280335548224128807323205326872586188
Wolverhampton Wanderers FC vs. Portsmouth FC: Both Teams to Score,A 竞技,0.01,0.95,0.48,0.94,0.0,0.0,0.0,50,4.5,sports_fees_v3,True,108364893162531451692547471575839142409092808353204047240084297187914862627490
Wolverhampton Wanderers FC vs. Portsmouth FC: Both Teams to Score in F,A 竞技,,0.8,,,0.0,0.0,0.0,50,4.5,sports_fees_v3,True,91388329701217488690228431877920605412180494853413688127230431491072947792686
Carlisle United FC vs. Worthing FC: Team to Take First Corner,A 竞技,0.001,0.999,0.5,0.998,0.0,0.0,0.0,50,4.5,sports_fees_v3,True,48147181588510299211613987247224536017407419864513430112278945017607326131995
AFC Fylde vs. Wealdstone FC: Team to Take First Corner,A 竞技,0.001,0.999,0.5,0.998,0.0,0.0,0.0,50,4.5,sports_fees_v3,True,930599929585917027625313741376428326184564678978393916541145476977996293612
Boreham Wood FC vs. Tamworth FC: Team to Take First Corner,A 竞技,0.001,0.999,0.5,0.998,0.0,0.0,0.0,50,4.5,sports_fees_v3,True,24072402782141353631263139328717115008221450275797922048480620768738608719352
Woking FC vs. Sutton United FC: Team to Take First Corner,A 竞技,0.001,0.999,0.5,0.998,0.0,0.0,0.0,50,4.5,sports_fees_v3,True,103528619963483041172920705614260420167903258332196270941710628954576269779207
Harrogate Town AFC vs. Solihull Moors FC: Team to Take First Corner,A 竞技,0.001,0.999,0.5,0.998,0.0,0.0,0.0,50,4.5,sports_fees_v3,True,90040926120093146645903463597504519954715974453587508311905092888587934811373
Hornchurch FC vs. Kidderminster Harriers FC: Team to Take First Corner,A 竞技,,1.0,,,0.0,0.0,0.0,50,4.5,sports_fees_v3,True,56602711079378541974753481097392077846612085784560474416169621337604178765462
Eastleigh FC vs. Gateshead FC: Team to Take First Corner,A 竞技,0.001,0.999,0.5,0.998,0.0,0.0,0.0,50,4.5,sports_fees_v3,True,95093409146960620508493729385359190304788422794778477165759877567574722928630
Forest Green Rovers FC vs. FC Halifax Town: Team to Take First Corner,A 竞技,0.001,0.999,0.5,0.998,0.0,0.0,0.0,50,4.5,sports_fees_v3,True,99118030787972853471407687092115201034341517943901103118881717869488224963791
Hartlepool United FC vs. Barrow AFC: Team to Take First Corner,A 竞技,,1.0,,,0.0,0.0,0.0,50,4.5,sports_fees_v3,True,18138547419207045495135954728847314346655752433469433191216106419617492385180
Boston United FC vs. Aldershot Town FC: Team to Take First Corner,A 竞技,0.001,0.999,0.5,0.998,0.0,0.0,0.0,50,4.5,sports_fees_v3,True,72076012083610369864809727385457030213341942392569854824195551423719811718837
Solihull Moors FC vs. Boston United FC: Team to Take First Corner,A 竞技,,1.0,,,0.0,0.0,0.0,50,4.5,sports_fees_v3,True,27122093995904534664627068400983009196384480079643735529265910305494665664096
Worthing FC vs. Forest Green Rovers FC: Team to Take First Corner,A 竞技,,1.0,,,0.0,0.0,0.0,50,4.5,sports_fees_v3,True,13588617605939881668248104750674990201626801157301809889853224594908071902604
Aldershot Town FC vs. Hartlepool United FC: Team to Take First Corner,A 竞技,,1.0,,,0.0,0.0,0.0,50,4.5,sports_fees_v3,True,33171206702420680196646915122370033724041329903019738069100500252010551135745
Wealdstone FC vs. Harrogate Town AFC: Wealdstone FC O/U 5.5 Corners,A 竞技,0.001,0.999,0.5,0.998,0.0,0.0,0.0,50,4.5,sports_fees_v3,True,39749894846952460859344146154555570354427977341646719930718992933659372687522
Wealdstone FC vs. Harrogate Town AFC: Total Corners Odd or Even?,A 竞技,0.001,0.999,0.5,0.998,0.0,0.0,0.0,50,4.5,sports_fees_v3,True,81225230829704631206340671871372093826409990869095459981996484464021297052446
Wealdstone FC vs. Harrogate Town AFC: Team to Take First Corner,A 竞技,,1.0,,,0.0,0.0,0.0,50,4.5,sports_fees_v3,True,80444582238431615837689132802989384267722487987420552662067120999605597805859
Barrow AFC vs. Hornchurch FC: Team to Take First Corner,A 竞技,,1.0,,,0.0,0.0,0.0,50,4.5,sports_fees_v3,True,76469650519216166196698349598669814369336503157016701309064783448582006766590
Sutton United FC vs. Altrincham FC: Team to Take First Corner,A 竞技,0.001,0.999,0.5,0.998,0.0,0.0,0.0,50,4.5,sports_fees_v3,True,41961290654894701566833901584137748720256248472783199496543452999496862424627
FC Halifax Town vs. Boreham Wood FC: Team to Take First Corner,A 竞技,,1.0,,,0.0,0.0,0.0,50,4.5,sports_fees_v3,True,102832337926497992924437044961530039956153442608661300931166187134853309223150
Yeovil Town FC vs. Carlisle United FC: Team to Take First Corner,A 竞技,0.001,0.999,0.5,0.998,0.0,0.0,0.0,50,4.5,sports_fees_v3,True,109517822124434455232438010051633348978476898680285769941009767225344033323065
Kidderminster Harriers FC vs. Aldershot Town FC: Team to Take First Co,A 竞技,0.001,0.999,0.5,0.998,0.0,0.0,0.0,50,4.5,sports_fees_v3,True,46655682775232332437645777605833575408177666593798428473992499614037492458807
Woking FC vs. AFC Fylde: Team to Take First Corner,A 竞技,0.001,0.999,0.5,0.998,0.0,0.0,0.0,50,4.5,sports_fees_v3,True,7166125351627262193143845991902149307571813108010604469915619658292869759930
Worthing FC vs. Wealdstone FC: Team to Take First Corner,A 竞技,0.001,0.999,0.5,0.998,0.0,0.0,0.0,50,4.5,sports_fees_v3,True,110111813441137045807874680679121284809639739008431163926323957485778977378486
Solihull Moors FC vs. Southend United FC: Team to Take First Corner,A 竞技,0.001,0.999,0.5,0.998,0.0,0.0,0.0,50,4.5,sports_fees_v3,True,51407045897951923523066323659407503295842883065473962622905914458500613756590
Eastleigh FC vs. Scunthorpe United FC: Team to Take First Corner,A 竞技,0.001,0.999,0.5,0.998,0.0,0.0,0.0,50,4.5,sports_fees_v3,True,11563513966441396081305738420437192442907109512157102853647804163978007767745
Sutton United FC vs. Hartlepool United FC: Team to Take First Corner,A 竞技,0.001,0.999,0.5,0.998,0.0,0.0,0.0,50,4.5,sports_fees_v3,True,44977402273071115797745896195543498501373922705282510254695713996755255630258
Forest Green Rovers FC vs. Boreham Wood FC: Team to Take First Corner,A 竞技,0.001,0.999,0.5,0.998,0.0,0.0,0.0,50,4.5,sports_fees_v3,True,81006104974819729287598526376633068728773383275130619483049189273650122408861
Boston United FC vs. Altrincham FC: Team to Take First Corner,A 竞技,0.001,0.999,0.5,0.998,0.0,0.0,0.0,50,4.5,sports_fees_v3,True,62333161511246776899838275295079421699933106147821930275117715895192129788458
Scunthorpe United FC vs. Solihull Moors FC: Team to Take First Corner,A 竞技,0.001,0.999,0.5,0.998,0.0,0.0,0.0,50,4.5,sports_fees_v3,True,1313167061534499324041671274240078355823110590638865316201980221174428708306
Tamworth FC vs. Worthing FC: Team to Take First Corner,A 竞技,0.001,0.999,0.5,0.998,0.0,0.0,0.0,50,4.5,sports_fees_v3,True,23451823901102866118177070755918599857177107524289385615196424207982623344845
Hornchurch FC vs. Woking FC: Team to Take First Corner,A 竞技,,1.0,,,0.0,0.0,0.0,50,4.5,sports_fees_v3,True,89333483160478326585065416393058075117295249688608841535509785314366334534421
AFC Fylde vs. Forest Green Rovers FC: Team to Take First Corner,A 竞技,0.001,0.999,0.5,0.998,0.0,0.0,0.0,50,4.5,sports_fees_v3,True,88779371984195149533884880599150760282556811218894383143407592670986372545126
Aldershot Town FC vs. Harrogate Town AFC: Team to Take First Corner,A 竞技,0.001,0.999,0.5,0.998,0.0,0.0,0.0,50,4.5,sports_fees_v3,True,20184337685664005894986441715751862471318204888938219518660056346258691766639
Altrincham FC vs. FC Halifax Town: Team to Take First Corner,A 竞技,0.001,0.999,0.5,0.998,0.0,0.0,0.0,50,4.5,sports_fees_v3,True,97396067594804560401125350990850169825392991391847959739831868885663333661346
AFC Fylde vs. Worthing FC: O/U 11.5 Total Corners,A 竞技,,1.0,,,0.0,0.0,0.0,50,4.5,sports_fees_v3,True,25580585061989334961769664361654369464558574027840605636479241641179182859919
AFC Fylde vs. Worthing FC: 2nd Half O/U 3.5 Total Corners,A 竞技,,1.0,,,0.0,0.0,0.0,50,4.5,sports_fees_v3,True,34120396404661972153887303999303285639215608111926640121589365920818059247537
AFC Fylde vs. Worthing FC: Worthing FC O/U 2.5 Corners,A 竞技,,1.0,,,0.0,0.0,0.0,50,4.5,sports_fees_v3,True,67424602435007183510965376100074928234018098925989899877926441258974142537564
AFC Fylde vs. Worthing FC: Total Corners Odd or Even?,A 竞技,,1.0,,,0.0,0.0,0.0,50,4.5,sports_fees_v3,True,63103944205050832648089294339085892025870200807642255463359361121314912705691
AFC Fylde vs. Worthing FC: Team to Take First Corner,A 竞技,,1.0,,,0.0,0.0,0.0,50,4.5,sports_fees_v3,True,73536677171680908612246168343899671406962312062882849557970235981466342857010
Sutton United FC vs. Scunthorpe United FC: Team to Take First Corner,A 竞技,,1.0,,,0.0,0.0,0.0,50,4.5,sports_fees_v3,True,9636585879435602372374943652603092474603958490714011114251143075848479583028
Boston United FC vs. Wealdstone FC: Team to Take First Corner,A 竞技,,1.0,,,0.0,0.0,0.0,50,4.5,sports_fees_v3,True,97039294102939045583898680085338928475988610452173532785747540441170200944296
FC Halifax Town vs. Hornchurch FC: Team to Take First Corner,A 竞技,,1.0,,,0.0,0.0,0.0,50,4.5,sports_fees_v3,True,89861137063760672600681244169561479711552282923593049419748724704471558934033
Wealdstone FC vs. FC Halifax Town: Team to Take First Corner,A 竞技,,1.0,,,0.0,0.0,0.0,50,4.5,sports_fees_v3,True,65096086703239346768955853987453545616732442216270427302013609927390515264709
Carlisle United FC vs. Forest Green Rovers FC: 2nd Half O/U 3.5 Total ,A 竞技,,1.0,,,0.0,0.0,0.0,50,4.5,sports_fees_v3,True,2586497854816688339388293492300649422381986429632901513594369041462152371739
Carlisle United FC vs. Forest Green Rovers FC: Carlisle United FC O/U ,A 竞技,,1.0,,,0.0,9.711539,0.0,50,4.5,sports_fees_v3,True,31600203607122125452414472721415607665727626294721978948804373384558656564276
Carlisle United FC vs. Forest Green Rovers FC: Total Corners Odd or Ev,A 竞技,,1.0,,,0.0,0.0,0.0,50,4.5,sports_fees_v3,True,53734869888326283053449483041176516251166804069865386886550831564724269929788
Kidderminster Harriers FC vs. Gateshead FC: Total Corners Odd or Even?,A 竞技,,1.0,,,0.0,0.0,0.0,50,4.5,sports_fees_v3,True,12437371529274632516662447646545162828981934655321042214423668875430153996955
Hornchurch FC vs. Scunthorpe United FC: O/U 12.5 Total Corners,A 竞技,,1.0,,,0.0,0.0,0.0,50,4.5,sports_fees_v3,True,92778573629041517486719749397363794821438741491404574921013694839556478380461
Hornchurch FC vs. Scunthorpe United FC: O/U 13.5 Total Corners,A 竞技,,1.0,,,0.0,0.0,0.0,50,4.5,sports_fees_v3,True,97944747886013608194671704374783892259649927169028471327034454895479078902176
Hornchurch FC vs. Scunthorpe United FC: 1st Half O/U 3.5 Total Corners,A 竞技,,1.0,,,0.0,0.0,0.0,50,4.5,sports_fees_v3,True,92814917310358605685945624061647212471714743124772106684887648472032410903088
Hornchurch FC vs. Scunthorpe United FC: 1st Half O/U 4.5 Total Corners,A 竞技,,1.0,,,0.0,0.0,0.0,50,4.5,sports_fees_v3,True,55132039868174312217546856057652367876526626402847417446982157159516732982044
Hornchurch FC vs. Scunthorpe United FC: Hornchurch FC O/U 5.5 Corners,A 竞技,,1.0,,,0.0,0.0,0.0,50,4.5,sports_fees_v3,True,74990146115689950403771210930967150476275748475932084043057964099125119022943
Hornchurch FC vs. Scunthorpe United FC: Total Corners Odd or Even?,A 竞技,,1.0,,,0.0,0.0,0.0,50,4.5,sports_fees_v3,True,81511905591067537495539412999477225253504817076705029754597412700200482144027
Hornchurch FC vs. Scunthorpe United FC: Team to Take First Corner,A 竞技,,1.0,,,0.0,0.0,0.0,50,4.5,sports_fees_v3,True,102262582072065294458219669079578723993326466869116989183121155544900214117999
Barrow AFC vs. Aldershot Town FC: O/U 9.5 Total Corners,A 竞技,,1.0,,,0.0,0.0,0.0,50,4.5,sports_fees_v3,True,18259126285975140022585481037210865652230989215103894849163516560079434237519
Barrow AFC vs. Aldershot Town FC: O/U 10.5 Total Corners,A 竞技,,1.0,,,0.0,0.0,0.0,50,4.5,sports_fees_v3,True,89224356078617802862618752930582809422466225072062380711295685927803958336440
Barrow AFC vs. Aldershot Town FC: 1st Half O/U 5.5 Total Corners,A 竞技,,1.0,,,0.0,0.0,0.0,50,4.5,sports_fees_v3,True,64448466579908303913606304055957441606750118926614474852262292210554871843601
Barrow AFC vs. Aldershot Town FC: 2nd Half O/U 3.5 Total Corners,A 竞技,,1.0,,,0.0,0.0,0.0,50,4.5,sports_fees_v3,True,78643343132060084227315768457591384951597058544437335328005958521248259144198
Barrow AFC vs. Aldershot Town FC: 2nd Half O/U 4.5 Total Corners,A 竞技,,1.0,,,0.0,0.0,0.0,50,4.5,sports_fees_v3,True,70759894398280245508657340557673103636158316545439643619792071715503829467325
Barrow AFC vs. Aldershot Town FC: Barrow AFC O/U 2.5 Corners,A 竞技,,1.0,,,0.0,0.0,0.0,50,4.5,sports_fees_v3,True,75138330124546421771254638796647558650481273582468588039549210685957105529262
Barrow AFC vs. Aldershot Town FC: Total Corners Odd or Even?,A 竞技,,1.0,,,0.0,0.0,0.0,50,4.5,sports_fees_v3,True,37070868243620609435428281845643468797705147343620699709075726965875283528474
Barrow AFC vs. Aldershot Town FC: Team to Take First Corner,A 竞技,,1.0,,,0.0,0.0,0.0,50,4.5,sports_fees_v3,True,25646002914835149137336493130791474776563543194220635127098313635800618369907
AFC Fylde vs. Altrincham FC: 2nd Half O/U 3.5 Total Corners,A 竞技,,1.0,,,0.0,0.0,0.0,50,4.5,sports_fees_v3,True,17318270533050235679637137349215188236494970654792448091368243981772331386778
AFC Fylde vs. Altrincham FC: 2nd Half O/U 4.5 Total Corners,A 竞技,,1.0,,,0.0,0.0,0.0,50,4.5,sports_fees_v3,True,105391557170130641704104001261167429083838451309456100575784065443078809738084
AFC Fylde vs. Altrincham FC: AFC Fylde O/U 3.5 Corners,A 竞技,,1.0,,,0.0,0.0,0.0,50,4.5,sports_fees_v3,True,81766106627523121545548594779538554411221968440783468339144814245882438970375
AFC Fylde vs. Altrincham FC: AFC Fylde O/U 4.5 Corners,A 竞技,,1.0,,,0.0,0.0,0.0,50,4.5,sports_fees_v3,True,90978153412950728454542489926741862862224239701250753438452182445435074888456
AFC Fylde vs. Altrincham FC: Altrincham FC O/U 2.5 Corners,A 竞技,,1.0,,,0.0,0.0,0.0,50,4.5,sports_fees_v3,True,97357823729188754478411012205092213928812946998143267084653173427514234934947
AFC Fylde vs. Altrincham FC: Total Corners Odd or Even?,A 竞技,,1.0,,,0.0,0.0,0.0,50,4.5,sports_fees_v3,True,77653111491730601392802944460752382875929383563148740525206948481900391150314
AFC Fylde vs. Altrincham FC: Team to Take First Corner,A 竞技,,1.0,,,0.0,0.0,0.0,50,4.5,sports_fees_v3,True,114134880970418729984919506721225165338265950778688937083976476575748314109138
Forest Green Rovers FC vs. Boston United FC: 2nd Half O/U 4.5 Total Co,A 竞技,,1.0,,,0.0,0.0,0.0,50,4.5,sports_fees_v3,True,59771507298604473093846936096720592156308488667064655808768915734148048892700
Forest Green Rovers FC vs. Boston United FC: 2nd Half O/U 5.5 Total Co,A 竞技,,1.0,,,0.0,0.0,0.0,50,4.5,sports_fees_v3,True,112326456607139953291235487162428288475570517581753782472607222772771358149856
Forest Green Rovers FC vs. Boston United FC: Boston United FC O/U 5.5 ,A 竞技,,1.0,,,0.0,0.0,0.0,50,4.5,sports_fees_v3,True,44321850413591000071275283335911681427038509639456144139425674618452178042582
Forest Green Rovers FC vs. Boston United FC: Total Corners Odd or Even,A 竞技,,1.0,,,0.0,0.0,0.0,50,4.5,sports_fees_v3,True,112143059968944538703960172521565596481385864389055940994719653435289350956822
Forest Green Rovers FC vs. Boston United FC: Team to Take First Corner,A 竞技,,1.0,,,0.0,0.0,0.0,50,4.5,sports_fees_v3,True,41809982925364256795875673067253600701004406788949755319071916788836019552299
Eastleigh FC vs. Carlisle United FC: O/U 10.5 Total Corners,A 竞技,,1.0,,,0.0,0.0,0.0,50,4.5,sports_fees_v3,True,37550159558382145208640731945782286869080709729851365205216308622168571000555
Eastleigh FC vs. Carlisle United FC: O/U 11.5 Total Corners,A 竞技,,1.0,,,0.0,0.0,0.0,50,4.5,sports_fees_v3,True,9079705548710314271728845502855246709768254722368032686397465684715621226745
Eastleigh FC vs. Carlisle United FC: 1st Half O/U 3.5 Total Corners,A 竞技,,1.0,,,0.0,0.0,0.0,50,4.5,sports_fees_v3,True,42668795527445210993626612626072949154040515234179769800075583191080692570455
Eastleigh FC vs. Carlisle United FC: 1st Half O/U 4.5 Total Corners,A 竞技,,1.0,,,0.0,0.0,0.0,50,4.5,sports_fees_v3,True,77990148859866612212397173743944311266913833704405987762553671323744014365595
Eastleigh FC vs. Carlisle United FC: Eastleigh FC O/U 4.5 Corners,A 竞技,,1.0,,,0.0,0.0,0.0,50,4.5,sports_fees_v3,True,33359830962745087224188715337011295731097185513904915221979060685002642543201
Eastleigh FC vs. Carlisle United FC: Eastleigh FC O/U 5.5 Corners,A 竞技,,1.0,,,0.0,0.0,0.0,50,4.5,sports_fees_v3,True,14792226681487228317924992655345319390306354199248263745147830535646969318664
Eastleigh FC vs. Carlisle United FC: Carlisle United FC O/U 5.5 Corner,A 竞技,,1.0,,,0.0,0.0,0.0,50,4.5,sports_fees_v3,True,24308685887082790195072888490600591098791126269321680171463099645538385051761
Eastleigh FC vs. Carlisle United FC: Total Corners Odd or Even?,A 竞技,,1.0,,,0.0,0.0,0.0,50,4.5,sports_fees_v3,True,91987233186507831128363547504323910851479619552996701089561301391479674656490
Eastleigh FC vs. Carlisle United FC: Team to Take First Corner,A 竞技,,1.0,,,0.0,0.0,0.0,50,4.5,sports_fees_v3,True,57029357790067138464837238998574949287799855904813249528288610005203833617573
Woking FC vs. Kidderminster Harriers FC: O/U 11.5 Total Corners,A 竞技,,1.0,,,0.0,0.0,0.0,50,4.5,sports_fees_v3,True,47308863643849196700533761587327040565644735243470448627587355761604211920921
Woking FC vs. Kidderminster Harriers FC: O/U 12.5 Total Corners,A 竞技,,1.0,,,0.0,0.0,0.0,50,4.5,sports_fees_v3,True,26289383887933478972089244549460039271371856991843567999004040433259914331878
Woking FC vs. Kidderminster Harriers FC: 2nd Half O/U 4.5 Total Corner,A 竞技,,1.0,,,0.0,0.0,0.0,50,4.5,sports_fees_v3,True,38653565229860930414715106114250191238950111578752044743539378618141520636564
Woking FC vs. Kidderminster Harriers FC: 2nd Half O/U 5.5 Total Corner,A 竞技,,1.0,,,0.0,0.0,0.0,50,4.5,sports_fees_v3,True,26831846719170687269766541834363397121826629710669150680045650239598034262245
Woking FC vs. Kidderminster Harriers FC: Woking FC O/U 5.5 Corners,A 竞技,,1.0,,,0.0,0.0,0.0,50,4.5,sports_fees_v3,True,113839620567002291358718017993187614933099669255415446742055772086815628773808
Woking FC vs. Kidderminster Harriers FC: Kidderminster Harriers FC O/U,A 竞技,,1.0,,,0.0,0.0,0.0,50,4.5,sports_fees_v3,True,18951601239289033501759292120158196020677930119135348955178200900788583820403
Woking FC vs. Kidderminster Harriers FC: Total Corners Odd or Even?,A 竞技,,1.0,,,0.0,0.0,0.0,50,4.5,sports_fees_v3,True,51702341607264864477485256666958453169009190251831590114323122047997196029317
Woking FC vs. Kidderminster Harriers FC: Team to Take First Corner,A 竞技,,1.0,,,0.0,0.0,0.0,50,4.5,sports_fees_v3,True,10438709230777811753571514776764804592911320766476009758588995141657432142354
Boreham Wood FC vs. Harrogate Town AFC: 2nd Half O/U 3.5 Total Corners,A 竞技,,1.0,,,0.0,0.0,0.0,50,4.5,sports_fees_v3,True,3605126426610725656189750288954870142020051993252319819759394837621701509600
Boreham Wood FC vs. Harrogate Town AFC: Boreham Wood FC O/U 3.5 Corner,A 竞技,,1.0,,,0.0,0.0,0.0,50,4.5,sports_fees_v3,True,5372763949683259400044965402376193192181192805605994607381404068966395169899
Boreham Wood FC vs. Harrogate Town AFC: Boreham Wood FC O/U 4.5 Corner,A 竞技,,1.0,,,0.0,0.0,0.0,50,4.5,sports_fees_v3,True,92401746623444548412306075878728219777425862380079110881033667218635815705688
Boreham Wood FC vs. Harrogate Town AFC: Total Corners Odd or Even?,A 竞技,,1.0,,,0.0,0.0,0.0,50,4.5,sports_fees_v3,True,98755888275522928293914251356111453302675918754920774872403181060280396538843
Boreham Wood FC vs. Harrogate Town AFC: Team to Take First Corner,A 竞技,,1.0,,,0.0,0.0,0.0,50,4.5,sports_fees_v3,True,90407525549174446192036372358445008865921499459070706642933395332419313850680
Gateshead FC vs. Southend United FC: Team to Take First Corner,A 竞技,,1.0,,,0.0,0.0,0.0,50,4.5,sports_fees_v3,True,60723812518871241593043524905030390695695448696892729921292503651814974122480
FC Halifax Town vs. Sutton United FC: O/U 8.5 Total Corners,A 竞技,,1.0,,,0.0,0.0,0.0,50,4.5,sports_fees_v3,True,42742336876360007195513175957923723394287789273327775306109031863023450538643
FC Halifax Town vs. Sutton United FC: O/U 9.5 Total Corners,A 竞技,,1.0,,,0.0,5.769231,0.0,50,4.5,sports_fees_v3,True,37070297659170773234494932220635473488552627911432483551047710150461747781438
FC Halifax Town vs. Sutton United FC: Total Corners Odd or Even?,A 竞技,,1.0,,,0.0,0.0,0.0,50,4.5,sports_fees_v3,True,114085074337476966548751146798593713157774360813571257714853050679681165838701
SC Heerenveen vs. FC Twente: O/U 12.5 Total Corners,A 竞技,0.001,0.999,0.5,0.998,0.0,15.342701000000002,0.0,50,4.5,sports_fees_v3,True,50995771636587153061301379295351383722385730497143303223270580555907443019331
SC Heerenveen vs. FC Twente: SC Heerenveen O/U 3.5 Corners,A 竞技,0.001,0.999,0.5,0.998,0.0,0.0,0.0,50,4.5,sports_fees_v3,True,113208724296685325986973794676442238606177028464280989081295690511771678374144
SC Heerenveen vs. FC Twente: SC Heerenveen O/U 4.5 Corners,A 竞技,0.001,0.999,0.5,0.998,0.0,262.096935,0.0,50,4.5,sports_fees_v3,True,48790810313614533496201917697181802404897560679544004266591950201676066037728
SC Heerenveen vs. FC Twente: Total Corners Odd or Even?,A 竞技,0.001,0.999,0.5,0.998,0.0,0.0,0.0,50,4.5,sports_fees_v3,True,93894711002242900120934165279940427974380426910139403862512051644924252171353
Willem II Tilburg vs. NEC: 2nd Half O/U 3.5 Total Corners,A 竞技,,1.0,,,0.0,0.0,0.0,50,4.5,sports_fees_v3,True,2094696893214216860086346476991653406802014856196435836466828926762627589801
Willem II Tilburg vs. NEC: NEC O/U 2.5 Corners,A 竞技,,1.0,,,0.0,0.0,0.0,50,4.5,sports_fees_v3,True,93236338934627801807048860418232368025083320262298210085602599114154350213714
Willem II Tilburg vs. NEC: Total Corners Odd or Even?,A 竞技,,0.99,,,0.0,0.0,0.0,50,4.5,sports_fees_v3,True,29483247981211546476591484195713947500885328538063042495732831233428986955563
Will PSV Eindhoven win the 2026-27 Eredivisie?,A 竞技,0.51,0.54,0.525,0.030000000000000027,0.0,1254.963145,0.0,50,4.5,sports_fees_v3,True,88483396934142459608591251818287797712522671896183975367833238019285276012956
Will Ajax win the 2026-27 Eredivisie?,A 竞技,0.13,0.22,0.175,0.09,0.0,1662.951447,0.0,50,4.5,sports_fees_v3,True,78755556787339080568056293197442659847846052611354455804017680643115533079149
Will Feyenoord win the 2026-27 Eredivisie?,A 竞技,0.13,0.26,0.195,0.13,0.0,865.1983550000001,0.0,50,4.5,sports_fees_v3,True,25205791234788355785339410890253415246267755311436923780259775754147831136993
Will AZ win the 2026-27 Eredivisie?,A 竞技,0.11,0.13,0.12,0.020000000000000004,0.0,1327.913953,0.0,50,4.5,sports_fees_v3,True,99347689246978239442492646307559412453549048298439693580613187894066693505849
Will Twente win the 2026-27 Eredivisie?,A 竞技,0.052,0.08,0.066,0.028000000000000004,0.0,850.4586789999998,0.0,50,4.5,sports_fees_v3,True,62451775980193400613844688723794405316071537454243911050667494580834038028593
Will NEC win the 2026-27 Eredivisie?,A 竞技,0.001,0.012,0.006500000000000001,0.011,0.0,526.705,0.0,50,4.5,sports_fees_v3,True,9971607895326624477099978140741987369674802620414862005344196570079821247909
Will Utrecht win the 2026-27 Eredivisie?,A 竞技,0.001,0.003,0.002,0.002,0.0,343.67999999999995,0.0,50,4.5,sports_fees_v3,True,112826708893049667673287682281494758474329537224746412283894580677903874195003
Will Heerenveen win the 2026-27 Eredivisie?,A 竞技,0.001,0.003,0.002,0.002,0.0,343.67999999999995,0.0,50,4.5,sports_fees_v3,True,79616614018291712534925122953389820321878032078202840322381967912463294459976
Will Go Ahead Eagles win the 2026-27 Eredivisie?,A 竞技,,0.005,,,0.0,447.65999999999997,0.0,50,4.5,sports_fees_v3,True,5841528873821463438407293423601236220254163363441271577297170076984618274629
Will Groningen win the 2026-27 Eredivisie?,A 竞技,,0.004,,,0.0,400.682,0.0,50,4.5,sports_fees_v3,True,76128007001955568146411828521393327905707377872062389928942709383771174894073
Will Sparta Rotterdam win the 2026-27 Eredivisie?,A 竞技,,0.004,,,0.0,400.682,0.0,50,4.5,sports_fees_v3,True,113811662454876966137601115823789526200956517129904417850287232002362783323123
Will SC Telstar win the 2026-27 Eredivisie?,A 竞技,,0.004,,,0.0,360.504,0.0,50,4.5,sports_fees_v3,True,8850257633665825249036723114698996529574112358288915809785474074846792925252
Will Fortuna Sittard win the 2026-27 Eredivisie?,A 竞技,0.001,0.003,0.002,0.002,0.0,345.6809999999999,0.0,50,4.5,sports_fees_v3,True,106842976346022047372788726259178061908187606546838238240421663883956119157895
Will PEC Zwolle win the 2026-27 Eredivisie?,A 竞技,,0.005,,,0.0,346.994,0.0,50,4.5,sports_fees_v3,True,110256347782188171277890696345030750726245166416148877909324447970578270881629
Will Excelsior win the 2026-27 Eredivisie?,A 竞技,0.001,0.004,0.0025,0.003,0.0,375.677,0.0,50,4.5,sports_fees_v3,True,56603320073148289883725177327332784209289486676459380565669434021586889672135
Will ADO Den Haag win the 2026-27 Eredivisie?,A 竞技,,0.01,,,0.0,346.99199999999996,0.0,50,4.5,sports_fees_v3,True,23155871084263823396731860924396951186452706736263046501721431084056054057551
Will SC Cambuur win the 2026-27 Eredivisie?,A 竞技,0.001,0.009,0.004999999999999999,0.008,0.0,467.41400000000004,0.0,50,4.5,sports_fees_v3,True,7190321994440393915465856374378490469392716704881981208052090833137926688343
Will Willem II win the 2026-27 Eredivisie?,A 竞技,0.001,0.01,0.0055,0.009000000000000001,0.0,435.825,0.0,50,4.5,sports_fees_v3,True,112845058739258964115251658810941673824187901614697528201294744535571030932577
Will PSV Eindhoven be runner-up in the 2026-27 Eredivisie?,A 竞技,0.23,0.41,0.32,0.17999999999999997,0.0,134.866362,0.0,50,4.5,sports_fees_v3,True,69012960426742898647402812412078002099136400077715441471756067580894084424773
Will Ajax be runner-up in the 2026-27 Eredivisie?,A 竞技,0.14,0.37,0.255,0.22999999999999998,0.0,134.08324199999998,0.0,50,4.5,sports_fees_v3,True,87460572535239429214643040711782093152335197984023384171675130352208784855341
Will Feyenoord be runner-up in the 2026-27 Eredivisie?,A 竞技,0.13,0.31,0.22,0.18,0.0,134.263332,0.0,50,4.5,sports_fees_v3,True,45361667715052709298854838637946071666934604334653085835951860660663396620959
Will AZ be runner-up in the 2026-27 Eredivisie?,A 竞技,0.13,0.29,0.21,0.15999999999999998,0.0,159.0,0.0,50,4.5,sports_fees_v3,True,93542723483262187662614279861199600624372849004530494298110817189330545020266
Will Twente be runner-up in the 2026-27 Eredivisie?,A 竞技,0.07,0.19,0.13,0.12,0.0,139.6,0.0,50,4.5,sports_fees_v3,True,36087741959059818843410669359085550503722373191722205469658382360080655223664
Will NEC be runner-up in the 2026-27 Eredivisie?,A 竞技,,0.08,,,0.0,127.6,0.0,50,4.5,sports_fees_v3,True,18489590763299180572297323759302259728647876815213839693035301537851439734693
Will Utrecht be runner-up in the 2026-27 Eredivisie?,A 竞技,0.002,0.041,0.021500000000000002,0.039,0.0,139.6,0.0,50,4.5,sports_fees_v3,True,104438110223708582393525306711610879449453553694778089305800634700443375811175
Will Heerenveen be runner-up in the 2026-27 Eredivisie?,A 竞技,0.001,0.004,0.0025,0.003,0.0,139.6,0.0,50,4.5,sports_fees_v3,True,41217518159701918240869770499843141597933274683832929607866649969293620608929
Will Go Ahead Eagles be runner-up in the 2026-27 Eredivisie?,A 竞技,0.001,0.004,0.0025,0.003,0.0,139.6,0.0,50,4.5,sports_fees_v3,True,18987702079370064887793383823651670858515537773314043327792760710250569245649
Will Groningen be runner-up in the 2026-27 Eredivisie?,A 竞技,0.001,0.004,0.0025,0.003,0.0,139.6,0.0,50,4.5,sports_fees_v3,True,39585968260413347891927691045114118257860228689680548761289530659084517550794
Will Sparta Rotterdam be runner-up in the 2026-27 Eredivisie?,A 竞技,0.001,0.004,0.0025,0.003,0.0,153.87,0.0,50,4.5,sports_fees_v3,True,60320308167227411915393524568014677276600162216120620590344794850375179307770
Will SC Telstar be runner-up in the 2026-27 Eredivisie?,A 竞技,0.002,0.057,0.029500000000000002,0.055,0.0,139.6,0.0,50,4.5,sports_fees_v3,True,61372991934242799237993307582595919754337994277882507414327358578034719398605
Will Fortuna Sittard be runner-up in the 2026-27 Eredivisie?,A 竞技,0.002,0.036,0.019,0.033999999999999996,0.0,139.6,0.0,50,4.5,sports_fees_v3,True,113605060924623886931417249918014321290204610550653533030583196324080943983661
Will PEC Zwolle be runner-up in the 2026-27 Eredivisie?,A 竞技,0.001,0.004,0.0025,0.003,0.0,139.6,0.0,50,4.5,sports_fees_v3,True,109223289227012109134415379323734505053900245846761189575874088635781201659859
Will Excelsior be runner-up in the 2026-27 Eredivisie?,A 竞技,0.002,0.007,0.0045000000000000005,0.005,0.0,153.87,0.0,50,4.5,sports_fees_v3,True,16368830679188793032165212710684226011511846044382896389848842195160948168926
Will ADO Den Haag be runner-up in the 2026-27 Eredivisie?,A 竞技,0.001,0.004,0.0025,0.003,0.0,139.6,0.0,50,4.5,sports_fees_v3,True,33173419989775441261519090034245530004082739668424008498304359231716556615607
Will SC Cambuur be runner-up in the 2026-27 Eredivisie?,A 竞技,0.001,0.004,0.0025,0.003,0.0,139.6,0.0,50,4.5,sports_fees_v3,True,52855743173964493710145733707092964828322257659282706863496179851354893719090
Will Willem II be runner-up in the 2026-27 Eredivisie?,A 竞技,0.001,0.004,0.0025,0.003,0.0,139.6,0.0,50,4.5,sports_fees_v3,True,74884975513948333199583729366589091665643305474324907797501376586335472699841
Will PSV Eindhoven qualify for the 2027-28 UEFA Champions League?,A 竞技,0.07,0.98,0.525,0.9099999999999999,0.0,0.0,0.0,50,4.5,sports_fees_v3,True,43946003236681402439089213357033763576056086417255175448224648517533545868161
Will Ajax qualify for the 2027-28 UEFA Champions League?,A 竞技,0.23,0.99,0.61,0.76,0.0,0.0,0.0,50,4.5,sports_fees_v3,True,26263501364835160338670210653926838868500588750893741263070541342401828034910
Will Feyenoord qualify for the 2027-28 UEFA Champions League?,A 竞技,0.07,0.98,0.525,0.9099999999999999,0.0,0.0,0.0,50,4.5,sports_fees_v3,True,103377770524705794552930370083440112389966356254740995713335785534433878409595
Will AZ qualify for the 2027-28 UEFA Champions League?,A 竞技,0.07,0.98,0.525,0.9099999999999999,0.0,0.0,0.0,50,4.5,sports_fees_v3,True,100369547600783668155738671411973165078762479566236656835159925405487490184100
Will Twente qualify for the 2027-28 UEFA Champions League?,A 竞技,0.07,0.98,0.525,0.9099999999999999,0.0,0.0,0.0,50,4.5,sports_fees_v3,True,110090701770783545933205083013110663529261317392631926325430582565599795599781
Will NEC qualify for the 2027-28 UEFA Champions League?,A 竞技,0.01,0.98,0.495,0.97,0.0,0.0,0.0,50,4.5,sports_fees_v3,True,49126874831190967890532559833682611777368373997802789241916718197039145667255
Will Utrecht qualify for the 2027-28 UEFA Champions League?,A 竞技,0.01,0.98,0.495,0.97,0.0,24.99,0.0,50,4.5,sports_fees_v3,True,112403282695395428050005444295738042732979292797715503716519223068779613608750
Will Heerenveen qualify for the 2027-28 UEFA Champions League?,A 竞技,0.01,0.19,0.1,0.18,0.0,0.0,0.0,50,4.5,sports_fees_v3,True,45294799911420503964738576599190660593712981174175665546856448869770186900456
Will Go Ahead Eagles qualify for the 2027-28 UEFA Champions League?,A 竞技,0.01,0.98,0.495,0.97,0.0,0.0,0.0,50,4.5,sports_fees_v3,True,15961042523275546727288084112560279249425953080036292374355827411898224541042
Will Groningen qualify for the 2027-28 UEFA Champions League?,A 竞技,0.01,0.98,0.495,0.97,0.0,0.0,0.0,50,4.5,sports_fees_v3,True,29344924013012837560512927058536191515306392350126993490531839618463397595879
Will Sparta Rotterdam qualify for the 2027-28 UEFA Champions League?,A 竞技,0.01,0.98,0.495,0.97,0.0,0.0,0.0,50,4.5,sports_fees_v3,True,88090766290382639768652480297964199513998070050132811237885443156898130105980
Will SC Telstar qualify for the 2027-28 UEFA Champions League?,A 竞技,0.01,0.98,0.495,0.97,0.0,0.0,0.0,50,4.5,sports_fees_v3,True,9482059249749666542076228563908143470846363066997151285867145549460678037121
Will Fortuna Sittard qualify for the 2027-28 UEFA Champions League?,A 竞技,0.01,0.98,0.495,0.97,0.0,0.0,0.0,50,4.5,sports_fees_v3,True,36887878020737183162667887704486754276527100252364930732419910308054935532138
Will PEC Zwolle qualify for the 2027-28 UEFA Champions League?,A 竞技,0.01,0.18,0.095,0.16999999999999998,0.0,54.72,0.0,50,4.5,sports_fees_v3,True,41879892182662469025191272481166428668240688621036779149763299984872185869546
Will Excelsior qualify for the 2027-28 UEFA Champions League?,A 竞技,0.01,0.98,0.495,0.97,0.0,0.0,0.0,50,4.5,sports_fees_v3,True,70429551196191588118368964230066273782873583243660981966018974890598640904453
Will ADO Den Haag qualify for the 2027-28 UEFA Champions League?,A 竞技,0.01,0.98,0.495,0.97,0.0,40.73,0.0,50,4.5,sports_fees_v3,True,62196301509372189850427005547544584643302970466302764979783920676509217807376
Will SC Cambuur qualify for the 2027-28 UEFA Champions League?,A 竞技,0.01,0.98,0.495,0.97,0.0,40.73,0.0,50,4.5,sports_fees_v3,True,97920710382461841636519989686920031411209215493955121293658890972687045788541
Will Willem II qualify for the 2027-28 UEFA Champions League?,A 竞技,0.01,0.98,0.495,0.97,0.0,40.73,0.0,50,4.5,sports_fees_v3,True,6632020793577647333052669512941243470471393774523920433471012922696483956834
Will PSV Eindhoven qualify for the 2027-28 UEFA Europa League?,A 竞技,0.03,0.49,0.26,0.45999999999999996,0.0,0.0,0.0,50,4.5,sports_fees_v3,True,64819238603546690622166361726367623489622502585209638332725029605904614289746
Will Ajax qualify for the 2027-28 UEFA Europa League?,A 竞技,,0.99,,,0.0,0.0,0.0,50,4.5,sports_fees_v3,True,102426927739054143827793581214592621244401853160070096312353231895873186198257
Will Feyenoord qualify for the 2027-28 UEFA Europa League?,A 竞技,,0.99,,,0.0,0.0,0.0,50,4.5,sports_fees_v3,True,106084309107501202202354505401245657177533931081111915249261828935596722152037
Will AZ qualify for the 2027-28 UEFA Europa League?,A 竞技,,0.99,,,0.0,0.0,0.0,50,4.5,sports_fees_v3,True,25780847209626325689057741771612496630691537462924923738542309647521752966673
Will Twente qualify for the 2027-28 UEFA Europa League?,A 竞技,,0.99,,,0.0,0.0,0.0,50,4.5,sports_fees_v3,True,69961500457768940180018507931935303684455838727927008915399314713095625717538
Will NEC qualify for the 2027-28 UEFA Europa League?,A 竞技,,0.99,,,0.0,0.0,0.0,50,4.5,sports_fees_v3,True,98435185104070911450886581900013257245905811333713815163898986462650107217979
Will Utrecht qualify for the 2027-28 UEFA Europa League?,A 竞技,,0.99,,,0.0,0.0,0.0,50,4.5,sports_fees_v3,True,80451710414055436988657763263148921946378130712978110022652480395955866282773
Will Heerenveen qualify for the 2027-28 UEFA Europa League?,A 竞技,0.03,0.09,0.06,0.06,0.0,0.0,0.0,50,4.5,sports_fees_v3,True,91030672136873717427097472716589079121964890529022373125719544539922473782142
Will Go Ahead Eagles qualify for the 2027-28 UEFA Europa League?,A 竞技,,0.99,,,0.0,0.0,0.0,50,4.5,sports_fees_v3,True,31879319416752663505693545446534866199196527261375057374046077685799241319576
Will Groningen qualify for the 2027-28 UEFA Europa League?,A 竞技,0.03,0.09,0.06,0.06,0.0,0.0,0.0,50,4.5,sports_fees_v3,True,68759712860644187580636641278323698046985128367985194728346045646714557055297
Will Sparta Rotterdam qualify for the 2027-28 UEFA Europa League?,A 竞技,,0.99,,,0.0,0.0,0.0,50,4.5,sports_fees_v3,True,23500801210062139540594346646659751871947115224501542914831438593488481036466
Will SC Telstar qualify for the 2027-28 UEFA Europa League?,A 竞技,0.03,0.09,0.06,0.06,0.0,0.0,0.0,50,4.5,sports_fees_v3,True,41918068962963904232373718050948396681714102993627988126499648058489452009296
Will Fortuna Sittard qualify for the 2027-28 UEFA Europa League?,A 竞技,,0.99,,,0.0,0.0,0.0,50,4.5,sports_fees_v3,True,94999516439164371422812263884519036726179274273298540463987864156152582890724
Will PEC Zwolle qualify for the 2027-28 UEFA Europa League?,A 竞技,,0.99,,,0.0,0.0,0.0,50,4.5,sports_fees_v3,True,91025882039861483234702059141841293573227216676584683632157637683326632603371
Will Excelsior qualify for the 2027-28 UEFA Europa League?,A 竞技,,0.99,,,0.0,0.0,0.0,50,4.5,sports_fees_v3,True,16299211040938907203153312004464095239748854000860476840321186225676234384711
Will ADO Den Haag qualify for the 2027-28 UEFA Europa League?,A 竞技,,0.99,,,0.0,0.0,0.0,50,4.5,sports_fees_v3,True,105238083406809705437937635653805100507728050205521614472787817288731117015550
Will SC Cambuur qualify for the 2027-28 UEFA Europa League?,A 竞技,,0.99,,,0.0,0.0,0.0,50,4.5,sports_fees_v3,True,93334586297240153778309802608036840686905818776031399986159444856577743225212
Will Willem II qualify for the 2027-28 UEFA Europa League?,A 竞技,,0.99,,,0.0,0.0,0.0,50,4.5,sports_fees_v3,True,2156207641646268267531786263670128558002727734225568717450932730692920974294
Will PSV Eindhoven qualify for the 2027-28 UEFA Conference League?,A 竞技,0.01,0.98,0.495,0.97,0.0,0.0,0.0,50,4.5,sports_fees_v3,True,42289379691757972546286399470743886583016991899992867844113713509324996434459
Will Ajax qualify for the 2027-28 UEFA Conference League?,A 竞技,,0.99,,,0.0,0.0,0.0,50,4.5,sports_fees_v3,True,35675572386717029776520482109343842545823859094862638837128192066620725927052
Will Feyenoord qualify for the 2027-28 UEFA Conference League?,A 竞技,0.01,0.98,0.495,0.97,0.0,0.0,0.0,50,4.5,sports_fees_v3,True,19311902554110598748737977975825409373149246336860990573581164906879488684978
Will AZ qualify for the 2027-28 UEFA Conference League?,A 竞技,0.01,0.98,0.495,0.97,0.0,0.0,0.0,50,4.5,sports_fees_v3,True,63727968033734049295614014618300872894861868419075107909914132750673310696351
Will Twente qualify for the 2027-28 UEFA Conference League?,A 竞技,0.01,0.98,0.495,0.97,0.0,0.0,0.0,50,4.5,sports_fees_v3,True,18992580540101658039006312919449055174835703789841394046383754806172540222352
Will NEC qualify for the 2027-28 UEFA Conference League?,A 竞技,0.01,0.98,0.495,0.97,0.0,0.0,0.0,50,4.5,sports_fees_v3,True,84426193399631270722528644125031652323034616040498598391251172562133176283726
Will Utrecht qualify for the 2027-28 UEFA Conference League?,A 竞技,0.01,0.98,0.495,0.97,0.0,0.0,0.0,50,4.5,sports_fees_v3,True,32265158184367647065368314335886273482337724866894476194472394177057575815865
Will Heerenveen qualify for the 2027-28 UEFA Conference League?,A 竞技,,0.99,,,0.0,0.0,0.0,50,4.5,sports_fees_v3,True,5445406452866057795205439395324651695783657000847663380459388882036613084727
Will Go Ahead Eagles qualify for the 2027-28 UEFA Conference League?,A 竞技,0.01,0.98,0.495,0.97,0.0,0.0,0.0,50,4.5,sports_fees_v3,True,43848670535980253044431098436019710717620531871564775471205092236490850393549
Will Groningen qualify for the 2027-28 UEFA Conference League?,A 竞技,0.01,0.98,0.495,0.97,0.0,0.0,0.0,50,4.5,sports_fees_v3,True,69088610080917664355153347519117108455659526518314912511415309233299868811986
Will Sparta Rotterdam qualify for the 2027-28 UEFA Conference League?,A 竞技,0.01,0.98,0.495,0.97,0.0,0.0,0.0,50,4.5,sports_fees_v3,True,95114905924115805316529765923433230699576152718475625107069949423601534725980
Will SC Telstar qualify for the 2027-28 UEFA Conference League?,A 竞技,0.01,0.98,0.495,0.97,0.0,0.0,0.0,50,4.5,sports_fees_v3,True,83841142854995111712821314494765687396673099590933546670518056016606317653689
Will Fortuna Sittard qualify for the 2027-28 UEFA Conference League?,A 竞技,,0.99,,,0.0,0.0,0.0,50,4.5,sports_fees_v3,True,115500875166602859356546080309169683862082064978565633370305946089893468978287
Will PEC Zwolle qualify for the 2027-28 UEFA Conference League?,A 竞技,0.01,0.98,0.495,0.97,0.0,0.0,0.0,50,4.5,sports_fees_v3,True,57439136004752490758548155407648685721381025255189339270031157450887096951150
Will Excelsior qualify for the 2027-28 UEFA Conference League?,A 竞技,0.01,0.98,0.495,0.97,0.0,0.0,0.0,50,4.5,sports_fees_v3,True,53150726155570868214202153505663506134951641770879905929670125724372658122112
Will ADO Den Haag qualify for the 2027-28 UEFA Conference League?,A 竞技,,0.99,,,0.0,0.0,0.0,50,4.5,sports_fees_v3,True,18948466215061451669321921433086565809476515734276966863114498263692954754848
Will SC Cambuur qualify for the 2027-28 UEFA Conference League?,A 竞技,0.01,0.98,0.495,0.97,0.0,0.0,0.0,50,4.5,sports_fees_v3,True,90425957822595548639818158430071407152834027491830982221878803480185909705970
Will Willem II qualify for the 2027-28 UEFA Conference League?,A 竞技,0.01,0.98,0.495,0.97,0.0,0.0,0.0,50,4.5,sports_fees_v3,True,107347239682772267774176755967689037453737415982658325418572038865375280665017
Will PSV Eindhoven be relegated from the 2026-27 Eredivisie?,A 竞技,0.002,0.049,0.025500000000000002,0.047,0.0,54.0,0.0,20,4.5,sports_fees_v3,True,18529127745283883184025969558545990977104977759019037009405475392125766873676
Will Ajax be relegated from the 2026-27 Eredivisie?,A 竞技,0.02,0.05,0.035,0.030000000000000002,0.0,21.0,1.0,20,4.5,sports_fees_v3,True,34268318507932349923910230343634553477780740286257100633451258532382408466639
Will Feyenoord be relegated from the 2026-27 Eredivisie?,A 竞技,0.002,0.049,0.025500000000000002,0.047,0.0,10.0,0.0,50,4.5,sports_fees_v3,True,83972213410973567799556318604512751878244800211529198782978735003860255805495
Will Real Racing Club win on 2025-11-30?,A 竞技,0.002,0.998,0.5,0.996,0.0,0.0,0.0,50,4.5,,False,80561594910165208296010002292426286846108647630454597852547395843243405502421
Will Córdoba CF win on 2025-11-30?,A 竞技,0.002,0.998,0.5,0.996,0.0,0.0,0.0,50,4.5,,False,99493824393986895714496773252861019235224853077861572621086594909830875325735
Will CD Mirandés win on 2025-11-30?,A 竞技,0.002,0.998,0.5,0.996,0.0,0.0,0.0,50,4.5,,False,4105543390290592362508841587102863466257538100347162598794654977697915197639
Will CD Castellón win on 2025-11-30?,A 竞技,,1.0,,,0.0,0.0,0.0,50,4.5,,False,108970849511054111833338321692332142704540222986996022808871768839919960061897
FC Andorra vs. SD Eibar: O/U 8.5 Total Corners,A 竞技,0.001,0.999,0.5,0.998,0.0,0.0,0.0,50,4.5,sports_fees_v3,True,86461536063648923465223420920956900157727885507006348457263091935627921294935
FC Andorra vs. SD Eibar: 1st Half O/U 3.5 Total Corners,A 竞技,0.001,0.999,0.5,0.998,0.0,0.0,0.0,50,4.5,sports_fees_v3,True,80902717646945648420254991160952217313586846980236419282543639384513595585203
FC Andorra vs. SD Eibar: Total Corners Odd or Even?,A 竞技,,1.0,,,0.0,0.0,0.0,50,4.5,sports_fees_v3,True,73840090593390296634997510514529615586545124896309096898857243390508025549536
Will Albacete Balompie be promoted to LaLiga?,A 竞技,,0.75,,,0.0,0.0,0.0,50,4.5,sports_fees_v3,True,60124086635191758011729961912075288079087912370410552819948842685200278584010
Will SD Almeria be promoted to LaLiga?,A 竞技,,0.75,,,0.0,0.0,0.0,50,4.5,sports_fees_v3,True,81579325121749558555526447053924372649281071103447097860783086562253134139426
Will FC Andorra be promoted to LaLiga?,A 竞技,,0.75,,,0.0,0.0,0.0,50,4.5,sports_fees_v3,True,9316576228945689752345282771639314397665967307384145692577566602788095270409
Will Burgos CF be promoted to LaLiga?,A 竞技,,0.75,,,0.0,0.0,0.0,50,4.5,sports_fees_v3,True,13130363307114300390933256163130425395722127538874538058319624744117984821038
Will Cadiz CF be promoted to LaLiga?,A 竞技,,0.75,,,0.0,0.0,0.0,50,4.5,sports_fees_v3,True,91885783447526129270260840343009410475194205829209456149369358935455471272456
Will CD Castellon be promoted to LaLiga?,A 竞技,,0.75,,,0.0,0.0,0.0,50,4.5,sports_fees_v3,True,89658770514359422839254353186025557796518695706174117394001140411397031550003
Will AD Ceuta FC be promoted to LaLiga?,A 竞技,,0.75,,,0.0,0.0,0.0,50,4.5,sports_fees_v3,True,63833365704706785232201759816936384763241866512387525648322091759039868853312
Will Cordoba CF be promoted to LaLiga?,A 竞技,,0.75,,,0.0,0.0,0.0,50,4.5,sports_fees_v3,True,72612179024454606652215355934978230589485765641613715459448055338884464988206
Will Cultural Leonesa be promoted to LaLiga?,A 竞技,,0.75,,,0.0,0.0,0.0,50,4.5,sports_fees_v3,True,15932130204360596654785333835477616032443631763315453944910812895598571426242
Will RC Deportivo de la Coruna be promoted to LaLiga?,A 竞技,,0.75,,,0.0,0.0,0.0,50,4.5,sports_fees_v3,True,13241898431564328873078107200474294532441942040267089447890145216202014207774
Will SD Eibar be promoted to LaLiga?,A 竞技,,0.75,,,0.0,0.0,0.0,50,4.5,sports_fees_v3,True,78171748730824121532703714955803585516213918774619093100574083634715309209448
Will Granada CF be promoted to LaLiga?,A 竞技,,0.75,,,0.0,0.0,0.0,50,4.5,sports_fees_v3,True,6807908069074534837626914297500939860295995649845758585385492395555715313968
Will SD Huesca be promoted to LaLiga?,A 竞技,,0.75,,,0.0,0.0,0.0,50,4.5,sports_fees_v3,True,110739615109213943058943866554947577579518261217548649915239179223134193507591
Will UD Las Palmas be promoted to LaLiga?,A 竞技,,0.75,,,0.0,0.0,0.0,50,4.5,sports_fees_v3,True,85789096963293693513087264223921580431247059127661812270727479064975004713825
Will CD Leganes be promoted to LaLiga?,A 竞技,0.14,0.39,0.265,0.25,0.0,3093.827165,0.001,50,4.5,sports_fees_v3,True,54009852475785506826202535547201126159202514791707436244666677696193590773644
Will Malaga CF be promoted to LaLiga?,A 竞技,,0.75,,,0.0,0.0,0.0,50,4.5,sports_fees_v3,True,86642682706079316482671190502010848827125345482744668238685402102684028375211
Will CD Mirandes be promoted to LaLiga?,A 竞技,,0.75,,,0.0,0.0,0.0,50,4.5,sports_fees_v3,True,69015500596531621114818371292381393919087357859411577725847159047148804422970
Will Racing de Santander be promoted to LaLiga?,A 竞技,,0.75,,,0.0,0.0,0.0,50,4.5,sports_fees_v3,True,82336997874475949370374435656104301924318116806910974217911739790859008519700
Will Real Sociedad B be promoted to LaLiga?,A 竞技,,0.75,,,0.0,0.0,0.0,50,4.5,sports_fees_v3,True,27421163577431676837299672452724402811162573939557626975053125510666686463001
Will Real Sporting de Gijon be promoted to LaLiga?,A 竞技,,0.75,,,0.0,0.0,0.0,50,4.5,sports_fees_v3,True,4161741894299942988505389997442993948783125680479903993717538837819413861984
Will Real Valladolid CF be promoted to LaLiga?,A 竞技,,0.99,,,0.0,0.0,0.0,50,4.5,sports_fees_v3,True,29361062993931762210185904253657156875048204884527764663012852182315242595871
Will Real Zaragoza be promoted to LaLiga?,A 竞技,,0.99,,,0.0,0.0,0.0,50,4.5,sports_fees_v3,True,99930908225136190579863126695642687331101595062986020433872030631599323975476
CD Eldense vs. SD Eibar: 2nd Half O/U 3.5 Total Corners,A 竞技,,1.0,,,0.0,0.0,0.0,50,4.5,sports_fees_v3,True,110739870473319098718967297285986493668823066382691829178670074728685644285446
CD Eldense vs. SD Eibar: 2nd Half O/U 4.5 Total Corners,A 竞技,,1.0,,,0.0,0.0,0.0,50,4.5,sports_fees_v3,True,69696538119279158757700983497246494208231587655608753008960294553332860204608
CD Eldense vs. SD Eibar: Total Corners Odd or Even?,A 竞技,,1.0,,,0.0,0.0,0.0,50,4.5,sports_fees_v3,True,109932523172772978217272342409084523768984327164916377731684276694569766637070
CD Eldense vs. SD Eibar: Team to Take First Corner,A 竞技,,1.0,,,0.0,0.0,0.0,50,4.5,sports_fees_v3,True,96500777769801300288475124173008310471998063142952509361211283562087310450419
CE Sabadell FC vs. Real Oviedo: 2nd Half O/U 3.5 Total Corners,A 竞技,,1.0,,,0.0,0.0,0.0,50,4.5,sports_fees_v3,True,5014884485156787842480430883246175096850663906521840003668701749056821905040
CE Sabadell FC vs. Real Oviedo: CE Sabadell FC O/U 4.5 Corners,A 竞技,,1.0,,,0.0,0.0,0.0,50,4.5,sports_fees_v3,True,93298507621572074599215998340072311477237031573027978146314666576917600937957
CE Sabadell FC vs. Real Oviedo: Total Corners Odd or Even?,A 竞技,,1.0,,,0.0,0.0,0.0,50,4.5,sports_fees_v3,True,23494149634912644880024820695250182317542311960129479021939159494050608974562
CD Tenerife vs. Cádiz CF: Cádiz CF O/U 2.5 Corners,A 竞技,,1.0,,,0.0,0.0,0.0,50,4.5,sports_fees_v3,True,14632125149942020230435962956820051637094200330977492934340854047780355966220
CD Tenerife vs. Cádiz CF: Total Corners Odd or Even?,A 竞技,,1.0,,,0.0,0.0,0.0,50,4.5,sports_fees_v3,True,36778332635146864205091097128724441172915271314399756542429518631321306596522
CD Tenerife vs. Cádiz CF: Team to Take First Corner,A 竞技,,1.0,,,0.0,0.0,0.0,50,4.5,sports_fees_v3,True,92999996822111414103874674254429098708709945764248921788272405982649425248252
CD Leganés vs. CD Castellón: 1st Half O/U 4.5 Total Corners,A 竞技,,1.0,,,0.0,0.0,0.0,50,4.5,sports_fees_v3,True,33075336857240740251689358811764848056305244781172990852096066378479063458841
CD Leganés vs. CD Castellón: CD Leganés O/U 3.5 Corners,A 竞技,,1.0,,,0.0,0.0,0.0,50,4.5,sports_fees_v3,True,25869645787796210807712949362724276732005896733117796641992529088573082925684
CD Leganés vs. CD Castellón: CD Leganés O/U 4.5 Corners,A 竞技,,1.0,,,0.0,0.0,0.0,50,4.5,sports_fees_v3,True,96776638377592035887613328801389898627982833721742779436986103230565548568173
CD Leganés vs. CD Castellón: CD Castellón O/U 2.5 Corners,A 竞技,,1.0,,,0.0,0.0,0.0,50,4.5,sports_fees_v3,True,18538000340732348436248261860227312349702655800985032917248569255086463594425
CD Leganés vs. CD Castellón: Total Corners Odd or Even?,A 竞技,,1.0,,,0.0,0.0,0.0,50,4.5,sports_fees_v3,True,37475264774386745731609438191378861924735804924317160531282931938321626589944
CD Leganés vs. CD Castellón: Team to Take First Corner,A 竞技,,1.0,,,0.0,0.0,0.0,50,4.5,sports_fees_v3,True,101106294534858057932082210196584943386799363002007278714834399685952023008514
Pascu: Anytime Goalscorer,A 竞技,,1.0,,,0.0,0.0,0.0,50,4.5,sports_fees_v3,True,102871540358329970729323765515004185940129662433707803635634363120924161389621
Marc Bombardó: Anytime Goalscorer,A 竞技,,1.0,,,0.0,0.0,0.0,50,4.5,sports_fees_v3,True,13230122368113836065056322880307983231493107936348096226591999240068049228695
Pascu: 1+ assists,A 竞技,,1.0,,,0.0,0.0,0.0,50,4.5,sports_fees_v3,True,84234823356215981759366829761025365314577337911945487647619255503679234870070
Pascu: 2+ assists,A 竞技,,1.0,,,0.0,0.0,0.0,50,4.5,sports_fees_v3,True,10350684058264155445873286085537794326708200995691696590343075205719778505504
Pascu: 3+ assists,A 竞技,,1.0,,,0.0,0.0,0.0,50,4.5,sports_fees_v3,True,62019739366596911207039805861921630361397697935219087343651617701886814695062
Manu Lama: 1+ assists,A 竞技,,1.0,,,0.0,0.0,0.0,50,4.5,sports_fees_v3,True,49141640734857324410520386436826092831472240030469761218103092814668985798254
Manu Lama: 2+ assists,A 竞技,,1.0,,,0.0,0.0,0.0,50,4.5,sports_fees_v3,True,76205734734648142854546567062274527010352399701497246631057716426768056171446
Diego Pampín: 1+ assists,A 竞技,,1.0,,,0.0,0.0,0.0,50,4.5,sports_fees_v3,True,65779617706978034898127619088739375682617623460668403551663638562066109932776
Diego Pampín: 2+ assists,A 竞技,,1.0,,,0.0,0.0,0.0,50,4.5,sports_fees_v3,True,111964554188878186006704479453064578802975631217779525464096684806846392454976
Diego Pampín: 3+ assists,A 竞技,,1.0,,,0.0,0.0,0.0,50,4.5,sports_fees_v3,True,97143140317207770905442141887886366450162449906774815987060536914792610968078
Marc Bombardó: 1+ assists,A 竞技,,1.0,,,0.0,0.0,0.0,50,4.5,sports_fees_v3,True,9661951617827076571113378589206312073561859260401978233708565064467622918806
Marc Bombardó: 2+ assists,A 竞技,,1.0,,,0.0,0.0,0.0,50,4.5,sports_fees_v3,True,108226020174105232588982993839920583253608905924958758535791548857862196955987
Marc Bombardó: 3+ assists,A 竞技,,1.0,,,0.0,0.0,0.0,50,4.5,sports_fees_v3,True,42754335727364342243646833755866441574822187082723393861830862187724303414335
Quique Ribes: 1+ assists,A 竞技,,1.0,,,0.0,0.0,0.0,50,4.5,sports_fees_v3,True,56780820903456800813999108157443888929642601058988135661490849760157339658989
Germain Miller: 1+ assists,A 竞技,,1.0,,,0.0,0.0,0.0,50,4.5,sports_fees_v3,True,62129503804835974932931409093588281791401596314613497055589761577155128835684
Víctor Alcalá: 1+ assists,A 竞技,,1.0,,,0.0,0.0,0.0,50,4.5,sports_fees_v3,True,22008222985728417715164752727284204192500635969337369138709356383923729766807
Víctor Alcalá: 2+ assists,A 竞技,,1.0,,,0.0,0.0,0.0,50,4.5,sports_fees_v3,True,21889583218164666249380604502423811957701165593714344949988079011071441773113
Víctor Alcalá: 3+ assists,A 竞技,,1.0,,,0.0,0.0,0.0,50,4.5,sports_fees_v3,True,26155596913825806141791070601209284963856048501276424868352894415712740825654
Hugo García: 1+ assists,A 竞技,,1.0,,,0.0,0.0,0.0,50,4.5,sports_fees_v3,True,88991688773427147021890606044656389216233801866715142718996279636542712309408
Javier Castro: 1+ assists,A 竞技,,1.0,,,0.0,0.0,0.0,50,4.5,sports_fees_v3,True,88206914756586356419710952295391059818385665063308873709103213973154321196321
Javier Castro: 2+ assists,A 竞技,,1.0,,,0.0,0.0,0.0,50,4.5,sports_fees_v3,True,18802775319398053651982313170172958012687451703276536736397167362639289326354
Javier Castro: 3+ assists,A 竞技,,1.0,,,0.0,0.0,0.0,50,4.5,sports_fees_v3,True,1911421316597548985324426148037060963614794146563965501069367678556577008189
Albert Orriols: 1+ assists,A 竞技,,1.0,,,0.0,0.0,0.0,50,4.5,sports_fees_v3,True,45760774223788152946728190705821440979029458816395643386183761572497891732278
Will AD Ceuta FC win on 2026-10-10?,A 竞技,0.26,0.28,0.27,0.020000000000000018,0.0,415.09702300000004,0.0,50,4.5,sports_fees_v3,True,68466169143828725653784381185374633786917219645873118854262420222712143968466
Will AD Ceuta FC vs. CE Sabadell FC end in a draw?,A 竞技,0.28,0.3,0.29000000000000004,0.019999999999999962,0.0,43.103449,0.0,50,4.5,sports_fees_v3,True,11700186902520276054987823197980971226043048222784066753353112500691141987014
Will CE Sabadell FC win on 2026-10-10?,A 竞技,0.44,0.45,0.445,0.010000000000000009,0.0,1570.5610219999996,0.0,50,4.5,sports_fees_v3,True,84744413381013727355724799161230322571131520945302669598059954558664382349038
Will CD Eldense win on 2026-10-10?,A 竞技,0.38,0.4,0.39,0.020000000000000018,0.0,0.0,0.0,50,4.5,sports_fees_v3,True,75664560182505261412891068169340898432275534778148848385482718766228288527431
Will CD Eldense vs. Córdoba CF end in a draw?,A 竞技,0.26,0.28,0.27,0.020000000000000018,0.0,0.0,0.0,50,4.5,sports_fees_v3,True,10669125393836163489898566534385239826178191829243400567152353583077871719758
Will Córdoba CF win on 2026-10-10?,A 竞技,0.33,0.35,0.33999999999999997,0.019999999999999962,285.984616,285.984616,0.0,50,4.5,sports_fees_v3,True,91309948370285565367310600947813586391370608703844024403019375751014129770340
Will Celta Fortuna win on 2026-10-10?,A 竞技,0.42,0.44,0.43,0.020000000000000018,0.0,0.0,0.0,50,4.5,sports_fees_v3,True,65214837469254310488979209664711531020262261492499001423816893904434552185328
Will Celta Fortuna vs. Real Sociedad de Fútbol B end in a draw?,A 竞技,0.25,0.27,0.26,0.020000000000000018,0.0,0.0,0.0,50,4.5,sports_fees_v3,True,23664695866867961671106400160351628734483192194457988662769200780159373029218
Will Real Sociedad de Fútbol B win on 2026-10-10?,A 竞技,0.29,0.31,0.3,0.020000000000000018,0.0,0.0,0.0,50,4.5,sports_fees_v3,True,24222745093800866624560183102567813628684811864522806953682046290278653411187
AD Ceuta FC leading at halftime?,A 竞技,0.21,0.24,0.22499999999999998,0.03,0.0,0.0,0.0,50,4.5,sports_fees_v3,True,69470378392435333601729856306545384971372946386005678284943479329728492266418
AD Ceuta FC vs. CE Sabadell FC: Draw at halftime?,A 竞技,0.43,0.45,0.44,0.020000000000000018,0.0,0.0,0.0,50,4.5,sports_fees_v3,True,62396053800402411389292630912756166577400821891878747237806226307193482948035
CE Sabadell FC leading at halftime?,A 竞技,0.31,0.34,0.325,0.030000000000000027,0.0,0.0,0.0,50,4.5,sports_fees_v3,True,53137528248759690159214156894714804093916927233259638494366432044483194799853
AD Ceuta FC to win the second half?,A 竞技,0.18,0.32,0.25,0.14,0.0,0.0,0.0,50,4.5,sports_fees_v3,True,44025948371480517597064530171047810842257028669566499450551996548151034425423
AD Ceuta FC vs. CE Sabadell FC: Second half draw?,A 竞技,0.31,0.45,0.38,0.14,0.0,0.0,0.0,50,4.5,sports_fees_v3,True,115606862220125346403360663158794452699555767605281983398623701004593816880953
CE Sabadell FC to win the second half?,A 竞技,0.3,0.44,0.37,0.14,0.0,0.0,0.0,50,4.5,sports_fees_v3,True,2923626787371067310195433928010048762169806767956028051885741966622238710088
Exact Score: AD Ceuta FC 0 - 0 CE Sabadell FC?,A 竞技,0.06,0.09,0.075,0.03,0.0,0.0,0.0,50,4.5,sports_fees_v3,True,87515282121941794189431611239422083831910800198526863746854792980240759116118
Exact Score: AD Ceuta FC 0 - 1 CE Sabadell FC?,A 竞技,0.08,0.12,0.1,0.039999999999999994,0.0,0.0,0.0,50,4.5,sports_fees_v3,True,36378926621340676944777123185550069005347350323606982496549324058326886296808
Exact Score: AD Ceuta FC 1 - 0 CE Sabadell FC?,A 竞技,0.06,0.09,0.075,0.03,0.0,0.0,0.0,50,4.5,sports_fees_v3,True,78397390209446323592302647609768812950336436361918603149770315538997469796252
Exact Score: AD Ceuta FC 0 - 2 CE Sabadell FC?,A 竞技,0.06,0.09,0.075,0.03,0.0,0.0,0.0,50,4.5,sports_fees_v3,True,112202856726652904350916665520664771697414330569205614592603053517919365452733
Exact Score: AD Ceuta FC 1 - 1 CE Sabadell FC?,A 竞技,0.13,0.15,0.14,0.01999999999999999,0.0,0.0,0.0,50,4.5,sports_fees_v3,True,85418322756361960414676032980071005906528268319692867718902355054059874294902
Exact Score: AD Ceuta FC 2 - 0 CE Sabadell FC?,A 竞技,0.039,0.044,0.041499999999999995,0.0049999999999999975,0.0,0.0,0.0,50,4.5,sports_fees_v3,True,69538935609977040262465509847815440262696255235999211246884094711812876929672
Exact Score: AD Ceuta FC 0 - 3 CE Sabadell FC?,A 竞技,0.004,0.045,0.0245,0.040999999999999995,0.0,0.0,0.0,50,4.5,sports_fees_v3,True,102265507302408158175874076681489218432215421973977777469685745876217822620876
Exact Score: AD Ceuta FC 1 - 2 CE Sabadell FC?,A 竞技,0.08,0.1,0.09,0.020000000000000004,0.0,0.0,0.0,50,4.5,sports_fees_v3,True,93242384377474377553395184900371614027836107959351950137912860365507367483185
Exact Score: AD Ceuta FC 2 - 1 CE Sabadell FC?,A 竞技,0.05,0.08,0.065,0.03,0.0,0.0,0.0,50,4.5,sports_fees_v3,True,50762536706825217325995880193515591409180912858403495709225724630526896089617
Exact Score: AD Ceuta FC 3 - 0 CE Sabadell FC?,A 竞技,0.002,0.029,0.0155,0.027000000000000003,0.0,0.0,0.0,50,4.5,sports_fees_v3,True,64091253676588411481381153822231873938367213271417334954620332640787156464000
Exact Score: AD Ceuta FC 0 - 4 CE Sabadell FC?,A 竞技,0.001,0.025,0.013000000000000001,0.024,0.0,0.0,0.0,50,4.5,sports_fees_v3,True,33853367514744376047818994552207116192153179303808773171524843820155593596597
Exact Score: AD Ceuta FC 1 - 3 CE Sabadell FC?,A 竞技,0.011,0.051,0.031,0.039999999999999994,0.0,0.0,0.0,50,4.5,sports_fees_v3,True,33196687854654710679262819569487111968644572596044359036404110688130450204352
Exact Score: AD Ceuta FC 2 - 2 CE Sabadell FC?,A 竞技,0.037,0.062,0.0495,0.025,0.0,0.0,0.0,50,4.5,sports_fees_v3,True,61235496117726806142881374433695598663479007196195428819861659771453399290751
Exact Score: AD Ceuta FC 3 - 1 CE Sabadell FC?,A 竞技,0.018,0.037,0.027499999999999997,0.019,0.0,0.0,0.0,50,4.5,sports_fees_v3,True,73563123633130653640253011359650382333074650435198987501799411199076750414804
Exact Score: AD Ceuta FC 4 - 0 CE Sabadell FC?,A 竞技,,0.497,,,0.0,0.0,0.0,50,4.5,sports_fees_v3,True,24530680523126786357227623532565217114937329910492049689012153134572179174986
Exact Score: AD Ceuta FC 0 - 5 CE Sabadell FC?,A 竞技,,0.71,,,0.0,0.0,0.0,50,4.5,sports_fees_v3,True,30095431879059613053021676484458098841005115970641355654581897516358189270190
Exact Score: AD Ceuta FC 1 - 4 CE Sabadell FC?,A 竞技,0.002,0.026,0.013999999999999999,0.024,0.0,0.0,0.0,50,4.5,sports_fees_v3,True,82892818413053299916191133299586051940708007959758677406963377453477127748237
BC Dubai vs. KK Crvena Zvezda,A 竞技,0.72,0.73,0.725,0.010000000000000009,21.281799,133.96074699999997,0.0,50,4.5,sports_fees_v3,True,45642654340848148272035618482211037513182226522911867257153082237657736308291
Real Madrid vs. Partizan,A 竞技,0.79,0.8,0.795,0.010000000000000009,4257.699713,9031.583681,0.0,50,4.5,sports_fees_v3,True,78624925536651455037680594956306045661789123178847375922879962711362263066284
Valencia vs. Hapoel Tel Aviv,A 竞技,0.54,0.55,0.545,0.010000000000000009,389.969706,711.614364,0.0,50,4.5,sports_fees_v3,True,114671226559450578615948248811439486857441379669949888244194416930080241913016
FC Bayern Munchen vs. Virtus Bologna,A 竞技,0.67,0.68,0.675,0.010000000000000009,9.090911,30.107909,0.0,50,4.5,sports_fees_v3,True,3315546852338392946587790875973740250177817676423530095112869164680820371819
Panathinaikos vs. Fenerbahce,A 竞技,0.63,0.64,0.635,0.010000000000000009,240.558049,469.92016599999994,0.0,50,4.5,sports_fees_v3,True,22707944112014492644654901070582842993181257023378627691329776975470972190619
Maccabi Tel Aviv vs. Olimpia Milano,A 竞技,0.59,0.6,0.595,0.010000000000000009,116.53818,329.060222,0.0,50,4.5,sports_fees_v3,True,33655433985609294588329239265738566814231927823294250058621710853338823881519
Barcelona vs. Zalgiris Kaunas,A 竞技,0.55,0.56,0.555,0.010000000000000009,28.015874000000004,30.143534,0.0,50,4.5,sports_fees_v3,True,45385596804327003764342683403524985131627388870370495700390847795513567057431
Kosner Baskonia vs. Besiktas,A 竞技,0.55,0.56,0.555,0.010000000000000009,10.979348,17.991972,0.0,50,4.5,sports_fees_v3,True,65139354203674403693243127830526093083993458684559802330568393225676802880400
Olympiacos B.C. vs. Anadolu Efes,A 竞技,0.8,0.81,0.805,0.010000000000000009,0.0,78.525578,0.0,50,4.5,sports_fees_v3,True,97596427538034346265943088041335499036594672969874849810439306888122348026249
Valencia vs. Olympiacos B.C.,A 竞技,0.4,0.52,0.46,0.12,0.0,0.0,0.0,50,4.5,sports_fees_v3,True,12943896005194313732983310229923927037996354879570245895536507331389444287480
Partizan vs. Panathinaikos,A 竞技,0.4,0.52,0.46,0.12,10.169492,10.169492,0.0,50,4.5,sports_fees_v3,True,73562751232928101006196077918347293214937741777570099362370741629309485829771
Barcelona vs. Maccabi Tel Aviv,A 竞技,0.69,0.79,0.74,0.10000000000000009,0.0,0.0,0.0,50,4.5,sports_fees_v3,True,96812537871734691097048362834847413134873355046895072884051651111131454292170
Olimpia Milano vs. Real Madrid,A 竞技,0.31,0.43,0.37,0.12,0.0,0.0,0.0,50,4.5,sports_fees_v3,True,27226904082671225310326258394019344872895817640762705623917018284336575550416
Kosner Baskonia vs. BC Dubai,A 竞技,0.07,0.96,0.515,0.8899999999999999,0.0,0.0,0.0,50,4.5,sports_fees_v3,True,75786500813677627752993990150151544596158752444794192442321153900610917578159
ASVEL Lyon-Villeurbanne vs. KK Crvena Zvezda,A 竞技,0.41,0.53,0.47,0.12000000000000005,0.0,0.0,0.0,50,4.5,sports_fees_v3,True,33017356242316387170522147674895070754254378610338027572036085908101833196452
Fenerbahce vs. Zalgiris Kaunas,A 竞技,0.67,0.78,0.7250000000000001,0.10999999999999999,0.0,0.0,0.0,50,4.5,sports_fees_v3,True,100837376301680775994780033029142911173672704715595755620447589984431882584965
Will Lando Norris be the 2026 F1 Drivers' Champion?,A 竞技,0.004,0.005,0.0045000000000000005,0.001,31.3595,6911825.669138998,0.0,100,4.5,sports_fees_v2,True,49363857890713679658249116526667302240522215201279074666732334459281427193397
Will George Russell be the 2026 F1 Drivers' Champion?,A 竞技,0.008,0.011,0.0095,0.002999999999999999,1065.127273,2957458.0686680004,0.0,50,4.5,sports_fees_v2,True,93099562462257249309605734586566434036442082827152130023015985868027704959821
Will Kimi Antonelli be the 2026 F1 Drivers' Champion?,A 竞技,0.965,0.968,0.9664999999999999,0.0030000000000000027,3857.970266000001,4571619.938994999,0.0,50,4.5,sports_fees_v2,True,32950178421556833525068948927823594772134813180063196823389171317494746105102
Will Max Verstappen be the 2026 F1 Drivers' Champion?,A 竞技,0.007,0.01,0.0085,0.003,1561.4588880000001,6370229.745559,0.0,50,4.5,sports_fees_v2,True,1253784411034901624384838438079744067552854611268416006133878658719743556218
Will Charles Leclerc be the 2026 F1 Drivers' Champion?,A 竞技,0.001,0.002,0.0015,0.001,2726.1659999999997,5480195.324973998,0.0,0,0.0,sports_fees_v2,True,2709284834738258468924839192854829143750961889384406449536217899798175177890
Will Lewis Hamilton be the 2026 F1 Drivers' Champion?,A 竞技,0.005,0.008,0.006500000000000001,0.003,524.9202089999999,5533563.925898,0.0,100,4.5,sports_fees_v2,True,69833456690136644541052533876758499587133457040620330400923606566331654948227
Will McLaren be the 2026 F1 Constructors' Champion?,A 竞技,0.001,0.002,0.0015,0.001,0.0,1865334.5124190005,0.0,0,0.0,sports_fees_v2,True,63575687681907441240703046859976736246007169544686604626212007174091647597288
Will Mercedes be the 2026 F1 Constructors' Champion?,A 竞技,0.985,0.991,0.988,0.006000000000000005,2881.503812,1301394.230921,0.0,50,4.5,sports_fees_v2,True,94922529932212500419231547100981162651595923093160689242276879357678594265586
Will Red Bull Racing be the 2026 F1 Constructors' Champion?,A 竞技,0.001,0.003,0.002,0.002,130.80199999999996,1136027.5161700002,0.0,0,0.0,sports_fees_v2,True,89362362618300981791323084370717294958858358384915839135785812989722481201715
Will Ferrari be the 2026 F1 Constructors' Champion?,A 竞技,0.003,0.011,0.006999999999999999,0.008,59.0,856844.4159750001,0.0,50,4.5,sports_fees_v2,True,96912874793126282354908962872291658704737497095823887605278933606056778248314
Will Alexander Albon win the 2026 Action of the Year?,A 竞技,0.015,0.03,0.0225,0.015,0.0,3348.1864419999997,0.0,50,4.5,sports_fees_v2,True,63828255769753772645485783630065572743988940422285924712559363958377130478611
Will Fernando Alonso win the 2026 Action of the Year?,A 竞技,0.015,0.019,0.017,0.004,0.0,23418.073333,0.0,50,4.5,sports_fees_v2,True,89416832937718380633784435034791846306838384626564936217268108437291147773859
Will Kimi Antonelli win the 2026 Action of the Year?,A 竞技,0.2,0.26,0.23,0.06,0.0,17591.702169000004,1.0,20,4.5,sports_fees_v2,True,58363891010014490676416130718339573326088101996493102824713638014913740105926
Will Oliver Bearman win the 2026 Action of the Year?,A 竞技,0.003,0.009,0.006,0.005999999999999999,0.0,29321.532714,0.0,50,4.5,sports_fees_v2,True,28866119020702620512384573232567414319069387060243093966511375166691984936906
Will Valtteri Bottas win the 2026 Action of the Year?,A 竞技,0.003,0.009,0.006,0.005999999999999999,0.0,43452.631204,0.0,50,4.5,sports_fees_v2,True,81917998274021671067004034271046166827421636083527535911668927459283612303196
Will Gabriel Bortoleto win the 2026 Action of the Year?,A 竞技,0.012,0.03,0.020999999999999998,0.018,0.0,554.994916,0.0,20,4.5,sports_fees_v2,True,55345425382867401109881418746362373341001879884105176065092422464326731847453
Will Franco Colapinto win the 2026 Action of the Year?,A 竞技,0.033,0.051,0.041999999999999996,0.017999999999999995,0.0,982.544886,0.0,20,4.5,sports_fees_v2,True,42414903704366618249547146570427817032140368369434795263286643567961575256460
Will Isack Hadjar win the 2026 Action of the Year?,A 竞技,0.004,0.027,0.0155,0.023,0.0,744.22875,0.0,50,4.5,sports_fees_v2,True,53139916998685230938370560473289741425760508848020416029023630402477351897589
Will Lewis Hamilton win the 2026 Action of the Year?,A 竞技,0.067,0.119,0.093,0.05199999999999999,0.0,1459.1055049999998,0.0,20,4.5,sports_fees_v2,True,96118926066081155344661351474064658296867844087880507416993959194171057364643
Will Nico Hulkenberg win the 2026 Action of the Year?,A 竞技,0.004,0.035,0.019500000000000003,0.031000000000000003,0.0,633.8130499999999,0.0,50,4.5,sports_fees_v2,True,39473128441293873023700503383023463764930118135818653747356973058757101354548
Will Arvid Lindblad win the 2026 Action of the Year?,A 竞技,0.012,0.04,0.026000000000000002,0.028,0.0,468.46691599999997,0.0,20,4.5,sports_fees_v2,True,28120724566824465771873944517180074128612418288250193285008750659830790546977
Will Liam Lawson win the 2026 Action of the Year?,A 竞技,0.012,0.03,0.020999999999999998,0.018,0.0,526.9816659999999,0.0,50,4.5,sports_fees_v2,True,16223046915025725343739676382392226073117907191855585726117198503173447917342
Will Charles Leclerc win the 2026 Action of the Year?,A 竞技,0.017,0.075,0.046,0.057999999999999996,0.0,709.726655,0.0,20,4.5,sports_fees_v2,True,98499609391794750031039536777382424921954102326682203234350985947112491704365
Will Lando Norris win the 2026 Action of the Year?,A 竞技,0.018,0.049,0.0335,0.031000000000000003,0.0,643.167522,0.0,20,4.5,sports_fees_v2,True,35667543838308393954247724717575958655512445545967956232365352839653268675687
Will Esteban Ocon win the 2026 Action of the Year?,A 竞技,0.004,0.03,0.017,0.026,0.0,562.7587499999998,0.0,50,4.5,sports_fees_v2,True,89053446654335681002267682799018438976744133842867677189575380227597271448351
Will Oscar Piastri win the 2026 Action of the Year?,A 竞技,0.017,0.018,0.0175,0.0009999999999999974,0.0,753.14911,0.0,50,4.5,sports_fees_v2,True,94158804274756045333988727409227844083997555612952030960967040252969537963940
Will Sergio Perez win the 2026 Action of the Year?,A 竞技,0.01,0.012,0.011,0.002,0.0,27205.022790000003,0.0,50,4.5,sports_fees_v2,True,75847144816455682533192042817995228203443326556623184406444617852680335898273
Will George Russell win the 2026 Action of the Year?,A 竞技,0.012,0.07,0.041,0.05800000000000001,0.0,743.592107,0.0,20,4.5,sports_fees_v2,True,19434951207624566951605253645834066789818409325253159600339055202205998691653
Will Carlos Sainz win the 2026 Action of the Year?,A 竞技,0.007,0.028,0.0175,0.021,0.0,4301.615664999999,0.0,50,4.5,sports_fees_v2,True,88347416856979803820967903714787741926336323490467116398356027054449434056413
Will Pierre Gasly win the 2026 Action of the Year?,A 竞技,0.014,0.03,0.022,0.016,0.0,26584.514973,0.0,50,4.5,sports_fees_v2,True,71610368731751019365068244123292229109728224788581732072804921143421612428007
Will Lance Stroll win the 2026 Action of the Year?,A 竞技,0.004,0.012,0.008,0.008,0.0,664.708113,0.0,50,4.5,sports_fees_v2,True,92842075580868076512151506331294438796005306876200131041154022337319123495737
Will Max Verstappen win the 2026 Action of the Year?,A 竞技,0.382,0.43,0.406,0.04799999999999999,3.390671,1964.674487,2.0,20,4.5,sports_fees_v2,True,100162770948505717989974407546152633024644327284171626070694152402544641102407
Will Max Verstappen retire from F1 in 2026?,A 竞技,0.03,0.038,0.034,0.008,51.52,32098.457563000004,0.0,20,4.5,sports_fees_v2,True,20925718724115082302959076018245762586614383149875351496214203972061333675392
Will Alix Earle attend an F1 race in 2026?,A 竞技,0.65,0.75,0.7,0.09999999999999998,1046.400715,1097.5911899999999,5.0,20,6.5,culture_fees,True,107307107490030909536929682913163637467028315746453603304977866655753214442478
Who will finish higher: Verstappen or Hadjar?,A 竞技,0.251,0.972,0.6114999999999999,0.721,0.0,1271.2142869999998,0.0,50,4.5,sports_fees_v3,True,25914839618860113718876733768256764883074178712719317561289454911880524711278
Who will finish higher: Albon or Jr.?,A 竞技,,0.029,,,0.0,212.876534,0.0,50,4.5,sports_fees_v3,True,35900175866350518005886761372959472791066978664065266259487366368696240947770
Will an F1 race be held in Qatar in 2026?,A 竞技,0.5,0.97,0.735,0.47,0.0,125.162841,0.0,50,4.5,sports_fees_v3,True,91731903320042485736096484690929422787554328275383900333259693847308198504460
Will an F1 race be held in Saudi Arabia in 2026?,A 竞技,0.03,0.12,0.075,0.09,8.333334,59.932234,0.0,50,4.5,sports_fees_v3,True,7969192642067122685980005123165834453012576332188833106201445510959153798504
Will an F1 race be held in the United Arab Emirates in 2026?,A 竞技,0.61,0.97,0.79,0.36,0.0,96.66,0.0,50,4.5,sports_fees_v3,True,15008457710588407005652508493102400365453631381342691883604747252161893840123
Will Lando Norris win 3+ Grands Prix in 2026?,A 竞技,0.25,0.49,0.37,0.24,0.0,299.873735,0.0,50,4.5,sports_fees_v3,True,13559245257698522234168012847403798903035137188803782097433174045921952437021
Will there be a red flag during the 2026 F1 Azerbaijan Grand Prix?,A 竞技,0.002,0.029,0.0155,0.027000000000000003,10.2,4315.354937999999,0.0,50,4.5,sports_fees_v3,True,45877389519333203349916284064046128574846311678586984629450016392497238928251
F1: Will Carlos Sainz finish ahead of Fernando Alonso in the 2026 Driv,A 竞技,0.35,0.68,0.515,0.33000000000000007,0.0,5709.942661,0.001,50,4.5,sports_fees_v3,True,5275477314042638631669367553613432708227047109498591725260961887443640248193
Will the 2026 F1 Abu Dhabi Grand Prix take place?,A 竞技,0.5,0.78,0.64,0.28,40.0,2552.4866819999997,5.0,20,4.5,sports_fees_v3,True,45302339703642621284014888488650268866897578295797079964598749262996474098091
Will there be a safety car during the 2026 F1 Bahrain Grand Prix?,A 竞技,0.53,1.0,0.765,0.47,0.0,5044.432313,0.0,50,4.5,sports_fees_v3,True,42238264931431045174551628040705450657327519105107568611368222971872201497528
Will there be a red flag during the 2026 F1 Bahrain Grand Prix?,A 竞技,0.5,0.89,0.6950000000000001,0.39,0.0,5559.441828999999,0.0,50,4.5,sports_fees_v3,True,96124615609043200492163186667233826042175944433357884491223019209555035164502
Will Pierre Gasly win the 2026 F1 Singapore Grand Prix?,A 竞技,0.001,0.022,0.0115,0.020999999999999998,0.0,0.0,0.0,50,4.5,sports_fees_v3,True,28558391061191296576456870322949545965070312914289181555918414954825561771030
Will Fernando Alonso win the 2026 F1 Singapore Grand Prix?,A 竞技,0.001,0.009,0.004999999999999999,0.008,0.0,10.0,0.0,50,4.5,sports_fees_v3,True,24946613243542045093782896030972508052414682034023350754030313581675845916465
Will Alexander Albon win the 2026 F1 Singapore Grand Prix?,A 竞技,0.001,0.009,0.004999999999999999,0.008,0.0,10.0,0.0,50,4.5,sports_fees_v3,True,20899351361659882916278870698966147459616666433222997076649183873101393641787
Will Gabriel Bortoleto win the 2026 F1 Singapore Grand Prix?,A 竞技,0.001,0.009,0.004999999999999999,0.008,0.0,10.0,0.0,50,4.5,sports_fees_v3,True,2835735619366113132331629458875618026032260678708439186410341002678206064734
Will Sergio Perez win the 2026 F1 Singapore Grand Prix?,A 竞技,,0.009,,,0.0,20.0,0.0,50,4.5,sports_fees_v3,True,83652434777062733522317823357052014621993834306632156362686898553393933523458
Will Charles Leclerc win the 2026 F1 Singapore Grand Prix?,A 竞技,0.11,0.12,0.11499999999999999,0.009999999999999995,0.0,87.33333400000001,0.0,50,4.5,sports_fees_v3,True,92443082174901362958213182894863948289679800011664028904195269564952495193793
Will Esteban Ocon win the 2026 F1 Singapore Grand Prix?,A 竞技,0.001,0.009,0.004999999999999999,0.008,0.0,10.0,0.0,50,4.5,sports_fees_v3,True,110900142078134549566830658584183223162291771163731239731531646173931267218149
Will Lando Norris win the 2026 F1 Singapore Grand Prix?,A 竞技,0.13,0.14,0.135,0.010000000000000009,456.817312,1418.535325,0.0,50,4.5,sports_fees_v3,True,50434279802004157692776355100568844573677746234993201217816404234694902233906
Will Kimi Antonelli win the 2026 F1 Singapore Grand Prix?,A 竞技,0.23,0.24,0.235,0.009999999999999981,512.125002,6555.306350000001,0.001,50,4.5,sports_fees_v3,True,5696133373196488147875236821860681766749634665413742392928884679633318673226
Will Max Verstappen win the 2026 F1 Singapore Grand Prix?,A 竞技,0.28,0.29,0.28500000000000003,0.009999999999999953,1960.392756,4856.84673,0.0,50,4.5,sports_fees_v3,True,105026689771335810478914327541724319323338915766526076386906176141135574302746
Will Franco Colapinto win the 2026 F1 Singapore Grand Prix?,A 竞技,0.001,0.016,0.0085,0.015,0.0,0.0,0.0,50,4.5,sports_fees_v3,True,4367879003640045686956388825375902266684763445371199130205596602619739253591
Will Carlos Sainz Jr. win the 2026 F1 Singapore Grand Prix?,A 竞技,0.001,0.009,0.004999999999999999,0.008,0.0,10.0,0.0,50,4.5,sports_fees_v3,True,112114148297929537173847598641186061156229360765636408243334062234430064452907
Will Nico Hulkenberg win the 2026 F1 Singapore Grand Prix?,A 竞技,0.001,0.009,0.004999999999999999,0.008,0.0,10.0,0.0,50,4.5,sports_fees_v3,True,46633357118097927706875836765976613273002880284113105333660319153040915921433
Will Valtteri Bottas win the 2026 F1 Singapore Grand Prix?,A 竞技,0.001,0.008,0.0045000000000000005,0.007,0.0,171.0,0.0,50,4.5,sports_fees_v3,True,37377009617262886055248856685172953678066728775153467706615477067585995032236
Will Lewis Hamilton win the 2026 F1 Singapore Grand Prix?,A 竞技,0.12,0.14,0.13,0.020000000000000018,228.559929,794.643263,0.0,50,4.5,sports_fees_v3,True,9518453683994039663103190001640433279731056992400699084747973794695685716810
Will Oliver Bearman win the 2026 F1 Singapore Grand Prix?,A 竞技,0.001,0.009,0.004999999999999999,0.008,15.01,25.009999999999998,0.0,50,4.5,sports_fees_v3,True,22577247696951783128672169989438357120216379084843314121733136822205330394386
Will Oscar Piastri win the 2026 F1 Singapore Grand Prix?,A 竞技,0.051,0.057,0.054,0.006000000000000005,249.281288,1981.1712160000002,0.0,50,4.5,sports_fees_v3,True,92166685409924243611608345305761239418833259618841446683252071008964493612883
Will George Russell win the 2026 F1 Singapore Grand Prix?,A 竞技,0.023,0.038,0.0305,0.015,10256.781429,14271.468125,0.0,50,4.5,sports_fees_v3,True,56718796378955317111468916340265911522929583552165139147928588786823433132601
Will Arvid Lindblad win the 2026 F1 Singapore Grand Prix?,A 竞技,0.001,0.024,0.0125,0.023,0.0,0.0,0.0,50,4.5,sports_fees_v3,True,35806167495708067688142660894515436986537444155410197985851888007006540375369
Will Isack Hadjar win the 2026 F1 Singapore Grand Prix?,A 竞技,0.022,0.043,0.0325,0.020999999999999998,0.0,41.985773,0.0,50,4.5,sports_fees_v3,True,5925247658760843939848257679933962433517180533220416892662406179964839647949
Will Liam Lawson win the 2026 F1 Singapore Grand Prix?,A 竞技,0.001,0.024,0.0125,0.023,0.0,0.0,0.0,50,4.5,sports_fees_v3,True,59218091277618579146661875012717821529527136170610280346022356243553006480870
Will Lance Stroll win the 2026 F1 Singapore Grand Prix?,A 竞技,0.001,0.008,0.0045000000000000005,0.007,10.01,181.01,0.0,50,4.5,sports_fees_v3,True,17728978960408046070104397306363646944957497115347892906141065161648077901163
Will Yuki Tsunoda win the 2026 F1 Singapore Grand Prix?,A 竞技,,0.009,,,0.0,15.0,0.0,50,4.5,sports_fees_v3,True,80737513999194638178280916250352918609409177325807266190011527655594912137851
Will Alpine have the highest constructor score at the 2026 F1 Singapor,A 竞技,,0.48,,,0.0,17.45,0.0,50,4.5,sports_fees_v3,True,5418383052584237040948611731172048360136031691487348928962931493593406811973
Will Aston Martin have the highest constructor score at the 2026 F1 Si,A 竞技,,0.48,,,0.0,22.45,0.0,50,4.5,sports_fees_v3,True,15628908902838648498530608674782603065932828793051041774720040672684549017506
Will Williams have the highest constructor score at the 2026 F1 Singap,A 竞技,,0.48,,,0.0,22.45,0.0,50,4.5,sports_fees_v3,True,100863688693746712940460428662761497584927710474253073920875421946789083671842
Will Audi Revolut have the highest constructor score at the 2026 F1 Si,A 竞技,,0.48,,,0.0,22.45,0.0,50,4.5,sports_fees_v3,True,88318994766974001786485833081054403651775150339630975721254065077029846505332
Will Cadillac have the highest constructor score at the 2026 F1 Singap,A 竞技,,0.48,,,0.0,22.45,0.0,50,4.5,sports_fees_v3,True,47502667481373260578512206970394014351504450439111655796218653942606806490831
Will Ferrari have the highest constructor score at the 2026 F1 Singapo,A 竞技,0.2,0.42,0.31,0.21999999999999997,0.0,0.0,0.0,50,4.5,sports_fees_v3,True,114228950039372919551328644024985952097099133390726023213809844922587512460378
Will Tgr Haas have the highest constructor score at the 2026 F1 Singap,A 竞技,,0.48,,,0.0,22.45,0.0,50,4.5,sports_fees_v3,True,78948694211861045749500511368138334907577729025031244451744693327240255103048
Will Mclaren Mastercard have the highest constructor score at the 2026,A 竞技,0.08,0.34,0.21000000000000002,0.26,0.0,0.0,0.0,50,4.5,sports_fees_v3,True,94337566668301828284654981602712728597121018427473290026614593524645452614040
Will Mercedes have the highest constructor score at the 2026 F1 Singap,A 竞技,0.01,0.3,0.155,0.29,0.0,0.0,0.0,50,4.5,sports_fees_v3,True,89389465472718797819796258405223770250674889761287446975595102645227926970766
Will Red Bull have the highest constructor score at the 2026 F1 Singap,A 竞技,0.25,0.51,0.38,0.26,0.0,0.0,0.0,50,4.5,sports_fees_v3,True,107028829992793533211395403351459194056011609915986390390849386918210902471297
Will Racing Bulls have the highest constructor score at the 2026 F1 Si,A 竞技,,0.48,,,0.0,17.45,0.0,50,4.5,sports_fees_v3,True,13763623745798252870736112949449557341641529434288797829252186253823344974376
Will Pierre Gasly get pole position at the 2026 F1 Singapore Grand Pri,A 竞技,,0.23,,,0.0,0.0,0.0,50,4.5,sports_fees_v3,True,58746626078952871038143631507126944837886269440826689004723134358728865454511
Will Fernando Alonso get pole position at the 2026 F1 Singapore Grand ,A 竞技,0.001,0.228,0.1145,0.227,0.0,10.0,0.0,50,4.5,sports_fees_v3,True,78311137350668449234813119774997607888440804076406781453733297672298701040942
Will Alexander Albon get pole position at the 2026 F1 Singapore Grand ,A 竞技,0.001,0.279,0.14,0.278,0.0,10.0,0.0,50,4.5,sports_fees_v3,True,113992130385256512048165260121686097845518755183727941908175390069520942162792
Will Gabriel Bortoleto get pole position at the 2026 F1 Singapore Gran,A 竞技,0.001,0.23,0.1155,0.229,0.0,0.0,0.0,50,4.5,sports_fees_v3,True,56427376719827785095749039888376741909070433383630537746280832687472481869406
Will Sergio Perez get pole position at the 2026 F1 Singapore Grand Pri,A 竞技,,0.23,,,5.0,15.0,0.0,50,4.5,sports_fees_v3,True,81051559796290414170239387992561958485904397904403026379387376383801841408627
Will Charles Leclerc get pole position at the 2026 F1 Singapore Grand ,A 竞技,0.12,0.14,0.13,0.020000000000000018,0.0,0.0,0.0,50,4.5,sports_fees_v3,True,8372451807722494584104280954059465994406384346129523475122971408057302195446
Will Esteban Ocon get pole position at the 2026 F1 Singapore Grand Pri,A 竞技,0.001,0.23,0.1155,0.229,0.0,0.0,0.0,50,4.5,sports_fees_v3,True,14925587347401151014835642340218171439590380704929248850562068901362839096787
Will Lando Norris get pole position at the 2026 F1 Singapore Grand Pri,A 竞技,0.04,0.12,0.08,0.07999999999999999,0.0,0.0,0.0,50,4.5,sports_fees_v3,True,21903474092031271411031996999815332371954457240938462653691509988263761633726
Will Kimi Antonelli get pole position at the 2026 F1 Singapore Grand P,A 竞技,0.18,0.2,0.19,0.020000000000000018,624.4499999999999,706.491667,0.0,50,4.5,sports_fees_v3,True,58802828230444786941371858649659472790126981037188620051654926728585116256313
Will Max Verstappen get pole position at the 2026 F1 Singapore Grand P,A 竞技,0.28,0.32,0.30000000000000004,0.03999999999999998,104.47999999999999,150.313334,0.0,50,4.5,sports_fees_v3,True,56795590128653377399019108756609371066408919875322479071214261436639423027559
Will Franco Colapinto get pole position at the 2026 F1 Singapore Grand,A 竞技,0.001,0.23,0.1155,0.229,0.0,0.0,0.0,50,4.5,sports_fees_v3,True,64855347151999133625062791000215989363108073342638116689777383414472151920812
Will Carlos Sainz Jr. get pole position at the 2026 F1 Singapore Grand,A 竞技,0.001,0.269,0.135,0.268,0.0,0.0,0.0,50,4.5,sports_fees_v3,True,17273131239827499949649973621791389520435198521543886511313829620378254245180
Will Nico Hulkenberg get pole position at the 2026 F1 Singapore Grand ,A 竞技,0.001,0.23,0.1155,0.229,0.0,0.0,0.0,50,4.5,sports_fees_v3,True,16948553771815287822078107131632031350782019088215563510883247000835730643856
Will Valtteri Bottas get pole position at the 2026 F1 Singapore Grand ,A 竞技,,0.28,,,5.0,15.0,0.0,50,4.5,sports_fees_v3,True,4850007904741044234779393115922279897400654603249013198394356872612752942052
Will Lewis Hamilton get pole position at the 2026 F1 Singapore Grand P,A 竞技,0.14,0.17,0.15500000000000003,0.03,0.0,0.0,0.0,50,4.5,sports_fees_v3,True,10734313855873266557626527488446300851859008857529262808368552510567983939764
Will Oliver Bearman get pole position at the 2026 F1 Singapore Grand P,A 竞技,0.001,0.23,0.1155,0.229,0.0,0.0,0.0,50,4.5,sports_fees_v3,True,58448019485469759776657245385291324785007812390377575385450501682276408904536
Will Oscar Piastri get pole position at the 2026 F1 Singapore Grand Pr,A 竞技,0.001,0.094,0.0475,0.093,0.0,0.0,0.0,50,4.5,sports_fees_v3,True,73491217177831080209615392725394697296516392142363985191849903077452999685772
Will George Russell get pole position at the 2026 F1 Singapore Grand P,A 竞技,0.01,0.08,0.045,0.07,112.585556,112.585556,0.0,50,4.5,sports_fees_v3,True,88398997214722018901689930929815711692779695126558833504794663772794432993120
Will Arvid Lindblad get pole position at the 2026 F1 Singapore Grand P,A 竞技,0.001,0.279,0.14,0.278,0.0,0.0,0.0,50,4.5,sports_fees_v3,True,61095081122528277413686406676920872249560120095936929909595008833666401394114
Will Isack Hadjar get pole position at the 2026 F1 Singapore Grand Pri,A 竞技,,0.15,,,0.0,0.0,0.0,50,4.5,sports_fees_v3,True,25605045112808819347215569361382583816922591093499438597125247205016354496965
Will Liam Lawson get pole position at the 2026 F1 Singapore Grand Prix,A 竞技,0.001,0.279,0.14,0.278,0.0,0.0,0.0,50,4.5,sports_fees_v3,True,40379535266464411312354477669420645964094604423759827786516229331958101890525
Grasshopper Club Zurich vs. FC Lugano: Team to Take First Corner,A 竞技,,1.0,,,0.0,0.0,0.0,50,4.5,sports_fees_v3,True,85586999242558155133336101741243664586516074131634541387755798687064444249418
FC Sion vs. FC Luzern: Team to Take First Corner,A 竞技,,1.0,,,0.0,0.0,0.0,50,4.5,sports_fees_v3,True,77822274995195931047161560979296933865072763854429471766113273101915396759626
FC Vaduz vs. FC St. Gallen 1879: Team to Take First Corner,A 竞技,,1.0,,,0.0,0.0,0.0,50,4.5,sports_fees_v3,True,49916258926450693995845520698513315707558448024987590328266650927265390148593
Will FC Basel win the 2026-27 Swiss Super League?,A 竞技,0.006,0.443,0.2245,0.437,0.0,544.14,0.0,50,4.5,sports_fees_v3,True,37840304907033809919633493500865487957762384736149209529395237328261748987748
Will Grasshopper Club Zürich win the 2026-27 Swiss Super League?,A 竞技,0.005,0.434,0.2195,0.429,0.0,40.14,0.0,50,4.5,sports_fees_v3,True,3668772845926166143642724436649197538635833171635364938112297308512668109274
Will FC Zürich win the 2026-27 Swiss Super League?,A 竞技,0.006,0.538,0.272,0.532,0.0,40.14,0.0,50,4.5,sports_fees_v3,True,63355983118196793557510542981877543190467184242975438535466258025410166772411
Will FC Lausanne-Sport win the 2026-27 Swiss Super League?,A 竞技,0.005,0.423,0.214,0.418,0.0,40.14,0.0,50,4.5,sports_fees_v3,True,98429944464443459836770938373421031750227902913392600633504779921228179953934
Will FC Lugano win the 2026-27 Swiss Super League?,A 竞技,0.27,0.49,0.38,0.21999999999999997,0.0,1410.592417,0.0,50,4.5,sports_fees_v3,True,17722371559746858482149852756817829283238054084521318064375553292599987022974
Will FC Luzern win the 2026-27 Swiss Super League?,A 竞技,0.004,0.527,0.2655,0.523,0.0,40.14,0.0,50,4.5,sports_fees_v3,True,23436965664577350209857485554823995342043174923141322707351286706026099513091
Will Servette FC win the 2026-27 Swiss Super League?,A 竞技,0.003,0.987,0.495,0.984,0.0,34.57,0.0,50,4.5,sports_fees_v3,True,20036830301480945749865357171524042340316141737459120719570392828839158932293
Will FC Sion win the 2026-27 Swiss Super League?,A 竞技,0.01,0.934,0.47200000000000003,0.924,0.0,44.610597999999996,0.0,50,4.5,sports_fees_v3,True,18409317340311354777280876082376115078626289272448338784794439075980340593919
Will FC St. Gallen win the 2026-27 Swiss Super League?,A 竞技,0.003,0.43,0.2165,0.427,0.0,40.14,0.0,50,4.5,sports_fees_v3,True,29378050212821492515609672766307423361556989615530079721032682470007383350859
Will FC Thun win the 2026-27 Swiss Super League?,A 竞技,0.003,0.529,0.266,0.526,0.0,40.14,0.0,50,4.5,sports_fees_v3,True,90411182229075220667403469894911263615505335915200641709688817347632711920534
Will FC Vaduz win the 2026-27 Swiss Super League?,A 竞技,0.005,0.438,0.2215,0.433,0.0,40.14,0.0,50,4.5,sports_fees_v3,True,91128930358646097350113748277320065584942860788586017709148379336092791193024
Will BSC Young Boys win the 2026-27 Swiss Super League?,A 竞技,0.28,0.71,0.495,0.42999999999999994,0.0,1721.7818499999998,0.0,50,4.5,sports_fees_v3,True,100240691158803669199693256084057109409226787649050635827299344979858527316672
Will FC Basel be runner-up in the 2026-27 Swiss Super League?,A 竞技,0.01,0.99,0.5,0.98,0.0,0.0,0.0,50,4.5,sports_fees_v3,True,104140085022241368324917250808488164130667928431032858976300758470635639665234
Will Grasshopper Club Zürich be runner-up in the 2026-27 Swiss Super L,A 竞技,0.01,0.99,0.5,0.98,0.0,0.0,0.0,50,4.5,sports_fees_v3,True,32362492348181707194293705131982377302616444981695689419498783258048649306956
Will FC Zürich be runner-up in the 2026-27 Swiss Super League?,A 竞技,0.01,0.99,0.5,0.98,0.0,0.0,0.0,50,4.5,sports_fees_v3,True,98413356773115381746107314358194611535952977499241726681705330266480068113234
Will FC Lausanne-Sport be runner-up in the 2026-27 Swiss Super League?,A 竞技,0.01,0.99,0.5,0.98,0.0,0.0,0.0,50,4.5,sports_fees_v3,True,38593226353493032146307363111613251511276464145375836212411801490672893764634
Will FC Lugano be runner-up in the 2026-27 Swiss Super League?,A 竞技,0.01,0.99,0.5,0.98,0.0,0.0,0.0,50,4.5,sports_fees_v3,True,56183504081233837085674634340107496154312843604498827717914449757998248043357
Will FC Luzern be runner-up in the 2026-27 Swiss Super League?,A 竞技,0.01,0.99,0.5,0.98,0.0,0.0,0.0,50,4.5,sports_fees_v3,True,6631696447005203403404458049378673719525407988221125706290948501297930082461
Will Servette FC be runner-up in the 2026-27 Swiss Super League?,A 竞技,0.01,0.99,0.5,0.98,0.0,0.0,0.0,50,4.5,sports_fees_v3,True,14158145274915758125696911987156553231689533427576069148132848521339810504858
Will FC Sion be runner-up in the 2026-27 Swiss Super League?,A 竞技,0.01,0.99,0.5,0.98,0.0,0.0,0.0,50,4.5,sports_fees_v3,True,83764722733959121375429090595396833519143788915983937335762205682650015700362
Will FC St. Gallen be runner-up in the 2026-27 Swiss Super League?,A 竞技,0.01,0.99,0.5,0.98,0.0,0.0,0.0,50,4.5,sports_fees_v3,True,95420241090233385029370609708095300024564462702451614327221566674273389072401
Will FC Thun be runner-up in the 2026-27 Swiss Super League?,A 竞技,0.01,0.99,0.5,0.98,0.0,0.0,0.0,50,4.5,sports_fees_v3,True,113653794212026926739065189443119231369811570650347111210383107404133209661513
Will FC Vaduz be runner-up in the 2026-27 Swiss Super League?,A 竞技,0.01,0.99,0.5,0.98,0.0,0.0,0.0,50,4.5,sports_fees_v3,True,51482096600437606190343697755264573002809960599051497129159711690597110964082
Will BSC Young Boys be runner-up in the 2026-27 Swiss Super League?,A 竞技,0.01,0.99,0.5,0.98,0.0,0.0,0.0,50,4.5,sports_fees_v3,True,40386911325407537445009940942972840844852103766243407733305286610220996256121
Will FC Basel be relegated from the 2026-27 Swiss Super League?,A 竞技,0.01,0.31,0.16,0.3,0.0,0.0,1.0,20,4.5,sports_fees_v3,True,51184627274046176693518135844008254804643160088263174464987453175761097392042
Will Grasshopper Club Zürich be relegated from the 2026-27 Swiss Super,A 竞技,0.27,0.28,0.275,0.010000000000000009,0.0,20.0,5.0,20,4.5,sports_fees_v3,True,82011782994420331923303863509428010912391309735417914261591375396857257527402
Will FC Zürich be relegated from the 2026-27 Swiss Super League?,A 竞技,0.16,0.21,0.185,0.04999999999999999,0.0,0.0,1.0,20,4.5,sports_fees_v3,True,29127058035005088530952375921990542544059010455257339470900051303821071587520
Will FC Lausanne-Sport be relegated from the 2026-27 Swiss Super Leagu,A 竞技,0.52,0.87,0.6950000000000001,0.35,0.0,1761.636714,5.0,20,4.5,sports_fees_v3,True,13808037753764270869480797737827493869544984812985442358509173618720547879485
Will FC Lugano be relegated from the 2026-27 Swiss Super League?,A 竞技,0.002,0.324,0.163,0.322,0.0,635.0,1.0,20,4.5,sports_fees_v3,True,66010603680645554594546982123013538270559042941389086482794162494522810438811
Will FC Luzern be relegated from the 2026-27 Swiss Super League?,A 竞技,0.02,0.35,0.185,0.32999999999999996,0.0,0.0,1.0,20,4.5,sports_fees_v3,True,34519314764084080479623153207394251247456559298631092540825651145526054320747
Will Servette FC be relegated from the 2026-27 Swiss Super League?,A 竞技,0.03,0.25,0.14,0.22,0.0,38.26,1.0,20,4.5,sports_fees_v3,True,60583036581577419838781729026359176058903796490265673241363727295138099457821
Will FC Sion be relegated from the 2026-27 Swiss Super League?,A 竞技,0.01,0.2,0.10500000000000001,0.19,0.0,31.0,1.0,20,4.5,sports_fees_v3,True,50534729182424091008134538301858505186845125254194902656442838517324648039151
Will FC St. Gallen be relegated from the 2026-27 Swiss Super League?,A 竞技,0.02,0.35,0.185,0.32999999999999996,0.0,0.0,1.0,20,4.5,sports_fees_v3,True,65833208048938247438307085162875316100361168498122434308857017155460652468766
Will FC Thun be relegated from the 2026-27 Swiss Super League?,A 竞技,0.31,0.32,0.315,0.010000000000000009,0.0,16.129033,5.0,20,4.5,sports_fees_v3,True,910215273525945742528103479564724306090677692490057740561897451989920635074
Will FC Vaduz be relegated from the 2026-27 Swiss Super League?,A 竞技,0.02,0.35,0.185,0.32999999999999996,0.0,34.7,1.0,20,4.5,sports_fees_v3,True,105976575065171479396687481004044908860702692959426530621597387770612597061418
Will BSC Young Boys be relegated from the 2026-27 Swiss Super League?,A 竞技,0.002,0.062,0.032,0.06,0.0,760.0,0.0,20,4.5,sports_fees_v3,True,28498414882551969727493497511321778168154691772809023801881930494172631022545
Will FC Basel finish 10th in the 2026-27 Swiss Super League?,A 竞技,0.01,0.99,0.5,0.98,0.0,0.0,0.0,50,4.5,sports_fees_v3,True,83311169741025220015449827948932702575685635844503223994215610839522413302971
Will Grasshopper Club Zürich finish 10th in the 2026-27 Swiss Super Le,A 竞技,0.01,0.99,0.5,0.98,0.0,0.0,0.0,50,4.5,sports_fees_v3,True,50476847880586393189078058837466163872305346307861542272907865619722852815413
Will FC Zürich finish 10th in the 2026-27 Swiss Super League?,A 竞技,0.01,0.99,0.5,0.98,0.0,0.0,0.0,50,4.5,sports_fees_v3,True,113788093073124375897177476577993510571805457408179524151762517309950317213676
Will FC Lausanne-Sport finish 10th in the 2026-27 Swiss Super League?,A 竞技,0.01,0.97,0.49,0.96,0.0,0.0,0.0,50,4.5,sports_fees_v3,True,108655888064144361043746916208193669984463477001999723252508112055741562803710
Will FC Lugano finish 10th in the 2026-27 Swiss Super League?,A 竞技,0.01,0.99,0.5,0.98,0.0,0.0,0.0,50,4.5,sports_fees_v3,True,57623963073514019348915073944708637837104854577457472630422054659324291032744
Will FC Luzern finish 10th in the 2026-27 Swiss Super League?,A 竞技,0.01,0.99,0.5,0.98,0.0,0.0,0.0,50,4.5,sports_fees_v3,True,91796562813964469231178351954833710540218703821975979282772403668358146209926
Will Servette FC finish 10th in the 2026-27 Swiss Super League?,A 竞技,0.01,0.99,0.5,0.98,0.0,0.0,0.0,50,4.5,sports_fees_v3,True,100456273669297107550582528540061094290526483931169051036455113501557157366179
Will FC Sion finish 10th in the 2026-27 Swiss Super League?,A 竞技,0.01,0.99,0.5,0.98,0.0,0.0,0.0,50,4.5,sports_fees_v3,True,5261952649115064443024622052226757069679757558497686270201177281504635568751
Will FC St. Gallen finish 10th in the 2026-27 Swiss Super League?,A 竞技,0.01,0.99,0.5,0.98,0.0,0.0,0.0,50,4.5,sports_fees_v3,True,102940879803212148097062479163385884247396842969757800222999102217544756787032
Will FC Thun finish 10th in the 2026-27 Swiss Super League?,A 竞技,0.01,0.99,0.5,0.98,0.0,0.0,0.0,50,4.5,sports_fees_v3,True,33959204343887479383563469219277644093437682995061202565107613297623349630854
Will FC Vaduz finish 10th in the 2026-27 Swiss Super League?,A 竞技,0.01,0.99,0.5,0.98,0.0,0.0,0.0,50,4.5,sports_fees_v3,True,28132240052549866050485611162749866730632833484372742763536401133860777194069
Will BSC Young Boys finish 10th in the 2026-27 Swiss Super League?,A 竞技,0.01,0.99,0.5,0.98,0.0,0.0,0.0,50,4.5,sports_fees_v3,True,15615039932462760203879340883639128537076238234418182296049223927969305745359
Will FC Basel finish 3rd in the 2026-27 Swiss Super League?,A 竞技,0.01,0.99,0.5,0.98,0.0,0.0,0.0,50,4.5,sports_fees_v3,True,91945347858391073287762314279457207802867629093394383830174302301031359490793
Will Grasshopper Club Zürich finish 3rd in the 2026-27 Swiss Super Lea,A 竞技,0.02,0.97,0.495,0.95,0.0,0.0,0.0,50,4.5,sports_fees_v3,True,8443306156197334253775436892321423822256787848332158884508890978367206922144
Will FC Zürich finish 3rd in the 2026-27 Swiss Super League?,A 竞技,0.01,0.99,0.5,0.98,0.0,0.0,0.0,50,4.5,sports_fees_v3,True,93775977125640259167544848219171381565769923432818996974300888775594904246532
Will FC Lausanne-Sport finish 3rd in the 2026-27 Swiss Super League?,A 竞技,0.01,0.99,0.5,0.98,0.0,0.0,0.0,50,4.5,sports_fees_v3,True,2577017231951735110686231379718861485265434609606869807452148098224077528464
Will FC Lugano finish 3rd in the 2026-27 Swiss Super League?,A 竞技,0.01,0.99,0.5,0.98,0.0,0.0,0.0,50,4.5,sports_fees_v3,True,33255675414453973737315382345554332592055638702770111510137646421043956602869
Will FC Luzern finish 3rd in the 2026-27 Swiss Super League?,A 竞技,0.01,0.99,0.5,0.98,0.0,0.0,0.0,50,4.5,sports_fees_v3,True,24130487867269155084921047993339971095541775571360363602636529243861244902911
Will Servette FC finish 3rd in the 2026-27 Swiss Super League?,A 竞技,0.01,0.99,0.5,0.98,0.0,0.0,0.0,50,4.5,sports_fees_v3,True,40781989669189890205509114225705009692991130997286185025642966413719802791083
Will FC Sion finish 3rd in the 2026-27 Swiss Super League?,A 竞技,0.01,0.99,0.5,0.98,0.0,0.0,0.0,50,4.5,sports_fees_v3,True,42486220544614662199677779603370685998506078540176044609174922631327495372035
Will FC St. Gallen finish 3rd in the 2026-27 Swiss Super League?,A 竞技,0.01,0.99,0.5,0.98,0.0,0.0,0.0,50,4.5,sports_fees_v3,True,68106701666823288184461414891927129246940804561130501810060060174364252222129
Will FC Thun finish 3rd in the 2026-27 Swiss Super League?,A 竞技,0.01,0.99,0.5,0.98,0.0,0.0,0.0,50,4.5,sports_fees_v3,True,47068442693694332707267706642522540416407245130353201866695945562102317005415
Will FC Vaduz finish 3rd in the 2026-27 Swiss Super League?,A 竞技,0.01,0.97,0.49,0.96,0.0,0.0,0.0,50,4.5,sports_fees_v3,True,82269900282422006943040563200972730183752920585805667752495371000586550246935
Will BSC Young Boys finish 3rd in the 2026-27 Swiss Super League?,A 竞技,0.02,0.97,0.495,0.95,0.0,0.0,0.0,50,4.5,sports_fees_v3,True,33535561178143267908239585006466095468962588135506356703799079061961093812847
Will FC Basel keep the most clean sheets in the 2026-27 Swiss Super Le,A 竞技,0.01,0.99,0.5,0.98,0.0,0.0,0.0,50,4.5,sports_fees_v3,True,76126624767756083794358623644815206004892925640742842649501216579482203380506
Will Grasshopper Club Zürich keep the most clean sheets in the 2026-27,A 竞技,0.02,0.97,0.495,0.95,0.0,0.0,0.0,50,4.5,sports_fees_v3,True,20789959482166684300968139253811584711026352535657245352328157725097014726221
Will FC Zürich keep the most clean sheets in the 2026-27 Swiss Super L,A 竞技,0.01,0.99,0.5,0.98,0.0,0.0,0.0,50,4.5,sports_fees_v3,True,106346019273570307210784798348720870449921173598890152865108240742599573331359
Will FC Lausanne-Sport keep the most clean sheets in the 2026-27 Swiss,A 竞技,0.02,0.99,0.505,0.97,0.0,0.0,0.0,50,4.5,sports_fees_v3,True,115616073778687217426792890238729911250910411159116758799083715766116042292432
Will FC Lugano keep the most clean sheets in the 2026-27 Swiss Super L,A 竞技,0.01,0.99,0.5,0.98,0.0,0.0,0.0,50,4.5,sports_fees_v3,True,4345737488017780650615302448814441743454861057749629912951759117900179646247
Will FC Luzern keep the most clean sheets in the 2026-27 Swiss Super L,A 竞技,0.01,0.99,0.5,0.98,0.0,0.0,0.0,50,4.5,sports_fees_v3,True,2280089204541749945306958887274016399114601922559966284049358971409301260319
Will Servette FC keep the most clean sheets in the 2026-27 Swiss Super,A 竞技,0.01,0.99,0.5,0.98,0.0,0.0,0.0,50,4.5,sports_fees_v3,True,45721824702139249999323615931916727888193361167426975528735750118884948590840
Will FC Sion keep the most clean sheets in the 2026-27 Swiss Super Lea,A 竞技,0.01,0.99,0.5,0.98,0.0,0.0,0.0,50,4.5,sports_fees_v3,True,85452443489413110073655689908318564843172408744992556922919342804782733792386
Will FC St. Gallen keep the most clean sheets in the 2026-27 Swiss Sup,A 竞技,0.02,0.99,0.505,0.97,0.0,0.0,0.0,50,4.5,sports_fees_v3,True,65765311667961562405775819501563653463990636417643934234865547044778544272485
Will FC Thun keep the most clean sheets in the 2026-27 Swiss Super Lea,A 竞技,0.01,0.99,0.5,0.98,0.0,0.0,0.0,50,4.5,sports_fees_v3,True,83084027728248878590615138289511158349771527582767017360346433943621080522606
Will FC Vaduz keep the most clean sheets in the 2026-27 Swiss Super Le,A 竞技,0.01,0.99,0.5,0.98,0.0,0.0,0.0,50,4.5,sports_fees_v3,True,28642617258936960552841874128103190524667631872567351755473455831043245165240
Will BSC Young Boys keep the most clean sheets in the 2026-27 Swiss Su,A 竞技,0.02,0.97,0.495,0.95,0.0,0.0,0.0,50,4.5,sports_fees_v3,True,88195181940862912476758571045659970067478545149288354631818287848736247333670
Will FC Zurich win on 2026-10-10?,A 竞技,0.32,0.35,0.33499999999999996,0.02999999999999997,0.0,3.030304,0.0,50,4.5,sports_fees_v3,True,92501146428412854156772537881574694618738513217907237340351379774476036573615
Will FC Zurich vs. FC Thun end in a draw?,A 竞技,0.24,0.26,0.25,0.020000000000000018,19.23077,19.23077,0.0,50,4.5,sports_fees_v3,True,83399599118750741757048371271836810044647866159557287266887298195750486994640
Will FC Thun win on 2026-10-10?,A 竞技,0.4,0.43,0.41500000000000004,0.02999999999999997,0.0,0.0,0.0,50,4.5,sports_fees_v3,True,29133222800516812922056273937461039087240096471223335432476664955130440782608
Will Servette Geneva win on 2026-10-10?,A 竞技,0.35,0.38,0.365,0.030000000000000027,0.0,1.515152,0.0,50,4.5,sports_fees_v3,True,98819757689627215485715216171041217700323496043644551601651540565859948919101
Will Servette Geneva vs. FC Sion end in a draw?,A 竞技,0.24,0.26,0.25,0.020000000000000018,0.0,0.0,0.0,50,4.5,sports_fees_v3,True,78537986439581927700120552224098076417044763365388712252957593104955020759830
Will FC Sion win on 2026-10-10?,A 竞技,0.37,0.39,0.38,0.020000000000000018,104.85450900000001,205.82016900000002,0.0,50,4.5,sports_fees_v3,True,111976996654515271043258594490865821693301905563187121985607145868317654769113
Will FC Lugano win on 2026-10-10?,A 竞技,0.57,0.6,0.585,0.030000000000000027,0.0,8.278689,0.0,50,4.5,sports_fees_v3,True,35511936862585168716068291232379677317444582767233557423085087345375915129724
Will FC Lugano vs. FC Luzern end in a draw?,A 竞技,0.19,0.22,0.20500000000000002,0.03,0.0,0.0,0.0,50,4.5,sports_fees_v3,True,112844416444379709638379959836662431290807012468480408769531979282670030697253
Will FC Luzern win on 2026-10-10?,A 竞技,0.19,0.22,0.20500000000000002,0.03,0.0,0.0,0.0,50,4.5,sports_fees_v3,True,69583472233335601877935779407411465403736768634858178924178745770040610978214
FC Zurich leading at halftime?,A 竞技,0.27,0.31,0.29000000000000004,0.03999999999999998,0.0,0.0,0.0,50,4.5,sports_fees_v3,True,18066300813175468309730027815157571059104881763242622644925012583733373094272
FC Zurich vs. FC Thun: Draw at halftime?,A 竞技,0.35,0.37,0.36,0.020000000000000018,0.0,0.0,0.0,50,4.5,sports_fees_v3,True,100987157883321753764790795194879418970700577326049154613174143043695130064770
FC Thun leading at halftime?,A 竞技,0.34,0.36,0.35,0.019999999999999962,0.0,0.0,0.0,50,4.5,sports_fees_v3,True,86929307835237168057508876136822179805764925163868474792389046932243458297080
FC Zurich to win the second half?,A 竞技,0.25,0.39,0.32,0.14,0.0,0.0,0.0,50,4.5,sports_fees_v3,True,91346317574948960217545947363755880600768033574975682033204499768357198748097
FC Zurich vs. FC Thun: Second half draw?,A 竞技,0.23,0.38,0.305,0.15,0.0,0.0,0.0,50,4.5,sports_fees_v3,True,43316481256093778617413207552749550944195526410245818561023517505966619381285
FC Thun to win the second half?,A 竞技,0.3,0.44,0.37,0.14,0.0,0.0,0.0,50,4.5,sports_fees_v3,True,47186635042682209220170745214986789169829035999181256659862235057118632857471
Exact Score: FC Zurich 0 - 0 FC Thun?,A 竞技,0.021,0.086,0.0535,0.06499999999999999,0.0,0.0,0.0,50,4.5,sports_fees_v3,True,57926765080561742722107624421872834722745214338947331845362675634643970039785
Exact Score: FC Zurich 0 - 1 FC Thun?,A 竞技,0.033,0.087,0.06,0.05399999999999999,0.0,0.0,0.0,50,4.5,sports_fees_v3,True,93205638769769078107628528027494557100957249801560217002283179368966585451630
Exact Score: FC Zurich 1 - 0 FC Thun?,A 竞技,0.027,0.082,0.0545,0.05500000000000001,0.0,0.0,0.0,50,4.5,sports_fees_v3,True,77205644627920284179210833495021056683951450387016404715881459829551455199385
Exact Score: FC Zurich 0 - 2 FC Thun?,A 竞技,0.035,0.096,0.0655,0.061,0.0,0.0,0.0,50,4.5,sports_fees_v3,True,63121084373041868514658131319589010248944870066966382931125427208544016233025
Exact Score: FC Zurich 1 - 1 FC Thun?,A 竞技,0.07,0.14,0.10500000000000001,0.07,0.0,0.0,0.0,50,4.5,sports_fees_v3,True,83350532800046771352023827299877879665639966809456563383872090144967267073207
Exact Score: FC Zurich 2 - 0 FC Thun?,A 竞技,0.029,0.086,0.057499999999999996,0.056999999999999995,0.0,0.0,0.0,50,4.5,sports_fees_v3,True,30750066018150255313276696883530311682985000075039597831245702030073373666678
Exact Score: FC Zurich 0 - 3 FC Thun?,A 竞技,0.002,0.077,0.0395,0.075,0.0,0.0,0.0,50,4.5,sports_fees_v3,True,2168921075049776119749689520606391430662982843018850668949568927685559790159
Exact Score: FC Zurich 1 - 2 FC Thun?,A 竞技,0.06,0.11,0.08499999999999999,0.05,0.0,0.0,0.0,50,4.5,sports_fees_v3,True,28530788986860189059768521873487392452644876040237015703847067957270241443167
Exact Score: FC Zurich 2 - 1 FC Thun?,A 竞技,0.06,0.11,0.08499999999999999,0.05,0.0,0.0,0.0,50,4.5,sports_fees_v3,True,50045453971817790926956886431822130487265734641141893349857842388234073190030
Exact Score: FC Zurich 3 - 0 FC Thun?,A 竞技,0.002,0.069,0.035500000000000004,0.067,0.0,0.0,0.0,50,4.5,sports_fees_v3,True,44190320933853205187850378714481528550937520795468975655721624819673434319332
Will Galatasaray win the 2026-27 Süper Lig?,A 竞技,0.35,0.52,0.435,0.17000000000000004,0.0,455.900438,0.0,50,4.5,sports_fees_v3,True,72012089384627058706817769686717783945294070687278023199316187402714160566036
Will Fenerbahçe win the 2026-27 Süper Lig?,A 竞技,0.26,0.3,0.28,0.03999999999999998,0.0,4227.079342,0.0,50,4.5,sports_fees_v3,True,4907944114914945833382167463897648214011929943507033604357447663271742472882
Will Trabzonspor win the 2026-27 Süper Lig?,A 竞技,0.002,0.07,0.036000000000000004,0.068,0.0,150.41894,0.0,50,4.5,sports_fees_v3,True,101151956077425060432366847702948995398962684626550973097324491188091293508076
Will Beşiktaş win the 2026-27 Süper Lig?,A 竞技,0.21,0.36,0.285,0.15,0.0,941.691545,0.0,50,4.5,sports_fees_v3,True,66509893887166090301120031356297089203047761942352805778164707296549254756925
Will Göztepe win the 2026-27 Süper Lig?,A 竞技,0.002,0.039,0.0205,0.037,0.0,110.3895,0.0,50,4.5,sports_fees_v3,True,41045471271227442055508293290389659562906704507161842002767292717185159751234
Will Başakşehir win the 2026-27 Süper Lig?,A 竞技,0.002,0.039,0.0205,0.037,0.0,110.3895,0.0,50,4.5,sports_fees_v3,True,114380928389963213344066651605678853037161310847434303745484146279279059825726
Will Samsunspor win the 2026-27 Süper Lig?,A 竞技,0.002,0.039,0.0205,0.037,0.0,110.3895,0.0,50,4.5,sports_fees_v3,True,115759580217588931653510779459329154073447224173197537214305092791632852304215
Will Kocaelispor win the 2026-27 Süper Lig?,A 竞技,0.002,0.039,0.0205,0.037,0.0,110.3895,0.0,50,4.5,sports_fees_v3,True,94408333790655237244405710779120053289989441589349937529279487398292966829372
Will Gaziantep win the 2026-27 Süper Lig?,A 竞技,0.002,0.039,0.0205,0.037,0.0,110.3895,0.0,50,4.5,sports_fees_v3,True,99773435417279472270589660263868578772959799673667458356884650958519720527314
Will Çaykur Rizespor win the 2026-27 Süper Lig?,A 竞技,0.002,0.039,0.0205,0.037,0.0,110.3895,0.0,50,4.5,sports_fees_v3,True,19968884844429931136080672908456741109583184028752312925607953935924682178970
Will Alanyaspor win the 2026-27 Süper Lig?,A 竞技,0.002,0.039,0.0205,0.037,0.0,110.3895,0.0,50,4.5,sports_fees_v3,True,94686392853395210210090345460552077752836350790133656482485161746644376893438
Will Gençlerbirliği win the 2026-27 Süper Lig?,A 竞技,0.002,0.039,0.0205,0.037,0.0,110.3895,0.0,50,4.5,sports_fees_v3,True,89352042725855368265536080066681551106421391209983843414595530192332253241953
Will Konyaspor win the 2026-27 Süper Lig?,A 竞技,0.002,0.039,0.0205,0.037,0.0,110.3895,0.0,50,4.5,sports_fees_v3,True,41678103860146810821643697705829361391880635767093740123836708737542484872380
Will Eyüpspor win the 2026-27 Süper Lig?,A 竞技,0.002,0.039,0.0205,0.037,0.0,110.3895,0.0,50,4.5,sports_fees_v3,True,83127719103648725278708094305531235678561199197300356665107960975604687109280
Will Kasımpaşa win the 2026-27 Süper Lig?,A 竞技,0.002,0.039,0.0205,0.037,0.0,110.3895,0.0,50,4.5,sports_fees_v3,True,10140573555091154306341515390216842444602791362067176718206393285051315563409
Will Erzurumspor win the 2026-27 Süper Lig?,A 竞技,0.002,0.039,0.0205,0.037,0.0,110.3895,0.0,50,4.5,sports_fees_v3,True,82367547312410226678790105669544325111113997692391860417229762403312076804241
Will Amedspor win the 2026-27 Süper Lig?,A 竞技,0.002,0.303,0.1525,0.301,0.0,541.891552,0.0,50,4.5,sports_fees_v3,True,88297737130924469638704193451030812234578285555045137288942725068493343864833
Will Çorum F.K. win the 2026-27 Süper Lig?,A 竞技,0.002,0.039,0.0205,0.037,0.0,110.3895,0.0,50,4.5,sports_fees_v3,True,110794065018527302724400178795340519606056045943199421186032070676921255001467
Will Galatasaray be runner-up in the 2026-27 Süper Lig?,A 竞技,,0.99,,,0.0,0.0,0.0,50,4.5,sports_fees_v3,True,99943732766837502938004462003566746763669784302427301731086135436983797231455
Will Fenerbahçe be runner-up in the 2026-27 Süper Lig?,A 竞技,,0.99,,,0.0,0.0,0.0,50,4.5,sports_fees_v3,True,35497596835802928957622947938232862451276285544616739334844713711982150697495
Will Trabzonspor be runner-up in the 2026-27 Süper Lig?,A 竞技,,0.99,,,0.0,0.0,0.0,50,4.5,sports_fees_v3,True,10449773103718169274950406250538868625122929302000933523605786788819115421067
Will Beşiktaş be runner-up in the 2026-27 Süper Lig?,A 竞技,,0.99,,,0.0,0.0,0.0,50,4.5,sports_fees_v3,True,61317723459350113488002638135703278999012677576590919397508891368827730968311
Will Göztepe be runner-up in the 2026-27 Süper Lig?,A 竞技,,0.99,,,0.0,0.0,0.0,50,4.5,sports_fees_v3,True,2604808474825442495746194809936210979834673566815867559175865064683894640633
Will Başakşehir be runner-up in the 2026-27 Süper Lig?,A 竞技,,0.99,,,0.0,0.0,0.0,50,4.5,sports_fees_v3,True,40686792151837668657040185587955372032702607170950729057486644048733298122189
Will Samsunspor be runner-up in the 2026-27 Süper Lig?,A 竞技,,0.99,,,0.0,0.0,0.0,50,4.5,sports_fees_v3,True,53981053906193530260361590729123580168241559541181952125164891217188536348614
Will Kocaelispor be runner-up in the 2026-27 Süper Lig?,A 竞技,,0.99,,,0.0,0.0,0.0,50,4.5,sports_fees_v3,True,97312974404715891415762172658488471809937758315281814886906485714293183330832
Will Gaziantep be runner-up in the 2026-27 Süper Lig?,A 竞技,,0.99,,,0.0,0.0,0.0,50,4.5,sports_fees_v3,True,13233001128764486739252053445896528711773441514326283761653783647090641795319
Will Çaykur Rizespor be runner-up in the 2026-27 Süper Lig?,A 竞技,,0.99,,,0.0,0.0,0.0,50,4.5,sports_fees_v3,True,110829317099584218647617103803351369246062744620523006840434325685208696460022
Will Alanyaspor be runner-up in the 2026-27 Süper Lig?,A 竞技,,0.99,,,0.0,0.0,0.0,50,4.5,sports_fees_v3,True,81795431574548250641608355174055277425430099755136073196811611551242874429947
Will Gençlerbirliği be runner-up in the 2026-27 Süper Lig?,A 竞技,,0.99,,,0.0,0.0,0.0,50,4.5,sports_fees_v3,True,82762173397976264971394256758501372694045134610606982674826067641940524889180
Will Konyaspor be runner-up in the 2026-27 Süper Lig?,A 竞技,,0.99,,,0.0,0.0,0.0,50,4.5,sports_fees_v3,True,61826771421432194604774164406551626257272071387398209761724620630034405980233
Will Eyüpspor be runner-up in the 2026-27 Süper Lig?,A 竞技,,0.99,,,0.0,0.0,0.0,50,4.5,sports_fees_v3,True,7391504245072803094267411665728557740869140815395592680967088727340201114944
Will Kasımpaşa be runner-up in the 2026-27 Süper Lig?,A 竞技,,0.99,,,0.0,0.0,0.0,50,4.5,sports_fees_v3,True,66370919445174949667082611252519493284352428088070980637838403379484083365656
Will Erzurumspor be runner-up in the 2026-27 Süper Lig?,A 竞技,,0.99,,,0.0,0.0,0.0,50,4.5,sports_fees_v3,True,46526658506788860394047199656480707735404856329897044185831066243692784743022
Will Amedspor be runner-up in the 2026-27 Süper Lig?,A 竞技,,0.99,,,0.0,0.0,0.0,50,4.5,sports_fees_v3,True,14053350605711516362731417875470484577259744440935584877302359062979103311420
Will Çorum F.K. be runner-up in the 2026-27 Süper Lig?,A 竞技,,0.99,,,0.0,0.0,0.0,50,4.5,sports_fees_v3,True,24792015241980890529725832289788815943181635210908779470361672228966527416990
Will Galatasaray qualify for the 2027-28 UEFA Champions League?,A 竞技,0.01,0.98,0.495,0.97,0.0,0.0,0.0,50,4.5,sports_fees_v3,True,48352031315149755576412684070289597273838994045238117104385804867892321178576
Will Fenerbahçe qualify for the 2027-28 UEFA Champions League?,A 竞技,0.01,0.98,0.495,0.97,0.0,0.0,0.0,50,4.5,sports_fees_v3,True,7475757101492144655818965666377022475632312351332502015906026439167266808559
Will Trabzonspor qualify for the 2027-28 UEFA Champions League?,A 竞技,0.01,0.98,0.495,0.97,0.0,0.0,0.0,50,4.5,sports_fees_v3,True,79881276617737468932871998972960875692295357462126681017702418622580054539963
Will Beşiktaş qualify for the 2027-28 UEFA Champions League?,A 竞技,0.01,0.98,0.495,0.97,0.0,0.0,0.0,50,4.5,sports_fees_v3,True,106742503073224002377816594430610493654936542331564541987877478756018001684239
Will Göztepe qualify for the 2027-28 UEFA Champions League?,A 竞技,0.01,0.98,0.495,0.97,0.0,24.99,0.0,50,4.5,sports_fees_v3,True,8730739503102763977420499073447044250828090285514923331257379632579520958146
Will Başakşehir qualify for the 2027-28 UEFA Champions League?,A 竞技,0.01,0.98,0.495,0.97,0.0,0.0,0.0,50,4.5,sports_fees_v3,True,29486831289353585413541250904112290920902271150073604639591877755037602462593
Will Samsunspor qualify for the 2027-28 UEFA Champions League?,A 竞技,0.01,0.98,0.495,0.97,0.0,0.0,0.0,50,4.5,sports_fees_v3,True,65227550778748816371533719051070040537292074249961039091743910178155562787130
Will Kocaelispor qualify for the 2027-28 UEFA Champions League?,A 竞技,0.01,0.98,0.495,0.97,0.0,0.0,0.0,50,4.5,sports_fees_v3,True,5755407712055118565426790565371930154214503791393316541213717524308192683544
Will Gaziantep qualify for the 2027-28 UEFA Champions League?,A 竞技,0.01,0.98,0.495,0.97,0.0,0.0,0.0,50,4.5,sports_fees_v3,True,65628537285680349048683021756250116782990381628608286392350034871130000258769
Will Çaykur Rizespor qualify for the 2027-28 UEFA Champions League?,A 竞技,0.01,0.98,0.495,0.97,0.0,0.0,0.0,50,4.5,sports_fees_v3,True,316353981448567383657535982181605868607244208831008015121567080888551766015
Will Alanyaspor qualify for the 2027-28 UEFA Champions League?,A 竞技,0.01,0.98,0.495,0.97,0.0,0.0,0.0,50,4.5,sports_fees_v3,True,41586044723428947088073694832091272818163214385601940854149393697227585923426
Will Gençlerbirliği qualify for the 2027-28 UEFA Champions League?,A 竞技,0.01,0.98,0.495,0.97,0.0,0.0,0.0,50,4.5,sports_fees_v3,True,69467428257362883207070317709972695904101274884935330112738455597940228378326
Will Konyaspor qualify for the 2027-28 UEFA Champions League?,A 竞技,0.01,0.98,0.495,0.97,0.0,24.99,0.0,50,4.5,sports_fees_v3,True,14138097130255104380608818141902075265181849158438625032136256732537669214709
Will Eyüpspor qualify for the 2027-28 UEFA Champions League?,A 竞技,0.01,0.98,0.495,0.97,0.0,25.0,0.0,50,4.5,sports_fees_v3,True,110124229583124330199967128639006414875550394948305927365053573551425541606851
Will Kasımpaşa qualify for the 2027-28 UEFA Champions League?,A 竞技,0.01,0.98,0.495,0.97,0.0,0.0,0.0,50,4.5,sports_fees_v3,True,48890584004717591654416842147694791536954629493820578868360116426496929765445
Will Erzurumspor qualify for the 2027-28 UEFA Champions League?,A 竞技,0.01,0.98,0.495,0.97,0.0,0.0,0.0,50,4.5,sports_fees_v3,True,67280885518783978731267953214094191770732349570429805130968680879701194964454
Will Amedspor qualify for the 2027-28 UEFA Champions League?,A 竞技,0.01,0.98,0.495,0.97,0.0,0.0,0.0,50,4.5,sports_fees_v3,True,27983198081590947464422804948030939747260502068896945240821770887972782477416
Will Çorum F.K. qualify for the 2027-28 UEFA Champions League?,A 竞技,0.01,0.98,0.495,0.97,0.0,0.0,0.0,50,4.5,sports_fees_v3,True,40399974013656064735258501829870719303085071907267590868151578996435916682000
Will Galatasaray qualify for the 2027-28 UEFA Europa League?,A 竞技,,0.99,,,0.0,0.0,0.0,50,4.5,sports_fees_v3,True,8482845136775435854966835066741434586286497824780664210502355335827733422133
Will Fenerbahçe qualify for the 2027-28 UEFA Europa League?,A 竞技,,0.99,,,0.0,0.0,0.0,50,4.5,sports_fees_v3,True,108461040682706887437208671943325091931470879752418300908952413504480650493027
Will Trabzonspor qualify for the 2027-28 UEFA Europa League?,A 竞技,,0.99,,,0.0,0.0,0.0,50,4.5,sports_fees_v3,True,65571223727503810664127909194129666538567284346998641979290761280753408076016
Will Beşiktaş qualify for the 2027-28 UEFA Europa League?,A 竞技,,0.99,,,0.0,0.0,0.0,50,4.5,sports_fees_v3,True,85762724112950506159679621177872219909272805018783288220991313346530504041583
Will Göztepe qualify for the 2027-28 UEFA Europa League?,A 竞技,,0.99,,,0.0,0.0,0.0,50,4.5,sports_fees_v3,True,81182669095315217907839742398185925495286974210533213347993348263237899349659
Will Başakşehir qualify for the 2027-28 UEFA Europa League?,A 竞技,,0.99,,,0.0,0.0,0.0,50,4.5,sports_fees_v3,True,28464026540737379472969677986761685586996206038634627515481892677609040998783
Will Samsunspor qualify for the 2027-28 UEFA Europa League?,A 竞技,,0.99,,,0.0,0.0,0.0,50,4.5,sports_fees_v3,True,20615406531811455768813060102820962458393558595330372433453452482328099346813
Will Kocaelispor qualify for the 2027-28 UEFA Europa League?,A 竞技,,0.99,,,0.0,0.0,0.0,50,4.5,sports_fees_v3,True,34072422732113914046909348503655627170700347263232507822241752217340943197571
Will Gaziantep qualify for the 2027-28 UEFA Europa League?,A 竞技,,0.99,,,0.0,0.0,0.0,50,4.5,sports_fees_v3,True,40223069537876441695801701554363831943559698553047384676878730583904539400022
Will Çaykur Rizespor qualify for the 2027-28 UEFA Europa League?,A 竞技,,0.99,,,0.0,0.0,0.0,50,4.5,sports_fees_v3,True,63636203291132515275794849470263658301748282444708101790102750129082676949498
Will Alanyaspor qualify for the 2027-28 UEFA Europa League?,A 竞技,,0.99,,,0.0,0.0,0.0,50,4.5,sports_fees_v3,True,50994852596319319875677417384545451072260435990650548401904039407090904889373
Will Gençlerbirliği qualify for the 2027-28 UEFA Europa League?,A 竞技,,0.99,,,0.0,0.0,0.0,50,4.5,sports_fees_v3,True,89357813330181931143793364057483319297946172625664821104445252058516652904297
Will Konyaspor qualify for the 2027-28 UEFA Europa League?,A 竞技,,0.99,,,0.0,0.0,0.0,50,4.5,sports_fees_v3,True,61111379182510483404406116161976926209075145763622221586690329441022208993364
Will Eyüpspor qualify for the 2027-28 UEFA Europa League?,A 竞技,,0.99,,,0.0,0.0,0.0,50,4.5,sports_fees_v3,True,23003597880402260599833705252857549749831839861911331226347579457470767443297
Will Kasımpaşa qualify for the 2027-28 UEFA Europa League?,A 竞技,,0.99,,,0.0,0.0,0.0,50,4.5,sports_fees_v3,True,21157372172385791566493929018707150055659682082909599258346238139005341834791
Will Erzurumspor qualify for the 2027-28 UEFA Europa League?,A 竞技,,0.99,,,0.0,0.0,0.0,50,4.5,sports_fees_v3,True,93728294530328449028872648838186153166345176740309424322767903424863310523561
Will Amedspor qualify for the 2027-28 UEFA Europa League?,A 竞技,,0.99,,,0.0,0.0,0.0,50,4.5,sports_fees_v3,True,17039651006408603568323690002879823120430612047889961080631481668369000924233
Will Çorum F.K. qualify for the 2027-28 UEFA Europa League?,A 竞技,,0.99,,,0.0,0.0,0.0,50,4.5,sports_fees_v3,True,19679271173263051540529850799920858994826162199370571944645081533410800145476
Will Galatasaray qualify for the 2027-28 UEFA Conference League?,A 竞技,0.01,0.98,0.495,0.97,0.0,0.0,0.0,50,4.5,sports_fees_v3,True,4932018614070697967898780908098251534098400878311632889528225518522862920017
Will Fenerbahçe qualify for the 2027-28 UEFA Conference League?,A 竞技,0.01,0.98,0.495,0.97,0.0,0.0,0.0,50,4.5,sports_fees_v3,True,38735944911803571215373024814848631539792661544943239938383641321477359170689
Will Trabzonspor qualify for the 2027-28 UEFA Conference League?,A 竞技,,0.99,,,0.0,0.0,0.0,50,4.5,sports_fees_v3,True,28027688702828489768722188908550580923092984550826987534651095887306526165796
Will Beşiktaş qualify for the 2027-28 UEFA Conference League?,A 竞技,0.01,0.98,0.495,0.97,0.0,0.0,0.0,50,4.5,sports_fees_v3,True,10438198374701912776151318008045894768654052882822059542292289675677924125728
Will Göztepe qualify for the 2027-28 UEFA Conference League?,A 竞技,,0.99,,,0.0,0.0,0.0,50,4.5,sports_fees_v3,True,75710445788544162176729856657411334379895033471277847893537670520012846584148
Will Başakşehir qualify for the 2027-28 UEFA Conference League?,A 竞技,0.01,0.98,0.495,0.97,0.0,0.0,0.0,50,4.5,sports_fees_v3,True,59227907846460665532003504645922935406483955504836713195288488687137143345468
Will Samsunspor qualify for the 2027-28 UEFA Conference League?,A 竞技,0.01,0.98,0.495,0.97,0.0,0.0,0.0,50,4.5,sports_fees_v3,True,23230332286320556498812047127038853831458875041263216595667532547754566958301
Will Kocaelispor qualify for the 2027-28 UEFA Conference League?,A 竞技,0.01,0.98,0.495,0.97,0.0,0.0,0.0,50,4.5,sports_fees_v3,True,13347553142718100123400609580390489510210644867152499589073840430200725736188
Will Gaziantep qualify for the 2027-28 UEFA Conference League?,A 竞技,0.01,0.98,0.495,0.97,0.0,0.0,0.0,50,4.5,sports_fees_v3,True,58292472106810227239732360953979474784652435183910592227663847149908733869382
Will Çaykur Rizespor qualify for the 2027-28 UEFA Conference League?,A 竞技,0.01,0.98,0.495,0.97,0.0,0.0,0.0,50,4.5,sports_fees_v3,True,29920600904075344575473925881407680775178035050038552383804033980304010011145
Will Alanyaspor qualify for the 2027-28 UEFA Conference League?,A 竞技,0.01,0.98,0.495,0.97,0.0,0.0,0.0,50,4.5,sports_fees_v3,True,67175563998498748386694553156456043236891850310051028330773500863317182445052
Will Gençlerbirliği qualify for the 2027-28 UEFA Conference League?,A 竞技,0.01,0.98,0.495,0.97,0.0,0.0,0.0,50,4.5,sports_fees_v3,True,6147956588463620404691513469326865102662742469423043068401268674148359311171
Will Konyaspor qualify for the 2027-28 UEFA Conference League?,A 竞技,,0.99,,,0.0,0.0,0.0,50,4.5,sports_fees_v3,True,35226846515236823443786197069734576569417097171681883547193018990018572922390
Will Eyüpspor qualify for the 2027-28 UEFA Conference League?,A 竞技,0.01,0.98,0.495,0.97,0.0,0.0,0.0,50,4.5,sports_fees_v3,True,55286438384408227557983838832166021772820216077462126212803001848308654876465
Will Kasımpaşa qualify for the 2027-28 UEFA Conference League?,A 竞技,0.01,0.98,0.495,0.97,0.0,0.0,0.0,50,4.5,sports_fees_v3,True,90486824151316450148092920447227913597378869930346564005077307533776282957140
Will Erzurumspor qualify for the 2027-28 UEFA Conference League?,A 竞技,0.01,0.98,0.495,0.97,0.0,0.0,0.0,50,4.5,sports_fees_v3,True,14971032262440249937708505425334540359019809043772516764489113926632893979184
Will Amedspor qualify for the 2027-28 UEFA Conference League?,A 竞技,0.01,0.98,0.495,0.97,0.0,0.0,0.0,50,4.5,sports_fees_v3,True,103222803062042684220049744337776262697788455700896507023371265147303611001594
Will Çorum F.K. qualify for the 2027-28 UEFA Conference League?,A 竞技,0.01,0.98,0.495,0.97,0.0,0.0,0.0,50,4.5,sports_fees_v3,True,15880329420067476113862495211625460002466045037437319403186121435596160994931
Will Galatasaray be relegated from the 2026-27 Süper Lig?,A 竞技,0.01,0.05,0.030000000000000002,0.04,0.0,123.0,0.0,20,4.5,sports_fees_v3,True,110688239754144674826784460585296717683900830076597901069463182799004907996253
Will Fenerbahçe be relegated from the 2026-27 Süper Lig?,A 竞技,0.011,0.34,0.17550000000000002,0.329,0.0,0.0,1.0,20,4.5,sports_fees_v3,True,97309387472992305344035980496354600503509697113651558846446178387672104801667
Will Trabzonspor be relegated from the 2026-27 Süper Lig?,A 竞技,0.062,0.481,0.27149999999999996,0.419,0.0,655.0,5.0,20,4.5,sports_fees_v3,True,48556138785192205083150935746476083066586222759152808012077735780687329725174
Will Beşiktaş be relegated from the 2026-27 Süper Lig?,A 竞技,0.002,0.165,0.0835,0.163,0.0,466.79855999999995,1.0,20,4.5,sports_fees_v3,True,89433634360168865840353120078516100565493319084606373856189658879777049641294
Will Göztepe be relegated from the 2026-27 Süper Lig?,A 竞技,0.23,0.48,0.355,0.24999999999999997,0.0,918.38,5.0,20,4.5,sports_fees_v3,True,85643412316529240955465476209445656755033795751454387604837740205804235472046
Will Başakşehir be relegated from the 2026-27 Süper Lig?,A 竞技,0.11,0.29,0.19999999999999998,0.18,0.0,259.99,1.0,20,4.5,sports_fees_v3,True,54121024577560620069569729229753969550741535404278833798947036038004004192965
Will Samsunspor be relegated from the 2026-27 Süper Lig?,A 竞技,0.19,0.2,0.195,0.010000000000000009,42.4,576.8,5.0,20,4.5,sports_fees_v3,True,40165804914435746187397161934631917035489121534534779695211304830467591949225
Will Kocaelispor be relegated from the 2026-27 Süper Lig?,A 竞技,,0.33,,,0.0,105.0,1.0,20,4.5,sports_fees_v3,True,6212248382598167096428758680137216661936555020898682052299236999222792058030
Will Gaziantep be relegated from the 2026-27 Süper Lig?,A 竞技,0.26,0.3,0.28,0.03999999999999998,0.0,101.99000000000001,5.0,20,4.5,sports_fees_v3,True,90542464149905296313974030345183977728578405118140588036279059727365648017314
Will Çaykur Rizespor be relegated from the 2026-27 Süper Lig?,A 竞技,0.01,0.34,0.17500000000000002,0.33,0.0,0.0,1.0,20,4.5,sports_fees_v3,True,15038037428947577233156022515637633531448977962757606395408124886920987211765
Pericos de Puebla vs. Olmecas de Tabasco,A 竞技,0.02,0.98,0.5,0.96,0.0,171.649352,0.0,50,4.5,sports_fees_v3,True,19270403670651253525239113612903151028896097263173645514904473812039820633017
Seinajoen JK vs. HJK Helsinki: Team to Take First Corner,A 竞技,,1.0,,,0.0,0.0,0.0,50,4.5,sports_fees_v3,True,30425988519858695311855181685553675447374725203438007336716950435148933646067
AC Oulu vs. Tampereen Ilves: Team to Take First Corner,A 竞技,,1.0,,,0.0,0.0,0.0,50,4.5,sports_fees_v3,True,69364818589937858802283442795844040780377748336480404704845234467178473618914
Vaasan Palloseura vs. FC Inter Turku: Team to Take First Corner,A 竞技,,1.0,,,0.0,0.0,0.0,50,4.5,sports_fees_v3,True,80139767548222131178865311111316933645839211972510141568790170244002000307890
Kuopion Palloseura vs. Turun Palloseura: Team to Take First Corner,A 竞技,0.001,0.999,0.5,0.998,0.0,0.0,0.0,50,4.5,sports_fees_v3,True,23286978301904454563458824442263717549366294664858671482331268838056954060646
FF Jaro vs. Vaasan Palloseura: Team to Take First Corner,A 竞技,0.001,0.999,0.5,0.998,0.0,0.0,0.0,50,4.5,sports_fees_v3,True,95918255080149612320850166269286674402234830102691486304395750700170373167780
Tampereen Ilves vs. IFK Mariehamn: Team to Take First Corner,A 竞技,0.001,0.999,0.5,0.998,0.0,0.0,0.0,50,4.5,sports_fees_v3,True,7090403878841305598775477615936835459703190533358213013781268465145816622552
FC Inter Turku vs. FC Lahti: Team to Take First Corner,A 竞技,0.001,0.999,0.5,0.998,0.0,0.0,0.0,50,4.5,sports_fees_v3,True,79052189511117291008322985719709422729233958194017939304682490298060199390650
IFK Mariehamn vs. Seinajoen JK: Team to Take First Corner,A 竞技,0.001,0.999,0.5,0.998,0.0,0.0,0.0,50,4.5,sports_fees_v3,True,40030304355568018942230231669598156911589600983113531056854072983881548346509
Will HJK Helsinki win the 2026 Veikkausliiga (Finland)?,A 竞技,0.03,0.97,0.5,0.94,0.0,0.0,0.0,50,4.5,sports_fees_v3,True,29502330608139545384570707396200641683948711296025167921934414868162585846990
Will KuPS win the 2026 Veikkausliiga (Finland)?,A 竞技,0.02,0.94,0.48,0.9199999999999999,0.0,0.0,0.0,50,4.5,sports_fees_v3,True,38200374537375082506161964050572560477721296875696444368778937216880211145107
Will Inter Turku win the 2026 Veikkausliiga (Finland)?,A 竞技,0.02,0.94,0.48,0.9199999999999999,0.0,0.0,0.0,50,4.5,sports_fees_v3,True,66802989531090481711446738871927426152540333960322720339096171551721107132680
Will VPS win the 2026 Veikkausliiga (Finland)?,A 竞技,0.01,0.83,0.42,0.82,0.0,74.0,0.0,50,4.5,sports_fees_v3,True,60623532896055322428464961948587446816255950607859451950310161303506087484179
Will AC Oulu win the 2026 Veikkausliiga (Finland)?,A 竞技,0.01,0.9,0.455,0.89,0.0,74.0,0.0,50,4.5,sports_fees_v3,True,3240369571166674859560670601231924469629982561481149950624532067552568972641
Will IF Gnistan win the 2026 Veikkausliiga (Finland)?,A 竞技,0.03,0.95,0.49,0.9199999999999999,0.0,0.0,0.0,50,4.5,sports_fees_v3,True,44270056002448657122997590785342050397474205255238750479682360911313810537297
Will HJK Helsinki be runner-up in the 2026 Veikkausliiga (Finland)?,A 竞技,0.02,0.94,0.48,0.9199999999999999,0.0,0.0,0.0,50,4.5,sports_fees_v3,True,99105561043082218698669478101444263868020507802801337273437367929353974101257
Will KuPS be runner-up in the 2026 Veikkausliiga (Finland)?,A 竞技,0.02,0.97,0.495,0.95,0.0,0.0,0.0,50,4.5,sports_fees_v3,True,48057029026178018330997195670533804263402410085392852615546671310734243610470
Will Inter Turku be runner-up in the 2026 Veikkausliiga (Finland)?,A 竞技,0.03,0.97,0.5,0.94,0.0,0.0,0.0,50,4.5,sports_fees_v3,True,95039652083946380567628821565705576829883807789053975562636273206613712236752
Will VPS be runner-up in the 2026 Veikkausliiga (Finland)?,A 竞技,0.03,0.97,0.5,0.94,0.0,0.0,0.0,50,4.5,sports_fees_v3,True,15456617523203725328169877069607386892709545977930778297506287882118324894515
Will AC Oulu be runner-up in the 2026 Veikkausliiga (Finland)?,A 竞技,0.03,0.97,0.5,0.94,0.0,0.0,0.0,50,4.5,sports_fees_v3,True,99867783534616285062653875040302820403291102796563528053295591787111593152715
Will IF Gnistan be runner-up in the 2026 Veikkausliiga (Finland)?,A 竞技,0.02,0.97,0.495,0.95,0.0,0.0,0.0,50,4.5,sports_fees_v3,True,55611431551779404396743245409388844757517091021596092224487101549337364372800
Turun Palloseura vs. FC Inter Turku: Total Corners Odd or Even?,A 竞技,0.001,0.999,0.5,0.998,0.0,0.0,0.0,50,4.5,sports_fees_v3,True,58225739889038541939693760052314367434050231781692889640697835690596345049723
Kuopion Palloseura vs. IFK Mariehamn: O/U 13.5 Total Corners,A 竞技,0.001,0.999,0.5,0.998,0.0,2.409634,0.0,50,4.5,sports_fees_v3,True,71848289130729187828733621321939469542357471027098324629535623685034803171368
Kuopion Palloseura vs. IFK Mariehamn: 2nd Half O/U 5.5 Total Corners,A 竞技,,1.0,,,0.0,0.0,0.0,50,4.5,sports_fees_v3,True,39510903232811004890160359772897993855332404646746211483290916431823243002042
Kuopion Palloseura vs. IFK Mariehamn: IFK Mariehamn O/U 3.5 Corners,A 竞技,0.001,0.999,0.5,0.998,0.0,0.0,0.0,50,4.5,sports_fees_v3,True,12356928534132581088491591338548299983363684713886227671992894960223173139880
Kuopion Palloseura vs. IFK Mariehamn: Total Corners Odd or Even?,A 竞技,0.001,0.999,0.5,0.998,0.0,0.0,0.0,50,4.5,sports_fees_v3,True,18172580811816612411235125515285692350456770442921211340854546201194730891747
Tampereen Ilves vs. Vaasan Palloseura: 1st Half O/U 4.5 Total Corners,A 竞技,0.99,0.999,0.9944999999999999,0.009000000000000008,0.0,0.0,0.0,50,4.5,sports_fees_v3,True,4893326453662347089775848748079548477183782593094558645117942349040852830793
Tampereen Ilves vs. Vaasan Palloseura: 1st Half O/U 5.5 Total Corners,A 竞技,0.001,0.01,0.0055,0.009000000000000001,0.0,0.0,0.0,50,4.5,sports_fees_v3,True,81175989311485075131644916022413930179280426881931419825036037696637832387912
Tampereen Ilves vs. Vaasan Palloseura: 2nd Half O/U 5.5 Total Corners,A 竞技,,1.0,,,0.0,0.0,0.0,50,4.5,sports_fees_v3,True,30419677828787523912229078897230450228904129430295735705604940088421287724538
Tampereen Ilves vs. Vaasan Palloseura: Vaasan Palloseura O/U 2.5 Corne,A 竞技,0.001,0.01,0.0055,0.009000000000000001,0.0,0.0,0.0,50,4.5,sports_fees_v3,True,107141013601314806610033501279763557429392138837205354080752178614747914123749
Tampereen Ilves vs. Vaasan Palloseura: Total Corners Odd or Even?,A 竞技,0.99,0.999,0.9944999999999999,0.009000000000000008,0.0,0.0,0.0,50,4.5,sports_fees_v3,True,41993708422711707853896384450033622169308265829839363734456822258904655492786
Tampereen Ilves vs. Vaasan Palloseura: Team to Take First Corner,A 竞技,0.001,0.999,0.5,0.998,0.0,0.0,0.0,50,4.5,sports_fees_v3,True,87016429515638814335208989357049052460998132381220462553643861157108566574514
Will HJK Helsinki be relegated from the 2026 Veikkausliiga (Finland)?,A 竞技,0.003,0.033,0.018000000000000002,0.030000000000000002,0.0,703.5,0.0,20,4.5,sports_fees_v3,True,15680770513678379711053233600282382044071555699053222242221819482601638964353
Will KuPS be relegated from the 2026 Veikkausliiga (Finland)?,A 竞技,0.002,0.006,0.004,0.004,4.11,609.1278570000001,0.0,20,4.5,sports_fees_v3,True,100002461074854986889278156994918907280956062879534646051454926738255059438823
Will Ilves be relegated from the 2026 Veikkausliiga (Finland)?,A 竞技,0.001,0.005,0.003,0.004,0.0,670.376333,0.0,20,4.5,sports_fees_v3,True,4567507199649964524801804109787525304182781089590687975508300897136204589736
Will Inter Turku be relegated from the 2026 Veikkausliiga (Finland)?,A 竞技,0.001,0.058,0.029500000000000002,0.057,0.0,450.95369999999997,0.0,20,4.5,sports_fees_v3,True,68502656816809669540479463954340241691799276398638845502708839935662586673000
Will VPS be relegated from the 2026 Veikkausliiga (Finland)?,A 竞技,0.004,0.368,0.186,0.364,0.0,66.0,1.0,20,4.5,sports_fees_v3,True,56195222066198169140996242141159435919647113232419324847287817611604420937948
Will AC Oulu be relegated from the 2026 Veikkausliiga (Finland)?,A 竞技,0.001,0.002,0.0015,0.001,0.0,1238.97432,0.0,20,4.5,sports_fees_v3,True,16672093283526239177176461630778792784197548591071930112014219041657923702824
Will SJK be relegated from the 2026 Veikkausliiga (Finland)?,A 竞技,0.002,0.06,0.031,0.057999999999999996,0.0,325.0,0.0,20,4.5,sports_fees_v3,True,96934234658120017697600941263988399160616701503306362245498887114857706387242
Will IF Gnistan be relegated from the 2026 Veikkausliiga (Finland)?,A 竞技,0.001,0.25,0.1255,0.249,0.0,66.0,1.0,20,4.5,sports_fees_v3,True,77778668382918874845767425281205503878250638877357566835572637843692056918913
Will FF Jaro be relegated from the 2026 Veikkausliiga (Finland)?,A 竞技,0.61,0.66,0.635,0.050000000000000044,80.0,938.1,5.0,20,4.5,sports_fees_v3,True,84740655128551302360613354169488601899861718673566359015183784086645850988689
Will FC Lahti be relegated from the 2026 Veikkausliiga (Finland)?,A 竞技,0.003,0.01,0.006500000000000001,0.007,0.0,811.9539000000001,0.0,20,4.5,sports_fees_v3,True,51313481730060166421149396394084647822443532202227480081826987809597763692583
Will TPS be relegated from the 2026 Veikkausliiga (Finland)?,A 竞技,0.001,0.046,0.0235,0.045,0.0,147.0,0.0,20,4.5,sports_fees_v3,True,81347669396426344614113751323491747484054967108228640591279518573801066886496
Will IFK Mariehamn be relegated from the 2026 Veikkausliiga (Finland)?,A 竞技,0.75,0.77,0.76,0.020000000000000018,20.0,201.851852,5.0,20,4.5,sports_fees_v3,True,93478322812439360365615761363452654589700948810327344908852849344848216872312
Will SJK finish 10th in the 2026 Veikkausliiga (Finland)?,A 竞技,0.06,0.99,0.525,0.9299999999999999,0.0,181.8,0.0,50,4.5,sports_fees_v3,True,70859201091624561192841144445717883572020871257592191865381846534717439349738
Will HJK Helsinki keep the most clean sheets in the 2026 Veikkausliiga,A 竞技,0.02,0.9,0.46,0.88,0.0,0.0,0.0,50,4.5,sports_fees_v3,True,55632469128697258472340519577603351699589531177737038883636853561347151366593
Will KuPS keep the most clean sheets in the 2026 Veikkausliiga (Finlan,A 竞技,0.03,0.91,0.47000000000000003,0.88,0.0,0.0,0.0,50,4.5,sports_fees_v3,True,82282088245299482109666370488451974202075032989510701043063984176085586765031
Will Inter Turku keep the most clean sheets in the 2026 Veikkausliiga ,A 竞技,0.04,0.93,0.48500000000000004,0.89,0.0,0.0,0.0,50,4.5,sports_fees_v3,True,87226585022672945004041414342696662707256474723987035416649171654975301691430
Will VPS keep the most clean sheets in the 2026 Veikkausliiga (Finland,A 竞技,0.02,0.9,0.46,0.88,0.0,0.0,0.0,50,4.5,sports_fees_v3,True,25018416271077033959749566556138963493332244785150995225282843126244727952022
Will AC Oulu keep the most clean sheets in the 2026 Veikkausliiga (Fin,A 竞技,0.03,0.94,0.485,0.9099999999999999,0.0,0.0,0.0,50,4.5,sports_fees_v3,True,19206590584623293977623581993871286251304956602966388929756222606659884229553
FC Lahti vs. IFK Mariehamn: O/U 10.5 Total Corners,A 竞技,,1.0,,,0.0,0.0,0.0,50,4.5,sports_fees_v3,True,104969511729652036789367301546585557383070113327273227433790906944403372188857
FC Lahti vs. IFK Mariehamn: 2nd Half O/U 3.5 Total Corners,A 竞技,,1.0,,,0.0,0.0,0.0,50,4.5,sports_fees_v3,True,27311246880879240920186712929068777306123070070695049800387992832010234613800
FC Lahti vs. IFK Mariehamn: Total Corners Odd or Even?,A 竞技,,1.0,,,0.0,0.0,0.0,50,4.5,sports_fees_v3,True,67985689002857291611949394913536658953423410045414565671508926820618524128297
FC Lahti vs. IFK Mariehamn: Team to Take First Corner,A 竞技,,1.0,,,0.0,0.0,0.0,50,4.5,sports_fees_v3,True,88499735168479371888875904172661783187364163966388790998106438861799570214391
AC Oulu vs. IF Gnistan: 2nd Half O/U 3.5 Total Corners,A 竞技,,1.0,,,0.0,0.0,0.0,50,4.5,sports_fees_v3,True,95205999670312483531837608669320274252017326009210397932767416565567592881925
AC Oulu vs. IF Gnistan: 2nd Half O/U 4.5 Total Corners,A 竞技,,1.0,,,0.0,0.0,0.0,50,4.5,sports_fees_v3,True,100627311211001530886151471079484793963501606823336631242251370134373003835730
AC Oulu vs. IF Gnistan: Total Corners Odd or Even?,A 竞技,,1.0,,,0.0,0.0,0.0,50,4.5,sports_fees_v3,True,5287915954876953696522140420119989156372005810188503782917976658182835202626
AC Oulu vs. IF Gnistan: Team to Take First Corner,A 竞技,,1.0,,,0.0,0.0,0.0,50,4.5,sports_fees_v3,True,71115965601496929124483306170885921872781357132046877407875998828577847296923
IFK Mariehamn vs. Turun Palloseura: 2nd Half O/U 4.5 Total Corners,A 竞技,,1.0,,,0.0,0.0,0.0,50,4.5,sports_fees_v3,True,93167395365219910280632986776123939650429736434706398430868795638731822522664
IFK Mariehamn vs. Turun Palloseura: Total Corners Odd or Even?,A 竞技,,1.0,,,0.0,0.0,0.0,50,4.5,sports_fees_v3,True,93311818486467456187445209411625093164619976518239831838264194395468229018033
Kuopion Palloseura vs. HJK Helsinki: O/U 10.5 Total Corners,A 竞技,,1.0,,,0.0,2.733334,0.0,50,4.5,sports_fees_v3,True,23298218008944037942880663469983696727793353642615134383004396211339691289206
Kuopion Palloseura vs. HJK Helsinki: Total Corners Odd or Even?,A 竞技,,1.0,,,0.0,0.0,0.0,50,4.5,sports_fees_v3,True,82023319620638490417450444884229408935588235218801147284626794419689727935061
Will Kuopion Palloseura win on 2026-10-08?,A 竞技,0.61,0.62,0.615,0.010000000000000009,457.705825,1692.543776,0.0,50,4.5,sports_fees_v3,True,38990742602994384515183996759123577858063362637867451350571388346996663382227
Will Kuopion Palloseura vs. AC Oulu end in a draw?,A 竞技,0.22,0.23,0.225,0.010000000000000009,1181.28205,1181.28205,0.0,50,4.5,sports_fees_v3,True,81085842629783023649879096834768319781261140669999871731537268547700288937565
Will AC Oulu win on 2026-10-08?,A 竞技,0.15,0.16,0.155,0.010000000000000009,251.918756,251.918756,0.0,50,4.5,sports_fees_v3,True,65235955004654552567660972014536618493989251493345953211537118660588349549641
Kuopion Palloseura leading at halftime?,A 竞技,0.43,0.45,0.44,0.020000000000000018,0.0,0.0,0.0,50,4.5,sports_fees_v3,True,96425920742933675526203365392808359013053589589642843056295906326572158426174
Kuopion Palloseura vs. AC Oulu: Draw at halftime?,A 竞技,0.4,0.41,0.405,0.009999999999999953,0.0,0.0,0.0,50,4.5,sports_fees_v3,True,54906954021708364505713501644564551220838489801816235788563462034805209183462
AC Oulu leading at halftime?,A 竞技,0.15,0.16,0.155,0.010000000000000009,0.0,0.0,0.0,50,4.5,sports_fees_v3,True,84761764970755291011318058376280739474715642578776954499822961794314033077966
Kuopion Palloseura to win the second half?,A 竞技,0.44,0.57,0.505,0.12999999999999995,0.0,0.0,0.0,50,4.5,sports_fees_v3,True,27552517905023344237542109730512174938092690613589646891341522427392904930714
Kuopion Palloseura vs. AC Oulu: Second half draw?,A 竞技,0.28,0.4,0.34,0.12,0.0,0.0,0.0,50,4.5,sports_fees_v3,True,58864434958887396593487353846452789303075959400117774945103014675065293941411
AC Oulu to win the second half?,A 竞技,0.11,0.23,0.17,0.12000000000000001,0.0,0.0,0.0,50,4.5,sports_fees_v3,True,30911802451557017823419791467368245416835885452654920950603793053808637969812
Exact Score: Kuopion Palloseura 0 - 0 AC Oulu?,A 竞技,0.06,0.07,0.065,0.010000000000000009,0.0,0.0,0.0,50,4.5,sports_fees_v3,True,30647524997780687169872099149287372855220145151152891254924890059063563979405
Exact Score: Kuopion Palloseura 0 - 1 AC Oulu?,A 竞技,0.05,0.058,0.054000000000000006,0.008,0.0,0.0,0.0,50,4.5,sports_fees_v3,True,13193235002879640842574574966896831435377295734317114813741168582213367640305
Exact Score: Kuopion Palloseura 1 - 0 AC Oulu?,A 竞技,0.12,0.13,0.125,0.010000000000000009,9.52,9.52,0.0,50,4.5,sports_fees_v3,True,5890472293033513801216248077639763606011110095893287391889729341522291268697
Exact Score: Kuopion Palloseura 0 - 2 AC Oulu?,A 竞技,0.018,0.022,0.019999999999999997,0.004,3675.40815,3675.40815,0.0,50,4.5,sports_fees_v3,True,94963475027033137505141654039396866272724817878334224901463610498532497879899
Exact Score: Kuopion Palloseura 1 - 1 AC Oulu?,A 竞技,0.1,0.12,0.11,0.01999999999999999,0.0,0.0,0.0,50,4.5,sports_fees_v3,True,15116093173800354904726403478386717358211456964889742704496360926591442857976
Exact Score: Kuopion Palloseura 2 - 0 AC Oulu?,A 竞技,0.1,0.12,0.11,0.01999999999999999,0.0,0.0,0.0,50,4.5,sports_fees_v3,True,20227852270276405782026957443582456377136944358501323633916246259762986853029
Exact Score: Kuopion Palloseura 0 - 3 AC Oulu?,A 竞技,0.004,0.007,0.0055,0.003,0.0,9.9898,0.0,50,4.5,sports_fees_v3,True,95157578131485101055927045509328288544610097893194572860954507306185684252860
Exact Score: Kuopion Palloseura 1 - 2 AC Oulu?,A 竞技,0.043,0.049,0.046,0.006000000000000005,0.0,0.0,0.0,50,4.5,sports_fees_v3,True,41695205947317696723503095766185032619188141455710327096290858267965469798056
Exact Score: Kuopion Palloseura 2 - 1 AC Oulu?,A 竞技,0.1,0.11,0.10500000000000001,0.009999999999999995,4.3956,4.3956,0.0,50,4.5,sports_fees_v3,True,38488023371762972795380456416242200344328044068074969739466596832688292316977
Exact Score: Kuopion Palloseura 3 - 0 AC Oulu?,A 竞技,0.066,0.073,0.0695,0.006999999999999992,14.246576,14.246576,0.0,50,4.5,sports_fees_v3,True,108339321085348117300026184199707325396052647405410553934987731111459320248591
Exact Score: Kuopion Palloseura 0 - 4 AC Oulu?,A 竞技,,0.458,,,0.0,9.9898,0.0,50,4.5,sports_fees_v3,True,115687562097808527064712044850718092282789478010110992861200540925754641310818
Exact Score: Kuopion Palloseura 1 - 3 AC Oulu?,A 竞技,0.011,0.014,0.0125,0.003000000000000001,0.0,0.0,0.0,50,4.5,sports_fees_v3,True,57094703173644076340331160723541023425047024777035403081410842291526810460764
Exact Score: Kuopion Palloseura 2 - 2 AC Oulu?,A 竞技,0.042,0.05,0.046,0.008,0.0,0.0,0.0,50,4.5,sports_fees_v3,True,64380683366420415513502063376046790984058096576148336875815797273593062394093
Exact Score: Kuopion Palloseura 3 - 1 AC Oulu?,A 竞技,0.059,0.065,0.062,0.006000000000000005,15.757576,15.757576,0.0,50,4.5,sports_fees_v3,True,56093827787729348938028554368661004174764079631898015214488274578454120943672
Exact Score: Kuopion Palloseura 4 - 0 AC Oulu?,A 竞技,0.005,0.041,0.023,0.036000000000000004,0.0,0.0,0.0,50,4.5,sports_fees_v3,True,97860112953834320774055780098169279940238922906476950051808541346241542081537
Exact Score: Kuopion Palloseura 0 - 5 AC Oulu?,A 竞技,,0.749,,,0.0,9.9898,0.0,50,4.5,sports_fees_v3,True,84322924893835716859783120743387992036556698278863087046660472993666283602910
Exact Score: Kuopion Palloseura 1 - 4 AC Oulu?,A 竞技,,0.459,,,0.0,9.9898,0.0,50,4.5,sports_fees_v3,True,41630731576171653447778126528655769454127788973911365343708857734075897389485
Exact Score: Kuopion Palloseura 2 - 3 AC Oulu?,A 竞技,0.01,0.013,0.0115,0.002999999999999999,0.0,0.0,0.0,50,4.5,sports_fees_v3,True,72859885418355617930307719928699750883263083466021040245117869405665790652508
Exact Score: Kuopion Palloseura 3 - 2 AC Oulu?,A 竞技,0.027,0.032,0.0295,0.005000000000000001,0.0,0.0,0.0,50,4.5,sports_fees_v3,True,104737000796022774439997931243348768637859686147752023781313270626031759165044
Exact Score: Kuopion Palloseura 4 - 1 AC Oulu?,A 竞技,0.023,0.039,0.031,0.016,0.0,0.0,0.0,50,4.5,sports_fees_v3,True,9951792985877343230569486531012264274792897570769922421849441001307263020196
Exact Score: Kuopion Palloseura 5 - 0 AC Oulu?,A 竞技,,0.499,,,0.0,0.0,0.0,50,4.5,sports_fees_v3,True,4709322293762518588536683368075195434675476059677621075131645913510540359996
Exact Score: Kuopion Palloseura 1 - 5 AC Oulu?,A 竞技,,0.749,,,0.0,9.9898,0.0,50,4.5,sports_fees_v3,True,54987649371109857469763401135031428293482753754819068242927004956009507472477
Exact Score: Kuopion Palloseura 2 - 4 AC Oulu?,A 竞技,,0.458,,,0.0,9.9898,0.0,50,4.5,sports_fees_v3,True,27235428416247367721999543019783551985198162862543286825320173959946001108059
Exact Score: Kuopion Palloseura 3 - 3 AC Oulu?,A 竞技,0.006,0.011,0.0085,0.004999999999999999,0.0,9.9898,0.0,50,4.5,sports_fees_v3,True,82217427832473420090208339201915780373485531141138125809891780930601271832246
Exact Score: Kuopion Palloseura 4 - 2 AC Oulu?,A 竞技,0.002,0.022,0.012,0.019999999999999997,0.0,0.0,0.0,50,4.5,sports_fees_v3,True,92969595215288636044653363252329382692482193280792451357069104423072158092035
Exact Score: Kuopion Palloseura 5 - 1 AC Oulu?,A 竞技,,0.499,,,0.0,0.0,0.0,50,4.5,sports_fees_v3,True,15183293226955027181510897493432723878158059400248761395825577828540661539748
Exact Score: Kuopion Palloseura 2 - 5 AC Oulu?,A 竞技,,0.749,,,0.0,9.9898,0.0,50,4.5,sports_fees_v3,True,24574196935737280393504521692052157139693362384460159918815307294347818633684
Exact Score: Kuopion Palloseura 3 - 4 AC Oulu?,A 竞技,,0.749,,,0.0,9.9898,0.0,50,4.5,sports_fees_v3,True,72067841453044614669370971105733266460655123659609578358179857326509205670959
Exact Score: Kuopion Palloseura 4 - 3 AC Oulu?,A 竞技,,0.499,,,0.0,9.9898,0.0,50,4.5,sports_fees_v3,True,80806186218762221605562188811188305620626881503530779808211425803946494759039
Exact Score: Kuopion Palloseura 5 - 2 AC Oulu?,A 竞技,,0.499,,,0.0,9.9898,0.0,50,4.5,sports_fees_v3,True,75043296808538246448035175655552323103635557568573738344915562893868400982281
KA Akureyri vs. Thor Akureyri: 1st Half O/U 3.5 Total Corners,A 竞技,,1.0,,,0.0,0.0,0.0,50,4.5,sports_fees_v3,True,39251266685107309753515517746154839620088242952975041268726667970684892336496
KA Akureyri vs. Thor Akureyri: 2nd Half O/U 3.5 Total Corners,A 竞技,,1.0,,,0.0,0.0,0.0,50,4.5,sports_fees_v3,True,65898507496122879600730624659277820614097115658647911444050356615124911058513
KA Akureyri vs. Thor Akureyri: KA Akureyri O/U 4.5 Corners,A 竞技,,1.0,,,0.0,0.0,0.0,50,4.5,sports_fees_v3,True,61687418660594996524405508585366589461589593671313697842566232297490747273067
KA Akureyri vs. Thor Akureyri: Total Corners Odd or Even?,A 竞技,,1.0,,,0.0,0.0,0.0,50,4.5,sports_fees_v3,True,49414298405416147130582800463739839808259019119675155849641444563128838555339
Thor Akureyri vs. Breidablik Kopavogur: O/U 7.5 Total Corners,A 竞技,0.001,0.999,0.5,0.998,0.0,0.0,0.0,50,4.5,sports_fees_v3,True,4091489306273898207573783436874868204644856586870101066461665247728500973197
Thor Akureyri vs. Breidablik Kopavogur: O/U 8.5 Total Corners,A 竞技,0.001,0.999,0.5,0.998,0.0,0.0,0.0,50,4.5,sports_fees_v3,True,53864565631140045974339905232407971434663416139543953115887936176029933501798
Thor Akureyri vs. Breidablik Kopavogur: O/U 9.5 Total Corners,A 竞技,0.001,0.999,0.5,0.998,0.0,0.0,0.0,50,4.5,sports_fees_v3,True,19617542210466998569373876110594049956850426588917167080453126749416492379613
Thor Akureyri vs. Breidablik Kopavogur: O/U 10.5 Total Corners,A 竞技,0.001,0.999,0.5,0.998,0.0,0.0,0.0,50,4.5,sports_fees_v3,True,61154562682210320656042535177857869214238311513607878365127019526595055065351
Thor Akureyri vs. Breidablik Kopavogur: O/U 11.5 Total Corners,A 竞技,0.001,0.999,0.5,0.998,0.0,0.0,0.0,50,4.5,sports_fees_v3,True,74405578427061760308585277002223861886633004523129114979560122307497890458764
Thor Akureyri vs. Breidablik Kopavogur: O/U 12.5 Total Corners,A 竞技,0.001,0.999,0.5,0.998,0.0,0.0,0.0,50,4.5,sports_fees_v3,True,28424087106770167190679396951613999087749317683713748902239115988644952874385
Thor Akureyri vs. Breidablik Kopavogur: O/U 13.5 Total Corners,A 竞技,,1.0,,,0.0,0.0,0.0,50,4.5,sports_fees_v3,True,106775026819175946194201110501298954061414800745213679820820917674034716363965
Thor Akureyri vs. Breidablik Kopavogur: 1st Half O/U 3.5 Total Corners,A 竞技,,1.0,,,0.0,0.0,0.0,50,4.5,sports_fees_v3,True,83570016827003302652127615269181306000773817541038519743920048466991218648802
Thor Akureyri vs. Breidablik Kopavogur: 1st Half O/U 4.5 Total Corners,A 竞技,,1.0,,,0.0,0.0,0.0,50,4.5,sports_fees_v3,True,55759073207538676478724810464232386896430354482943311202831117196081567098125
Thor Akureyri vs. Breidablik Kopavogur: 1st Half O/U 5.5 Total Corners,A 竞技,,1.0,,,0.0,0.0,0.0,50,4.5,sports_fees_v3,True,79479457964787960984192577713934526875319782097073606257463129540310746453470
Thor Akureyri vs. Breidablik Kopavogur: 2nd Half O/U 3.5 Total Corners,A 竞技,,1.0,,,0.0,0.0,0.0,50,4.5,sports_fees_v3,True,80721373192147125405757008560880595028493278667201569045657051659916503038036
Thor Akureyri vs. Breidablik Kopavogur: 2nd Half O/U 4.5 Total Corners,A 竞技,,1.0,,,0.0,0.0,0.0,50,4.5,sports_fees_v3,True,95134010283367367562160889373666082077389520493571244233052061815002476856095
Thor Akureyri vs. Breidablik Kopavogur: 2nd Half O/U 5.5 Total Corners,A 竞技,,1.0,,,0.0,0.0,0.0,50,4.5,sports_fees_v3,True,70852119119849213215426783970423859103291121589756800994877253288734501989885
Thor Akureyri vs. Breidablik Kopavogur: Thor Akureyri O/U 2.5 Corners,A 竞技,,1.0,,,0.0,0.0,0.0,50,4.5,sports_fees_v3,True,74004799375407593760900702242376975799503000925213840285836348931878660892467
Thor Akureyri vs. Breidablik Kopavogur: Thor Akureyri O/U 3.5 Corners,A 竞技,,1.0,,,0.0,0.0,0.0,50,4.5,sports_fees_v3,True,32821934848230069277311517430072973015423533932931654176096402744997501978595
Thor Akureyri vs. Breidablik Kopavogur: Thor Akureyri O/U 4.5 Corners,A 竞技,,1.0,,,0.0,0.0,0.0,50,4.5,sports_fees_v3,True,93462694655333571499778139970371271583979769651892992276050262897301385073293
Thor Akureyri vs. Breidablik Kopavogur: Thor Akureyri O/U 5.5 Corners,A 竞技,,1.0,,,0.0,0.0,0.0,50,4.5,sports_fees_v3,True,93802978702476335462006107024121945599852731840645533918382044652643363987674
Thor Akureyri vs. Breidablik Kopavogur: Breidablik Kopavogur O/U 2.5 C,A 竞技,,1.0,,,0.0,0.0,0.0,50,4.5,sports_fees_v3,True,10046292952456268115262191328845077096275496731106959244401874975220435909659
Thor Akureyri vs. Breidablik Kopavogur: Breidablik Kopavogur O/U 3.5 C,A 竞技,,1.0,,,0.0,0.0,0.0,50,4.5,sports_fees_v3,True,108255404068636024875122311796600827182812731566699088157729088995336885015803
Thor Akureyri vs. Breidablik Kopavogur: Breidablik Kopavogur O/U 4.5 C,A 竞技,,1.0,,,0.0,0.0,0.0,50,4.5,sports_fees_v3,True,109087202483456698783308440552411549138079940764418849704380791929601995327569
Thor Akureyri vs. Breidablik Kopavogur: Breidablik Kopavogur O/U 5.5 C,A 竞技,,1.0,,,0.0,0.0,0.0,50,4.5,sports_fees_v3,True,67498018169037243967491578588069656437216252146967307823648748468429123337857
Thor Akureyri vs. Breidablik Kopavogur: Total Corners Odd or Even?,A 竞技,,1.0,,,0.0,0.0,0.0,50,4.5,sports_fees_v3,True,47060347881147371566973943968712809845554514227425693335939381817111880572242
Thor Akureyri vs. Breidablik Kopavogur: Team to Take First Corner,A 竞技,,1.0,,,0.0,0.0,0.0,50,4.5,sports_fees_v3,True,59548067829920178892701588796384207667346132223491721509548465741649353388825
FH Hafnarfjordur vs. KR Reykjavik: O/U 12.5 Total Corners,A 竞技,0.001,0.999,0.5,0.998,0.0,0.0,0.0,50,4.5,sports_fees_v3,True,68993734993086498428975669258359239406156494616539397288347789511445301769344
FH Hafnarfjordur vs. KR Reykjavik: Total Corners Odd or Even?,A 竞技,0.001,0.999,0.5,0.998,0.0,0.0,0.0,50,4.5,sports_fees_v3,True,83624019351697265731863488834185899879469692224257480069428233812172064553533
FH Hafnarfjordur vs. KR Reykjavik: Team to Take First Corner,A 竞技,0.001,0.999,0.5,0.998,0.0,0.0,0.0,50,4.5,sports_fees_v3,True,37269959190977690631191249870414408489818082172248024361139617122973279902426
Keflavik IF vs. KA Akureyri: Total Corners Odd or Even?,A 竞技,0.001,0.999,0.5,0.998,0.0,0.0,0.0,50,4.5,sports_fees_v3,True,64429410830039859399602647192213821225222172095670683831302994156070822170340
Keflavik IF vs. KA Akureyri: Team to Take First Corner,A 竞技,0.001,0.999,0.5,0.998,0.0,0.0,0.0,50,4.5,sports_fees_v3,True,48600723435992697619274619209764078180241248164689400531530401331021325159616
Vikingur Reykjavik vs. IBV Vestmannaeyjar: Team to Take First Corner,A 竞技,,1.0,,,0.0,0.0,0.0,50,4.5,sports_fees_v3,True,15473783927972106219606956707281815708079097668204288579716100427175298930495
Will Víkingur Reykjavík win the 2026 Besta deild karla (Iceland)?,A 竞技,0.049,0.999,0.524,0.95,0.0,286.39,0.0,50,4.5,sports_fees_v3,True,79144993361768629002868301924376577002861047582308219689649513147966446622579
Will KR Reykjavík be runner-up in the 2026 Besta deild karla (Iceland),A 竞技,0.02,0.98,0.5,0.96,0.0,0.0,0.0,50,4.5,sports_fees_v3,True,85014586923579672099039512814539968709290600997470979950507030394221822962018
Will Fram Reykjavík be runner-up in the 2026 Besta deild karla (Icelan,A 竞技,0.02,0.98,0.5,0.96,0.0,0.0,0.0,50,4.5,sports_fees_v3,True,93180839925058873638055307407488850934609423744418351831116448044338220161394
Will KR Reykjavík finish 3rd in the 2026 Besta deild karla (Iceland)?,A 竞技,0.04,0.97,0.505,0.9299999999999999,0.0,0.0,0.0,50,4.5,sports_fees_v3,True,100149443423769500628760452515289125446237346323233664476447592434618304230928
Will Fram Reykjavík finish 3rd in the 2026 Besta deild karla (Iceland),A 竞技,0.02,0.94,0.48,0.9199999999999999,0.0,0.0,0.0,50,4.5,sports_fees_v3,True,32679053650166267380723401309697615779884641740927714937449926433127619929533
Will Víkingur Reykjavík be relegated from the 2026 Besta deild karla (,A 竞技,0.006,0.338,0.17200000000000001,0.332,0.0,36.0,1.0,20,4.5,sports_fees_v3,True,105545041383106883084449927803153347857433982980836599542514461907490528894318
Will KR Reykjavík be relegated from the 2026 Besta deild karla (Icelan,A 竞技,0.001,0.06,0.0305,0.059,0.0,458.30999999999995,0.0,20,4.5,sports_fees_v3,True,59113092458091496209113060697520144383955487426681923912674357768842484430479
Will Fram Reykjavík be relegated from the 2026 Besta deild karla (Icel,A 竞技,0.002,0.015,0.0085,0.013,0.0,291.1,0.0,20,4.5,sports_fees_v3,True,32244876103392390094097934926424306654579854487333863024392745677407041620034
Will Breiðablik be relegated from the 2026 Besta deild karla (Iceland),A 竞技,0.001,0.021,0.011000000000000001,0.02,0.0,112.0,0.0,20,4.5,sports_fees_v3,True,76864135928775621758949981817680561581755007208543444271393286654374885137075
Will Valur Reykjavík be relegated from the 2026 Besta deild karla (Ice,A 竞技,0.002,0.015,0.0085,0.013,20.0,635.19,0.0,20,4.5,sports_fees_v3,True,31014843084805908905917415616847833538976417058408026101053368549396560081432
Will Keflavík be relegated from the 2026 Besta deild karla (Iceland)?,A 竞技,,0.017,,,0.0,1029.85,0.0,20,4.5,sports_fees_v3,True,53608057196227601389445603819996692389691587223121505108211096733583159701737
Will ÍA Akranes be relegated from the 2026 Besta deild karla (Iceland),A 竞技,0.002,0.012,0.007,0.01,0.0,328.0,0.0,20,4.5,sports_fees_v3,True,78809200889274322435450013975592406645808176073184138009865520794151015449929
Will ÍBV Vestmannaeyjar be relegated from the 2026 Besta deild karla (,A 竞技,0.92,0.93,0.925,0.010000000000000009,0.0,537.978022,1.0,20,4.5,sports_fees_v3,True,67177733760159409503443138517450294846413106241095173603156844210491063080033
Will Stjarnan be relegated from the 2026 Besta deild karla (Iceland)?,A 竞技,0.002,0.062,0.032,0.06,0.0,394.0,0.0,20,4.5,sports_fees_v3,True,64075799308738857847710891064131818131337641960070828338964735118081729764845
Will KA Akureyri be relegated from the 2026 Besta deild karla (Iceland,A 竞技,0.4,0.54,0.47000000000000003,0.14,0.0,1761.4056759999999,5.0,20,4.5,sports_fees_v3,True,82024098156123508509030124398955623893137723462500190718664085679258272446076
Will FH Hafnarfjörður be relegated from the 2026 Besta deild karla (Ic,A 竞技,0.11,0.15,0.13,0.039999999999999994,0.0,1234.243332,1.0,20,4.5,sports_fees_v3,True,63746786614687366593610527019780922912968544254713963826209700654001794130737
Will Þór Akureyri be relegated from the 2026 Besta deild karla (Icelan,A 竞技,0.58,0.93,0.755,0.3500000000000001,0.0,1700.274168,5.0,20,4.5,sports_fees_v3,True,74817353836470469023103719399456542797620065243153289705953252191781376026552
Will Breiðablik finish 10th in the 2026 Besta deild karla (Iceland)?,A 竞技,0.006,0.847,0.4265,0.841,0.0,64.69,0.0,50,4.5,sports_fees_v3,True,27920486456775106508682388614564805580099866591978267347156274295073013197064
Will Valur Reykjavík finish 10th in the 2026 Besta deild karla (Icelan,A 竞技,0.02,0.96,0.49,0.94,0.0,0.0,0.0,50,4.5,sports_fees_v3,True,54598704166827323074732105332430730306233437795717542816876290107848989016072
Will Keflavík finish 10th in the 2026 Besta deild karla (Iceland)?,A 竞技,0.005,0.913,0.459,0.908,0.0,57.34,0.0,50,4.5,sports_fees_v3,True,76340444619701857436769358489075840152050749239799803667984601474731711004519
Will ÍA Akranes finish 10th in the 2026 Besta deild karla (Iceland)?,A 竞技,0.006,0.778,0.392,0.772,0.0,64.69,0.0,50,4.5,sports_fees_v3,True,12950629383049813956743509160958072510839496097739169938584719740010499131917
Will ÍBV Vestmannaeyjar finish 10th in the 2026 Besta deild karla (Ice,A 竞技,0.02,0.95,0.485,0.9299999999999999,0.0,0.0,0.0,50,4.5,sports_fees_v3,True,51730238623031775138470528470228365060328961466349640218879350157452202959242
Will Stjarnan finish 10th in the 2026 Besta deild karla (Iceland)?,A 竞技,0.02,0.97,0.495,0.95,0.0,0.0,0.0,50,4.5,sports_fees_v3,True,17034364007420428774999630356569335326893043033179215815783051764145698657237
Will KA Akureyri finish 10th in the 2026 Besta deild karla (Iceland)?,A 竞技,0.02,0.94,0.48,0.9199999999999999,0.0,0.0,0.0,50,4.5,sports_fees_v3,True,52297175186611425810939633880836991335568522474228346456726611942775433102553
Will FH Hafnarfjörður finish 10th in the 2026 Besta deild karla (Icela,A 竞技,0.02,0.97,0.495,0.95,0.0,0.0,0.0,50,4.5,sports_fees_v3,True,89504434048595348136058626776820700503527639137796089744162140018894763554756
Will Þór Akureyri finish 10th in the 2026 Besta deild karla (Iceland)?,A 竞技,0.02,0.97,0.495,0.95,0.0,0.0,0.0,50,4.5,sports_fees_v3,True,111116956409481534141781211573494622293434783754241704855595873684849588045555
Will Víkingur Reykjavík keep the most clean sheets in the 2026 Besta d,A 竞技,0.04,0.9,0.47000000000000003,0.86,0.0,0.0,0.0,50,4.5,sports_fees_v3,True,16007803558706569395209807870372530019978312693580819638434121672690622424879
Will Breiðablik keep the most clean sheets in the 2026 Besta deild kar,A 竞技,0.02,0.94,0.48,0.9199999999999999,0.0,0.0,0.0,50,4.5,sports_fees_v3,True,34148274794711747924686910627781225201720279234765213485307627989766474943968
Will Keflavík keep the most clean sheets in the 2026 Besta deild karla,A 竞技,0.04,0.96,0.5,0.9199999999999999,0.0,0.0,0.0,50,4.5,sports_fees_v3,True,78296865544279157437724766631958941035853306432550703047526221573767859158873
Will FH Hafnarfjörður keep the most clean sheets in the 2026 Besta dei,A 竞技,0.03,0.9,0.465,0.87,0.0,0.0,0.0,50,4.5,sports_fees_v3,True,91965246926917589646970853662678034783991618883952700687098506426321523172616
Will Þór Akureyri keep the most clean sheets in the 2026 Besta deild k,A 竞技,0.03,0.9,0.465,0.87,0.0,0.0,0.0,50,4.5,sports_fees_v3,True,52492302418766423522551048814015647965263515827157307245491577821265342884930
Will Stjarnan Gardabae win on 2026-10-10?,A 竞技,0.51,0.54,0.525,0.030000000000000027,0.0,0.0,0.0,50,4.5,sports_fees_v3,True,47555571193385268810998769330260829472816386841918440554659919959505993126625
Will Stjarnan Gardabae vs. KA Akureyri end in a draw?,A 竞技,0.17,0.2,0.185,0.03,0.0,0.0,0.0,50,4.5,sports_fees_v3,True,17557916853383028026857164723206456826482145846344151778438435634012939337334
Will KA Akureyri win on 2026-10-10?,A 竞技,0.26,0.3,0.28,0.03999999999999998,0.0,14.996757,0.0,50,4.5,sports_fees_v3,True,90777494702088305601030383093745664150975891423434843432352927860112249153177
Will Valur Reykjavik win on 2026-10-10?,A 竞技,0.42,0.45,0.435,0.030000000000000027,0.0,0.0,0.0,50,4.5,sports_fees_v3,True,71332976376235702225619815170668857106081505958670979687919606142729950783609
Will Valur Reykjavik vs. FH Hafnarfjordur end in a draw?,A 竞技,0.22,0.25,0.235,0.03,0.0,0.0,0.0,50,4.5,sports_fees_v3,True,86678789713578771542610109860428175688689673212536381915362253272094462318015
Will FH Hafnarfjordur win on 2026-10-10?,A 竞技,0.32,0.35,0.33499999999999996,0.02999999999999997,0.0,0.0,0.0,50,4.5,sports_fees_v3,True,93968718516144556440491150990946763348952134155601935401017271680238168295920
Will Thor Akureyri win on 2026-10-10?,A 竞技,0.31,0.34,0.325,0.030000000000000027,0.0,0.0,0.0,50,4.5,sports_fees_v3,True,13057583294039439699914582703538744909815527423325878854992047207429847334858
Will Thor Akureyri vs. IBV Vestmannaeyjar end in a draw?,A 竞技,0.24,0.27,0.255,0.030000000000000027,0.0,0.0,0.0,50,4.5,sports_fees_v3,True,73251387501367971849253262530831008418505944517830897622244158080303307495510
Will IBV Vestmannaeyjar win on 2026-10-10?,A 竞技,0.4,0.43,0.41500000000000004,0.02999999999999997,0.0,85.000001,0.0,50,4.5,sports_fees_v3,True,107592964842513132727174160785916654349010503613603465118079156416846108230838
Stjarnan Gardabae leading at halftime?,A 竞技,0.38,0.44,0.41000000000000003,0.06,0.0,0.0,0.0,50,4.5,sports_fees_v3,True,33858679452507394524145791701806489995885841702903877837193991755979804862621
Stjarnan Gardabae vs. KA Akureyri: Draw at halftime?,A 竞技,0.28,0.34,0.31000000000000005,0.06,0.0,0.0,0.0,50,4.5,sports_fees_v3,True,23502909796803732303235778228713311073549392978050239703166092796775218418791
KA Akureyri leading at halftime?,A 竞技,0.22,0.27,0.245,0.05000000000000002,0.0,0.0,0.0,50,4.5,sports_fees_v3,True,68197374532494785704798817703240448957778148526708227123264280678018218219105
Stjarnan Gardabae to win the second half?,A 竞技,0.02,0.98,0.5,0.96,0.0,0.0,0.0,50,4.5,sports_fees_v3,True,55505768103828636714209289300583158125381884617800304501133347998163580778379
Stjarnan Gardabae vs. KA Akureyri: Second half draw?,A 竞技,0.02,0.8,0.41000000000000003,0.78,0.0,0.0,0.0,50,4.5,sports_fees_v3,True,109899190261139272349297802334972789125403885024254408903564811546285093317564
KA Akureyri to win the second half?,A 竞技,0.02,0.97,0.495,0.95,0.0,0.0,0.0,50,4.5,sports_fees_v3,True,61834050996031675752008877485713786555862304957788177934228614148866735328779
Exact Score: Stjarnan Gardabae 0 - 0 KA Akureyri?,A 竞技,0.006,0.066,0.036000000000000004,0.060000000000000005,0.0,0.0,0.0,50,4.5,sports_fees_v3,True,50670686132781097915672611324375882777738062706494068385424836864863372953145
Exact Score: Stjarnan Gardabae 0 - 1 KA Akureyri?,A 竞技,0.019,0.07,0.044500000000000005,0.051000000000000004,0.0,0.0,0.0,50,4.5,sports_fees_v3,True,60513207879069769657632677201810647696547457898927681586385758063983508535929
Exact Score: Stjarnan Gardabae 1 - 0 KA Akureyri?,A 竞技,0.028,0.08,0.054,0.052000000000000005,0.0,0.0,0.0,50,4.5,sports_fees_v3,True,10614494232758997893433039953282086570106208045837981156603403802366896838019
Exact Score: Stjarnan Gardabae 0 - 2 KA Akureyri?,A 竞技,0.016,0.07,0.043000000000000003,0.054000000000000006,0.0,0.0,0.0,50,4.5,sports_fees_v3,True,3806011703490853434793923350621182955558628096848609410633259976600063805024
Exact Score: Stjarnan Gardabae 1 - 1 KA Akureyri?,A 竞技,0.05,0.11,0.08,0.06,0.0,0.0,0.0,50,4.5,sports_fees_v3,True,51926300912184121061409096362499525516963133133832282981523092982710880427369
Exact Score: Stjarnan Gardabae 2 - 0 KA Akureyri?,A 竞技,0.032,0.089,0.0605,0.056999999999999995,0.0,0.0,0.0,50,4.5,sports_fees_v3,True,100518761564559033975663615090259465863894590456267157181189929039412104782683
Exact Score: Stjarnan Gardabae 0 - 3 KA Akureyri?,A 竞技,,0.499,,,0.0,0.0,0.0,50,4.5,sports_fees_v3,True,58639311780038395221859395170340904152276398153673389490029522101817628821911
Exact Score: Stjarnan Gardabae 1 - 2 KA Akureyri?,A 竞技,0.04,0.08,0.06,0.04,0.0,0.0,0.0,50,4.5,sports_fees_v3,True,112734171958764984838966111473602920783057135377685055345399089790123199860664
Exact Score: Stjarnan Gardabae 2 - 1 KA Akureyri?,A 竞技,0.06,0.12,0.09,0.06,0.0,0.0,0.0,50,4.5,sports_fees_v3,True,102496975301091700858443585857460851646582191960172963660436009455828563968625
Exact Score: Stjarnan Gardabae 3 - 0 KA Akureyri?,A 竞技,0.002,0.08,0.041,0.078,0.0,0.0,0.0,50,4.5,sports_fees_v3,True,20024094894922726970942340253287873491145199792958462887176204610425807120457
Exact Score: Stjarnan Gardabae 0 - 4 KA Akureyri?,A 竞技,,0.745,,,0.0,9.9898,0.0,50,4.5,sports_fees_v3,True,71035513343090568693140162597761203039842938445328943752315363264765779249694
Exact Score: Stjarnan Gardabae 1 - 3 KA Akureyri?,A 竞技,0.002,0.078,0.04,0.076,0.0,0.0,0.0,50,4.5,sports_fees_v3,True,6876562999081689000579803626301176957102718583545237059444182422845445025005
Exact Score: Stjarnan Gardabae 2 - 2 KA Akureyri?,A 竞技,0.05,0.11,0.08,0.06,0.0,0.0,0.0,50,4.5,sports_fees_v3,True,94051501256014941302754627094683450671752683170809525389484745011171571509298
Exact Score: Stjarnan Gardabae 3 - 1 KA Akureyri?,A 竞技,0.01,0.1,0.055,0.09000000000000001,0.0,0.0,0.0,50,4.5,sports_fees_v3,True,49088773292129125036823070966461647436580710253750334134368892222949261589477
Exact Score: Stjarnan Gardabae 4 - 0 KA Akureyri?,A 竞技,0.002,0.067,0.0345,0.065,0.0,0.0,0.0,50,4.5,sports_fees_v3,True,34906799752042378410735261991604306400868828387930305090060279531863983451335
Exact Score: Stjarnan Gardabae 0 - 5 KA Akureyri?,A 竞技,,0.75,,,0.0,9.9898,0.0,50,4.5,sports_fees_v3,True,114310800743224508014344107177087780476259434563257380290486065699996795415639
Exact Score: Stjarnan Gardabae 1 - 4 KA Akureyri?,A 竞技,0.002,0.061,0.0315,0.059,0.0,0.0,0.0,50,4.5,sports_fees_v3,True,92839500861376211725846822277087713319499972598014684236948828757533544398764
Exact Score: Stjarnan Gardabae 2 - 3 KA Akureyri?,A 竞技,0.002,0.085,0.043500000000000004,0.083,0.0,0.0,0.0,50,4.5,sports_fees_v3,True,36426691668601166051548601147835800451532409448588488662944610325410083846989
Exact Score: Stjarnan Gardabae 3 - 2 KA Akureyri?,A 竞技,0.002,0.099,0.0505,0.097,0.0,0.0,0.0,50,4.5,sports_fees_v3,True,68597809247286109833072024883645904630392000421415082056242334142916056078051
Exact Score: Stjarnan Gardabae 4 - 1 KA Akureyri?,A 竞技,0.002,0.082,0.042,0.08,0.0,0.0,0.0,50,4.5,sports_fees_v3,True,15166191147289597501384694488458761807887790810740337065493929966380143465655
Exact Score: Stjarnan Gardabae 5 - 0 KA Akureyri?,A 竞技,,0.75,,,0.0,0.0,0.0,50,4.5,sports_fees_v3,True,1746995195325516638851659464844624693438758195801048298856985986277141498700
Galway United FC vs. Waterford FC: 1st Half O/U 3.5 Total Corners,A 竞技,,1.0,,,0.0,0.0,0.0,50,4.5,sports_fees_v3,True,27392377576880957375982936847991632945061268905377796732348498299204721804261
Galway United FC vs. Waterford FC: 1st Half O/U 4.5 Total Corners,A 竞技,,1.0,,,0.0,12.0,0.0,50,4.5,sports_fees_v3,True,53871079991236951908101094241603434965868261408941803990579154227900719002041
Galway United FC vs. Waterford FC: 1st Half O/U 5.5 Total Corners,A 竞技,,1.0,,,0.0,12.0,0.0,50,4.5,sports_fees_v3,True,87434708681466708384073079724289667363501443520128892985548474479913898935365
Galway United FC vs. Waterford FC: 2nd Half O/U 3.5 Total Corners,A 竞技,,1.0,,,0.0,0.0,0.0,50,4.5,sports_fees_v3,True,88207365713901445749207351337643629389908878552653513527854193649672621779964
Galway United FC vs. Waterford FC: 2nd Half O/U 4.5 Total Corners,A 竞技,,1.0,,,0.0,0.0,0.0,50,4.5,sports_fees_v3,True,28850654251695549297059274614367377724477119458205968928613121254216775134585
Galway United FC vs. Waterford FC: 2nd Half O/U 5.5 Total Corners,A 竞技,,1.0,,,0.0,0.0,0.0,50,4.5,sports_fees_v3,True,18701432192350477234138896790238215266608679484723912554221850231815800743453
Galway United FC vs. Waterford FC: Team to Take First Corner,A 竞技,,1.0,,,0.0,0.0,0.0,50,4.5,sports_fees_v3,True,14565340763010393179363680253979894262161470921407121966603690635524417579019
Saint Patrick´s Athletic FC vs. Dundalk FC: Dundalk FC O/U 3.5 Corners,A 竞技,,1.0,,,0.0,0.0,0.0,50,4.5,sports_fees_v3,True,81787098643612211400619219538351689012583402597632542450952474390577592524615
Bohemians Dublin FC vs. Galway United FC: Team to Take First Corner,A 竞技,,1.0,,,0.0,0.0,0.0,50,4.5,sports_fees_v3,True,31847381456540895952207644897377122685519975130313879572969116443209633744152
Saint Patrick´s Athletic FC vs. Derry City FC: Team to Take First Corn,A 竞技,,1.0,,,0.0,0.0,0.0,50,4.5,sports_fees_v3,True,91025883911401295228877321027105760820832045467680096161471403375707298276528
Waterford FC vs. Shelbourne FC: Team to Take First Corner,A 竞技,,1.0,,,0.0,0.0,0.0,50,4.5,sports_fees_v3,True,54421803294357247698695268836410351403588946531636541816871989102947112630541
Will Shamrock Rovers win the 2026 League of Ireland Premier Division?,A 竞技,0.02,0.97,0.495,0.95,0.0,0.0,0.0,50,4.5,sports_fees_v3,True,27824793393182135459526313496483352217314376167926634587627137741872672360145
Will Bohemians win the 2026 League of Ireland Premier Division?,A 竞技,0.02,0.98,0.5,0.96,0.0,0.0,0.0,50,4.5,sports_fees_v3,True,79568816808894585286797232350566080216863896982768942461962888535265481779489
Will St Patrick's Athletic win the 2026 League of Ireland Premier Divi,A 竞技,0.02,0.98,0.5,0.96,0.0,0.0,0.0,50,4.5,sports_fees_v3,True,42913945570863100719698194284170589295366944292803839678573102777046514288139
Will Shamrock Rovers be runner-up in the 2026 League of Ireland Premie,A 竞技,0.02,0.74,0.38,0.72,0.0,0.0,0.0,50,4.5,sports_fees_v3,True,13332440976096697749594883152686227761577817190217599620417236265343775117857
Will Bohemians be runner-up in the 2026 League of Ireland Premier Divi,A 竞技,0.02,0.97,0.495,0.95,0.0,0.0,0.0,50,4.5,sports_fees_v3,True,57696511259873108460865519299881701115260997030636083437102566195777031973957
Will St Patrick's Athletic be runner-up in the 2026 League of Ireland ,A 竞技,0.02,0.98,0.5,0.96,0.0,0.0,0.0,50,4.5,sports_fees_v3,True,85696899404536355602654739219471280960168970222182532889413456243197274517016
Shamrock Rovers vs. Shelbourne FC: O/U 7.5 Total Corners,A 竞技,,1.0,,,0.0,0.0,0.0,50,4.5,sports_fees_v3,True,95146799872128026454061235538615876372093580866561231991376130976486690595385
Shamrock Rovers vs. Shelbourne FC: O/U 8.5 Total Corners,A 竞技,,1.0,,,0.0,0.0,0.0,50,4.5,sports_fees_v3,True,57210415029301292009479321349909371542594497262576194248710029609264767535820
Shamrock Rovers vs. Shelbourne FC: O/U 9.5 Total Corners,A 竞技,,1.0,,,0.0,0.0,0.0,50,4.5,sports_fees_v3,True,72376774698149941456390639535910937302962833530050883991695011966743502387918
Shamrock Rovers vs. Shelbourne FC: O/U 10.5 Total Corners,A 竞技,,1.0,,,0.0,0.0,0.0,50,4.5,sports_fees_v3,True,109051875812687759660685562149112829665129438496697382231651072009117789169074
Shamrock Rovers vs. Shelbourne FC: O/U 11.5 Total Corners,A 竞技,,1.0,,,0.0,0.0,0.0,50,4.5,sports_fees_v3,True,85585872769893845823335535382651117972573103010742641559487916281518405895246
Shamrock Rovers vs. Shelbourne FC: O/U 12.5 Total Corners,A 竞技,,1.0,,,0.0,0.0,0.0,50,4.5,sports_fees_v3,True,63062167677767470036743897913367556439493651676631651905631077548929721003647
Shamrock Rovers vs. Shelbourne FC: O/U 13.5 Total Corners,A 竞技,,1.0,,,0.0,0.0,0.0,50,4.5,sports_fees_v3,True,32881238927322823684897003996457145329463916190667942747098042904608286621981
Shamrock Rovers vs. Shelbourne FC: 1st Half O/U 3.5 Total Corners,A 竞技,,1.0,,,0.0,0.0,0.0,50,4.5,sports_fees_v3,True,23897032138003048744931736799079505196179592797844224784453005543303956851452
Shamrock Rovers vs. Shelbourne FC: 1st Half O/U 4.5 Total Corners,A 竞技,,1.0,,,0.0,0.0,0.0,50,4.5,sports_fees_v3,True,54463733668438396108598101835512401446160098813181360812554343021334568891754
Shamrock Rovers vs. Shelbourne FC: 1st Half O/U 5.5 Total Corners,A 竞技,,1.0,,,0.0,0.0,0.0,50,4.5,sports_fees_v3,True,93923712757682226578294596474494125939863235915409886558151886081684580176182
Shamrock Rovers vs. Shelbourne FC: 2nd Half O/U 3.5 Total Corners,A 竞技,,1.0,,,0.0,0.0,0.0,50,4.5,sports_fees_v3,True,71505083929052147813896631401466493872977527201279763290220781874789714027411
Shamrock Rovers vs. Shelbourne FC: 2nd Half O/U 4.5 Total Corners,A 竞技,,1.0,,,0.0,0.0,0.0,50,4.5,sports_fees_v3,True,11837625909504340107469034793673674299904794255964337398769004297443043106093
Shamrock Rovers vs. Shelbourne FC: 2nd Half O/U 5.5 Total Corners,A 竞技,,1.0,,,0.0,0.0,0.0,50,4.5,sports_fees_v3,True,41853873330145731489257738618634180877708438139724743103135482823510673669474
Shamrock Rovers vs. Shelbourne FC: Shamrock Rovers O/U 2.5 Corners,A 竞技,,1.0,,,0.0,0.0,0.0,50,4.5,sports_fees_v3,True,110713740509143901373988489952705580838002660317057652925390966668963746561182
Shamrock Rovers vs. Shelbourne FC: Shamrock Rovers O/U 3.5 Corners,A 竞技,,1.0,,,0.0,0.0,0.0,50,4.5,sports_fees_v3,True,45859271942667952244631568881085705745781798046821915886102020478085319889608
Shamrock Rovers vs. Shelbourne FC: Shamrock Rovers O/U 4.5 Corners,A 竞技,,1.0,,,0.0,0.0,0.0,50,4.5,sports_fees_v3,True,12121864446457990813104916474422835304505392717102419322950198252488872901673
Shamrock Rovers vs. Shelbourne FC: Shamrock Rovers O/U 5.5 Corners,A 竞技,,1.0,,,0.0,0.0,0.0,50,4.5,sports_fees_v3,True,45663239936610236395758456352442214519511879801863437874647289476450680805877
Shamrock Rovers vs. Shelbourne FC: Shelbourne FC O/U 2.5 Corners,A 竞技,,1.0,,,0.0,0.0,0.0,50,4.5,sports_fees_v3,True,69504284338747779892321486424172275019098981772586684428727761815984612111976
Shamrock Rovers vs. Shelbourne FC: Shelbourne FC O/U 3.5 Corners,A 竞技,,1.0,,,0.0,0.0,0.0,50,4.5,sports_fees_v3,True,43560258758943566776130827365559537996225538520096569832618968695048192718631
Shamrock Rovers vs. Shelbourne FC: Shelbourne FC O/U 4.5 Corners,A 竞技,,1.0,,,0.0,0.0,0.0,50,4.5,sports_fees_v3,True,49584540930670650436909966992187892470144894378706876165142214475568253355317
Shamrock Rovers vs. Shelbourne FC: Shelbourne FC O/U 5.5 Corners,A 竞技,,1.0,,,0.0,0.0,0.0,50,4.5,sports_fees_v3,True,78164630277574508590894923775833138338955295698418327108688476462199526972729
Shamrock Rovers vs. Shelbourne FC: Total Corners Odd or Even?,A 竞技,,1.0,,,0.0,0.0,0.0,50,4.5,sports_fees_v3,True,54474345299663305514606280759673546880694112036545514055189062460679777384133
Shamrock Rovers vs. Shelbourne FC: Team to Take First Corner,A 竞技,,1.0,,,0.0,0.0,0.0,50,4.5,sports_fees_v3,True,95419080047063633060472162741056847581304730024516304088352457940917817503593
Sligo Rovers FC vs. Waterford FC: O/U 12.5 Total Corners,A 竞技,0.001,0.999,0.5,0.998,0.0,0.0,0.0,50,4.5,sports_fees_v3,True,48243390411097219225629746347899432210970009972664379839731047249941585628429
Sligo Rovers FC vs. Waterford FC: 1st Half O/U 5.5 Total Corners,A 竞技,0.001,0.999,0.5,0.998,0.0,0.0,0.0,50,4.5,sports_fees_v3,True,61742730667341097244154020685352126091198313181871785438148146938891281777217
Sligo Rovers FC vs. Waterford FC: Total Corners Odd or Even?,A 竞技,0.001,0.999,0.5,0.998,0.0,0.0,0.0,50,4.5,sports_fees_v3,True,62691560695679477661461145764034400627924838805509604733034993610083111412631
Sligo Rovers FC vs. Waterford FC: Team to Take First Corner,A 竞技,0.001,0.999,0.5,0.998,0.0,0.0,0.0,50,4.5,sports_fees_v3,True,37681748321895669846863634134313665455634673839861741515197784991942331402581
Will Shamrock Rovers be relegated from the 2026 League of Ireland Prem,A 竞技,0.002,0.009,0.0055,0.006999999999999999,0.0,1204.12285,0.0,20,4.5,sports_fees_v3,True,70430312983901980404007737028918835026976554340363304497715583666892048194019
Will Shelbourne be relegated from the 2026 League of Ireland Premier D,A 竞技,0.09,0.12,0.105,0.03,0.0,798.551429,1.0,20,4.5,sports_fees_v3,True,40518164668213254299619472220462911917852260831525660409560223869339438662632
Will Bohemians be relegated from the 2026 League of Ireland Premier Di,A 竞技,0.002,0.049,0.025500000000000002,0.047,0.0,120.0,0.0,20,4.5,sports_fees_v3,True,110407477015290908319509798203591927531593039650223360776529724497295281783086
Will St Patrick's Athletic be relegated from the 2026 League of Irelan,A 竞技,0.017,0.061,0.039,0.044,0.0,197.97,1.0,20,4.5,sports_fees_v3,True,68076377874419650186041705994791701076148112218962211022992853321936762813552
Will Drogheda United be relegated from the 2026 League of Ireland Prem,A 竞技,0.1,0.53,0.315,0.43000000000000005,0.0,385.98,5.0,20,4.5,sports_fees_v3,True,79420883815888297591090153553994988171683340673569806710140023594927148727765
Will Sligo Rovers be relegated from the 2026 League of Ireland Premier,A 竞技,0.964,0.995,0.9795,0.031000000000000028,0.0,2586.1757150000003,0.0,20,4.5,sports_fees_v3,True,32915318008891985672458408707437279317243007782716578799994038358422208327439
Will Derry City be relegated from the 2026 League of Ireland Premier D,A 竞技,0.01,0.036,0.023,0.025999999999999995,0.0,79.993511,0.0,20,4.5,sports_fees_v3,True,26811908301215501064333918525650956465934402166692178216981766771736884811471
Will Galway United be relegated from the 2026 League of Ireland Premie,A 竞技,0.02,0.46,0.24000000000000002,0.44,0.0,130.0,1.0,20,4.5,sports_fees_v3,True,94282824967156976637695601443334016568739391451284801543818784184096764188993
Will Waterford be relegated from the 2026 League of Ireland Premier Di,A 竞技,0.21,0.23,0.22,0.020000000000000018,0.0,60.0,5.0,20,4.5,sports_fees_v3,True,4825358207042964265053118838097455048719076664144227460266271439724470083622
Will Dundalk be relegated from the 2026 League of Ireland Premier Divi,A 竞技,0.01,0.07,0.04,0.060000000000000005,0.0,142.0,1.0,20,4.5,sports_fees_v3,True,77464173744683318691229180775604911743887983647196214371744152750147742112352
Will Shelbourne finish 8th in the 2026 League of Ireland Premier Divis,A 竞技,0.02,0.92,0.47000000000000003,0.9,0.0,7.84,0.0,50,4.5,sports_fees_v3,True,89705985593021555403451388885155341051621109613851681364931642353242866092699
Will Drogheda United finish 8th in the 2026 League of Ireland Premier ,A 竞技,0.02,0.9,0.46,0.88,0.0,0.0,0.0,50,4.5,sports_fees_v3,True,110665434592468757413020431970058277920530816889627365017212150820307316745739
Will Sligo Rovers finish 8th in the 2026 League of Ireland Premier Div,A 竞技,0.02,0.9,0.46,0.88,0.0,0.0,0.0,50,4.5,sports_fees_v3,True,111043503315662268833278153858096830661282228361578020841242898744629111029040
Will Derry City finish 8th in the 2026 League of Ireland Premier Divis,A 竞技,0.01,0.96,0.485,0.95,0.0,7.84,0.0,50,4.5,sports_fees_v3,True,94096283576687854767056569148392972428493779394459965340213474900030114760413
Will Galway United finish 8th in the 2026 League of Ireland Premier Di,A 竞技,0.01,0.94,0.475,0.9299999999999999,0.0,7.84,0.0,50,4.5,sports_fees_v3,True,22131662878369330259149375056155891645259591601693660622385728859297765249826
Will Waterford finish 8th in the 2026 League of Ireland Premier Divisi,A 竞技,0.03,0.94,0.485,0.9099999999999999,0.0,0.0,0.0,50,4.5,sports_fees_v3,True,37727974706212253160118578358201754363474631478404036766333711486261936618378
Will Dundalk finish 8th in the 2026 League of Ireland Premier Division,A 竞技,0.03,0.94,0.485,0.9099999999999999,0.0,0.0,0.0,50,4.5,sports_fees_v3,True,55248900687827705768143645422561744026929199830640860971639394444321678888273
Will Shamrock Rovers finish 3rd in the 2026 League of Ireland Premier ,A 竞技,0.05,0.94,0.495,0.8899999999999999,0.0,0.0,0.0,50,4.5,sports_fees_v3,True,62157147530797582787169809088902354019033943722567503752176646871663809026096
Will Bohemians finish 3rd in the 2026 League of Ireland Premier Divisi,A 竞技,0.04,0.97,0.505,0.9299999999999999,0.0,0.0,0.0,50,4.5,sports_fees_v3,True,94336966408545666739565941673229760558155011529666915532646180838900128046376
Will St Patrick's Athletic finish 3rd in the 2026 League of Ireland Pr,A 竞技,0.02,0.96,0.49,0.94,0.0,0.0,0.0,50,4.5,sports_fees_v3,True,40562088457280912062058109545723640184335886191478849072116451002875435275876
Will Shamrock Rovers keep the most clean sheets in the 2026 League of ,A 竞技,0.03,0.96,0.495,0.9299999999999999,0.0,0.0,0.0,50,4.5,sports_fees_v3,True,12332293321668340929296579392746170853790283878810735174552444988527302958370
Will Bohemians keep the most clean sheets in the 2026 League of Irelan,A 竞技,0.03,0.97,0.5,0.94,0.0,0.0,0.0,50,4.5,sports_fees_v3,True,82662205307896798165035272658669941872555259334513729897258358315289502544436
Will St Patrick's Athletic keep the most clean sheets in the 2026 Leag,A 竞技,0.03,0.97,0.5,0.94,0.0,0.0,0.0,50,4.5,sports_fees_v3,True,33637528179379866015870609680220431967029613051580978766504289467117069097691
Will Drogheda United keep the most clean sheets in the 2026 League of ,A 竞技,0.03,0.97,0.5,0.94,0.0,0.0,0.0,50,4.5,sports_fees_v3,True,77412162066525550332329364652813323321859279959612475162906150016210241266280
Will Derry City keep the most clean sheets in the 2026 League of Irela,A 竞技,0.02,0.95,0.485,0.9299999999999999,0.0,0.0,0.0,50,4.5,sports_fees_v3,True,98547214591056422853835436098096595499936770785743397181678288536029352455393
Sligo Rovers FC vs. Saint Patrick´s Athletic FC: O/U 8.5 Total Corners,A 竞技,,1.0,,,0.0,0.0,0.0,50,4.5,sports_fees_v3,True,91863964122249148945814954786980800791637517329381293420014692994143258554308
Sligo Rovers FC vs. Saint Patrick´s Athletic FC: O/U 9.5 Total Corners,A 竞技,,1.0,,,0.0,0.0,0.0,50,4.5,sports_fees_v3,True,54894778987558238320972324624207688133293997806517367698777274603522831044366
Sligo Rovers FC vs. Saint Patrick´s Athletic FC: 1st Half O/U 4.5 Tota,A 竞技,,1.0,,,0.0,0.0,0.0,50,4.5,sports_fees_v3,True,97999244851065302970077104013425651841813228861864955765136524177548998914673
Sligo Rovers FC vs. Saint Patrick´s Athletic FC: 1st Half O/U 5.5 Tota,A 竞技,,1.0,,,0.0,0.0,0.0,50,4.5,sports_fees_v3,True,92840819494358024228720844670687349239159743860097960108344722875309729111536
Sligo Rovers FC vs. Saint Patrick´s Athletic FC: 2nd Half O/U 3.5 Tota,A 竞技,,1.0,,,0.0,0.0,0.0,50,4.5,sports_fees_v3,True,28143193385275700849756081299977030491776403609044645665241749325530789301481
Sligo Rovers FC vs. Saint Patrick´s Athletic FC: 2nd Half O/U 4.5 Tota,A 竞技,,1.0,,,0.0,0.0,0.0,50,4.5,sports_fees_v3,True,62091857876520390944932864068954701525845211147189190767989092153544335895190
Sligo Rovers FC vs. Saint Patrick´s Athletic FC: Sligo Rovers FC O/U 2,A 竞技,,1.0,,,0.0,0.0,0.0,50,4.5,sports_fees_v3,True,90656950998655002615041743766346553407966829272213809942022463398605547515269
Sligo Rovers FC vs. Saint Patrick´s Athletic FC: Sligo Rovers FC O/U 3,A 竞技,,1.0,,,0.0,0.0,0.0,50,4.5,sports_fees_v3,True,65162775607126221899029529645705642684277291820956063881613238398781529431687
Sligo Rovers FC vs. Saint Patrick´s Athletic FC: Saint Patrick´s Athle,A 竞技,,1.0,,,0.0,0.0,0.0,50,4.5,sports_fees_v3,True,20231918267495363754146143248115207359264495691205686846286201460541917360488
Sligo Rovers FC vs. Saint Patrick´s Athletic FC: Total Corners Odd or ,A 竞技,,1.0,,,0.0,0.0,0.0,50,4.5,sports_fees_v3,True,2422771362611290639097133319039320787918663737998464306754279673089430714694
Sligo Rovers FC vs. Saint Patrick´s Athletic FC: Team to Take First Co,A 竞技,,1.0,,,0.0,0.0,0.0,50,4.5,sports_fees_v3,True,4932048858061499802553047897843230913083435782653146711483677957641399981539
Will Shamrock Rovers win on 2026-10-08?,A 竞技,0.71,0.72,0.715,0.010000000000000009,793.5986630000001,1252.235532,0.0,50,4.5,sports_fees_v3,True,62962863916407843134633883858711523701927236997998971251983853203497519893624
Will Shamrock Rovers vs. Drogheda United FC end in a draw?,A 竞技,0.18,0.19,0.185,0.010000000000000009,0.0,4.761905,0.0,50,4.5,sports_fees_v3,True,2637425291746090244193472895730467661899867707743077606351070139616162026791
Will Drogheda United FC win on 2026-10-08?,A 竞技,0.1,0.11,0.10500000000000001,0.009999999999999995,398.932521,558.484016,0.0,50,4.5,sports_fees_v3,True,71185357843782813436892359422135999857927516914222643422557210024192123929044
Will Shelbourne FC win on 2026-10-09?,A 竞技,0.7,0.72,0.71,0.020000000000000018,47.55,445.384101,0.0,50,4.5,sports_fees_v3,True,61705501256033553184776810285995518520065464740363975932277880896403900454075
Will Shelbourne FC vs. Sligo Rovers FC end in a draw?,A 竞技,0.17,0.19,0.18,0.01999999999999999,0.0,1.219511,0.0,50,4.5,sports_fees_v3,True,8362921402412210684198654225966212183111622569569199028434892050059566210017
Will Sligo Rovers FC win on 2026-10-09?,A 竞技,0.1,0.11,0.10500000000000001,0.009999999999999995,24.5,328.83333400000004,0.0,50,4.5,sports_fees_v3,True,91782084893770316833552550476238987214828178189587640943971445106594274668512
Shamrock Rovers leading at halftime?,A 竞技,0.52,0.53,0.525,0.010000000000000009,0.0,0.0,0.0,50,4.5,sports_fees_v3,True,6454063584109742634274606227333629103998402755769200848938414562758239228799
Shamrock Rovers vs. Drogheda United FC: Draw at halftime?,A 竞技,0.35,0.37,0.36,0.020000000000000018,0.0,0.0,0.0,50,4.5,sports_fees_v3,True,17927181536862248899610712736177272478263371841955320530363801622739735192971
Drogheda United FC leading at halftime?,A 竞技,0.11,0.12,0.11499999999999999,0.009999999999999995,0.0,0.0,0.0,50,4.5,sports_fees_v3,True,71464228501922334914384777332869206867373532506516858311326613415989516518534
Shamrock Rovers to win the second half?,A 竞技,0.5,0.62,0.56,0.12,0.0,0.0,0.0,50,4.5,sports_fees_v3,True,15288653343554580556473255845660900321735662512388061476516357371340528094290
Shamrock Rovers vs. Drogheda United FC: Second half draw?,A 竞技,0.25,0.37,0.31,0.12,0.0,0.0,0.0,50,4.5,sports_fees_v3,True,107514582369823433090480072558373612237814747622857943304497554339684464059988
Drogheda United FC to win the second half?,A 竞技,0.07,0.19,0.13,0.12,0.0,0.0,0.0,50,4.5,sports_fees_v3,True,94890014638915602008272854967746042179523415906178723809086534261755122434738
Exact Score: Shamrock Rovers 0 - 0 Drogheda United FC?,A 竞技,0.04,0.06,0.05,0.019999999999999997,0.0,0.0,0.0,50,4.5,sports_fees_v3,True,15956229609487823893179133346991612917947619335550945960336342372815244474228
Exact Score: Shamrock Rovers 0 - 1 Drogheda United FC?,A 竞技,0.029,0.034,0.0315,0.005000000000000001,0.0,0.0,0.0,50,4.5,sports_fees_v3,True,47176551420975359285259871152827427180745947169575880795494300119565776154459
Exact Score: Shamrock Rovers 1 - 0 Drogheda United FC?,A 竞技,0.11,0.13,0.12,0.020000000000000004,0.0,0.0,0.0,50,4.5,sports_fees_v3,True,23473963256088219831520913686635949959061654658298666067791919131911368847202
Exact Score: Shamrock Rovers 0 - 2 Drogheda United FC?,A 竞技,0.01,0.014,0.012,0.004,0.0,0.0,0.0,50,4.5,sports_fees_v3,True,33335981091802556768466892943354911048263233162514612533019033257183090084060
Exact Score: Shamrock Rovers 1 - 1 Drogheda United FC?,A 竞技,0.08,0.09,0.08499999999999999,0.009999999999999995,0.0,0.0,0.0,50,4.5,sports_fees_v3,True,861998102962561279961197426948116122669026418083310695210850784494972283041
Exact Score: Shamrock Rovers 2 - 0 Drogheda United FC?,A 竞技,0.12,0.13,0.125,0.010000000000000009,0.0,0.0,0.0,50,4.5,sports_fees_v3,True,15739951843305194530179095170525830413204003623130597124343192079401601206269
Exact Score: Shamrock Rovers 0 - 3 Drogheda United FC?,A 竞技,0.002,0.005,0.0035,0.003,0.0,9.9898,0.0,50,4.5,sports_fees_v3,True,62538145996707997289828790207717104966246522510941333136254854630012952758255
Exact Score: Shamrock Rovers 1 - 2 Drogheda United FC?,A 竞技,0.029,0.035,0.032,0.006000000000000002,0.0,0.0,0.0,50,4.5,sports_fees_v3,True,69416788391846444210682309094018962443944563133163139700930698262567429453534
Will Jake Paul announce a run for public office in 2026?,A 竞技,0.06,0.5,0.28,0.44,0.0,16335.381299,0.001,50,4.5,politics_fees,True,13689017853349712618349887742505513435788993164757479111729652813078758578162
Alex Bray vs. Antraveous Ingram,A 竞技,0.003,0.999,0.501,0.996,0.0,288.7,0.0,50,4.5,sports_fees_v3,True,79842280734023011319235347013310943571709390602435684963536936353124703148540
Mauricio Lara vs. Carlos Ornelas,A 竞技,0.05,0.98,0.515,0.9299999999999999,0.0,113.6,0.0,50,4.5,sports_fees_v3,True,45820937998083153424474206447326794493833117366502013633875153232729944009709
Jhon Orobio vs. Antonio Moran,A 竞技,0.52,1.0,0.76,0.48,0.0,238.01870699999998,0.0,50,4.5,sports_fees_v3,True,17188497409848778897189002893896496463678599028096383567944975191846202733718
Lenar Perez vs. Thabiso Mchunu,A 竞技,0.011,0.999,0.505,0.988,0.0,907.3328329999999,0.0,50,4.5,sports_fees_v3,True,18703399084543024108511449035739833110270181222963216011199530708599359318459
Wyatt Sanford vs. Costin Ion,A 竞技,0.55,1.0,0.775,0.44999999999999996,0.0,1293.1863990000002,0.0,50,4.5,sports_fees_v3,True,93160324554777386990427712154147260680198254053596978015289018062734829248180
Brandon Mejia Mosqueda vs. Edwin Palomares,A 竞技,0.011,0.989,0.5,0.978,0.0,310.40016099999997,0.0,50,4.5,sports_fees_v3,True,45927763635977041810649629527027117692619462823078642170892914279106708014453
Joe Mcgrail vs. Matthew Boreland,A 竞技,0.53,1.0,0.765,0.47,0.0,108.330832,0.0,50,4.5,sports_fees_v3,True,15025972866231833762011929535035540469743026348115726030136528223536184284876
Dennis Thompson vs. Jose Casillas,A 竞技,0.511,0.99,0.7505,0.479,0.0,288.027107,0.0,50,4.5,sports_fees_v3,True,42389493245877260161584794172797121057474491092578352777477304854730546807672
Kieron Conway vs. Mark Jeffers,A 竞技,0.001,0.398,0.1995,0.397,0.0,2364.504599,0.0,50,4.5,sports_fees_v3,True,20737706863327677727773017057856690960236855578121933569218815438949961914891
"Zuffa Boxing 11: Hughes vs. Stephenson (Light Heavyweight, Main)",A 竞技,0.4,0.7,0.55,0.29999999999999993,0.0,7037.168787000002,0.0,50,4.5,sports_fees_v3,True,15095409448231972586763301966983172608101946894478000933212930893699203543712
"Zuffa Boxing 11: Allen vs. Mronsz (Women's Super Lightweight, Main)",A 竞技,0.01,0.99,0.5,0.98,0.0,0.0,0.0,50,4.5,sports_fees_v3,True,43039993871113265528148810590573327695628620729312068427605801869485395150489
Omari Jones vs. Alan Sanchez,A 竞技,0.01,1.0,0.505,0.99,0.0,226.933404,0.0,50,4.5,sports_fees_v3,True,55925088671083466917470271211730138850597467251373750794741477738200242273772
Donte Layne vs. Keithland King,A 竞技,0.998,0.999,0.9984999999999999,0.0010000000000000009,0.0,308.07537899999994,0.0,50,4.5,sports_fees_v3,True,57458460000037901637355789705518590264513640547185392264337462661112928225807
Jordan Orozco Hernandez vs. Yusniel Abrahante,A 竞技,0.99,0.999,0.9944999999999999,0.009000000000000008,0.0,121.392466,0.0,50,4.5,sports_fees_v3,True,43613461574397270230134062398005369487155084632716482875719912775012545112261
Aaron Alhambra vs. Anas Messaoudi,A 竞技,0.003,0.999,0.501,0.996,0.0,85.55,0.0,50,4.5,sports_fees_v3,True,1418929156485900840164604318034795804981739471441944604854050928567659404574
Harvey Smith vs. Joshua John,A 竞技,0.998,0.999,0.9984999999999999,0.0010000000000000009,0.0,83.8546,0.0,50,4.5,sports_fees_v3,True,8753062133719088214606721008637969963527957700005350658839412351105181883678
Jose Luis Navarro Jr. vs. Damian Biacho,A 竞技,0.41,0.99,0.7,0.5800000000000001,0.0,3295.6867280000006,0.0,50,4.5,sports_fees_v3,True,73639164488856509407374746835086066167027016488782950814811666673922749996633
Jose Luis Russell Regalado vs. Rene Calixto Bibiano,A 竞技,0.001,0.999,0.5,0.998,0.0,189.276628,0.0,50,4.5,sports_fees_v3,True,19348722659495612685227690440845271861987712234619651203107410190299069743733
Luis Santana vs. Dzmitry Asanau,A 竞技,0.08,0.15,0.11499999999999999,0.06999999999999999,0.0,118.35816100000001,0.0,50,4.5,sports_fees_v3,True,36854765829452914534393277511742649465260273250019943317145359015761583732256
Osleys Iglesias vs. Oliver Zaren,A 竞技,0.91,0.96,0.935,0.04999999999999993,0.0,55.030167000000006,0.0,50,4.5,sports_fees_v3,True,39033346625636754489638463513031808551533908906754312280020267352027974298899
Imam Khataev vs. Padraig McCrory,A 竞技,0.92,0.96,0.94,0.039999999999999925,20.845,141.237119,0.0,50,4.5,sports_fees_v3,True,93443031241499765534166662297853509707782345151820766579040425774542853839092
Wilkens Mathieu vs. Vladimir Shishkin,A 竞技,0.88,0.92,0.9,0.040000000000000036,0.0,43.661429,0.0,50,4.5,sports_fees_v3,True,80797675331558071557176139070776662456324641448831990068892800998191281653507
Zaur Abdullaev vs. Khariton Agrba,A 竞技,0.17,0.82,0.495,0.6499999999999999,0.0,0.0,0.0,50,4.5,sports_fees_v3,True,104889702593424712666155434185698711449605762286813386009975656437962840493795
Floyd Schofield vs. Lucas Bahdi,A 竞技,0.81,0.89,0.8500000000000001,0.07999999999999996,0.0,28.05,0.0,50,4.5,sports_fees_v3,True,12136664879421213548461603210037465337664692882960245744269533023270220310565
Thomas Chabot vs. Jose Antonio Sanchez Romero,A 竞技,0.92,0.95,0.935,0.029999999999999916,110.666667,110.666667,0.0,50,4.5,sports_fees_v3,True,93584580498697430529513819520980087394538879147421133059619842772947583153079
Leila Beaudoin vs. Brisa Alfonzo,A 竞技,0.9,0.94,0.9199999999999999,0.039999999999999925,0.0,0.0,0.0,50,4.5,sports_fees_v3,True,22571307424042283407109305793427122569282089415197039762706669761149568192994
FC Kairat Almaty vs. FC Ordabasy: Team to Take First Corner,A 竞技,,1.0,,,0.0,0.0,0.0,50,4.5,sports_fees_v3,True,1623754729132939257579542712557300042088958402369752390820573944274634295934
Tobol Kostanay vs. FK Atyrau: 2nd Half O/U 4.5 Total Corners,A 竞技,,1.0,,,0.0,0.0,0.0,50,4.5,sports_fees_v3,True,113851381637318736889114358503305942216825007557993149244697326117221517757092
Tobol Kostanay vs. FK Atyrau: Team to Take First Corner,A 竞技,,1.0,,,0.0,0.0,0.0,50,4.5,sports_fees_v3,True,36968016258817964826030242992088402863340294019630257694280635133744226800207
FC Aktobe vs. FC Okzhetpes: Team to Take First Corner,A 竞技,,1.0,,,0.0,0.0,0.0,50,4.5,sports_fees_v3,True,105865705862337313488044414275742926557326452313378559787628809230777989535772
Ulytau FC vs. FC Irtysh Pavlodar: O/U 12.5 Total Corners,A 竞技,,1.0,,,0.0,0.0,0.0,50,4.5,sports_fees_v3,True,86954188890281230034191636399321675824626324140049420730983232510231656174879
Ulytau FC vs. FC Irtysh Pavlodar: 1st Half O/U 3.5 Total Corners,A 竞技,,1.0,,,0.0,0.0,0.0,50,4.5,sports_fees_v3,True,55863452877789730035120418885474818932478198484607789973690924555032605237003
Ulytau FC vs. FC Irtysh Pavlodar: FC Irtysh Pavlodar O/U 5.5 Corners,A 竞技,,1.0,,,0.0,0.0,0.0,50,4.5,sports_fees_v3,True,103255414005779215318006576048355662187833508104648817283603984406142609154212
Ulytau FC vs. FC Irtysh Pavlodar: Total Corners Odd or Even?,A 竞技,,1.0,,,0.0,0.0,0.0,50,4.5,sports_fees_v3,True,99300359851552665213352458274710848329611285307843205894542633839955851913890
Ulytau FC vs. FC Irtysh Pavlodar: Team to Take First Corner,A 竞技,,1.0,,,0.0,0.0,0.0,50,4.5,sports_fees_v3,True,26108779317465552064167985273899013743104247484356788039866472900374280200478
Zhetysu Taldykorgan vs. FC Kyzylzhar SK: Team to Take First Corner,A 竞技,,1.0,,,0.0,0.0,0.0,50,4.5,sports_fees_v3,True,30253565259746192953230142538444257025792567997237592796505007021727759248562
FC Kaspiy Aktau vs. FC Zhenis: O/U 13.5 Total Corners,A 竞技,,1.0,,,0.0,0.0,0.0,50,4.5,sports_fees_v3,True,111810918503800563385607777343787218135166552367392652902307957977815477809503
FC Kaspiy Aktau vs. FC Zhenis: 2nd Half O/U 3.5 Total Corners,A 竞技,,1.0,,,0.0,0.0,0.0,50,4.5,sports_fees_v3,True,58858394280672004936920051061611181304572558109414339497025369605508573596671
FC Kaspiy Aktau vs. FC Zhenis: 2nd Half O/U 4.5 Total Corners,A 竞技,,1.0,,,0.0,0.0,0.0,50,4.5,sports_fees_v3,True,65785937632605792262656403844934817621764824587566655638404110124154677451120
FC Kaspiy Aktau vs. FC Zhenis: 2nd Half O/U 5.5 Total Corners,A 竞技,,1.0,,,0.0,0.0,0.0,50,4.5,sports_fees_v3,True,71356621876179155649410898302562095884817862002010591667629313417526138341138
FC Kaspiy Aktau vs. FC Zhenis: Total Corners Odd or Even?,A 竞技,,1.0,,,0.0,0.0,0.0,50,4.5,sports_fees_v3,True,27873802640510793132506901206433631682580534238963639807025129699999578353150
FC Kaspiy Aktau vs. FC Zhenis: Team to Take First Corner,A 竞技,,1.0,,,0.0,0.0,0.0,50,4.5,sports_fees_v3,True,14345668720620691842059067953900213565000420326592672054989375876592440041353
Ulytau FC vs. FC Astana: Team to Take First Corner,A 竞技,,1.0,,,0.0,0.0,0.0,50,4.5,sports_fees_v3,True,66050926278439144746256393423576941965553199909540046956048496248813966541735
FK Atyrau vs. Zhetysu Taldykorgan: Team to Take First Corner,A 竞技,,1.0,,,0.0,0.0,0.0,50,4.5,sports_fees_v3,True,45178877349957761918258943790646163157679766609395022852218825947064225571252
FC Ordabasy vs. Tobol Kostanay: Team to Take First Corner,A 竞技,,1.0,,,0.0,0.0,0.0,50,4.5,sports_fees_v3,True,16951826761036348738957302705497048475646990744928439388874948329300344655317
FC Kairat Almaty vs. FC Zhenis: O/U 7.5 Total Corners,A 竞技,,1.0,,,0.0,0.0,0.0,50,4.5,sports_fees_v3,True,109789655870000827161986951099614958477052462445698369823924413072592478270908
FC Kairat Almaty vs. FC Zhenis: O/U 8.5 Total Corners,A 竞技,,1.0,,,0.0,0.0,0.0,50,4.5,sports_fees_v3,True,84926252900264917242824182791743832632615531207960133120875022276527919813179
FC Kairat Almaty vs. FC Zhenis: O/U 9.5 Total Corners,A 竞技,,1.0,,,0.0,0.0,0.0,50,4.5,sports_fees_v3,True,84225195523529515164469779240453413844124019379354951641935189909994054145481
FC Kairat Almaty vs. FC Zhenis: O/U 10.5 Total Corners,A 竞技,,1.0,,,0.0,0.0,0.0,50,4.5,sports_fees_v3,True,79140138314070266938247533766869113471164539992037926094333637014998402197661
FC Kairat Almaty vs. FC Zhenis: O/U 11.5 Total Corners,A 竞技,,1.0,,,0.0,0.0,0.0,50,4.5,sports_fees_v3,True,57762376570167526491204107886335010683016555642471122136642696344897093367580
FC Kairat Almaty vs. FC Zhenis: O/U 12.5 Total Corners,A 竞技,,1.0,,,0.0,0.0,0.0,50,4.5,sports_fees_v3,True,62997992661949804584947150797664383049280143438813767825738963430728653167655
FC Kairat Almaty vs. FC Zhenis: O/U 13.5 Total Corners,A 竞技,,1.0,,,0.0,0.0,0.0,50,4.5,sports_fees_v3,True,43185751961891999939253899366401163697690815536634366416144996228392563695940
FC Kairat Almaty vs. FC Zhenis: 1st Half O/U 3.5 Total Corners,A 竞技,,1.0,,,0.0,0.0,0.0,50,4.5,sports_fees_v3,True,27879283983552651921087955799090547652800491107098418377007812216165674986704
FC Kairat Almaty vs. FC Zhenis: 1st Half O/U 4.5 Total Corners,A 竞技,,1.0,,,0.0,0.0,0.0,50,4.5,sports_fees_v3,True,100038837567582938930160760211688949417019857646968733747582551834912093183556
FC Kairat Almaty vs. FC Zhenis: 1st Half O/U 5.5 Total Corners,A 竞技,,1.0,,,0.0,0.0,0.0,50,4.5,sports_fees_v3,True,78589112535462912050068097689945603089802441287093019531398174954708098978175
FC Kairat Almaty vs. FC Zhenis: 2nd Half O/U 3.5 Total Corners,A 竞技,,1.0,,,0.0,0.0,0.0,50,4.5,sports_fees_v3,True,2185125949780523328679830010947525645282571755543260229705413695676973095221
FC Kairat Almaty vs. FC Zhenis: 2nd Half O/U 4.5 Total Corners,A 竞技,,1.0,,,0.0,0.0,0.0,50,4.5,sports_fees_v3,True,86684298505832968264752062534088921423914414028688740301148434558534382917363
FC Kairat Almaty vs. FC Zhenis: 2nd Half O/U 5.5 Total Corners,A 竞技,,1.0,,,0.0,0.0,0.0,50,4.5,sports_fees_v3,True,89555447617683761345940715116558117348678532555743561263122948086289572898078
FC Kairat Almaty vs. FC Zhenis: FC Kairat Almaty O/U 2.5 Corners,A 竞技,,1.0,,,0.0,0.0,0.0,50,4.5,sports_fees_v3,True,83259768436001648683908476824541792227348874616327593268318339052153276448587
FC Kairat Almaty vs. FC Zhenis: FC Kairat Almaty O/U 3.5 Corners,A 竞技,,1.0,,,0.0,0.0,0.0,50,4.5,sports_fees_v3,True,105894670322828069872117561575743126327616199414505989116850610726228246999571
FC Kairat Almaty vs. FC Zhenis: FC Kairat Almaty O/U 4.5 Corners,A 竞技,,1.0,,,0.0,0.0,0.0,50,4.5,sports_fees_v3,True,53406354284172992084506650341204511673326567884656518883050931800587447772188
FC Kairat Almaty vs. FC Zhenis: FC Kairat Almaty O/U 5.5 Corners,A 竞技,,1.0,,,0.0,0.0,0.0,50,4.5,sports_fees_v3,True,58364727596126198433205058671151175540347147235016714874212278053342843131900
FC Kairat Almaty vs. FC Zhenis: FC Zhenis O/U 2.5 Corners,A 竞技,,1.0,,,0.0,0.0,0.0,50,4.5,sports_fees_v3,True,94087797845867349770529201716333388901946801353867954407961075616148365472404
FC Kairat Almaty vs. FC Zhenis: FC Zhenis O/U 3.5 Corners,A 竞技,,1.0,,,0.0,0.0,0.0,50,4.5,sports_fees_v3,True,34201170013485352864234489199814086166098541466032110303087947855645904677308
FC Kairat Almaty vs. FC Zhenis: FC Zhenis O/U 4.5 Corners,A 竞技,,1.0,,,0.0,0.0,0.0,50,4.5,sports_fees_v3,True,13900066647517320698180998138389583624781910102363864551705620870619280480725
FC Kairat Almaty vs. FC Zhenis: FC Zhenis O/U 5.5 Corners,A 竞技,,1.0,,,0.0,0.0,0.0,50,4.5,sports_fees_v3,True,72036686947338240348722750430166764307736635463565577989527684905891638711977
FC Kairat Almaty vs. FC Zhenis: Total Corners Odd or Even?,A 竞技,,1.0,,,0.0,0.0,0.0,50,4.5,sports_fees_v3,True,38787111372630996300926638499635152637206824589377558158458512960450248493786
FC Kairat Almaty vs. FC Zhenis: Team to Take First Corner,A 竞技,,1.0,,,0.0,0.0,0.0,50,4.5,sports_fees_v3,True,63671058532301077600570363925486190447686937064101984060693393906599269416269
Zhetysu Taldykorgan vs. FC Ordabasy: O/U 7.5 Total Corners,A 竞技,0.001,0.999,0.5,0.998,0.0,0.0,0.0,50,4.5,sports_fees_v3,True,17392646511776638142020846259313060726333811364993229572849877915054906919936
Zhetysu Taldykorgan vs. FC Ordabasy: O/U 8.5 Total Corners,A 竞技,0.001,0.999,0.5,0.998,0.0,0.0,0.0,50,4.5,sports_fees_v3,True,13826422468371910080540413872093880406530264435696586147503601381181471733845
Zhetysu Taldykorgan vs. FC Ordabasy: O/U 9.5 Total Corners,A 竞技,0.001,0.999,0.5,0.998,0.0,0.0,0.0,50,4.5,sports_fees_v3,True,32576598695357570181839917346095260489512727318937529375928655565946595940874
Zhetysu Taldykorgan vs. FC Ordabasy: O/U 10.5 Total Corners,A 竞技,0.001,0.999,0.5,0.998,0.0,0.0,0.0,50,4.5,sports_fees_v3,True,79754820428133527926432355640192339114067559458368816294748335897286060207380
Zhetysu Taldykorgan vs. FC Ordabasy: O/U 11.5 Total Corners,A 竞技,0.001,0.999,0.5,0.998,0.0,0.0,0.0,50,4.5,sports_fees_v3,True,83211650138525541745858090730582741302486609986886109927553894480151406823154
Zhetysu Taldykorgan vs. FC Ordabasy: O/U 12.5 Total Corners,A 竞技,0.001,0.999,0.5,0.998,0.0,0.0,0.0,50,4.5,sports_fees_v3,True,67420102938056595850067414736760162215130886349024045668021244048581948401442
Zhetysu Taldykorgan vs. FC Ordabasy: O/U 13.5 Total Corners,A 竞技,0.001,0.999,0.5,0.998,0.0,0.0,0.0,50,4.5,sports_fees_v3,True,99717267557289621931157179208949082523788614445053113460382046312721222984988
Zhetysu Taldykorgan vs. FC Ordabasy: 1st Half O/U 3.5 Total Corners,A 竞技,0.001,0.999,0.5,0.998,0.0,0.0,0.0,50,4.5,sports_fees_v3,True,115289353139226973468393870727691296725965365062870708920820484668729032239970
Zhetysu Taldykorgan vs. FC Ordabasy: 1st Half O/U 4.5 Total Corners,A 竞技,0.001,0.999,0.5,0.998,0.0,0.0,0.0,50,4.5,sports_fees_v3,True,71937942323060477219903522985754095996163708916848991448867832401741116415238
Zhetysu Taldykorgan vs. FC Ordabasy: 1st Half O/U 5.5 Total Corners,A 竞技,0.001,0.999,0.5,0.998,0.0,0.0,0.0,50,4.5,sports_fees_v3,True,16191130325485194558061942749457453493378390028109236620918475523129514298118
Zhetysu Taldykorgan vs. FC Ordabasy: 2nd Half O/U 3.5 Total Corners,A 竞技,0.001,0.999,0.5,0.998,0.0,0.0,0.0,50,4.5,sports_fees_v3,True,65893801918435462908568925701410055620526054653068645467259008388998958226822
Zhetysu Taldykorgan vs. FC Ordabasy: 2nd Half O/U 4.5 Total Corners,A 竞技,0.001,0.999,0.5,0.998,0.0,0.0,0.0,50,4.5,sports_fees_v3,True,115346263371847725394670311194510635761432534779371846771880847076377661759906
Zhetysu Taldykorgan vs. FC Ordabasy: 2nd Half O/U 5.5 Total Corners,A 竞技,0.001,0.999,0.5,0.998,0.0,0.0,0.0,50,4.5,sports_fees_v3,True,37379768266873359847517862302790770798654097050748732747940966694112177533398
Zhetysu Taldykorgan vs. FC Ordabasy: Zhetysu Taldykorgan O/U 2.5 Corne,A 竞技,0.001,0.999,0.5,0.998,0.0,0.0,0.0,50,4.5,sports_fees_v3,True,53651499114691467282335059466401904267996272459219949566932140528506572613636
Zhetysu Taldykorgan vs. FC Ordabasy: Zhetysu Taldykorgan O/U 3.5 Corne,A 竞技,0.001,0.999,0.5,0.998,0.0,0.0,0.0,50,4.5,sports_fees_v3,True,44100752696672687409403931698883509019775892775949407779628313418356844836103
Zhetysu Taldykorgan vs. FC Ordabasy: Zhetysu Taldykorgan O/U 4.5 Corne,A 竞技,0.001,0.999,0.5,0.998,0.0,0.0,0.0,50,4.5,sports_fees_v3,True,93914389978815718276983797880123740502475009877501231567771308864987847357546
Zhetysu Taldykorgan vs. FC Ordabasy: Zhetysu Taldykorgan O/U 5.5 Corne,A 竞技,0.001,0.999,0.5,0.998,0.0,0.0,0.0,50,4.5,sports_fees_v3,True,2698970417241350748451699016975384375183986422436866421701626008797315101538
Zhetysu Taldykorgan vs. FC Ordabasy: FC Ordabasy O/U 2.5 Corners,A 竞技,0.001,0.999,0.5,0.998,0.0,0.0,0.0,50,4.5,sports_fees_v3,True,19719216913222141490128158943947095750132799371832604712347971268931486020649
Zhetysu Taldykorgan vs. FC Ordabasy: FC Ordabasy O/U 3.5 Corners,A 竞技,0.001,0.999,0.5,0.998,0.0,0.0,0.0,50,4.5,sports_fees_v3,True,100977649276040179634932555256998132201382365300467753933580796372187622816328
Zhetysu Taldykorgan vs. FC Ordabasy: FC Ordabasy O/U 4.5 Corners,A 竞技,0.001,0.999,0.5,0.998,0.0,0.0,0.0,50,4.5,sports_fees_v3,True,78458734964497361779289825232104103814493912814791964355519288269781003347369
Zhetysu Taldykorgan vs. FC Ordabasy: FC Ordabasy O/U 5.5 Corners,A 竞技,0.001,0.999,0.5,0.998,0.0,0.0,0.0,50,4.5,sports_fees_v3,True,18857044958128348161859252419742630849000566492956169774961690937277064651989
Zhetysu Taldykorgan vs. FC Ordabasy: Total Corners Odd or Even?,A 竞技,0.001,0.999,0.5,0.998,0.0,0.0,0.0,50,4.5,sports_fees_v3,True,31315044353105300828042270895168175294801741080150971549190129266014317871581
Zhetysu Taldykorgan vs. FC Ordabasy: Team to Take First Corner,A 竞技,0.001,0.999,0.5,0.998,0.0,0.0,0.0,50,4.5,sports_fees_v3,True,47054540605166056522031063004875303034294250985529081739350749297697065826369
FC Yelimai vs. FC Irtysh Pavlodar: Team to Take First Corner,A 竞技,0.001,0.999,0.5,0.998,0.0,0.0,0.0,50,4.5,sports_fees_v3,True,55566336867934022757679245843341986878570519145975133792383108333302892813289
Tobol Kostanay vs. Kaisar Kyzylorda: O/U 7.5 Total Corners,A 竞技,,1.0,,,0.0,0.0,0.0,50,4.5,sports_fees_v3,True,98491419095395408686966092836934877749708757048830847821204416577320322412580
Tobol Kostanay vs. Kaisar Kyzylorda: O/U 8.5 Total Corners,A 竞技,,1.0,,,0.0,0.0,0.0,50,4.5,sports_fees_v3,True,13372675833069421898341784063333592072737201747041039285281857183013378697291
Tobol Kostanay vs. Kaisar Kyzylorda: O/U 9.5 Total Corners,A 竞技,,1.0,,,0.0,0.0,0.0,50,4.5,sports_fees_v3,True,69021878716131983133421601333988382954032879866839438507136364733997291675867
Tobol Kostanay vs. Kaisar Kyzylorda: O/U 10.5 Total Corners,A 竞技,,1.0,,,0.0,0.0,0.0,50,4.5,sports_fees_v3,True,103138021224535783418318418744924662872364476006018513006498057501759810647930
Tobol Kostanay vs. Kaisar Kyzylorda: O/U 11.5 Total Corners,A 竞技,,1.0,,,0.0,0.0,0.0,50,4.5,sports_fees_v3,True,111762720793672492677256461358803103544745924188155228566870652534463653034566
Tobol Kostanay vs. Kaisar Kyzylorda: O/U 12.5 Total Corners,A 竞技,,1.0,,,0.0,0.0,0.0,50,4.5,sports_fees_v3,True,85267535683154769335319422395084328312547577312970834100246090903366757980096
Tobol Kostanay vs. Kaisar Kyzylorda: O/U 13.5 Total Corners,A 竞技,,1.0,,,0.0,0.0,0.0,50,4.5,sports_fees_v3,True,36784875268318705287140625254502341000067199300095960573488461593159703081495
Tobol Kostanay vs. Kaisar Kyzylorda: 1st Half O/U 3.5 Total Corners,A 竞技,,1.0,,,0.0,0.0,0.0,50,4.5,sports_fees_v3,True,669391714514453536941129215345048898349489094177090431905498186609461766532
Tobol Kostanay vs. Kaisar Kyzylorda: 1st Half O/U 4.5 Total Corners,A 竞技,,1.0,,,0.0,0.0,0.0,50,4.5,sports_fees_v3,True,25391456310656956054578467151870730901272796710114886829570914509075431594133
Tobol Kostanay vs. Kaisar Kyzylorda: 1st Half O/U 5.5 Total Corners,A 竞技,,1.0,,,0.0,0.0,0.0,50,4.5,sports_fees_v3,True,10351958719071539132853580272876214559991893194448626241487943434475938331624
Tobol Kostanay vs. Kaisar Kyzylorda: 2nd Half O/U 3.5 Total Corners,A 竞技,,1.0,,,0.0,0.0,0.0,50,4.5,sports_fees_v3,True,85634322481341184831425546597917113286110896645520554730948216315876402063574
Tobol Kostanay vs. Kaisar Kyzylorda: 2nd Half O/U 4.5 Total Corners,A 竞技,,1.0,,,0.0,0.0,0.0,50,4.5,sports_fees_v3,True,94097365387254937884123036254039882116678878613338752811471512904783608671852
Tobol Kostanay vs. Kaisar Kyzylorda: 2nd Half O/U 5.5 Total Corners,A 竞技,,1.0,,,0.0,0.0,0.0,50,4.5,sports_fees_v3,True,85929998822271341600696521022183716228186694456894020175548363157181435304089
Tobol Kostanay vs. Kaisar Kyzylorda: Tobol Kostanay O/U 2.5 Corners,A 竞技,,1.0,,,0.0,0.0,0.0,50,4.5,sports_fees_v3,True,15773788502186440553991113591204066589839769863766408992924716069332085043625
Tobol Kostanay vs. Kaisar Kyzylorda: Tobol Kostanay O/U 3.5 Corners,A 竞技,,1.0,,,0.0,0.0,0.0,50,4.5,sports_fees_v3,True,6083885879717927648254831152778786998457061478183728575617198734885256483785
Tobol Kostanay vs. Kaisar Kyzylorda: Tobol Kostanay O/U 4.5 Corners,A 竞技,,1.0,,,0.0,0.0,0.0,50,4.5,sports_fees_v3,True,87155593570568812433396159495639551133358757376356832686724710670164639865617
Tobol Kostanay vs. Kaisar Kyzylorda: Tobol Kostanay O/U 5.5 Corners,A 竞技,,1.0,,,0.0,0.0,0.0,50,4.5,sports_fees_v3,True,91342361378557736873340667360303819895931757885816139384544181424463331098815
Tobol Kostanay vs. Kaisar Kyzylorda: Kaisar Kyzylorda O/U 2.5 Corners,A 竞技,,1.0,,,0.0,0.0,0.0,50,4.5,sports_fees_v3,True,31493976590332739272415962026918087147047110713330275161359917003699994452127
Tobol Kostanay vs. Kaisar Kyzylorda: Kaisar Kyzylorda O/U 3.5 Corners,A 竞技,,1.0,,,0.0,0.0,0.0,50,4.5,sports_fees_v3,True,82994782045688895402557142149955152598979384086755194971996492584452939828797
Tobol Kostanay vs. Kaisar Kyzylorda: Kaisar Kyzylorda O/U 4.5 Corners,A 竞技,,1.0,,,0.0,0.0,0.0,50,4.5,sports_fees_v3,True,20711889123229342768665475449989115836584437139706099757346902003543433187081
Tobol Kostanay vs. Kaisar Kyzylorda: Kaisar Kyzylorda O/U 5.5 Corners,A 竞技,,1.0,,,0.0,0.0,0.0,50,4.5,sports_fees_v3,True,65693518363062686867424855522541729636218452468171581955279576749355303702455
Tobol Kostanay vs. Kaisar Kyzylorda: Total Corners Odd or Even?,A 竞技,,1.0,,,0.0,0.0,0.0,50,4.5,sports_fees_v3,True,110809389062405364907449925286758410506100726819703327733019535482503546434244
Tobol Kostanay vs. Kaisar Kyzylorda: Team to Take First Corner,A 竞技,,1.0,,,0.0,0.0,0.0,50,4.5,sports_fees_v3,True,114514154295071979092398035625962763876440036836539903054001435297518921409070
FC Astana vs. FC Okzhetpes: Team to Take First Corner,A 竞技,0.001,0.999,0.5,0.998,0.0,0.0,0.0,50,4.5,sports_fees_v3,True,38782655130249423726398441028932878339952069773373419600889458096130651992055
FC Kaspiy Aktau vs. Ulytau FC: Team to Take First Corner,A 竞技,0.001,0.999,0.5,0.998,0.0,0.0,0.0,50,4.5,sports_fees_v3,True,47931936889988454611323570041229731662277141754791556520942316956374101578872
FC Altai Oskemen vs. FC Kyzylzhar SK: Team to Take First Corner,A 竞技,0.001,0.999,0.5,0.998,0.0,0.0,0.0,50,4.5,sports_fees_v3,True,9211826587356329657603963525217477768771518968501512140701893072614347345395
Will FC Kairat win the 2026 Kazakhstan Premier League?,A 竞技,0.02,0.98,0.5,0.96,0.0,0.0,0.0,50,4.5,sports_fees_v3,True,104478190071131027887898541407282838724387500522772709097191093027955071152776
Will FC Astana win the 2026 Kazakhstan Premier League?,A 竞技,0.02,0.98,0.5,0.96,0.0,0.0,0.0,50,4.5,sports_fees_v3,True,66339001774519149920534339482114019951916988547416883882906861531254890467783
Will FC Ordabasy win the 2026 Kazakhstan Premier League?,A 竞技,0.02,0.97,0.495,0.95,0.0,0.0,0.0,50,4.5,sports_fees_v3,True,77939752290581905697283768867325481215051657378266290867343625925969578892471
Will FC Kairat be runner-up in the 2026 Kazakhstan Premier League?,A 竞技,0.02,0.98,0.5,0.96,0.0,0.0,0.0,50,4.5,sports_fees_v3,True,87053777286155296512156652796576358768997613089021100597246522940518485576503
Will FC Astana be runner-up in the 2026 Kazakhstan Premier League?,A 竞技,0.02,0.98,0.5,0.96,0.0,0.0,0.0,50,4.5,sports_fees_v3,True,72281113644614093681544125343602596023551787041073246382793409326289956000319
Will FC Ordabasy be runner-up in the 2026 Kazakhstan Premier League?,A 竞技,0.02,0.97,0.495,0.95,0.0,0.0,0.0,50,4.5,sports_fees_v3,True,113260442330604098201053985271467442659906957628180991893511176036219372569400
Will FC Okzhetpes be runner-up in the 2026 Kazakhstan Premier League?,A 竞技,0.005,0.855,0.43,0.85,0.0,99.75,0.0,50,4.5,sports_fees_v3,True,2520501631687393782811579401562703643748533941092959766575762475326396624868
FC Kairat Almaty vs. Ulytau FC: O/U 7.5 Total Corners,A 竞技,0.001,0.999,0.5,0.998,0.0,0.0,0.0,50,4.5,sports_fees_v3,True,6005817549834162142535686820466626781258389479655408232129666819506661499661
MODUS Super Series: Andreas Harrysson vs Danny Ayres,A 竞技,0.06,0.19,0.125,0.13,0.0,0.0,0.0,50,4.5,sports_fees_v3,True,7059464086204622472586256597277230241304086668094208032482569794869244843120
MODUS Super Series: Alex Spellman vs Harrison Leigh,A 竞技,0.47,0.93,0.7,0.4600000000000001,64.887273,64.887273,0.0,50,4.5,sports_fees_v3,True,39757404723902113839275462076752308793374252920250968266158193624125084677941
MODUS Super Series: Conor Heneghan vs Oliver Mitchell,A 竞技,0.28,0.42,0.35,0.13999999999999996,0.0,0.0,0.0,50,4.5,sports_fees_v3,True,58439743681424148798781753392600190614783114547355159346165971019966211611214
MODUS Super Series: Harrison Leigh vs Andreas Harrysson,A 竞技,0.6,0.74,0.6699999999999999,0.14,0.0,0.0,0.0,50,4.5,sports_fees_v3,True,87047399234801113726674962782358193589620990620298228458394701875710510252407
MODUS Super Series: Danny Ayres vs Conor Heneghan,A 竞技,0.56,0.7,0.63,0.1399999999999999,0.0,0.0,0.0,50,4.5,sports_fees_v3,True,111415058101470819326937101760585269376721403992761364503102103493715951458272
MODUS Super Series: Oliver Mitchell vs Alex Spellman,A 竞技,0.57,0.63,0.6,0.06000000000000005,0.0,0.0,0.0,50,4.5,sports_fees_v3,True,25759904388223032436239331613090938263112096894958025988093873954674356399684
MODUS Super Series: Conor Heneghan vs Andreas Harrysson,A 竞技,0.64,0.78,0.71,0.14,0.0,0.0,0.0,50,4.5,sports_fees_v3,True,77222597257712592354716679299392644385742913942680078140045307994609029231714
MODUS Super Series: Oliver Mitchell vs Harrison Leigh,A 竞技,0.53,0.67,0.6000000000000001,0.14,0.0,0.0,0.0,50,4.5,sports_fees_v3,True,4724279770497467684721548139321762614073611855068497721993550127967645892054
MODUS Super Series: Alex Spellman vs Danny Ayres,A 竞技,0.24,0.3,0.27,0.06,0.0,0.0,0.0,50,4.5,sports_fees_v3,True,84430945784858530744956768360120241671085241388119415549844599903636197584152
MODUS Super Series: Harrison Leigh vs Conor Heneghan,A 竞技,0.37,0.51,0.44,0.14,0.0,0.0,0.0,50,4.5,sports_fees_v3,True,70550445916288711332329724871767793277784051296355142088078176358189383100811
MODUS Super Series: Andreas Harrysson vs Alex Spellman,A 竞技,0.17,0.58,0.375,0.4099999999999999,291.37224399999997,291.372244,0.0,50,4.5,sports_fees_v3,True,65142022763160237396106875353704321888305094399296777857679890651220373590582
MODUS Super Series: Danny Ayres vs Oliver Mitchell,A 竞技,0.47,0.61,0.54,0.14,0.0,0.0,0.0,50,4.5,sports_fees_v3,True,48814369002696705547452287387609415259242849978540395695227474987548941969304
MODUS Super Series: Conor Heneghan vs Alex Spellman,A 竞技,0.35,0.51,0.43,0.16000000000000003,386.793958,386.793958,0.0,50,4.5,sports_fees_v3,True,42483361062809028010892452864435631878869204027702372151206442328239545296977
MODUS Super Series: Harrison Leigh vs Danny Ayres,A 竞技,0.21,0.34,0.275,0.13000000000000003,0.0,0.0,0.0,50,4.5,sports_fees_v3,True,87100065915116762021476437976653727002783556523226858387519614278676572311325
MODUS Super Series: Oliver Mitchell vs Andreas Harrysson,A 竞技,0.75,0.89,0.8200000000000001,0.14,0.0,0.0,0.0,50,4.5,sports_fees_v3,True,86500695857769791154246193158897858395195433779335096468404957988610904962505
MODUS Super Series: Danny Trueman vs Danny Lauby,A 竞技,0.57,0.71,0.6399999999999999,0.14,0.0,0.0,0.0,50,4.5,sports_fees_v3,True,80667521262927030033781345653571549586854176171818112887907225440734830846922
MODUS Super Series: Niek Tuik vs Lee Cocks,A 竞技,0.38,0.53,0.455,0.15000000000000002,0.0,0.0,0.0,50,4.5,sports_fees_v3,True,72914852909942882549387269148901485311922815516971899141556296111671712759984
MODUS Super Series: Danny Lauby vs William Borland,A 竞技,0.22,0.34,0.28,0.12000000000000002,0.0,0.0,0.0,50,4.5,sports_fees_v3,True,41900447969682438072333977681686789680227634051615347408742379364723192378896
MODUS Super Series: Lee Cocks vs Danny Trueman,A 竞技,0.43,0.57,0.5,0.13999999999999996,0.0,0.0,0.0,50,4.5,sports_fees_v3,True,92709374933444500680335140110550582199681032981715538103612692947155583569452
MODUS Super Series: William Borland vs Niek Tuik,A 竞技,0.5,0.53,0.515,0.030000000000000027,142.18,142.18,0.0,50,4.5,sports_fees_v3,True,70914782389109172837865339894914521361078501797239052220824303984314650375302
MODUS Super Series: Lee Cocks vs Danny Lauby,A 竞技,0.59,0.72,0.655,0.13,0.0,0.0,0.0,50,4.5,sports_fees_v3,True,115185379727170130885942638841204442816906151848283027433201425170492464532069
MODUS Super Series: Niek Tuik vs Danny Trueman,A 竞技,0.41,0.48,0.44499999999999995,0.07,356.996364,356.996364,0.0,50,4.5,sports_fees_v3,True,69681333521350648927450199491072975607042958360062820855301867808768286103519
MODUS Super Series: William Borland vs Lee Cocks,A 竞技,0.38,0.53,0.455,0.15000000000000002,0.0,0.0,0.0,50,4.5,sports_fees_v3,True,30908580980771277464554159275937612400585870351597003412626075926273071611111
MODUS Super Series: Danny Lauby vs Niek Tuik,A 竞技,0.32,0.34,0.33,0.020000000000000018,254.251174,254.251174,0.0,50,4.5,sports_fees_v3,True,36575193886284777078864778908494840573526290744375939013905911540117051068190
MODUS Super Series: Danny Trueman vs William Borland,A 竞技,0.47,0.51,0.49,0.040000000000000036,0.0,0.0,0.0,50,4.5,sports_fees_v3,True,87825691630497932239814462386660650893612053397731768477409294483160080420615
MODUS Super Series: Andreas Harrysson vs Oliver Mitchell,A 竞技,0.09,0.32,0.20500000000000002,0.23,0.0,0.0,0.0,50,4.5,sports_fees_v3,True,449979073335060825468591126301348880575389975158756209366091616567275327784
MODUS Super Series: Danny Ayres vs Harrison Leigh,A 竞技,0.57,0.8,0.685,0.2300000000000001,0.0,0.0,0.0,50,4.5,sports_fees_v3,True,102817332608617045115092197307050088993474053314481926471044785490058093961304
MODUS Super Series: Alex Spellman vs Conor Heneghan,A 竞技,0.02,0.66,0.34,0.64,0.0,0.0,0.0,50,4.5,sports_fees_v3,True,92988219291092855041864448490075033319956047776152403881217868860222389266952
MODUS Super Series: Oliver Mitchell vs Danny Ayres,A 竞技,0.28,0.98,0.63,0.7,0.0,0.0,0.0,50,4.5,sports_fees_v3,True,46739826401690505197970030295921974584343868836473849234016552512280759046543
MODUS Super Series: Alex Spellman vs Andreas Harrysson,A 竞技,0.61,0.83,0.72,0.21999999999999997,0.0,0.0,0.0,50,4.5,sports_fees_v3,True,946729309743468253022905397184551438612610969433213946954384276626961632329
MODUS Super Series: Conor Heneghan vs Harrison Leigh,A 竞技,0.31,0.98,0.645,0.6699999999999999,0.0,0.0,0.0,50,4.5,sports_fees_v3,True,55755559683674615775012686857587349130039782482547564540888562377168381330269
MODUS Super Series: Danny Ayres vs Alex Spellman,A 竞技,0.6,0.82,0.71,0.21999999999999997,0.0,0.0,0.0,50,4.5,sports_fees_v3,True,7167843687159778438968934938616338889876341263002411352648054469695543712000
MODUS Super Series: Harrison Leigh vs Oliver Mitchell,A 竞技,0.02,0.98,0.5,0.96,0.0,0.0,0.0,50,4.5,sports_fees_v3,True,93437285990015613608513632134688106984447371528821188193657949394476915390296
MODUS Super Series: Andreas Harrysson vs Conor Heneghan,A 竞技,0.03,0.98,0.505,0.95,0.0,0.0,0.0,50,4.5,sports_fees_v3,True,64412731183758337743227307345356220031480412024172597455495447389260678797577
MODUS Super Series: Alex Spellman vs Oliver Mitchell,A 竞技,0.02,0.98,0.5,0.96,0.0,0.0,0.0,50,4.5,sports_fees_v3,True,94578713652565573678161017033393532435337533386584116312528086755634327591984
MODUS Super Series: Conor Heneghan vs Danny Ayres,A 竞技,0.12,0.35,0.235,0.22999999999999998,0.0,0.0,0.0,50,4.5,sports_fees_v3,True,47926948779981033484068883013325579687668256734347941743210764806055397575337
MODUS Super Series: Andreas Harrysson vs Harrison Leigh,A 竞技,0.15,0.36,0.255,0.21,0.0,0.0,0.0,50,4.5,sports_fees_v3,True,17936375352246762249018020355676390633768169120135030004104513522901854544136
MODUS Super Series: Oliver Mitchell vs Conor Heneghan,A 竞技,0.02,0.78,0.4,0.76,0.0,0.0,0.0,50,4.5,sports_fees_v3,True,93818248823067654904314239183208721004921033472513634160184543784338587650112
MODUS Super Series: Harrison Leigh vs Alex Spellman,A 竞技,0.02,0.98,0.5,0.96,0.0,0.0,0.0,50,4.5,sports_fees_v3,True,14501102437529142690552847148261945319342863364474613205728603807137284826865
MODUS Super Series: Danny Ayres vs Andreas Harrysson,A 竞技,0.02,0.96,0.49,0.94,0.0,0.0,0.0,50,4.5,sports_fees_v3,True,46040287335852898434891167656863732620401266872411071434356436754599726546360
MODUS Super Series: William Borland vs Danny Trueman,A 竞技,0.02,0.98,0.5,0.96,0.0,0.0,0.0,50,4.5,sports_fees_v3,True,80199473784288289982701811454493226543287254172671738387471957105646011638880
MODUS Super Series: Niek Tuik vs Danny Lauby,A 竞技,0.02,0.98,0.5,0.96,0.0,0.0,0.0,50,4.5,sports_fees_v3,True,74532317591552716333373542438613678578363013031657466029865135396190068053555
MODUS Super Series: Lee Cocks vs William Borland,A 竞技,0.02,0.98,0.5,0.96,0.0,0.0,0.0,50,4.5,sports_fees_v3,True,67063104223331276192837581286231591418983779030698384796607411857226691277899
MODUS Super Series: Danny Trueman vs Niek Tuik,A 竞技,0.02,0.98,0.5,0.96,0.0,0.0,0.0,50,4.5,sports_fees_v3,True,62763812451495726075209572437283893102575752198655179504689365821122369363332
MODUS Super Series: Danny Lauby vs Lee Cocks,A 竞技,0.02,0.98,0.5,0.96,0.0,0.0,0.0,50,4.5,sports_fees_v3,True,82695159553441943936532832970432629850939575205306851116213830997073020291260
MODUS Super Series: Niek Tuik vs William Borland,A 竞技,0.02,0.98,0.5,0.96,0.0,0.0,0.0,50,4.5,sports_fees_v3,True,60471678036434089486942116336023639221311011721671225794829789422468484186612
MODUS Super Series: Danny Trueman vs Lee Cocks,A 竞技,0.02,0.98,0.5,0.96,0.0,0.0,0.0,50,4.5,sports_fees_v3,True,51804774884573484730926484930841132008533838598377704739106047992104003343355
MODUS Super Series: William Borland vs Danny Lauby,A 竞技,0.02,0.98,0.5,0.96,0.0,0.0,0.0,50,4.5,sports_fees_v3,True,86176668433978193494012923645612661732673436214865066115141546744658696369242
MODUS Super Series: Lee Cocks vs Niek Tuik,A 竞技,0.02,0.98,0.5,0.96,0.0,0.0,0.0,50,4.5,sports_fees_v3,True,8066345457736149336584772580611459998267025411425336664366344133240986673056
MODUS Super Series: Danny Lauby vs Danny Trueman,A 竞技,0.02,0.98,0.5,0.96,0.0,0.0,0.0,50,4.5,sports_fees_v3,True,48992034365053107309815126250936388589065966051591919067902009834015201858360
SER Caxias do Sul vs. Botafogo FC PB: Team to Take First Corner,A 竞技,,1.0,,,0.0,0.0,0.0,50,4.5,sports_fees_v3,True,99141876004383604726432894097030642255718282401237937250586429349150666961566
Brusque FC SC vs. Ituano FC SP: Team to Take First Corner,A 竞技,,1.0,,,0.0,0.0,0.0,50,4.5,sports_fees_v3,True,73496366590380995197026216671642757587138511153449839075426872816958792440438
Ferroviaria Araraquara SP vs. Maranhao AC MA: Team to Take First Corne,A 竞技,,1.0,,,0.0,0.0,0.0,50,4.5,sports_fees_v3,True,46691559479771895650664020472348675071450197873561144508705925372247606729226
Floresta EC CE vs. Maringa FC PR: Team to Take First Corner,A 竞技,,1.0,,,0.0,0.0,0.0,50,4.5,sports_fees_v3,True,4604531984822219643267421468963634062800790116293286670960633998872964527206
Guarani FC SP vs. AA Internacional Limeira SP: Team to Take First Corn,A 竞技,,1.0,,,0.0,0.0,0.0,50,4.5,sports_fees_v3,True,26130382629107753294507804333715119595493535152930251860543635650812950189493
Will Botafogo-PB win the 2026 Brasileirão Série C?,A 竞技,0.01,0.97,0.49,0.96,0.0,0.0,0.0,50,4.5,sports_fees_v3,True,3948991892053377412344691702260865344645285588499737632118774317077648879401
Will Brusque win the 2026 Brasileirão Série C?,A 竞技,0.01,0.97,0.49,0.96,0.0,0.0,0.0,50,4.5,sports_fees_v3,True,115352409733496852734378693281462728424163492122264538428253947685446263393960
Will Ferroviária win the 2026 Brasileirão Série C?,A 竞技,0.02,0.96,0.49,0.94,0.0,0.0,0.0,50,4.5,sports_fees_v3,True,16335964517385718222646988452141953558132320417197099047810727169022865982384
Will Floresta win the 2026 Brasileirão Série C?,A 竞技,0.02,0.96,0.49,0.94,0.0,0.0,0.0,50,4.5,sports_fees_v3,True,62519511228221212725092603486666366253830173057221272908725955581803986045579
Will Inter de Limeira win the 2026 Brasileirão Série C?,A 竞技,0.01,0.97,0.49,0.96,0.0,0.0,0.0,50,4.5,sports_fees_v3,True,41312738863021245494492150380696944805645642420866391742696601189792177253609
Will Maringá win the 2026 Brasileirão Série C?,A 竞技,0.01,0.97,0.49,0.96,0.0,0.0,0.0,50,4.5,sports_fees_v3,True,20213308719979937439496268598378790188496060255626207594993129298270886569808
Will Paysandu win the 2026 Brasileirão Série C?,A 竞技,0.01,0.95,0.48,0.94,0.0,0.0,0.0,50,4.5,sports_fees_v3,True,83053827489204789003044171009983637575973209323488885665457684409291618837777
Will Santa Cruz win the 2026 Brasileirão Série C?,A 竞技,0.01,0.95,0.48,0.94,0.0,0.0,0.0,50,4.5,sports_fees_v3,True,71375454680855996348061099205438194624587964257506782010810829637030456184859
Will Botafogo-PB be runner-up in the 2026 Brasileirão Série C?,A 竞技,0.02,0.74,0.38,0.72,0.0,0.0,0.0,50,4.5,sports_fees_v3,True,71303440624680444814318729334982163761581466608660565098947498075947746884244
Will Brusque be runner-up in the 2026 Brasileirão Série C?,A 竞技,0.02,0.74,0.38,0.72,0.0,0.0,0.0,50,4.5,sports_fees_v3,True,15113083471708708897245026484767193066794076626191965102319791338575675390581
Will Ferroviária be runner-up in the 2026 Brasileirão Série C?,A 竞技,0.02,0.74,0.38,0.72,0.0,0.0,0.0,50,4.5,sports_fees_v3,True,9866514066266988483268949739856576393607012546405969478335511356442087615251
Will Floresta be runner-up in the 2026 Brasileirão Série C?,A 竞技,0.02,0.74,0.38,0.72,0.0,0.0,0.0,50,4.5,sports_fees_v3,True,28754037491448133597462199792995976541827137265251844434883069526992858234770
Will Inter de Limeira be runner-up in the 2026 Brasileirão Série C?,A 竞技,0.02,0.74,0.38,0.72,0.0,0.0,0.0,50,4.5,sports_fees_v3,True,6035252312832230930706055377127295685446947345860910769988184143617198213116
Will Maringá be runner-up in the 2026 Brasileirão Série C?,A 竞技,0.02,0.74,0.38,0.72,0.0,0.0,0.0,50,4.5,sports_fees_v3,True,94071678521517231680609635982621110367161654602385034095794430574377091519949
Will Paysandu be runner-up in the 2026 Brasileirão Série C?,A 竞技,0.02,0.74,0.38,0.72,0.0,0.0,0.0,50,4.5,sports_fees_v3,True,45316932084636087031894112841576978453367508962337071794050541970211544670005
Will Santa Cruz be runner-up in the 2026 Brasileirão Série C?,A 竞技,0.02,0.74,0.38,0.72,0.0,0.0,0.0,50,4.5,sports_fees_v3,True,114565667492566320069943381858967370013906904342884124854647785984394054153204
DEL: Löwen Frankfurt vs. Krefeld Pinguine,A 竞技,0.54,0.57,0.5549999999999999,0.029999999999999916,0.0,0.0,0.0,50,4.5,sports_fees_v3,True,67360600615142465288835495395639622150007480309492175458160438636598659110719
DEL: Augsburger Panther vs. Bremerhaven,A 竞技,0.53,0.57,0.55,0.039999999999999925,0.0,0.0,0.0,50,4.5,sports_fees_v3,True,29453993406564769679147382462274612382197862206618170839286465817331870442479
DEL: Eisbären Berlin vs. Grizzlys Wolfsburg,A 竞技,0.68,0.71,0.6950000000000001,0.029999999999999916,0.0,0.0,0.0,50,4.5,sports_fees_v3,True,44794375950475233638522501171475507511415069653746831971260449353493523429740
DEL: Kölner Haie vs. Schwenninger Wild Wings,A 竞技,0.75,0.77,0.76,0.020000000000000018,0.0,0.0,0.0,50,4.5,sports_fees_v3,True,113661178706130197461447830459717754639592066536685994813972032916952440041174
DEL: EHC Red Bull München vs. ERC Ingolstadt,A 竞技,0.66,0.68,0.67,0.020000000000000018,0.0,0.0,0.0,50,4.5,sports_fees_v3,True,36761599335104661130314344964256028411962305990667998644594192979694431240771
DEL: Nürnberg Ice Tigers vs. Adler Mannheim,A 竞技,0.42,0.44,0.43,0.020000000000000018,0.0,0.0,0.0,50,4.5,sports_fees_v3,True,35265550765995296853239379409278020760042083183653969045967549536502582380391
DEL: Straubing Tigers vs. Iserlohn Roosters,A 竞技,0.75,0.77,0.76,0.020000000000000018,0.0,0.0,0.0,50,4.5,sports_fees_v3,True,57539992533055421150446826491899882762509577390611360250678612946655032015256
DEL: ERC Ingolstadt vs. Löwen Frankfurt,A 竞技,0.02,0.98,0.5,0.96,0.0,0.0,0.0,50,4.5,sports_fees_v3,True,91968704250319604856463038879643817663292357970375795771881756826947314081449
DEL: Krefeld Pinguine vs. Augsburger Panther,A 竞技,0.02,0.97,0.495,0.95,0.0,0.0,0.0,50,4.5,sports_fees_v3,True,67155105125103267507735083220501964391764607288303191947144032047567526440156
DEL: Bremerhaven vs. Eisbären Berlin,A 竞技,0.03,0.98,0.505,0.95,0.0,0.0,0.0,50,4.5,sports_fees_v3,True,56531779843421520708804694276418820769739201924530466729736986566895659828025
DEL: Iserlohn Roosters vs. Grizzlys Wolfsburg,A 竞技,0.02,0.98,0.5,0.96,0.0,0.0,0.0,50,4.5,sports_fees_v3,True,44265880264767331022736645600309456565307266283278778051530158840541024992475
DEL: Kölner Haie vs. Nürnberg Ice Tigers,A 竞技,0.02,0.98,0.5,0.96,0.0,0.0,0.0,50,4.5,sports_fees_v3,True,32450069241082360847569938879116809754097918725989636047876686102128962918056
DEL: Schwenninger Wild Wings vs. EHC Red Bull München,A 竞技,0.03,0.97,0.5,0.94,0.0,0.0,0.0,50,4.5,sports_fees_v3,True,12477232671755386779312149441921837607866015861762053130285572503397232215076
DEL: Adler Mannheim vs. Straubing Tigers,A 竞技,0.02,0.98,0.5,0.96,0.0,0.0,0.0,50,4.5,sports_fees_v3,True,43533319556054294588216007736139470019634458792671084482132094357689801206957
FC Midtjylland vs. AC Horsens: Team to Take First Corner,A 竞技,0.001,0.999,0.5,0.998,0.0,0.0,0.0,50,4.5,sports_fees_v3,True,73033252375232700796124348867908963516331875032620613288095965439504066583787
AC Horsens vs. FC Nordsjælland: Team to Take First Corner,A 竞技,,1.0,,,0.0,0.0,0.0,50,4.5,sports_fees_v3,True,97161265772899061272299097366248507545672007881664662734550298625738906263619
Sønderjyske Fodbold vs. FC Nordsjælland: Team to Take First Corner,A 竞技,0.001,0.999,0.5,0.998,0.0,0.0,0.0,50,4.5,sports_fees_v3,True,77305463398466600891629267810271698150207337600900359703130158851866806526655
Brøndby IF vs. Silkeborg IF: O/U 13.5 Total Corners,A 竞技,0.001,0.999,0.5,0.998,0.0,7.4096340000000005,0.0,50,4.5,sports_fees_v3,True,76061921543486636293728177979188683955115306890904953830152621059542580804071
Brøndby IF vs. Silkeborg IF: 2nd Half O/U 5.5 Total Corners,A 竞技,0.001,0.999,0.5,0.998,0.0,0.0,0.0,50,4.5,sports_fees_v3,True,2131243442608507511215700620173077154679442734080390678260705611403056447168
Brøndby IF vs. Silkeborg IF: Silkeborg IF O/U 4.5 Corners,A 竞技,0.001,0.999,0.5,0.998,0.0,0.0,0.0,50,4.5,sports_fees_v3,True,25078839325175532379412135935350810257611561057888272622614036707650537959839
Brøndby IF vs. Silkeborg IF: Total Corners Odd or Even?,A 竞技,0.001,0.999,0.5,0.998,0.0,0.0,0.0,50,4.5,sports_fees_v3,True,28526109429314185193440586375750129560613429823840842740223489862450598373840
Will AGF win the 2026-27 Denmark Superliga?,A 竞技,0.01,0.99,0.5,0.98,0.0,0.0,0.0,50,4.5,sports_fees_v3,True,89750373616109460680222579027947300312334374279521190735595065275665296933009
Will Midtjylland win the 2026-27 Denmark Superliga?,A 竞技,0.01,0.97,0.49,0.96,0.0,0.0,0.0,50,4.5,sports_fees_v3,True,45005199466112466456737026517421262093928195764821639489176904389200524111710
Will Sønderjyske win the 2026-27 Denmark Superliga?,A 竞技,,0.99,,,0.0,14.7,0.0,50,4.5,sports_fees_v3,True,74331762558194963852775569887119175110206247631018999422678890009827574810739
Will Brøndby win the 2026-27 Denmark Superliga?,A 竞技,0.01,0.99,0.5,0.98,0.0,0.0,0.0,50,4.5,sports_fees_v3,True,110134558032687284846653710180324497671132178955158268510859431411598874011657
Will Viborg win the 2026-27 Denmark Superliga?,A 竞技,0.01,0.99,0.5,0.98,0.0,0.0,0.0,50,4.5,sports_fees_v3,True,99273266545622134439972506723724427365290711185290148717273091955965324221052
Will Nordsjælland win the 2026-27 Denmark Superliga?,A 竞技,0.01,0.99,0.5,0.98,0.0,0.0,0.0,50,4.5,sports_fees_v3,True,405863185961791631852091711707996061568681719253883593808131041856758579797
Will Copenhagen win the 2026-27 Denmark Superliga?,A 竞技,0.02,0.99,0.505,0.97,0.0,0.0,0.0,50,4.5,sports_fees_v3,True,82687994211794710005971131708802733726633984919796494629986686213852918625712
Will OB win the 2026-27 Denmark Superliga?,A 竞技,0.01,0.99,0.5,0.98,0.0,0.0,0.0,50,4.5,sports_fees_v3,True,65101776184887461479613295939787320449263136227698633971249218692082984368889
Will Randers win the 2026-27 Denmark Superliga?,A 竞技,0.01,0.99,0.5,0.98,0.0,0.0,0.0,50,4.5,sports_fees_v3,True,3902254576917954117972702638101820202178132738186865008745447654961679242350
Will Silkeborg win the 2026-27 Denmark Superliga?,A 竞技,0.01,0.99,0.5,0.98,0.0,0.0,0.0,50,4.5,sports_fees_v3,True,99372654332150992552070417151080938840904861083717498750392237095251683966953
Will Lyngby win the 2026-27 Denmark Superliga?,A 竞技,0.01,0.99,0.5,0.98,0.0,0.0,0.0,50,4.5,sports_fees_v3,True,49383570870396948856102968734039471017884423035568179077802515382970148527862
Will AC Horsens win the 2026-27 Denmark Superliga?,A 竞技,0.01,0.99,0.5,0.98,0.0,0.0,0.0,50,4.5,sports_fees_v3,True,22497122210523572231405118621610672980768288571311652901616375536234120666031
Will AGF be runner-up in the 2026-27 Denmark Superliga?,A 竞技,0.01,0.99,0.5,0.98,0.0,0.0,0.0,50,4.5,sports_fees_v3,True,13481573867531416817638511296849744105173258275589297329887319430856122336596
Will Midtjylland be runner-up in the 2026-27 Denmark Superliga?,A 竞技,0.01,0.99,0.5,0.98,0.0,0.0,0.0,50,4.5,sports_fees_v3,True,114030273614817941031380823055429818111374060469253066976360820399404409798622
Will Sønderjyske be runner-up in the 2026-27 Denmark Superliga?,A 竞技,0.01,0.99,0.5,0.98,0.0,0.0,0.0,50,4.5,sports_fees_v3,True,99181370195523192180016417780988070479769974790262692964125762782466262276128
Will Brøndby be runner-up in the 2026-27 Denmark Superliga?,A 竞技,0.01,0.99,0.5,0.98,0.0,0.0,0.0,50,4.5,sports_fees_v3,True,11312046146472797292926109797377725841408322036292369947648106754722839607038
Will Viborg be runner-up in the 2026-27 Denmark Superliga?,A 竞技,0.01,0.99,0.5,0.98,0.0,0.0,0.0,50,4.5,sports_fees_v3,True,62688033839102490960898686462138098659096349801948544188875466273357743952299
Will Nordsjælland be runner-up in the 2026-27 Denmark Superliga?,A 竞技,0.01,0.99,0.5,0.98,0.0,0.0,0.0,50,4.5,sports_fees_v3,True,106022165273630370815815360230161607855295621027702383771422926041301412401245
Will Copenhagen be runner-up in the 2026-27 Denmark Superliga?,A 竞技,0.01,0.99,0.5,0.98,0.0,0.0,0.0,50,4.5,sports_fees_v3,True,4892604235425928406869977667705249022006066459755023847122912878880484186766
Will OB be runner-up in the 2026-27 Denmark Superliga?,A 竞技,0.01,0.99,0.5,0.98,0.0,0.0,0.0,50,4.5,sports_fees_v3,True,41009448344912445231357711145670819670890461204874419889749277711536835880445
Will Randers be runner-up in the 2026-27 Denmark Superliga?,A 竞技,0.01,0.99,0.5,0.98,0.0,0.0,0.0,50,4.5,sports_fees_v3,True,27451272304019264455818739175177207132108888718712115750574508131251304399697
Will Silkeborg be runner-up in the 2026-27 Denmark Superliga?,A 竞技,0.01,0.99,0.5,0.98,0.0,0.0,0.0,50,4.5,sports_fees_v3,True,97612962837909721514420394403679606053762421713619926831351645768433605024879
Will Lyngby be runner-up in the 2026-27 Denmark Superliga?,A 竞技,0.01,0.99,0.5,0.98,0.0,0.0,0.0,50,4.5,sports_fees_v3,True,90375844918394177908851652096633052028032384242077012200001910809873234650039
Will AC Horsens be runner-up in the 2026-27 Denmark Superliga?,A 竞技,0.01,0.99,0.5,0.98,0.0,0.0,0.0,50,4.5,sports_fees_v3,True,98789121434357407900929855393027091408431446176018532593518816106697146347078
Sønderjyske Fodbold vs. AC Horsens: Team to Take First Corner,A 竞技,,1.0,,,0.0,0.0,0.0,50,4.5,sports_fees_v3,True,24474284769934677531195617033340738640554542167762847064345409719761411688603
Will AGF be relegated from the 2026-27 Denmark Superliga?,A 竞技,0.25,0.55,0.4,0.30000000000000004,0.0,310.0,5.0,20,4.5,sports_fees_v3,True,49189556319246659807391455695312827370966826444897577680947906839314316936060
Will Midtjylland be relegated from the 2026-27 Denmark Superliga?,A 竞技,0.011,0.341,0.17600000000000002,0.33,0.0,0.0,1.0,20,4.5,sports_fees_v3,True,114443665496471867744885998138520763132620923746428222247063907656993581479189
Will Sønderjyske be relegated from the 2026-27 Denmark Superliga?,A 竞技,0.52,0.53,0.525,0.010000000000000009,5.42,2866.7246769999997,5.0,20,4.5,sports_fees_v3,True,89490672729290337786478414006764852828620277591473139386851603707002088630575
Will Brøndby be relegated from the 2026-27 Denmark Superliga?,A 竞技,0.227,0.294,0.2605,0.06699999999999998,0.0,0.0,5.0,20,4.5,sports_fees_v3,True,89853520144991579592130730353958960854861211721732504351767527579163179867514
Will Viborg be relegated from the 2026-27 Denmark Superliga?,A 竞技,0.02,0.05,0.035,0.030000000000000002,0.0,41.0,1.0,20,4.5,sports_fees_v3,True,50344622370225207667121910820444462323966710082512556558263310418505420849300
Will Nordsjælland be relegated from the 2026-27 Denmark Superliga?,A 竞技,0.002,0.19,0.096,0.188,0.0,811.0,1.0,20,4.5,sports_fees_v3,True,69038504776510859557397463449568615992380348870771332822036776480580084443353
Will Copenhagen be relegated from the 2026-27 Denmark Superliga?,A 竞技,0.015,0.343,0.17900000000000002,0.328,0.0,66.0,1.0,20,4.5,sports_fees_v3,True,64947221478213250800560505381078777088187870157909017546430623751617508654237
Will OB be relegated from the 2026-27 Denmark Superliga?,A 竞技,0.1,0.14,0.12000000000000001,0.04000000000000001,0.0,1087.22,1.0,20,4.5,sports_fees_v3,True,50512047526105668547665935308391677369729369109913795010612247397933121160717
Will Randers be relegated from the 2026-27 Denmark Superliga?,A 竞技,0.01,0.34,0.17500000000000002,0.33,0.0,0.0,1.0,20,4.5,sports_fees_v3,True,40388536004467455308915716054682471761016160070359991355530492917418660991711
Will Silkeborg be relegated from the 2026-27 Denmark Superliga?,A 竞技,0.43,0.44,0.435,0.010000000000000009,466.66,3900.481053,5.0,20,4.5,sports_fees_v3,True,11591501830656716556569904872515537661828021778245052997741606382385184959671
Will Lyngby be relegated from the 2026-27 Denmark Superliga?,A 竞技,0.39,0.42,0.405,0.02999999999999997,0.0,1599.9166670000002,5.0,20,4.5,sports_fees_v3,True,78068878000571353053345987036554927596094353204888161809723798242195228468247
Will AC Horsens be relegated from the 2026-27 Denmark Superliga?,A 竞技,0.26,0.28,0.27,0.020000000000000018,0.0,552.78521,5.0,20,4.5,sports_fees_v3,True,67239187529750663386331015458078528214473339835819445378091527359836282300697
Will AGF finish 10th in the 2026-27 Denmark Superliga?,A 竞技,0.01,0.99,0.5,0.98,0.0,0.0,0.0,50,4.5,sports_fees_v3,True,77713064360951467077273515933091121906012697037911845980034366372540107930487
Will Midtjylland finish 10th in the 2026-27 Denmark Superliga?,A 竞技,0.01,0.99,0.5,0.98,0.0,0.0,0.0,50,4.5,sports_fees_v3,True,98463031416250481572290211651940342091519758009933160557502977992298498149976
Will Sønderjyske finish 10th in the 2026-27 Denmark Superliga?,A 竞技,0.01,0.99,0.5,0.98,0.0,0.0,0.0,50,4.5,sports_fees_v3,True,84604550346565224740177656572934139878247307914825840358271435488469251582046
Will Brøndby finish 10th in the 2026-27 Denmark Superliga?,A 竞技,0.01,0.99,0.5,0.98,0.0,0.0,0.0,50,4.5,sports_fees_v3,True,61570782826301824272878609689312705400537552188150294910807089070480416901411
Will Viborg finish 10th in the 2026-27 Denmark Superliga?,A 竞技,0.01,0.99,0.5,0.98,0.0,0.0,0.0,50,4.5,sports_fees_v3,True,65040390443121980531671571080681279510999411383174934194003219088398293302088
Will Nordsjælland finish 10th in the 2026-27 Denmark Superliga?,A 竞技,0.01,0.99,0.5,0.98,0.0,0.0,0.0,50,4.5,sports_fees_v3,True,15751531746570071548303892232291602784330625233238799396265481620750009859760
Will Copenhagen finish 10th in the 2026-27 Denmark Superliga?,A 竞技,0.01,0.99,0.5,0.98,0.0,0.0,0.0,50,4.5,sports_fees_v3,True,27973262129426612573479033748290206480311540782325094744630039585819007170968
Will OB finish 10th in the 2026-27 Denmark Superliga?,A 竞技,0.01,0.99,0.5,0.98,0.0,0.0,0.0,50,4.5,sports_fees_v3,True,25388413216109986055430366881097291429194182746121020510243618244961611661517
Will Randers finish 10th in the 2026-27 Denmark Superliga?,A 竞技,0.01,0.99,0.5,0.98,0.0,0.0,0.0,50,4.5,sports_fees_v3,True,107145702445597974476539193498038122317678334214761218651249356408809466068276
Will Silkeborg finish 10th in the 2026-27 Denmark Superliga?,A 竞技,0.01,0.99,0.5,0.98,0.0,0.0,0.0,50,4.5,sports_fees_v3,True,69926538161411871649351627815577717716662995591078773758803571924008133620262
Will Lyngby finish 10th in the 2026-27 Denmark Superliga?,A 竞技,0.01,0.99,0.5,0.98,0.0,0.0,0.0,50,4.5,sports_fees_v3,True,36144051309651469922981494801630976756520105002038362888282491451484721396750
Will AC Horsens finish 10th in the 2026-27 Denmark Superliga?,A 竞技,0.01,0.99,0.5,0.98,0.0,0.0,0.0,50,4.5,sports_fees_v3,True,5821257676156389531293939719522861258902804836245772492286457186648821897001
Will AGF keep the most clean sheets in the 2026-27 Denmark Superliga?,A 竞技,0.02,0.9,0.46,0.88,0.0,0.0,0.0,50,4.5,sports_fees_v3,True,110121028391078078762330835786535795990046441288219091096697380623443782632669
Will Midtjylland keep the most clean sheets in the 2026-27 Denmark Sup,A 竞技,0.02,0.93,0.47500000000000003,0.91,0.0,0.0,0.0,50,4.5,sports_fees_v3,True,103714292836084845490818479362415665219648006949464885969224624121932728861740
Will Sønderjyske keep the most clean sheets in the 2026-27 Denmark Sup,A 竞技,0.02,0.88,0.45,0.86,0.0,0.0,0.0,50,4.5,sports_fees_v3,True,68217483656824241586681065027137176296534115695611933730751583216790012204854
Will Brøndby keep the most clean sheets in the 2026-27 Denmark Superli,A 竞技,0.02,0.97,0.495,0.95,0.0,0.0,0.0,50,4.5,sports_fees_v3,True,115628371620263557273464255338410609965873524062780269465598618554036830296103
Will Viborg keep the most clean sheets in the 2026-27 Denmark Superlig,A 竞技,0.02,0.88,0.45,0.86,0.0,0.0,0.0,50,4.5,sports_fees_v3,True,111735598880306358056952518638150675032477714821743727228532429367028993402257
Will Nordsjælland keep the most clean sheets in the 2026-27 Denmark Su,A 竞技,0.02,0.97,0.495,0.95,0.0,0.0,0.0,50,4.5,sports_fees_v3,True,51721150431121623804930375370904001901030074730992838982066364190505808941965
Will Copenhagen keep the most clean sheets in the 2026-27 Denmark Supe,A 竞技,0.02,0.97,0.495,0.95,0.0,0.0,0.0,50,4.5,sports_fees_v3,True,90767453243218667549308664457131241922264415058494518413846785152810832813614
Will OB keep the most clean sheets in the 2026-27 Denmark Superliga?,A 竞技,0.02,0.88,0.45,0.86,0.0,0.0,0.0,50,4.5,sports_fees_v3,True,100651289426823194868354900209677915588442884865535504458010216561711383516796
Will Randers keep the most clean sheets in the 2026-27 Denmark Superli,A 竞技,0.02,0.88,0.45,0.86,0.0,0.0,0.0,50,4.5,sports_fees_v3,True,13104627468928355532534685042793469522000441965173509303277327336546291269977
Will Silkeborg keep the most clean sheets in the 2026-27 Denmark Super,A 竞技,0.02,0.91,0.465,0.89,0.0,0.0,0.0,50,4.5,sports_fees_v3,True,11127690307213591726102709799231571761466853605737709290290855514761985851266
Will Lyngby keep the most clean sheets in the 2026-27 Denmark Superlig,A 竞技,0.02,0.97,0.495,0.95,0.0,0.0,0.0,50,4.5,sports_fees_v3,True,102522232870598857747938699521100000645174459469824474582485844368589817814001
Will AC Horsens keep the most clean sheets in the 2026-27 Denmark Supe,A 竞技,0.02,0.87,0.445,0.85,0.0,0.0,0.0,50,4.5,sports_fees_v3,True,46611640645167260276487111253591128169965298179036429970686134397989072944505
Will FC Nordsjælland win on 2026-10-09?,A 竞技,0.65,0.66,0.655,0.010000000000000009,91.630529,91.630529,0.0,50,4.5,sports_fees_v3,True,37536538568357732977843427604416809505392745075476986842961703626353537168128
Will FC Nordsjælland vs. Odense BK end in a draw?,A 竞技,0.19,0.2,0.195,0.010000000000000009,0.0,0.0,0.0,50,4.5,sports_fees_v3,True,19616327989554874528207677640821565831399729516714662578625301682988793007271
Will Odense BK win on 2026-10-09?,A 竞技,0.15,0.17,0.16,0.020000000000000018,120.870431,120.870431,0.0,50,4.5,sports_fees_v3,True,61281576431051031897014966781393160316092704466801643988340810298646230165853
FC Nordsjælland leading at halftime?,A 竞技,0.49,0.52,0.505,0.030000000000000027,0.0,0.0,0.0,50,4.5,sports_fees_v3,True,38960769416479105237892352615611709149983300267488640818942206440377036582026
FC Nordsjælland vs. Odense BK: Draw at halftime?,A 竞技,0.31,0.34,0.325,0.030000000000000027,0.0,0.0,0.0,50,4.5,sports_fees_v3,True,64696914319215658847744797643016506784148402323800769872642723310782183477115
Odense BK leading at halftime?,A 竞技,0.15,0.17,0.16,0.020000000000000018,0.0,0.0,0.0,50,4.5,sports_fees_v3,True,46640082286414114991995159259055769847653464970607893965413120403378933713151
FC Nordsjælland to win the second half?,A 竞技,0.46,0.6,0.53,0.13999999999999996,0.0,0.0,0.0,50,4.5,sports_fees_v3,True,111294423153616095878039512180268422705355355796458986820670834049063701181218
FC Nordsjælland vs. Odense BK: Second half draw?,A 竞技,0.22,0.36,0.29,0.13999999999999999,0.0,0.0,0.0,50,4.5,sports_fees_v3,True,78908416626632417072867078786313813843829507484156270480051362208648808404540
Odense BK to win the second half?,A 竞技,0.11,0.25,0.18,0.14,0.0,0.0,0.0,50,4.5,sports_fees_v3,True,2053442300186750711838524770190282312408250078763359984528296204400883253709
Exact Score: FC Nordsjælland 0 - 0 Odense BK?,A 竞技,0.022,0.038,0.03,0.016,0.0,0.0,0.0,50,4.5,sports_fees_v3,True,36949707075878938369181773587268590454658553044991594097121736201947799217153
Exact Score: FC Nordsjælland 0 - 1 Odense BK?,A 竞技,0.023,0.039,0.031,0.016,0.0,0.0,0.0,50,4.5,sports_fees_v3,True,69860246942047703513452245247734671355330563140861169029934396856140945215003
Exact Score: FC Nordsjælland 1 - 0 Odense BK?,A 竞技,0.06,0.08,0.07,0.020000000000000004,0.0,0.0,0.0,50,4.5,sports_fees_v3,True,80477589050513216952193432749944935435600174828333732868024600586511132267920
Exact Score: FC Nordsjælland 0 - 2 Odense BK?,A 竞技,0.013,0.022,0.017499999999999998,0.009,0.0,0.0,0.0,50,4.5,sports_fees_v3,True,21424553766125867010327476785743842108746624001037827061031916968613220684367
Exact Score: FC Nordsjælland 1 - 1 Odense BK?,A 竞技,0.08,0.09,0.08499999999999999,0.009999999999999995,0.0,0.0,0.0,50,4.5,sports_fees_v3,True,25931869704923972012632731768329721287901257307306533847438360757072820238828
Exact Score: FC Nordsjælland 2 - 0 Odense BK?,A 竞技,0.08,0.09,0.08499999999999999,0.009999999999999995,0.0,0.0,0.0,50,4.5,sports_fees_v3,True,2888869912633549296503447148755530685449185567318667708252639965302490092251
Exact Score: FC Nordsjælland 0 - 3 Odense BK?,A 竞技,0.002,0.028,0.015,0.026000000000000002,0.0,0.0,0.0,50,4.5,sports_fees_v3,True,37757206745400083529609312389361756184080531658872171843993409585607386923096
Exact Score: FC Nordsjælland 1 - 2 Odense BK?,A 竞技,0.039,0.055,0.047,0.016,0.0,0.0,0.0,50,4.5,sports_fees_v3,True,112748441891088493427691336255773840033292781084882657272150354432516043985918
Exact Score: FC Nordsjælland 2 - 1 Odense BK?,A 竞技,0.09,0.11,0.1,0.020000000000000004,0.0,0.0,0.0,50,4.5,sports_fees_v3,True,41253820399542298258089512336966977419657387188582761529589262548122831183809
Exact Score: FC Nordsjælland 3 - 0 Odense BK?,A 竞技,0.06,0.08,0.07,0.020000000000000004,0.0,0.0,0.0,50,4.5,sports_fees_v3,True,107612092451380769451836327392809047915946577707081243248907782350240476572418
Exact Score: FC Nordsjælland 0 - 4 Odense BK?,A 竞技,,0.742,,,0.0,0.0,0.0,50,4.5,sports_fees_v3,True,79277737652008061343103525757769602761426070283398443834834109970796014828599
Exact Score: FC Nordsjælland 1 - 3 Odense BK?,A 竞技,0.008,0.021,0.0145,0.013000000000000001,0.0,0.0,0.0,50,4.5,sports_fees_v3,True,26617367185448056033525520310002703355170111746637561999444529776094231392909
Exact Score: FC Nordsjælland 2 - 2 Odense BK?,A 竞技,0.052,0.066,0.059,0.014000000000000005,0.0,0.0,0.0,50,4.5,sports_fees_v3,True,95312081607432524776056866517395270968849933543888335391062336484842282382592
Exact Score: FC Nordsjælland 3 - 1 Odense BK?,A 竞技,0.07,0.09,0.08,0.01999999999999999,0.0,0.0,0.0,50,4.5,sports_fees_v3,True,88218345228958043121724193080304595280988417786897030624635702323284821720482
Exact Score: FC Nordsjælland 4 - 0 Odense BK?,A 竞技,0.003,0.047,0.025,0.044,0.0,0.0,0.0,50,4.5,sports_fees_v3,True,2391882720703811734959472843497312450156760351078095976436092893303829662022
Exact Score: FC Nordsjælland 0 - 5 Odense BK?,A 竞技,,0.51,,,0.0,0.0,0.0,50,4.5,sports_fees_v3,True,42558328842576654072672713773279452388073636158105158390617375458520692326814
Exact Score: FC Nordsjælland 1 - 4 Odense BK?,A 竞技,,0.731,,,0.0,0.0,0.0,50,4.5,sports_fees_v3,True,27080829691956175607108988478309212045972530615887697150959455469622668492932
Exact Score: FC Nordsjælland 2 - 3 Odense BK?,A 竞技,0.012,0.026,0.019,0.013999999999999999,0.0,0.0,0.0,50,4.5,sports_fees_v3,True,20269970997827966479084174391345995858558084961225107068632047391652898522644
Exact Score: FC Nordsjælland 3 - 2 Odense BK?,A 竞技,0.034,0.054,0.044,0.019999999999999997,0.0,0.0,0.0,50,4.5,sports_fees_v3,True,2667063538815279536880859215466597775058583341997491516808489402064238518840
Exact Score: FC Nordsjælland 4 - 1 Odense BK?,A 竞技,0.009,0.057,0.033,0.048,0.0,0.0,0.0,50,4.5,sports_fees_v3,True,13590385451533934032673105299096417398233098812565709298465397265231971969690
Exact Score: FC Nordsjælland 5 - 0 Odense BK?,A 竞技,,0.45,,,0.0,0.0,0.0,50,4.5,sports_fees_v3,True,6074344014129478357904310896294979274455609646013043986979695023294407886926
Exact Score: FC Nordsjælland 1 - 5 Odense BK?,A 竞技,,0.64,,,0.0,0.0,0.0,50,4.5,sports_fees_v3,True,59186217156437028587757676044692895612333368405385359728298701088860069322365
Exact Score: FC Nordsjælland 2 - 4 Odense BK?,A 竞技,,0.73,,,0.0,0.0,0.0,50,4.5,sports_fees_v3,True,62626750870054330410399245162926108292040940794906519668592000932309332300402
Aasane Fotball vs. Egersunds IK: Team to Take First Corner,A 竞技,,1.0,,,0.0,0.0,0.0,50,4.5,sports_fees_v3,True,60819639286088882639248021754879346272195953479023151508592497311646340959317
Sogndal Fotball vs. Ranheim: Total Corners Odd or Even?,A 竞技,,1.0,,,0.0,0.0,0.0,50,4.5,sports_fees_v3,True,102001136684292743886087638508578310087878696932914042700156795093197184385229
Sogndal Fotball vs. Ranheim: Team to Take First Corner,A 竞技,,1.0,,,0.0,0.0,0.0,50,4.5,sports_fees_v3,True,61911021886777736182980883231869518361065344043139963385799982538679155070889
Sandnes Ulf vs. Kongsvinger IL Toppfotball: Team to Take First Corner,A 竞技,,1.0,,,0.0,0.0,0.0,50,4.5,sports_fees_v3,True,106921052864035609958862571746717622614674350284365654222358516550594863003229
Moss FK vs. Raufoss IL: Team to Take First Corner,A 竞技,,1.0,,,0.0,0.0,0.0,50,4.5,sports_fees_v3,True,61466194646565526974474738592504896164807847503951622671830001209076348992178
FK Haugesund vs. Bryne FK: Team to Take First Corner,A 竞技,,1.0,,,0.0,0.0,0.0,50,4.5,sports_fees_v3,True,60785598246201786130806491609563656672164412071397251211081292534361203438317
Stroemsgodset IF vs. Lyn 1896 FK: Team to Take First Corner,A 竞技,,1.0,,,0.0,0.0,0.0,50,4.5,sports_fees_v3,True,73820265614001579418717932562209994214836975263678782598039781845825335202833
Raufoss IL vs. Stabaek IF: Team to Take First Corner,A 竞技,,1.0,,,0.0,0.0,0.0,50,4.5,sports_fees_v3,True,100110279139696884104020360366466512591161788914517398590705363849701580404056
Odds BK vs. Aasane Fotball: Team to Take First Corner,A 竞技,,1.0,,,0.0,0.0,0.0,50,4.5,sports_fees_v3,True,97334287009634913565921210533593025134604910877608806745407001316542239998824
Lyn 1896 FK vs. Sogndal Fotball: Team to Take First Corner,A 竞技,,1.0,,,0.0,0.0,0.0,50,4.5,sports_fees_v3,True,96823233836167719828561265060754189520563153144349784765188909048375491020510
Kongsvinger IL Toppfotball vs. Stroemmen IF: Team to Take First Corner,A 竞技,,1.0,,,0.0,0.0,0.0,50,4.5,sports_fees_v3,True,87183518013537342228984670606612762372404211542422334271140410315883158663001
Hoedd IL vs. Moss FK: Team to Take First Corner,A 竞技,,1.0,,,0.0,0.0,0.0,50,4.5,sports_fees_v3,True,79609918595183744190085950306346461032663070361255016759245476156031851502704
Egersunds IK vs. Sandnes Ulf: Team to Take First Corner,A 竞技,,1.0,,,0.0,0.0,0.0,50,4.5,sports_fees_v3,True,86796779742285491101957178170246443147431417141897286350381178880935200792719
Bryne FK vs. Stroemsgodset IF: Team to Take First Corner,A 竞技,,1.0,,,0.0,0.0,0.0,50,4.5,sports_fees_v3,True,22473442885708021245336927652418290953887232009852469808274776020839752610512
Ranheim vs. FK Haugesund: Team to Take First Corner,A 竞技,,1.0,,,0.0,0.0,0.0,50,4.5,sports_fees_v3,True,98706452476830786018438358973821115789205063256403870359582545802734698528163
Aasane Fotball vs. Kongsvinger IL Toppfotball: Team to Take First Corn,A 竞技,0.001,0.999,0.5,0.998,0.0,0.0,0.0,50,4.5,sports_fees_v3,True,112165728219387564270430874846312889516826251624083680938993380750325620256305
Stroemsgodset IF vs. Egersunds IK: Team to Take First Corner,A 竞技,0.001,0.999,0.5,0.998,0.0,0.0,0.0,50,4.5,sports_fees_v3,True,99917445080495800691391443127807291350325553348966343911500962295029874300828
Sogndal Fotball vs. Bryne FK: Team to Take First Corner,A 竞技,0.001,0.999,0.5,0.998,0.0,0.0,0.0,50,4.5,sports_fees_v3,True,65621690176177448830442183353392923379360576467751670489106211261948058450681
Stabaek IF vs. Lyn 1896 FK: Team to Take First Corner,A 竞技,,1.0,,,0.0,0.0,0.0,50,4.5,sports_fees_v3,True,70664126471977913112717185331986294954782524762625555934724765583970377815011
Will Bryne win the 2026 OBOS-ligaen (Norway)?,A 竞技,0.01,0.97,0.49,0.96,0.0,8.01,0.0,50,4.5,sports_fees_v3,True,63349479737632692314335388091069575498792697772878953075136683623397065844281
Will Haugesund win the 2026 OBOS-ligaen (Norway)?,A 竞技,0.02,0.97,0.495,0.95,0.0,0.0,0.0,50,4.5,sports_fees_v3,True,11319643401868313788074712184531955343089678386210298682918707664927739109210
Will Hødd win the 2026 OBOS-ligaen (Norway)?,A 竞技,,0.97,,,0.0,16.02,0.0,50,4.5,sports_fees_v3,True,39005781201448313358329789523796309487415367230409833041478885265815164847430
Will Kongsvinger win the 2026 OBOS-ligaen (Norway)?,A 竞技,0.03,0.97,0.5,0.94,0.0,0.0,0.0,50,4.5,sports_fees_v3,True,18055368770256631134337925488082152926376065467895448443659611001769428702504
Will Odd win the 2026 OBOS-ligaen (Norway)?,A 竞技,0.01,0.95,0.48,0.94,0.0,8.01,0.0,50,4.5,sports_fees_v3,True,53851769926725693566626839145680418591425246957873182497838967382609026406979
Will Stabæk win the 2026 OBOS-ligaen (Norway)?,A 竞技,0.03,0.97,0.5,0.94,0.0,0.0,0.0,50,4.5,sports_fees_v3,True,12024409064159494488770504521302970392466721134007516891111488916147013991619
Will Strømsgodset win the 2026 OBOS-ligaen (Norway)?,A 竞技,0.03,0.95,0.49,0.9199999999999999,0.0,0.0,0.0,50,4.5,sports_fees_v3,True,82748415572471069355927486175240213322427618846771709639296160405689922605087
Will Bryne be runner-up in the 2026 OBOS-ligaen (Norway)?,A 竞技,0.02,0.74,0.38,0.72,0.0,0.0,0.0,50,4.5,sports_fees_v3,True,31646782276026968086410333870931166839148677023951840162080657815644272987684
Will Egersund be runner-up in the 2026 OBOS-ligaen (Norway)?,A 竞技,,0.72,,,0.0,57.34,0.0,50,4.5,sports_fees_v3,True,61250542118603122622503722020168205095008665791330729774879595028331725799069
Will Haugesund be runner-up in the 2026 OBOS-ligaen (Norway)?,A 竞技,0.02,0.74,0.38,0.72,0.0,0.0,0.0,50,4.5,sports_fees_v3,True,103134508274386719025613346848381807280151235580445319575249721182032568361244
Will Hødd be runner-up in the 2026 OBOS-ligaen (Norway)?,A 竞技,0.02,0.74,0.38,0.72,0.0,0.0,0.0,50,4.5,sports_fees_v3,True,83381160259694753297781040500469681974512836038770000297221064391188141070296
Will Kongsvinger be runner-up in the 2026 OBOS-ligaen (Norway)?,A 竞技,0.02,0.93,0.47500000000000003,0.91,0.0,0.0,0.0,50,4.5,sports_fees_v3,True,75633661776916631744811482443668763306277388176766161080094362868227399665503
Will Odd be runner-up in the 2026 OBOS-ligaen (Norway)?,A 竞技,0.02,0.74,0.38,0.72,0.0,0.0,0.0,50,4.5,sports_fees_v3,True,112412387103133756063289130385417561045309693574618351877841228532940301000051
Will Stabæk be runner-up in the 2026 OBOS-ligaen (Norway)?,A 竞技,0.02,0.93,0.47500000000000003,0.91,0.0,0.0,0.0,50,4.5,sports_fees_v3,True,99423758250900507776886221904074136421902810850060075745411199484605967257425
Will Strømsgodset be runner-up in the 2026 OBOS-ligaen (Norway)?,A 竞技,0.02,0.74,0.38,0.72,0.0,0.0,0.0,50,4.5,sports_fees_v3,True,28267272057479476325398448852085139200664313185537780735212774570021622462308
Will Bryne be promoted to Norway Eliteserien?,A 竞技,0.01,0.98,0.495,0.97,0.0,0.0,0.0,50,4.5,sports_fees_v3,True,66537026476286475859834413593124780026215426955481514403299798995407279757249
Will Egersund be promoted to Norway Eliteserien?,A 竞技,0.01,0.98,0.495,0.97,0.0,0.0,0.0,50,4.5,sports_fees_v3,True,30381508250643207501792044239265583715490027657091037210440966142770521990618
Will Haugesund be promoted to Norway Eliteserien?,A 竞技,0.01,0.98,0.495,0.97,0.0,0.0,0.0,50,4.5,sports_fees_v3,True,47660881154685821234752137735591769644369648438496549534336178372689374181685
Will Hødd be promoted to Norway Eliteserien?,A 竞技,0.01,0.98,0.495,0.97,0.0,0.0,0.0,50,4.5,sports_fees_v3,True,73225598441379323024725963395317731767473670376958979071327530236418456747460
Will Kongsvinger be promoted to Norway Eliteserien?,A 竞技,0.01,0.98,0.495,0.97,0.0,0.0,0.0,50,4.5,sports_fees_v3,True,89670869547799985795418630446060470535641659020636052228629583496415350234565
Will Lyn be promoted to Norway Eliteserien?,A 竞技,0.01,0.98,0.495,0.97,0.0,0.0,0.0,50,4.5,sports_fees_v3,True,99238088051231384203803733168757445748691889784820139859709063123772031711426
Will Moss be promoted to Norway Eliteserien?,A 竞技,0.01,0.98,0.495,0.97,0.0,0.0,0.0,50,4.5,sports_fees_v3,True,67875194584603169544379527300558013605294616054480368222895280134950239496334
Will Odd be promoted to Norway Eliteserien?,A 竞技,0.01,0.98,0.495,0.97,0.0,0.0,0.0,50,4.5,sports_fees_v3,True,89265397622338776197011442796500994998023116814507531520390974966674183859164
Will Ranheim be promoted to Norway Eliteserien?,A 竞技,0.01,0.98,0.495,0.97,0.0,0.0,0.0,50,4.5,sports_fees_v3,True,86063382270605899677282538045568029187555499211392349674039396083982105902874
Will Raufoss be promoted to Norway Eliteserien?,A 竞技,,0.95,,,0.0,105.0,0.0,50,4.5,sports_fees_v3,True,45505229286477853470161085083532670391505092579615686356141525990765925505414
Will Sandnes Ulf be promoted to Norway Eliteserien?,A 竞技,,0.95,,,0.0,55.0,0.0,50,4.5,sports_fees_v3,True,44439968676418335957917259023613445192127773949105363141217478629238488198918
Will Sogndal be promoted to Norway Eliteserien?,A 竞技,,0.95,,,0.0,105.0,0.0,50,4.5,sports_fees_v3,True,101410396467299017388050238176833635824465426077733988960348096613198232350497
Will Stabæk be promoted to Norway Eliteserien?,A 竞技,0.01,0.98,0.495,0.97,0.0,0.0,0.0,50,4.5,sports_fees_v3,True,88132923665331114408152611918659556375945697620844398953067612004337699091919
Will Strømmen be promoted to Norway Eliteserien?,A 竞技,,0.99,,,0.0,0.0,0.0,50,4.5,sports_fees_v3,True,14198740728214748213093387082214249105828961385514448763232833086055839807478
Will Strømsgodset be promoted to Norway Eliteserien?,A 竞技,0.01,0.98,0.495,0.97,0.0,0.0,0.0,50,4.5,sports_fees_v3,True,16216505259913616851780308696348767464485966701289957466270080134020258452736
Will Åsane be promoted to Norway Eliteserien?,A 竞技,0.001,0.959,0.48,0.958,0.0,110.0,0.0,50,4.5,sports_fees_v3,True,61757173997254954264449113956666168729392070114091262778420806505377649702942
Will Bryne finish 3rd in the 2026 OBOS-ligaen (Norway)?,A 竞技,0.02,0.97,0.495,0.95,0.0,0.0,0.0,50,4.5,sports_fees_v3,True,93939239281857870298804242523654480788448768990972116686316610707665261148938
Will Egersund finish 3rd in the 2026 OBOS-ligaen (Norway)?,A 竞技,,0.87,,,0.0,56.3,0.0,50,4.5,sports_fees_v3,True,94918266619657417405862859735662903757263572067604977085842174420896270610139
Will Haugesund finish 3rd in the 2026 OBOS-ligaen (Norway)?,A 竞技,0.02,0.96,0.49,0.94,0.0,0.0,0.0,50,4.5,sports_fees_v3,True,47556812402202542902913167106713221283892558829467345922347612094298234370031
Will Hødd finish 3rd in the 2026 OBOS-ligaen (Norway)?,A 竞技,0.02,0.97,0.495,0.95,0.0,0.0,0.0,50,4.5,sports_fees_v3,True,832868925751358482280243727720431660799949346985270198893236541193740997170
Will Kongsvinger finish 3rd in the 2026 OBOS-ligaen (Norway)?,A 竞技,0.02,0.97,0.495,0.95,0.0,0.0,0.0,50,4.5,sports_fees_v3,True,104452708494367970849946254835956216080778231862393707957877392852035768005194
Will Lyn finish 3rd in the 2026 OBOS-ligaen (Norway)?,A 竞技,0.02,0.79,0.405,0.77,0.0,62.6,0.0,50,4.5,sports_fees_v3,True,9218524983789265830515517629571347280762276293630816008745247367210758137
Will Odd finish 3rd in the 2026 OBOS-ligaen (Norway)?,A 竞技,0.02,0.97,0.495,0.95,0.0,0.0,0.0,50,4.5,sports_fees_v3,True,109150947854043406925554531869162541507186015807665504714514601968546298716950
Will Ranheim finish 3rd in the 2026 OBOS-ligaen (Norway)?,A 竞技,0.01,0.79,0.4,0.78,0.0,62.6,0.0,50,4.5,sports_fees_v3,True,107604174755529846081455815851025249949882112123106370873744056092720746257234
Will Sandnes Ulf finish 3rd in the 2026 OBOS-ligaen (Norway)?,A 竞技,0.02,0.87,0.445,0.85,0.0,62.6,0.0,50,4.5,sports_fees_v3,True,76879280101023249048298735726756306941892241431289121036630927221001722707794
Will Stabæk finish 3rd in the 2026 OBOS-ligaen (Norway)?,A 竞技,0.02,0.97,0.495,0.95,0.0,0.0,0.0,50,4.5,sports_fees_v3,True,47740841934896955906537052443713590580460640455360997047709213158221350804029
Will Strømsgodset finish 3rd in the 2026 OBOS-ligaen (Norway)?,A 竞技,0.02,0.96,0.49,0.94,0.0,0.0,0.0,50,4.5,sports_fees_v3,True,87919106975098058840894619055873771024177565928235401089991568065931129811496
Will Egersunds IK win on 2026-10-11?,A 竞技,0.56,0.58,0.5700000000000001,0.019999999999999907,0.0,0.0,0.0,50,4.5,sports_fees_v3,True,9559744960149504556104465361957938355517885930100429755919246332812398276258
Will Egersunds IK vs. Hoedd IL end in a draw?,A 竞技,0.2,0.22,0.21000000000000002,0.01999999999999999,0.0,0.0,0.0,50,4.5,sports_fees_v3,True,4115831534357221745456600415398988492284546062622035672953760942894521588101
Will Hoedd IL win on 2026-10-11?,A 竞技,0.21,0.23,0.22,0.020000000000000018,0.0,0.0,0.0,50,4.5,sports_fees_v3,True,98419853825411073833392637045351604535874859338517809933528676760779274504812
Will Lyn 1896 FK win on 2026-10-11?,A 竞技,0.19,0.23,0.21000000000000002,0.04000000000000001,0.0,0.0,0.0,50,4.5,sports_fees_v3,True,50001528929388798791198707338079842752469140820024453085819389008125405967893
Will Lyn 1896 FK vs. Stroemsgodset IF end in a draw?,A 竞技,0.19,0.21,0.2,0.01999999999999999,0.0,0.0,0.0,50,4.5,sports_fees_v3,True,94701536204001578248285344771727335073510666665019965838042852217013301449640
Will Stroemsgodset IF win on 2026-10-11?,A 竞技,0.56,0.62,0.5900000000000001,0.05999999999999994,0.0,0.0,0.0,50,4.5,sports_fees_v3,True,91107519413564045646347404228215924340532070555028812633417893646893267473644
Will Odds BK win on 2026-10-11?,A 竞技,0.47,0.49,0.48,0.020000000000000018,0.0,0.0,0.0,50,4.5,sports_fees_v3,True,98178007202356016631475521677351404863793066897435288143643200467792013827300
Will Odds BK vs. Bryne FK end in a draw?,A 竞技,0.23,0.25,0.24,0.01999999999999999,0.0,0.0,0.0,50,4.5,sports_fees_v3,True,16268918394876141023846211594870282345230694589983452692734220120292054786714
Will Bryne FK win on 2026-10-11?,A 竞技,0.27,0.29,0.28,0.019999999999999962,0.0,0.0,0.0,50,4.5,sports_fees_v3,True,86638138055657375718220314205831697980515491239739112333995762195548768273880
Will Sandnes Ulf win on 2026-10-11?,A 竞技,0.18,0.2,0.19,0.020000000000000018,0.0,0.0,0.0,50,4.5,sports_fees_v3,True,86054495200915687112817451217127366193344609817707378989027268541235731878059
Will Sandnes Ulf vs. FK Haugesund end in a draw?,A 竞技,0.18,0.2,0.19,0.020000000000000018,0.0,0.0,0.0,50,4.5,sports_fees_v3,True,104234373931087286598127351782687414754665128465427291632747630131858380680552
Will FK Haugesund win on 2026-10-11?,A 竞技,0.6,0.63,0.615,0.030000000000000027,0.0,0.0,0.0,50,4.5,sports_fees_v3,True,92752111203364315358429099363278005389263818909863729317508762634869940032475
Will Stabaek IF win on 2026-10-11?,A 竞技,0.65,0.71,0.6799999999999999,0.05999999999999994,0.0,0.0,0.0,50,4.5,sports_fees_v3,True,69598929523681513950361860672499836945353389696435203118463556270389268092951
Will Stabaek IF vs. Stroemmen IF end in a draw?,A 竞技,0.16,0.18,0.16999999999999998,0.01999999999999999,0.0,0.0,0.0,50,4.5,sports_fees_v3,True,12947653753690090821947190640166868800714164721462336387005752873758639967436
Will Stroemmen IF win on 2026-10-11?,A 竞技,0.13,0.16,0.14500000000000002,0.03,0.0,0.0,0.0,50,4.5,sports_fees_v3,True,43638029483109313041353377756704891479946521626007638579547638063107418921965
Egersunds IK leading at halftime?,A 竞技,0.4,0.46,0.43000000000000005,0.06,0.0,0.0,0.0,50,4.5,sports_fees_v3,True,5434733499484848168186240776633508922558462825510720843335383931114134403694
Egersunds IK vs. Hoedd IL: Draw at halftime?,A 竞技,0.33,0.37,0.35,0.03999999999999998,0.0,0.0,0.0,50,4.5,sports_fees_v3,True,91585084206062424450585677390385170597025609933202393568011177988396826234995
Hoedd IL leading at halftime?,A 竞技,0.19,0.22,0.20500000000000002,0.03,0.0,0.0,0.0,50,4.5,sports_fees_v3,True,23615549226847620580035108711354883570441906421847591403717227798738062409762
Egersunds IK to win the second half?,A 竞技,0.02,0.98,0.5,0.96,0.0,0.0,0.0,50,4.5,sports_fees_v3,True,55268331024758672575298879281075282329526052880685151147177913445637165971429
Egersunds IK vs. Hoedd IL: Second half draw?,A 竞技,0.02,0.8,0.41000000000000003,0.78,0.0,0.0,0.0,50,4.5,sports_fees_v3,True,21422757026687473352247523325934197193261912476113654841337163815673994790803
Hoedd IL to win the second half?,A 竞技,0.02,0.98,0.5,0.96,0.0,0.0,0.0,50,4.5,sports_fees_v3,True,34692222720445126376602624918949135319738722293742314981203109061718672495855
Exact Score: Egersunds IK 0 - 0 Hoedd IL?,A 竞技,0.002,0.526,0.264,0.524,0.0,0.0,0.0,50,4.5,sports_fees_v3,True,21903092112432289951730404831364102655279463938399559224674338419360011430516
Exact Score: Egersunds IK 0 - 1 Hoedd IL?,A 竞技,0.002,0.482,0.242,0.48,0.0,0.0,0.0,50,4.5,sports_fees_v3,True,61687697872352027256683057473019304920541510908281667320163297949098242065146
Exact Score: Egersunds IK 1 - 0 Hoedd IL?,A 竞技,0.01,0.47,0.24,0.45999999999999996,0.0,0.0,0.0,50,4.5,sports_fees_v3,True,80455190595642758341328723360890336975697706674611738549267175471603209653216
Exact Score: Egersunds IK 0 - 2 Hoedd IL?,A 竞技,0.002,0.472,0.237,0.47,0.0,0.0,0.0,50,4.5,sports_fees_v3,True,20926461110048692058515714134604559228834205995713294366621136585969242274760
Exact Score: Egersunds IK 1 - 1 Hoedd IL?,A 竞技,0.01,0.47,0.24,0.45999999999999996,0.0,0.0,0.0,50,4.5,sports_fees_v3,True,98277370911479503483715683567140426370778275393484218707864999098989092510081
Exact Score: Egersunds IK 2 - 0 Hoedd IL?,A 竞技,0.01,0.48,0.245,0.47,0.0,0.0,0.0,50,4.5,sports_fees_v3,True,29661692027646145201904021220944387759906214712517117277260435297148829727718
Exact Score: Egersunds IK 0 - 3 Hoedd IL?,A 竞技,,0.739,,,0.0,0.0,0.0,50,4.5,sports_fees_v3,True,75281685302263151104240213510029893779376990714119728119085726234598083254669
Exact Score: Egersunds IK 1 - 2 Hoedd IL?,A 竞技,0.01,0.46,0.23500000000000001,0.45,0.0,0.0,0.0,50,4.5,sports_fees_v3,True,36928634213888425154337895141248507673745178259655512322179721886168191734776
Exact Score: Egersunds IK 2 - 1 Hoedd IL?,A 竞技,0.01,0.48,0.245,0.47,0.0,0.0,0.0,50,4.5,sports_fees_v3,True,62951113925031259761721529657119692222271944635171752278075317644840221575215
Exact Score: Egersunds IK 3 - 0 Hoedd IL?,A 竞技,0.002,0.451,0.2265,0.449,0.0,0.0,0.0,50,4.5,sports_fees_v3,True,67273663065062279806969604368419743266711652595510797066442752281996899262399
Exact Score: Egersunds IK 0 - 4 Hoedd IL?,A 竞技,,0.74,,,0.0,0.0,0.0,50,4.5,sports_fees_v3,True,94211065873991922395299810933592378053070272925277388481579612479638344758664
Exact Score: Egersunds IK 1 - 3 Hoedd IL?,A 竞技,0.002,0.641,0.3215,0.639,0.0,0.0,0.0,50,4.5,sports_fees_v3,True,100170701151754983194362613410858446472945912204377261706924279123050707532905
Exact Score: Egersunds IK 2 - 2 Hoedd IL?,A 竞技,0.01,0.46,0.23500000000000001,0.45,0.0,0.0,0.0,50,4.5,sports_fees_v3,True,27209299569541557040723226565117948885912077634773557664793527745855947647141
Exact Score: Egersunds IK 3 - 1 Hoedd IL?,A 竞技,0.01,0.47,0.24,0.45999999999999996,0.0,0.0,0.0,50,4.5,sports_fees_v3,True,10785304316535182990582238514403178416647829500878393225532859972338344038872
Exact Score: Egersunds IK 4 - 0 Hoedd IL?,A 竞技,0.002,0.472,0.237,0.47,0.0,0.0,0.0,50,4.5,sports_fees_v3,True,3256298747806027075884663111630762965200905786870914520256945439479846153448
Exact Score: Egersunds IK 0 - 5 Hoedd IL?,A 竞技,,0.75,,,0.0,0.0,0.0,50,4.5,sports_fees_v3,True,86226932919558728089075265617970481293188123600922851995996901553450937901870
Exact Score: Egersunds IK 1 - 4 Hoedd IL?,A 竞技,,0.74,,,0.0,0.0,0.0,50,4.5,sports_fees_v3,True,67513978987883725266687075151770665541482403551590897532073014658112081226272
Exact Score: Egersunds IK 2 - 3 Hoedd IL?,A 竞技,0.002,0.476,0.239,0.474,0.0,0.0,0.0,50,4.5,sports_fees_v3,True,2556814668916446290093394097050248741927469256381252623789933786053862224063
T20 Series Afghanistan vs Sri Lanka: Afghanistan vs Sri Lanka,A 竞技,0.004,0.3,0.152,0.296,0.0,70748.51453799999,0.001,0,0.0,sports_fees_v2,True,57597642317107723731431597287342423241428012928125576570527213913175003494343
T20 Series Afghanistan vs Sri Lanka: Afghanistan vs Sri Lanka - Who wi,A 竞技,0.01,0.99,0.5,0.98,0.0,30.0,0.0,50,4.5,sports_fees_v2,True,69175951749625823550507356828532211251832431837650045761041290038509342446773
T20 Series Afghanistan vs Sri Lanka: Afghanistan vs Sri Lanka - Comple,A 竞技,0.11,0.98,0.545,0.87,0.0,4063.5053690000004,0.0,0,0.0,sports_fees_v2,True,111588562728398112416000524244498725721144101368897773326780247226198594765522
T20 Series Afghanistan vs Sri Lanka: Afghanistan vs Sri Lanka - Toss M,A 竞技,0.01,0.99,0.5,0.98,0.0,76.12,0.0,50,4.5,sports_fees_v2,True,9962623242159985255164150579754536378430282023777041311634221155600229213852
T20 Series Afghanistan vs Sri Lanka: Afghanistan vs Sri Lanka - Toss M,A 竞技,0.02,0.998,0.509,0.978,0.0,104.46999999999998,0.0,50,4.5,sports_fees_v2,True,96347617027740622569197254344420989599182400674799280170118330468892547077234
T20 Series Afghanistan vs Sri Lanka: Afghanistan vs Sri Lanka - Toss M,A 竞技,0.002,0.9,0.451,0.898,0.0,159.79262,0.0,50,4.5,sports_fees_v2,True,77805169337700177149469111487170708172420964333192405314082548269138982313614
T20 Series Afghanistan vs Sri Lanka: Afghanistan vs Sri Lanka - Most S,A 竞技,0.01,1.0,0.505,0.99,0.0,50.0,0.0,50,4.5,sports_fees_v2,True,109262671768086639656424424053175513748612349681993951715607995576604963076115
T20 Series Afghanistan vs Sri Lanka: Afghanistan vs Sri Lanka - Most S,A 竞技,0.01,0.97,0.49,0.96,0.0,110.99000000000001,0.0,50,4.5,sports_fees_v2,True,94545247366388484621234492895107520673351556880137951704162831727947964508411
T20 Series Afghanistan vs Sri Lanka: Afghanistan vs Sri Lanka - Most S,A 竞技,0.002,0.99,0.496,0.988,0.0,48.0,0.0,50,4.5,sports_fees_v2,True,13136793360605362302692924824085804282949021288202977961582004096956196327457
T20 Series Afghanistan vs Sri Lanka: Afghanistan vs Sri Lanka - Team T,A 竞技,0.002,0.99,0.496,0.988,0.0,43.970000000000006,0.0,50,4.5,sports_fees_v2,True,46420006633422413527163506380345958692850617818332069873504753567637336422907
T20 Series Afghanistan vs Sri Lanka: Afghanistan vs Sri Lanka - Team T,A 竞技,0.005,0.99,0.4975,0.985,0.0,126.740478,0.0,50,4.5,sports_fees_v2,True,65929748478555565903060469642805505556093296745415374723303053192092188711950
T20 Series Afghanistan vs Sri Lanka: Afghanistan vs Sri Lanka - Team T,A 竞技,0.01,1.0,0.505,0.99,0.0,23.990000000000002,0.0,50,4.5,sports_fees_v2,True,75007937722224170459787709624015159182657909104983068406892247294054443712612
T20 Series Afghanistan vs Sri Lanka: Afghanistan vs Sri Lanka,A 竞技,0.02,0.98,0.5,0.96,0.0,4644.204862999999,0.0,50,4.5,sports_fees_v2,True,58143203608334989643630056144739505196990615445028673622834487218753590057997
T20 Series Afghanistan vs Sri Lanka: Afghanistan vs Sri Lanka - Who wi,A 竞技,0.01,1.0,0.505,0.99,0.0,40.0,0.0,50,4.5,sports_fees_v2,True,42607747356980131470225681079603332598218448183369956202367070168690298841567
T20 Series Afghanistan vs Sri Lanka: Afghanistan vs Sri Lanka - Comple,A 竞技,0.01,1.0,0.505,0.99,0.0,20.0,0.0,50,4.5,sports_fees_v2,True,45707038188506344534643726189427485009352265319613185022705323599928532806962
T20 Series Afghanistan vs Sri Lanka: Afghanistan vs Sri Lanka - Toss M,A 竞技,,0.99,,,0.0,65.0,0.0,50,4.5,sports_fees_v2,True,13641260017869867552153107620007497812994983476457652439908890370932414588376
T20 Series Afghanistan vs Sri Lanka: Afghanistan vs Sri Lanka - Toss M,A 竞技,,0.99,,,0.0,55.0,0.0,50,4.5,sports_fees_v2,True,91565958117733493362606431306661760598392840923750171254505620932374289764929
T20 Series Afghanistan vs Sri Lanka: Afghanistan vs Sri Lanka - Toss M,A 竞技,,1.0,,,0.0,45.0,0.0,50,4.5,sports_fees_v2,True,71294601179256721303327801746733052429389757136365578534162565425455845170235
T20 Series Afghanistan vs Sri Lanka: Afghanistan vs Sri Lanka - Most S,A 竞技,,1.0,,,0.0,40.0,0.0,50,4.5,sports_fees_v2,True,28479711305993194592458738460599796876779358904305260347703716549682506756483
T20 Series Afghanistan vs Sri Lanka: Afghanistan vs Sri Lanka - Most S,A 竞技,,1.0,,,0.0,30.0,0.0,50,4.5,sports_fees_v2,True,89450011845252441398323134529511508963608289725800965808317915950184597870750
T20 Series Afghanistan vs Sri Lanka: Afghanistan vs Sri Lanka - Most S,A 竞技,,1.0,,,0.0,40.0,0.0,50,4.5,sports_fees_v2,True,111557852686133436018465103812884492600779646938974816250533310930420666706665
T20 Series Afghanistan vs Sri Lanka: Afghanistan vs Sri Lanka - Team T,A 竞技,,0.99,,,0.0,45.0,0.0,50,4.5,sports_fees_v2,True,64526223597799324859744175576319047466902003245128301405000131918677688061002
T20 Series Afghanistan vs Sri Lanka: Afghanistan vs Sri Lanka - Team T,A 竞技,,0.99,,,0.0,45.0,0.0,50,4.5,sports_fees_v2,True,95033092697271086597439196001454452517970240882303980424016557120820197545103
T20 Series Afghanistan vs Sri Lanka: Afghanistan vs Sri Lanka - Team T,A 竞技,,0.99,,,0.0,20.0,0.0,50,4.5,sports_fees_v2,True,18363268610195879380983797156406365470424891089368406470136519097627376244387
T20 Series Afghanistan vs Sri Lanka: Afghanistan vs Sri Lanka,A 竞技,0.01,0.5,0.255,0.49,0.0,3664.6323920000004,0.0,50,4.5,sports_fees_v2,True,39430568370041315134112983710815407511008224099121060043596783479743114124119
T20 Series Afghanistan vs Sri Lanka: Afghanistan vs Sri Lanka - Who wi,A 竞技,0.01,0.99,0.5,0.98,0.0,500.5760849999999,0.0,50,4.5,sports_fees_v2,True,35216895756634477907980080426925779941002685382977902673349027500096076098368
T20 Series Afghanistan vs Sri Lanka: Afghanistan vs Sri Lanka - Comple,A 竞技,0.001,0.99,0.4955,0.989,0.0,4142.38565,0.0,50,4.5,sports_fees_v2,True,15405951267063464483108186435133266855001909921661207473975581446790993480037
T20 Series Afghanistan vs Sri Lanka: Afghanistan vs Sri Lanka - Toss M,A 竞技,0.001,0.98,0.4905,0.979,0.0,5033.082684999999,0.0,50,4.5,sports_fees_v2,True,98489224354182538383802433802205205971140070080197514467030444122549116537593
T20 Series Afghanistan vs Sri Lanka: Afghanistan vs Sri Lanka - Toss M,A 竞技,0.005,0.5,0.2525,0.495,0.0,81.16,0.0,50,4.5,sports_fees_v2,True,79363554389173162730432153663685849825013895050532618587395541099490543744462
T20 Series Afghanistan vs Sri Lanka: Afghanistan vs Sri Lanka - Toss M,A 竞技,0.001,0.98,0.4905,0.979,0.0,42.20165,0.0,50,4.5,sports_fees_v2,True,110734035422345398674392119499238825065409276366969260523992981421041649596586
T20 Series Afghanistan vs Sri Lanka: Afghanistan vs Sri Lanka - Most S,A 竞技,0.002,0.995,0.4985,0.993,0.0,9189.481,0.0,50,4.5,sports_fees_v2,True,14753009140782336023308587028904412618045109244464642814251283124704793089555
T20 Series Afghanistan vs Sri Lanka: Afghanistan vs Sri Lanka - Most S,A 竞技,0.001,0.997,0.499,0.996,0.0,4003.47,0.0,50,4.5,sports_fees_v2,True,78214371941967290492742072793972829218325654246100279131792543808131102309375
T20 Series Afghanistan vs Sri Lanka: Afghanistan vs Sri Lanka - Most S,A 竞技,0.001,0.991,0.496,0.99,0.0,45.9,0.0,50,4.5,sports_fees_v2,True,64387253692406798200555935167823781107516973651733990942451462225127057359615
T20 Series Afghanistan vs Sri Lanka: Afghanistan vs Sri Lanka - Team T,A 竞技,,0.99,,,0.0,41.502685,0.0,50,4.5,sports_fees_v2,True,108657747249821220872256214753993048470609605676532411195631932091242656227874
T20 Series Afghanistan vs Sri Lanka: Afghanistan vs Sri Lanka - Team T,A 竞技,,0.99,,,0.0,20.0,0.0,50,4.5,sports_fees_v2,True,113513770772579317559468527703671473987738451279864885282498764352276546368194
T20 Series Afghanistan vs Sri Lanka: Afghanistan vs Sri Lanka - Team T,A 竞技,,0.99,,,0.0,0.0,0.0,50,4.5,sports_fees_v2,True,105749622685463810013760807058261902885086729988580932630420824739857087038155
ODI Series Afghanistan vs Sri Lanka: Afghanistan vs Sri Lanka,A 竞技,0.02,1.0,0.51,0.98,0.0,12180.470187,0.0,0,0.0,sports_fees_v2,True,99197186147555939167650543159830721823840543097666075823982769392629261770314
ODI Series Afghanistan vs Sri Lanka: Afghanistan vs Sri Lanka - Who wi,A 竞技,,1.0,,,0.0,0.0,0.0,50,4.5,sports_fees_v2,True,3859887144605626322061541802861724271495091062126998732437164872061064893393
ODI Series Afghanistan vs Sri Lanka: Afghanistan vs Sri Lanka - Comple,A 竞技,0.5,0.99,0.745,0.49,0.0,0.0,0.0,50,4.5,sports_fees_v2,True,35692217566928421502259921672462373801726929082313826762341936562013850728115
ODI Series Afghanistan vs Sri Lanka: Afghanistan vs Sri Lanka - Team T,A 竞技,,1.0,,,0.0,20.0,0.0,50,4.5,sports_fees_v2,True,64853157574223713498109198626961964863958071156513591163651632640111921064998
ODI Series Afghanistan vs Sri Lanka: Afghanistan vs Sri Lanka - Team T,A 竞技,0.01,1.0,0.505,0.99,0.0,0.0,0.0,50,4.5,sports_fees_v2,True,25811952022517888960195400174833930974098385923938341357248774310097010657575
ODI Series Afghanistan vs Sri Lanka: Afghanistan vs Sri Lanka - Team T,A 竞技,,1.0,,,0.0,0.0,0.0,50,4.5,sports_fees_v2,True,79439722217060503603064112153963160313973647186702235955212305244133238351561
ODI Series Afghanistan vs Sri Lanka: Afghanistan vs Sri Lanka,A 竞技,0.01,1.0,0.505,0.99,0.0,630.3127489999999,0.0,50,4.5,sports_fees_v2,True,57442879996650508447676096167333398554649810908247565411564073179225921072221
ODI Series Afghanistan vs Sri Lanka: Afghanistan vs Sri Lanka - Who wi,A 竞技,0.02,0.98,0.5,0.96,0.0,243.74170800000002,0.0,50,4.5,sports_fees_v2,True,96482275761044324971249680829159611186465236162516579115476709198191085377613
ODI Series Afghanistan vs Sri Lanka: Afghanistan vs Sri Lanka - Comple,A 竞技,,1.0,,,0.0,0.0,0.0,50,4.5,sports_fees_v2,True,68500510396885710238587765839972943384092223257279338493677346097682211352863
ODI Series Afghanistan vs Sri Lanka: Afghanistan vs Sri Lanka - Team T,A 竞技,,0.99,,,0.0,0.0,0.0,50,4.5,sports_fees_v2,True,75328809710804259168993884674604453909096636810350559499403715401757664009801
ODI Series Afghanistan vs Sri Lanka: Afghanistan vs Sri Lanka - Team T,A 竞技,,0.99,,,0.0,0.0,0.0,50,4.5,sports_fees_v2,True,41397443669228246665097934046433181097122631604696706469856107021290609574504
ODI Series Afghanistan vs Sri Lanka: Afghanistan vs Sri Lanka - Team T,A 竞技,,0.99,,,0.0,0.0,0.0,50,4.5,sports_fees_v2,True,86750118361449281894492892306742306913970920931803045988422884311323636129814
ODI Series Afghanistan vs Sri Lanka: Afghanistan vs Sri Lanka,A 竞技,0.04,0.99,0.515,0.95,0.0,298.478419,0.0,50,4.5,sports_fees_v2,True,105196805012933690474557330490241754592278464140763868705561774518801700549528
ODI Series Afghanistan vs Sri Lanka: Afghanistan vs Sri Lanka - Who wi,A 竞技,,1.0,,,0.0,70.0,0.0,50,4.5,sports_fees_v2,True,2100123485173171834484886422867845721438270242380814436477087541598451152853
ODI Series Afghanistan vs Sri Lanka: Afghanistan vs Sri Lanka - Comple,A 竞技,,1.0,,,0.0,10.0,0.0,50,4.5,sports_fees_v2,True,19826325781175473034393622438489210162604824194572094649868840288665295265623
ODI Series Afghanistan vs Sri Lanka: Afghanistan vs Sri Lanka - Team T,A 竞技,,1.0,,,0.0,0.0,0.0,50,4.5,sports_fees_v2,True,45129548792216779958274998497782217566300612184199414936294909890694117678407
ODI Series Afghanistan vs Sri Lanka: Afghanistan vs Sri Lanka - Team T,A 竞技,0.02,1.0,0.51,0.98,0.0,0.0,0.0,50,4.5,sports_fees_v2,True,74871328991617424848869940838721781183300222300354851492427938156913418391766
ODI Series Afghanistan vs Sri Lanka: Afghanistan vs Sri Lanka - Team T,A 竞技,,1.0,,,0.0,0.0,0.0,50,4.5,sports_fees_v2,True,15476183836228256660917875259689324426814563238675313062467414061177511054543
T20 Brisbane Champions League: Brisbane Napoleons vs Iconic Super Knig,A 竞技,,1.0,,,0.0,0.0,0.0,50,4.5,sports_fees_v2,True,68720967474299980248695507693600960424253882599349222590282538691522630818523
T20 Brisbane Champions League: Brisbane Napoleons vs Iconic Super Knig,A 竞技,,1.0,,,0.0,0.0,0.0,50,4.5,sports_fees_v2,True,14117657599178230112320886720225553634542437204772700563856204558462572381686
T20 Brisbane Champions League: Brisbane Napoleons vs Iconic Super Knig,A 竞技,,1.0,,,0.0,0.0,0.0,50,4.5,sports_fees_v2,True,77142936004048255020545576116314089449759954047177643820334109873544676591898
T20 Series Jersey vs Scotland A: Jersey vs Scotland A - Most Sixes Jer,A 竞技,,1.0,,,0.0,40.24,0.0,50,4.5,sports_fees_v2,True,96516599916347156694143369789880716391901368268021348482702658670985318498249
T20 Series Jersey vs Scotland A: Jersey vs Scotland A - Most Sixes Dra,A 竞技,,1.0,,,0.0,0.0,0.0,50,4.5,sports_fees_v2,True,16235936034171189141374578856095602086421929154561302262140581003466776619509
T20 Series Jersey vs Scotland A: Jersey vs Scotland A - Most Sixes Sco,A 竞技,,1.0,,,0.0,40.540000000000006,0.0,50,4.5,sports_fees_v2,True,75990237507685377238666079065579303470559779485236088701681222288273754549967
T20 Series Jersey vs Scotland A: Jersey vs Scotland A - Team Top Batte,A 竞技,,1.0,,,0.0,1527.7,0.0,50,4.5,sports_fees_v2,True,85023147419400019405283011085527090588972473127845288058871667382783973290882
T20 Series Jersey vs Scotland A: Jersey vs Scotland A - Team Top Batte,A 竞技,,1.0,,,0.0,40.24,0.0,50,4.5,sports_fees_v2,True,74285420834107117387410159284377587692775981581882008655563682264105993790112
"T20 BIFA Cup, Women: Thunder Xi vs Kokrajhar - Team Top Batter Draw",A 竞技,,1.0,,,0.0,10.0,0.0,50,4.5,sports_fees_v2,True,56376893311976550182236627133922442408428810569060504438454799211005264317952
"T20 BIFA Cup, Women: Thunder Xi vs Kokrajhar - Team Top Batter Kokrajh",A 竞技,,1.0,,,0.0,10.0,0.0,50,4.5,sports_fees_v2,True,53506258996698076324919350531707562696798457239821054936707561480114589438841
T20 Series Cyprus vs Finland: Cyprus vs Finland - Toss Match Double Cy,A 竞技,,1.0,,,0.0,2.0306,0.0,50,4.5,sports_fees_v2,True,2060713592598327134412258619304530902341018162535669160651891102034703617257
T20 Series Cyprus vs Finland: Cyprus vs Finland - Toss Match Double Dr,A 竞技,,1.0,,,0.0,0.0,0.0,50,4.5,sports_fees_v2,True,25311523323228801682981390270226053264943494773330088551078129540293516375293
T20 Series Cyprus vs Finland: Cyprus vs Finland - Toss Match Double Fi,A 竞技,,1.0,,,0.0,0.0,0.0,50,4.5,sports_fees_v2,True,38787526218397124891319293477280207250643051975972077962308668258513485944099
T20 Series Cyprus vs Finland: Cyprus vs Finland - Most Sixes Cyprus Wi,A 竞技,,1.0,,,0.0,0.0,0.0,50,4.5,sports_fees_v2,True,65200807018012300134663453993939023734700093850140383655385878269789307265037
T20 Series Cyprus vs Finland: Cyprus vs Finland - Most Sixes Draw,A 竞技,,1.0,,,0.0,0.0,0.0,50,4.5,sports_fees_v2,True,14105620818117070598613095379002889538393297275108952282344583237710005757459
T20 Series Cyprus vs Finland: Cyprus vs Finland - Most Sixes Finland W,A 竞技,,1.0,,,0.0,0.0,0.0,50,4.5,sports_fees_v2,True,60778362982201312002825384720728875594386414801361393998489870045177058735446
Afghanistan Tour of India T20s: India vs Afghanistan - Completed match,A 竞技,,1.0,,,0.0,53.320100000000004,0.0,50,4.5,sports_fees_v3,True,105486478222867894364589051979008942393208420293035514008572553609897718369000
Afghanistan Tour of India T20s: India vs Afghanistan - Toss Match Doub,A 竞技,,1.0,,,0.0,0.0,0.0,50,4.5,sports_fees_v3,True,105565567190510088669924261699716521154441281595833044311806194412853476774421
Afghanistan Tour of India T20s: India vs Afghanistan - Toss Match Doub,A 竞技,,1.0,,,0.0,0.0,0.0,50,4.5,sports_fees_v3,True,49704159683376980521133215497599697359890242085795205153624926481309991502339
Afghanistan Tour of India T20s: India vs Afghanistan - Toss Match Doub,A 竞技,,1.0,,,0.0,0.0,0.0,50,4.5,sports_fees_v3,True,33997881447290531195195139168630033480175229997481094124509571321480775039961
Afghanistan Tour of India T20s: India vs Afghanistan - Most Sixes Indi,A 竞技,,1.0,,,0.0,0.0,0.0,50,4.5,sports_fees_v3,True,51219814003719765835334833674288135991716459250615958603622631124976162334961
Afghanistan Tour of India T20s: India vs Afghanistan - Most Sixes Draw,A 竞技,,1.0,,,0.0,0.0,0.0,50,4.5,sports_fees_v3,True,89597966023965499728352305236143494310690186693746418653655921638920680307805
Afghanistan Tour of India T20s: India vs Afghanistan - Most Sixes Afgh,A 竞技,,1.0,,,0.0,0.0,0.0,50,4.5,sports_fees_v3,True,61632289886723068319854280678328008107636581507966658772044172331198620418254
Afghanistan Tour of India T20s: India vs Afghanistan - Team Top Batter,A 竞技,,1.0,,,0.0,0.0,0.0,50,4.5,sports_fees_v3,True,35035998418232457740443340369115766019084440756555505730339066740892778337841
Afghanistan Tour of India T20s: India vs Afghanistan - Team Top Batter,A 竞技,,1.0,,,0.0,0.0,0.0,50,4.5,sports_fees_v3,True,78923668488523571292224118445320793705824800648528807342166449599633971521545
Afghanistan Tour of India T20s: India vs Afghanistan - Team Top Batter,A 竞技,,1.0,,,0.0,0.0,0.0,50,4.5,sports_fees_v3,True,27600745727652634054641112472491871167172295087295869293838168036339829135365
T20 Afghanistan vs India: Afghanistan vs India - Completed match?,A 竞技,,1.0,,,0.0,0.0,0.0,50,4.5,sports_fees_v3,True,38787991060965807216831598560687481774749228837601039189340093290242566028698
T20 Afghanistan vs India: Afghanistan vs India - Toss Match Double Dra,A 竞技,,1.0,,,0.0,0.0,0.0,50,4.5,sports_fees_v3,True,49871868435943659688503945823793441105161938293979211065878629540336618782325
T20 Afghanistan vs India: Afghanistan vs India - Toss Match Double Ind,A 竞技,,1.0,,,0.0,0.0,0.0,50,4.5,sports_fees_v3,True,51593661142910311305860165091455934530790619854105367462066337832854107850060
T20 Afghanistan vs India: Afghanistan vs India - Most Sixes Afghanista,A 竞技,,1.0,,,0.0,0.0,0.0,50,4.5,sports_fees_v3,True,100064874125591247175528825040795173112592141469841947257913903242666539183334
T20 Afghanistan vs India: Afghanistan vs India - Most Sixes Draw,A 竞技,,1.0,,,0.0,0.0,0.0,50,4.5,sports_fees_v3,True,52969784814043587678130322156815808990358191667472345225091775079187673646555
T20 Afghanistan vs India: Afghanistan vs India - Most Sixes India Winn,A 竞技,,1.0,,,0.0,0.0,0.0,50,4.5,sports_fees_v3,True,100351888015456485462347065718654311866179736436249964043836982489107887433088
T20 Afghanistan vs India: Afghanistan vs India - Team Top Batter Afgha,A 竞技,,1.0,,,0.0,0.0,0.0,50,4.5,sports_fees_v3,True,91308783788966075381592350646289019300535747710413582324185905053440393405031
T20 Afghanistan vs India: Afghanistan vs India - Team Top Batter Draw,A 竞技,,1.0,,,0.0,0.0,0.0,50,4.5,sports_fees_v3,True,41845637098883241486496363977379522724627852289290515793913654368462619987325
T20 Afghanistan vs India: Afghanistan vs India - Team Top Batter India,A 竞技,,1.0,,,0.0,0.0,0.0,50,4.5,sports_fees_v3,True,57064179707601135354471377883520028043412147099080967194355582787893183388596
"T20 Asia Cup, Women: A1 vs B2 - Toss Match Double A1 Winner",A 竞技,,1.0,,,0.0,0.0,0.0,50,4.5,sports_fees_v3,True,6269592928836835346182082273858118150943206632340668346479191097221081824123
"T20 Asia Cup, Women: A1 vs B2 - Toss Match Double Draw",A 竞技,,1.0,,,0.0,0.0,0.0,50,4.5,sports_fees_v3,True,24707001620262463382173702032159546220461046370579584683592314747351455237471
"T20 Asia Cup, Women: A1 vs B2 - Toss Match Double B2 Winner",A 竞技,,1.0,,,0.0,0.0,0.0,50,4.5,sports_fees_v3,True,68077153162142236421164935594446916873403814625311968073455461065612376023940
"T20 Asia Cup, Women: A1 vs B2 - Most Sixes A1 Winner",A 竞技,,1.0,,,0.0,0.0,0.0,50,4.5,sports_fees_v3,True,45091581688124555053607732031477085854853432036022440961765972909708618591443
"T20 Asia Cup, Women: A1 vs B2 - Most Sixes Draw",A 竞技,,1.0,,,0.0,0.0,0.0,50,4.5,sports_fees_v3,True,58419707965488771019960153370743542001641585186710045225805838180010447967914
"T20 Asia Cup, Women: A1 vs B2 - Most Sixes B2 Winner",A 竞技,,1.0,,,0.0,0.0,0.0,50,4.5,sports_fees_v3,True,107189226978171371801917824029401456088555273200739246306746157788612061211459
"T20 Asia Cup, Women: A1 vs B2 - Team Top Batter A1 Winner",A 竞技,,1.0,,,0.0,0.0,0.0,50,4.5,sports_fees_v3,True,67094402597162551448493072387854117732987690645582438816957129129814986387308
"T20 Asia Cup, Women: A1 vs B2 - Team Top Batter Draw",A 竞技,,1.0,,,0.0,0.0,0.0,50,4.5,sports_fees_v3,True,58733170407220640581716555145491976184672919291730281415804850640583092577856
"T20 Asia Cup, Women: A1 vs B2 - Team Top Batter B2 Winner",A 竞技,,1.0,,,0.0,0.0,0.0,50,4.5,sports_fees_v3,True,86486723196069251170601952875151057573487784684097177636549853438985492513618
Malaysia Women Tour of Japan T20s: Japan Women vs Malaysia Women,A 竞技,,1.0,,,0.0,0.0,0.0,50,4.5,sports_fees_v3,True,16168854891274147438678446962789729175903868951683639682626492072995583691588
Malaysia Women Tour of Japan T20s: Japan Women vs Malaysia Women - Who,A 竞技,,1.0,,,0.0,0.0,0.0,50,4.5,sports_fees_v3,True,115439823843204041729191632522064946035664067570152093617678772719302749440235
PFK Dinamo Samarqand vs. FK Kokand 1912: Team to Take First Corner,A 竞技,,1.0,,,0.0,0.0,0.0,50,4.5,sports_fees_v3,True,58804364808109166387222293472713814995826813394580833781810338177605155621151
PFK Mash AL Mubarek vs. PFC Sogdiana: Team to Take First Corner,A 竞技,,1.0,,,0.0,0.0,0.0,50,4.5,sports_fees_v3,True,92972988988252366292742757261264850823705039937351282411263430782351959083590
Xorazm Fk Urganch vs. PFK Mash AL Mubarek: Team to Take First Corner,A 竞技,0.001,0.999,0.5,0.998,0.0,0.0,0.0,50,4.5,sports_fees_v3,True,95045404914485187767117684446676417026190342226612962664327287400855462480252
Pakhtakor vs. FK Buxoro: Team to Take First Corner,A 竞技,0.001,0.999,0.5,0.998,0.0,0.0,0.0,50,4.5,sports_fees_v3,True,90429321903576711685440596893892283845635100103662968125710816108155436840807
Will AGMK win the 2026 Uzbekistan Super League?,A 竞技,0.02,0.97,0.495,0.95,0.0,0.0,0.0,50,4.5,sports_fees_v3,True,106917988797276320854043744656996595871227566015923978644969261652304992873457
Will Andijon win the 2026 Uzbekistan Super League?,A 竞技,0.02,0.94,0.48,0.9199999999999999,0.0,0.0,0.0,50,4.5,sports_fees_v3,True,20475360519716771780844139701401152843858235613852022079339321439503493034347
Will Bukhara win the 2026 Uzbekistan Super League?,A 竞技,0.02,0.96,0.49,0.94,0.0,0.0,0.0,50,4.5,sports_fees_v3,True,79220735347278780130079392556901304497500069313178913854242390895288593454864
Will Dinamo Samarqand win the 2026 Uzbekistan Super League?,A 竞技,0.01,0.93,0.47000000000000003,0.92,0.0,0.0,0.0,50,4.5,sports_fees_v3,True,79527001139930231674517301774268487002185231520166627320298549098106068641728
Will Lokomotiv Tashkent win the 2026 Uzbekistan Super League?,A 竞技,0.02,0.97,0.495,0.95,0.0,0.0,0.0,50,4.5,sports_fees_v3,True,104897870201640957159689623913462212214389748611541437884028819427046742806804
Will Nasaf win the 2026 Uzbekistan Super League?,A 竞技,0.01,0.97,0.49,0.96,0.0,0.0,0.0,50,4.5,sports_fees_v3,True,39611517380949963439112932388142148808181517478749964341473774116124958576711
Will Navbahor win the 2026 Uzbekistan Super League?,A 竞技,0.02,0.97,0.495,0.95,0.0,0.0,0.0,50,4.5,sports_fees_v3,True,111314681904100366845013036181704422663427845827077075785017468416169915964016
Will Neftchi Fergana win the 2026 Uzbekistan Super League?,A 竞技,0.01,0.97,0.49,0.96,0.0,0.0,0.0,50,4.5,sports_fees_v3,True,39633098638346966785261435995379850243505060499700375882380797238509875759345
Will Pakhtakor win the 2026 Uzbekistan Super League?,A 竞技,0.02,0.97,0.495,0.95,0.0,0.0,0.0,50,4.5,sports_fees_v3,True,48107851201734786870657190576382443438493853048555635349503042302955268917324
Will Qizilqum win the 2026 Uzbekistan Super League?,A 竞技,,0.88,,,0.0,62.0,0.0,50,4.5,sports_fees_v3,True,112800552284903278774122796143038894060370652550220439812965118702077336972067
Will Sogdiana win the 2026 Uzbekistan Super League?,A 竞技,,0.91,,,0.0,62.0,0.0,50,4.5,sports_fees_v3,True,15591533272835300388998286643289281794063822211414254027578411377950626600663
Will AGMK be runner-up in the 2026 Uzbekistan Super League?,A 竞技,0.02,0.97,0.495,0.95,0.0,0.0,0.0,50,4.5,sports_fees_v3,True,92715824095197223870954838687947421507257051316107526014037765836595261173016
Will Andijon be runner-up in the 2026 Uzbekistan Super League?,A 竞技,0.01,0.97,0.49,0.96,0.0,0.0,0.0,50,4.5,sports_fees_v3,True,103220877390228995580240846657719346641256632807230367175048716146399023660186
Will Bukhara be runner-up in the 2026 Uzbekistan Super League?,A 竞技,0.01,0.97,0.49,0.96,0.0,0.0,0.0,50,4.5,sports_fees_v3,True,65022385428076443566435254143629572460541149724191381205098237941390970277131
Will Dinamo Samarqand be runner-up in the 2026 Uzbekistan Super League,A 竞技,0.02,0.97,0.495,0.95,0.0,0.0,0.0,50,4.5,sports_fees_v3,True,104746867232280314011939215270573463257243016618294225146034841836298176451798
Will Lokomotiv Tashkent be runner-up in the 2026 Uzbekistan Super Leag,A 竞技,0.02,0.96,0.49,0.94,0.0,0.0,0.0,50,4.5,sports_fees_v3,True,6289029995353461765157823647966809072705725470300790753881872162286939360460
Will Nasaf be runner-up in the 2026 Uzbekistan Super League?,A 竞技,0.01,0.97,0.49,0.96,0.0,0.0,0.0,50,4.5,sports_fees_v3,True,109760198037909859565245421339904848291805829404747479760262497595383790049288
Will Navbahor be runner-up in the 2026 Uzbekistan Super League?,A 竞技,0.02,0.97,0.495,0.95,0.0,0.0,0.0,50,4.5,sports_fees_v3,True,222915515841327742764873508288829564242231050343948341492838709304479867966
Will Neftchi Fergana be runner-up in the 2026 Uzbekistan Super League?,A 竞技,0.02,0.97,0.495,0.95,0.0,0.0,0.0,50,4.5,sports_fees_v3,True,66121348656386067108131532777238396179006768199065096714660455475762522241521
Will Pakhtakor be runner-up in the 2026 Uzbekistan Super League?,A 竞技,0.02,0.97,0.495,0.95,0.0,0.0,0.0,50,4.5,sports_fees_v3,True,88395978043716707221613596582640950768129692030972615811535779525162903705296
Will Qizilqum be runner-up in the 2026 Uzbekistan Super League?,A 竞技,0.02,0.94,0.48,0.9199999999999999,0.0,0.0,0.0,50,4.5,sports_fees_v3,True,101068417089518701000597687515010875585366606263781686344112908449273680576933
Will Sogdiana be runner-up in the 2026 Uzbekistan Super League?,A 竞技,0.02,0.97,0.495,0.95,0.0,0.0,0.0,50,4.5,sports_fees_v3,True,84927346504900245676883111271396329276102748762204451025588880176295063786607
Will Surkhon be runner-up in the 2026 Uzbekistan Super League?,A 竞技,,0.88,,,0.0,72.45,0.0,50,4.5,sports_fees_v3,True,28109597709988443622166562752176137292685754808035340037118505456493610088380
PFK Dinamo Samarqand vs. Xorazm Fk Urganch: Team to Take First Corner,A 竞技,0.001,0.999,0.5,0.998,0.0,0.0,0.0,50,4.5,sports_fees_v3,True,29460600354689454043432544792693063835166659118902063584828665145636527630555
FC Andijon vs. Xorazm Fk Urganch: O/U 8.5 Total Corners,A 竞技,0.001,0.999,0.5,0.998,0.0,35.0,0.0,50,4.5,sports_fees_v3,True,86316458945124809465736403403953122419861557272323766114886506990400951178961
FC Andijon vs. Xorazm Fk Urganch: Total Corners Odd or Even?,A 竞技,0.001,0.999,0.5,0.998,0.0,5.0,0.0,50,4.5,sports_fees_v3,True,68769653601972459257021640597889655423561376034754960398937958519679672586048
Will AGMK be relegated from the 2026 Uzbekistan Super League?,A 竞技,0.04,0.09,0.065,0.049999999999999996,0.0,44.081633,1.0,20,4.5,sports_fees_v3,True,7551475857432111249504697085543025814503250530802166880243342276025411167853
Will Andijon be relegated from the 2026 Uzbekistan Super League?,A 竞技,0.01,0.23,0.12000000000000001,0.22,0.0,89.70532,1.0,20,4.5,sports_fees_v3,True,46486853872378576361065826174886366093012976666225912344050096229056119197923
Will Bukhara be relegated from the 2026 Uzbekistan Super League?,A 竞技,0.02,0.2,0.11,0.18000000000000002,0.0,60.0,1.0,20,4.5,sports_fees_v3,True,49179291737513431283052456103893256387284179573660967902837190119280047026013
Will Bunyodkor be relegated from the 2026 Uzbekistan Super League?,A 竞技,0.3,0.5,0.4,0.2,0.0,118.97,5.0,20,4.5,sports_fees_v3,True,8641295668959770002332571537801671659496676901051116144102061923374825225976
Will Dinamo Samarqand be relegated from the 2026 Uzbekistan Super Leag,A 竞技,0.03,0.09,0.06,0.06,0.0,21.0,1.0,20,4.5,sports_fees_v3,True,85499078579770737724396001876927391065597606032332729170561288902167310938747
Will Khorazm be relegated from the 2026 Uzbekistan Super League?,A 竞技,0.03,0.47,0.25,0.43999999999999995,0.0,100.0,5.0,20,4.5,sports_fees_v3,True,85705521414656284671513282053903461376885906075599379527516816439817564128983
Will Kokand 1912 be relegated from the 2026 Uzbekistan Super League?,A 竞技,0.38,0.44,0.41000000000000003,0.06,20.0,256.0,5.0,20,4.5,sports_fees_v3,True,75943944269860301623495453616742159002172098741100329813548538060819980359801
Will Lokomotiv Tashkent be relegated from the 2026 Uzbekistan Super Le,A 竞技,0.196,0.271,0.2335,0.07500000000000001,0.0,37.0,5.0,20,4.5,sports_fees_v3,True,81464381464874078806821978735106690540819696260442406091391745899757942292357
Will Mash'al be relegated from the 2026 Uzbekistan Super League?,A 竞技,0.9,0.93,0.915,0.030000000000000027,0.0,1122.87077,1.0,20,4.5,sports_fees_v3,True,15856725337747187062714314719755526092546286894472076123174646846321347425375
Will Nasaf be relegated from the 2026 Uzbekistan Super League?,A 竞技,0.02,0.2,0.11,0.18000000000000002,0.0,60.0,1.0,20,4.5,sports_fees_v3,True,41608790940615686660166996964170433438525518815300430554506196055216626324413
Will Navbahor be relegated from the 2026 Uzbekistan Super League?,A 竞技,0.002,0.048,0.025,0.046,0.0,154.0,0.0,20,4.5,sports_fees_v3,True,103396232394154002073915603595400723563385460236206944921254846903581036044506
Will Neftchi Fergana be relegated from the 2026 Uzbekistan Super Leagu,A 竞技,0.002,0.37,0.186,0.368,0.0,669.3815689999999,1.0,20,4.5,sports_fees_v3,True,67946301064419634992774771500397633701736915434665516507656422412569407726474
Will Pakhtakor be relegated from the 2026 Uzbekistan Super League?,A 竞技,0.002,0.062,0.032,0.06,0.0,226.0,0.0,20,4.5,sports_fees_v3,True,107100776861757466650225554699413478765734849039080153664343560022789386461951
Will Qizilqum be relegated from the 2026 Uzbekistan Super League?,A 竞技,0.255,0.303,0.279,0.04799999999999999,0.0,46.0,5.0,20,4.5,sports_fees_v3,True,113320842780609765728081213676460412340656973201570154348716696412306119995551
Will Sogdiana be relegated from the 2026 Uzbekistan Super League?,A 竞技,0.02,0.24,0.13,0.22,0.0,83.22999999999999,1.0,20,4.5,sports_fees_v3,True,30677512429803695117144386338902703045524358402219755144991792530264198994936
Will Surkhon be relegated from the 2026 Uzbekistan Super League?,A 竞技,0.03,0.27,0.15000000000000002,0.24000000000000002,0.0,60.343914,1.0,20,4.5,sports_fees_v3,True,13474816934602550612659016569162901649532028373748850327215858043850537256976
Will AGMK finish 11th in the 2026 Uzbekistan Super League?,A 竞技,0.01,0.97,0.49,0.96,0.0,0.0,0.0,50,4.5,sports_fees_v3,True,5205058453805458850926696459357613145857604269873920058372539231948200963346
Will Andijon finish 11th in the 2026 Uzbekistan Super League?,A 竞技,0.01,0.97,0.49,0.96,0.0,0.0,0.0,50,4.5,sports_fees_v3,True,60176752393487607053730852492249019292224399965671732883866398050603791701159
Will Bukhara finish 11th in the 2026 Uzbekistan Super League?,A 竞技,0.01,0.97,0.49,0.96,0.0,0.0,0.0,50,4.5,sports_fees_v3,True,60785901749470646136706271339243771309128630676518319961315471645074312805910
Will Bunyodkor finish 11th in the 2026 Uzbekistan Super League?,A 竞技,0.01,0.97,0.49,0.96,0.0,0.0,0.0,50,4.5,sports_fees_v3,True,90563699690071487499983467344351745145445505451491264905117290275535584036791
Will Dinamo Samarqand finish 11th in the 2026 Uzbekistan Super League?,A 竞技,0.01,0.95,0.48,0.94,0.0,0.0,0.0,50,4.5,sports_fees_v3,True,52108715347901683963612982760603655231221697475238828286400270036585049677153
Will Khorazm finish 11th in the 2026 Uzbekistan Super League?,A 竞技,0.01,0.97,0.49,0.96,0.0,0.0,0.0,50,4.5,sports_fees_v3,True,56995782667822657026465556278124217391042012812520132764175914494261009059833
Will Kokand 1912 finish 11th in the 2026 Uzbekistan Super League?,A 竞技,0.01,0.97,0.49,0.96,0.0,0.0,0.0,50,4.5,sports_fees_v3,True,38474999424152852869849618801676501885838532352259237990696434966847634384138
Will Lokomotiv Tashkent finish 11th in the 2026 Uzbekistan Super Leagu,A 竞技,0.01,0.97,0.49,0.96,0.0,0.0,0.0,50,4.5,sports_fees_v3,True,8843953529082896107441400625471890308714268332477128211400346190759831762407
Will Mash'al finish 11th in the 2026 Uzbekistan Super League?,A 竞技,0.01,0.96,0.485,0.95,0.0,0.0,0.0,50,4.5,sports_fees_v3,True,75904622149239012761612262063572572407945284574819543286868969788491585720410
Will Nasaf finish 11th in the 2026 Uzbekistan Super League?,A 竞技,0.01,0.96,0.485,0.95,0.0,0.0,0.0,50,4.5,sports_fees_v3,True,73720162933597437905828701536289393247496496356602684587285558741083327979516
Will Navbahor finish 11th in the 2026 Uzbekistan Super League?,A 竞技,,0.89,,,0.0,108.0,0.0,50,4.5,sports_fees_v3,True,69794808749112355188360373062151803597405118243038850510570367407436730633393
Will Neftchi Fergana finish 11th in the 2026 Uzbekistan Super League?,A 竞技,,0.87,,,0.0,108.0,0.0,50,4.5,sports_fees_v3,True,44470887683664150047021541877388108374727795989332677600782235895012122920180
Will Pakhtakor finish 11th in the 2026 Uzbekistan Super League?,A 竞技,0.001,0.985,0.493,0.984,0.0,58.0,0.0,50,4.5,sports_fees_v3,True,93334913583470719869246255630000550800304456475097271425410981878150292503221
Will Qizilqum finish 11th in the 2026 Uzbekistan Super League?,A 竞技,0.01,0.97,0.49,0.96,0.0,0.0,0.0,50,4.5,sports_fees_v3,True,35442063791601924538834635476549853466075436546661935127596029675195704175996
Will Sogdiana finish 11th in the 2026 Uzbekistan Super League?,A 竞技,0.01,0.9,0.455,0.89,0.0,0.0,0.0,50,4.5,sports_fees_v3,True,57321466056121781380708807639003776927767047972968042446310869805184949820419
Will Surkhon finish 11th in the 2026 Uzbekistan Super League?,A 竞技,0.01,0.97,0.49,0.96,0.0,0.0,0.0,50,4.5,sports_fees_v3,True,27010029048689670983219978364457118240563813860740416541420296565734054058634
Will AGMK finish 3rd in the 2026 Uzbekistan Super League?,A 竞技,0.01,0.97,0.49,0.96,0.0,0.0,0.0,50,4.5,sports_fees_v3,True,57634859263623948770167482353712146397026557448061443616839813690693338755635
Will Andijon finish 3rd in the 2026 Uzbekistan Super League?,A 竞技,0.01,0.87,0.44,0.86,0.0,0.0,0.0,50,4.5,sports_fees_v3,True,46153305487546664783494648857902468872056683846521290508312826985534479864062
Will Bukhara finish 3rd in the 2026 Uzbekistan Super League?,A 竞技,0.01,0.96,0.485,0.95,0.0,0.0,0.0,50,4.5,sports_fees_v3,True,15804064442392656509625556304006217987160727829825255965241196854022322475616
Will Bunyodkor finish 3rd in the 2026 Uzbekistan Super League?,A 竞技,0.01,0.97,0.49,0.96,0.0,0.0,0.0,50,4.5,sports_fees_v3,True,98798718792838011658220343282550293828075123951900211429769098724315839986805
Will Dinamo Samarqand finish 3rd in the 2026 Uzbekistan Super League?,A 竞技,0.01,0.97,0.49,0.96,0.0,0.0,0.0,50,4.5,sports_fees_v3,True,103793907926996593059748327415942834454573212074090159565684107445728586653721
Will Khorazm finish 3rd in the 2026 Uzbekistan Super League?,A 竞技,0.01,0.97,0.49,0.96,0.0,0.0,0.0,50,4.5,sports_fees_v3,True,85271089680749684056783438803477867861380188179494867597287582020594661851501
Will Kokand 1912 finish 3rd in the 2026 Uzbekistan Super League?,A 竞技,0.01,0.97,0.49,0.96,0.0,0.0,0.0,50,4.5,sports_fees_v3,True,48759547245959193067988848324535726693383312007154975569528803989253714292918
Will Lokomotiv Tashkent finish 3rd in the 2026 Uzbekistan Super League,A 竞技,0.01,0.87,0.44,0.86,0.0,0.0,0.0,50,4.5,sports_fees_v3,True,13099548781516185409317721368245268574004510117025779698535193726552555174746
Will Nasaf finish 3rd in the 2026 Uzbekistan Super League?,A 竞技,0.01,0.97,0.49,0.96,0.0,0.0,0.0,50,4.5,sports_fees_v3,True,15765335104019007619654486260599804236048366430330647819365432860566596252087
Will Navbahor finish 3rd in the 2026 Uzbekistan Super League?,A 竞技,0.01,0.87,0.44,0.86,0.0,0.0,0.0,50,4.5,sports_fees_v3,True,53081098385376791340192156551116941852121619995257289207184178444511909043734
Will Neftchi Fergana finish 3rd in the 2026 Uzbekistan Super League?,A 竞技,0.01,0.87,0.44,0.86,0.0,0.0,0.0,50,4.5,sports_fees_v3,True,96684138443022895911129925694444286030055100113816119040483288708433588160608
Will Pakhtakor finish 3rd in the 2026 Uzbekistan Super League?,A 竞技,0.01,0.87,0.44,0.86,0.0,0.0,0.0,50,4.5,sports_fees_v3,True,18718949164454609480598962886476037505842738023065270315253332143694469999327
Will Qizilqum finish 3rd in the 2026 Uzbekistan Super League?,A 竞技,0.01,0.97,0.49,0.96,0.0,0.0,0.0,50,4.5,sports_fees_v3,True,20125157210755084563608091556378956611823925626548244632196249540728486954534
Will Sogdiana finish 3rd in the 2026 Uzbekistan Super League?,A 竞技,0.01,0.97,0.49,0.96,0.0,0.0,0.0,50,4.5,sports_fees_v3,True,89857661700369463941956238576918290866375040127591533131598827860928111837919
Will Surkhon finish 3rd in the 2026 Uzbekistan Super League?,A 竞技,0.01,0.87,0.44,0.86,0.0,0.0,0.0,50,4.5,sports_fees_v3,True,29977535449187034345726158587708178962822012280880850513438689779324585406647
Will AGMK keep the most clean sheets in the 2026 Uzbekistan Super Leag,A 竞技,0.01,0.87,0.44,0.86,0.0,0.0,0.0,50,4.5,sports_fees_v3,True,110914420357429245892516938836478826539238729917447378049746289962290782181461
Will Andijon keep the most clean sheets in the 2026 Uzbekistan Super L,A 竞技,0.01,0.95,0.48,0.94,0.0,0.0,0.0,50,4.5,sports_fees_v3,True,834881623139021983500310995480212932045624345768205392387535409277544031130
Will Bukhara keep the most clean sheets in the 2026 Uzbekistan Super L,A 竞技,0.01,0.87,0.44,0.86,0.0,0.0,0.0,50,4.5,sports_fees_v3,True,68795389295893813128491974211169341710442866553988247314899514206509930884615
Will Bunyodkor keep the most clean sheets in the 2026 Uzbekistan Super,A 竞技,0.01,0.96,0.485,0.95,0.0,0.0,0.0,50,4.5,sports_fees_v3,True,97184454422567336833787538431900584026151513091830208641314379804887473073429
Will Dinamo Samarqand keep the most clean sheets in the 2026 Uzbekista,A 竞技,0.01,0.87,0.44,0.86,0.0,0.0,0.0,50,4.5,sports_fees_v3,True,55576760679850642530982626478968490482423048298306228456842464925102179534894
Will Khorazm keep the most clean sheets in the 2026 Uzbekistan Super L,A 竞技,0.01,0.96,0.485,0.95,0.0,0.0,0.0,50,4.5,sports_fees_v3,True,16954143396092701032069586088660815065679564641058834098505217471779175707515
Will Kokand 1912 keep the most clean sheets in the 2026 Uzbekistan Sup,A 竞技,0.01,0.96,0.485,0.95,0.0,0.0,0.0,50,4.5,sports_fees_v3,True,1977401892044449701054962547045697765525203140368627245871502126574784158348
Will Lokomotiv Tashkent keep the most clean sheets in the 2026 Uzbekis,A 竞技,0.01,0.96,0.485,0.95,0.0,0.0,0.0,50,4.5,sports_fees_v3,True,23650092807791855082099193226698626072894741001796730246590216807420486607194
Will Mash'al keep the most clean sheets in the 2026 Uzbekistan Super L,A 竞技,,0.92,,,0.0,69.02,0.0,50,4.5,sports_fees_v3,True,110150702056099936010841463872802924131029161926175831267430809435347530885748
Will Nasaf keep the most clean sheets in the 2026 Uzbekistan Super Lea,A 竞技,0.01,0.87,0.44,0.86,0.0,0.0,0.0,50,4.5,sports_fees_v3,True,35540003876990589580968682232370801097953860481490892340856029966667147764521
Will Navbahor keep the most clean sheets in the 2026 Uzbekistan Super ,A 竞技,0.01,0.87,0.44,0.86,0.0,0.0,0.0,50,4.5,sports_fees_v3,True,84454660995338140293264241683625384929453890410070649616916966517219048662337
Will Neftchi Fergana keep the most clean sheets in the 2026 Uzbekistan,A 竞技,0.01,0.96,0.485,0.95,0.0,0.0,0.0,50,4.5,sports_fees_v3,True,55208190805448599008423820856612750128574032751800160513575878200288560106781
Will Pakhtakor keep the most clean sheets in the 2026 Uzbekistan Super,A 竞技,0.01,0.87,0.44,0.86,0.0,0.0,0.0,50,4.5,sports_fees_v3,True,103876456695427351709652117815028674619148060293964161030729964748199017653091
Will Qizilqum keep the most clean sheets in the 2026 Uzbekistan Super ,A 竞技,0.01,0.87,0.44,0.86,0.0,0.0,0.0,50,4.5,sports_fees_v3,True,61673523517328319253534142223809284031265998159674465402994590351739536115201
Will Sogdiana keep the most clean sheets in the 2026 Uzbekistan Super ,A 竞技,0.01,0.87,0.44,0.86,0.0,0.0,0.0,50,4.5,sports_fees_v3,True,64089514165381379257084887228747999334248951425291286873292315378224005460009
Will Surkhon keep the most clean sheets in the 2026 Uzbekistan Super L,A 竞技,0.01,0.96,0.485,0.95,0.0,0.0,0.0,50,4.5,sports_fees_v3,True,65037638926264105395886036636404213503489960960686837903133989596703691547527
FC Bunyodkor vs. FK Buxoro: 1st Half O/U 3.5 Total Corners,A 竞技,,1.0,,,0.0,0.0,0.0,50,4.5,sports_fees_v3,True,97977615791796780089687075152449398270496033868113524436910998011469770182356
FC Bunyodkor vs. FK Buxoro: 2nd Half O/U 3.5 Total Corners,A 竞技,,1.0,,,0.0,0.0,0.0,50,4.5,sports_fees_v3,True,81615475984285799854285860270148593044264591023026050229277374296582590480821
FC Bunyodkor vs. FK Buxoro: FC Bunyodkor O/U 2.5 Corners,A 竞技,,1.0,,,0.0,0.0,0.0,50,4.5,sports_fees_v3,True,80420488827706599257103930355428902428618496443364905948481391091480183826128
FC Bunyodkor vs. FK Buxoro: FK Buxoro O/U 3.5 Corners,A 竞技,,1.0,,,0.0,0.0,0.0,50,4.5,sports_fees_v3,True,67754508070181319334220525941317740151095458203731333862390711030105799052803
FC Bunyodkor vs. FK Buxoro: FK Buxoro O/U 4.5 Corners,A 竞技,,1.0,,,0.0,0.0,0.0,50,4.5,sports_fees_v3,True,47151773746876824823133292131901422506307372957797487902894497295207569449849
FC Bunyodkor vs. FK Buxoro: Total Corners Odd or Even?,A 竞技,,1.0,,,0.0,0.0,0.0,50,4.5,sports_fees_v3,True,83633010519976387424467567643462842407850918299348422813939888631015019763199
FC Bunyodkor vs. FK Buxoro: Team to Take First Corner,A 竞技,,1.0,,,0.0,0.0,0.0,50,4.5,sports_fees_v3,True,1057908384141465448849007608567463965077708439846193416915157979053343170348
Helsingborgs IF vs. Nordic United FC: Nordic United FC O/U 4.5 Corners,A 竞技,,0.97,,,0.0,55.5555,0.0,50,4.5,sports_fees_v3,True,60379437814632491367487139312029353953430410217863579804410145730674527528931
Helsingborgs IF vs. Nordic United FC: Total Corners Odd or Even?,A 竞技,,1.0,,,0.0,0.0,0.0,50,4.5,sports_fees_v3,True,63083288301195589721147753569711888483808870389249382829989342882231943746308
Helsingborgs IF vs. Nordic United FC: Team to Take First Corner,A 竞技,,1.0,,,0.0,0.0,0.0,50,4.5,sports_fees_v3,True,60997936042397312076393491329367054608357892904190154533297690593959157324134
Landskrona BoIS vs. IFK Norrkoping FK: Team to Take First Corner,A 竞技,,1.0,,,0.0,0.0,0.0,50,4.5,sports_fees_v3,True,16839793208008502485249042185793152021566673162300864469715855202573822068246
Osters IF vs. Varbergs BoIS: Team to Take First Corner,A 竞技,,1.0,,,0.0,0.0,0.0,50,4.5,sports_fees_v3,True,4525004983188789676245345343916930328607448260759893926788854754483576721494
Orebro SK vs. IK Oddevold: Team to Take First Corner,A 竞技,,1.0,,,0.0,0.0,0.0,50,4.5,sports_fees_v3,True,19381546723521023956190830079791830386652370859189701052125348095413918331411
Norrby IF vs. Ostersunds FK: Team to Take First Corner,A 竞技,,1.0,,,0.0,0.0,0.0,50,4.5,sports_fees_v3,True,96652673776176351232751103504249545278832796223323441503876875873501341383574
Ljungskile SK vs. Sandvikens IF: O/U 7.5 Total Corners,A 竞技,0.01,1.0,0.505,0.99,0.0,20.0,0.0,50,4.5,sports_fees_v3,True,70374937988294947937268762838681539506123380681230893181355335792984544893721
Ljungskile SK vs. Sandvikens IF: O/U 8.5 Total Corners,A 竞技,0.01,1.0,0.505,0.99,0.0,10.0,0.0,50,4.5,sports_fees_v3,True,52689396389257615713845544454118883155324337661087701843727742156701260226500
Ljungskile SK vs. Sandvikens IF: O/U 9.5 Total Corners,A 竞技,,1.0,,,0.0,18.14,0.0,50,4.5,sports_fees_v3,True,69982135028919242473547689593550590201938030914136907549153084801950840989919
Ljungskile SK vs. Sandvikens IF: O/U 10.5 Total Corners,A 竞技,,1.0,,,0.0,11.370000000000001,0.0,50,4.5,sports_fees_v3,True,94087374508455141122442965539186799627636636543889142526825276044684010445516
Ljungskile SK vs. Sandvikens IF: O/U 11.5 Total Corners,A 竞技,,1.0,,,0.0,305.206594,0.0,50,4.5,sports_fees_v3,True,71709616455669903970654237518291129968511193170973820165873250624181571466258
Ljungskile SK vs. Sandvikens IF: O/U 12.5 Total Corners,A 竞技,,1.0,,,0.0,0.0,0.0,50,4.5,sports_fees_v3,True,55377566559219085572133729787955887899808304232732002713456670317246889810157
Ljungskile SK vs. Sandvikens IF: O/U 13.5 Total Corners,A 竞技,,1.0,,,0.0,0.0,0.0,50,4.5,sports_fees_v3,True,26728884511189373397630963029092813482773535208463201017167691366020847260382
Ljungskile SK vs. Sandvikens IF: 1st Half O/U 3.5 Total Corners,A 竞技,0.01,1.0,0.505,0.99,0.0,55.99,0.0,50,4.5,sports_fees_v3,True,115169508249820443052796701708852195325359415103209582383754399915982871824718
Ljungskile SK vs. Sandvikens IF: 1st Half O/U 4.5 Total Corners,A 竞技,0.01,1.0,0.505,0.99,0.0,45.5,0.0,50,4.5,sports_fees_v3,True,87779911995553036073104141141624983860804215874196063794396410352428245198684
Ljungskile SK vs. Sandvikens IF: 1st Half O/U 5.5 Total Corners,A 竞技,,1.0,,,0.0,0.0,0.0,50,4.5,sports_fees_v3,True,95108076729784932604576385025061769189699442524413301143852536199848738276982
Ljungskile SK vs. Sandvikens IF: 2nd Half O/U 3.5 Total Corners,A 竞技,,1.0,,,0.0,0.0,0.0,50,4.5,sports_fees_v3,True,74854948579265945927474856085387755759565491139119074467928961254725622590378
Ljungskile SK vs. Sandvikens IF: 2nd Half O/U 4.5 Total Corners,A 竞技,,1.0,,,0.0,0.0,0.0,50,4.5,sports_fees_v3,True,97810278974669411036634812431139400757054984935092799368352153331116592783177
Ljungskile SK vs. Sandvikens IF: 2nd Half O/U 5.5 Total Corners,A 竞技,,1.0,,,0.0,0.0,0.0,50,4.5,sports_fees_v3,True,43922881895262761930739516028206252296050658617999610052272445922550776724880
Ljungskile SK vs. Sandvikens IF: Ljungskile SK O/U 2.5 Corners,A 竞技,0.01,0.99,0.5,0.98,0.0,6.0,0.0,50,4.5,sports_fees_v3,True,91549846468647574057020815501582702820570464582815649172161223061858297386815
Ljungskile SK vs. Sandvikens IF: Ljungskile SK O/U 3.5 Corners,A 竞技,,1.0,,,0.0,0.0,0.0,50,4.5,sports_fees_v3,True,95999225902775467373988558637430114795495491723200071663495685773636208958702
Ljungskile SK vs. Sandvikens IF: Ljungskile SK O/U 4.5 Corners,A 竞技,,1.0,,,0.0,0.0,0.0,50,4.5,sports_fees_v3,True,22854245525729830378303683107879449205650599405597799423553101433287412308044
Ljungskile SK vs. Sandvikens IF: Ljungskile SK O/U 5.5 Corners,A 竞技,,1.0,,,0.0,0.0,0.0,50,4.5,sports_fees_v3,True,107342781883054415911586707772361522621144509332921275036229824715844590233003
Ljungskile SK vs. Sandvikens IF: Sandvikens IF O/U 2.5 Corners,A 竞技,,1.0,,,0.0,0.0,0.0,50,4.5,sports_fees_v3,True,5124437519714668664628184205809588413383175532987262175363281687303329033711
Ljungskile SK vs. Sandvikens IF: Sandvikens IF O/U 3.5 Corners,A 竞技,,1.0,,,0.0,0.0,0.0,50,4.5,sports_fees_v3,True,65952421418191800193366606759212837893293759772153415809064482613205200213766
Ljungskile SK vs. Sandvikens IF: Sandvikens IF O/U 4.5 Corners,A 竞技,,1.0,,,0.0,0.0,0.0,50,4.5,sports_fees_v3,True,88787314893898173125654320792846448836254633143874450808344384128944171940320
Ljungskile SK vs. Sandvikens IF: Sandvikens IF O/U 5.5 Corners,A 竞技,,1.0,,,0.0,14.99,0.0,50,4.5,sports_fees_v3,True,35156972882526098886882768990226441168333464038499933235343846496645798716297
Ljungskile SK vs. Sandvikens IF: Total Corners Odd or Even?,A 竞技,,1.0,,,0.0,0.0,0.0,50,4.5,sports_fees_v3,True,17102255150303508002232573333672841864597669824326967879038537557159192740075
Ljungskile SK vs. Sandvikens IF: Team to Take First Corner,A 竞技,,1.0,,,0.0,0.0,0.0,50,4.5,sports_fees_v3,True,24825850279646193946766138315211908958643639703533702082419062351112705392415
GIF Sundsvall vs. Falkenbergs FF: Team to Take First Corner,A 竞技,,1.0,,,0.0,0.0,0.0,50,4.5,sports_fees_v3,True,106400872979422627341884025663793056770890841968230234205285853402208623281016
IK Brage vs. Landskrona BoIS: Team to Take First Corner,A 竞技,,1.0,,,0.0,0.0,0.0,50,4.5,sports_fees_v3,True,107255824366856053266732702657803672515886875743454435900665824302827578450636
IFK Norrkoping FK vs. Helsingborgs IF: Team to Take First Corner,A 竞技,,1.0,,,0.0,0.0,0.0,50,4.5,sports_fees_v3,True,60922506949718124221783066714084510982718556126186784700805106943960043489374
Ostersunds FK vs. Osters IF: 1st Half O/U 3.5 Total Corners,A 竞技,,1.0,,,0.0,0.0,0.0,50,4.5,sports_fees_v3,True,53869755266953115983833493145752302874864063220500660332757682467133355533882
Ostersunds FK vs. Osters IF: 1st Half O/U 4.5 Total Corners,A 竞技,,1.0,,,0.0,10.0,0.0,50,4.5,sports_fees_v3,True,11371179436110815105242696379747425604160292955223835944727581727460183785351
Ostersunds FK vs. Osters IF: 1st Half O/U 5.5 Total Corners,A 竞技,,1.0,,,0.0,4.164178,0.0,50,4.5,sports_fees_v3,True,91482574975979973040786291979296810337424111488460973161250703270812892822139
Ostersunds FK vs. Osters IF: 2nd Half O/U 3.5 Total Corners,A 竞技,,1.0,,,0.0,0.0,0.0,50,4.5,sports_fees_v3,True,105747543213976680324026364469958422820447180451942770283243516183739952588240
Ostersunds FK vs. Osters IF: 2nd Half O/U 4.5 Total Corners,A 竞技,,1.0,,,0.0,0.0,0.0,50,4.5,sports_fees_v3,True,3226111053382061761127417929717667655883805311183442356009455817485144506473
Ostersunds FK vs. Osters IF: 2nd Half O/U 5.5 Total Corners,A 竞技,,1.0,,,0.0,0.0,0.0,50,4.5,sports_fees_v3,True,52752246557778435245243804202677474850835404604521063324089580032785587340259
Ostersunds FK vs. Osters IF: Team to Take First Corner,A 竞技,,1.0,,,0.0,0.0,0.0,50,4.5,sports_fees_v3,True,49879246505808200521421306092698148069802016560964482509153751296572320906849
IK Oddevold vs. Norrby IF: Team to Take First Corner,A 竞技,,1.0,,,0.0,0.0,0.0,50,4.5,sports_fees_v3,True,34800373437518501028899776890470051014301885749902976613381237914425462350848
Nordic United FC vs. Ljungskile SK: 1st Half O/U 3.5 Total Corners,A 竞技,,1.0,,,0.0,0.0,0.0,50,4.5,sports_fees_v3,True,73418946367558220671128288664292246686459611763565426227508218081627407964680
Nordic United FC vs. Ljungskile SK: 1st Half O/U 4.5 Total Corners,A 竞技,,1.0,,,0.0,0.0,0.0,50,4.5,sports_fees_v3,True,95445688314789786186241188528069559779536242273826384687643048953952646436223
Nordic United FC vs. Ljungskile SK: 1st Half O/U 5.5 Total Corners,A 竞技,,1.0,,,0.0,0.0,0.0,50,4.5,sports_fees_v3,True,2035551109782796040828678499983838103577805144121983351697228814638965329075
Nordic United FC vs. Ljungskile SK: 2nd Half O/U 3.5 Total Corners,A 竞技,,1.0,,,0.0,0.0,0.0,50,4.5,sports_fees_v3,True,56713759036822978759827396302823995607730667655597230463906575763155661380622
Nordic United FC vs. Ljungskile SK: 2nd Half O/U 4.5 Total Corners,A 竞技,,1.0,,,0.0,0.0,0.0,50,4.5,sports_fees_v3,True,29885973913184061257877888120148705909089504395535125977761636102086989988373
Nordic United FC vs. Ljungskile SK: 2nd Half O/U 5.5 Total Corners,A 竞技,,1.0,,,0.0,0.0,0.0,50,4.5,sports_fees_v3,True,1060727474517885033820253531244509629553259384153647263456963071598945441908
Nordic United FC vs. Ljungskile SK: Team to Take First Corner,A 竞技,,1.0,,,0.0,0.0,0.0,50,4.5,sports_fees_v3,True,16776972020393158551113885969819777433620947243379241708070277675995183979454
Ljungskile SK vs. IK Oddevold: Team to Take First Corner,A 竞技,0.001,0.999,0.5,0.998,0.0,0.0,0.0,50,4.5,sports_fees_v3,True,87473795872040727521806151927336884569555514441127457128609281840267884183525
Landskrona BoIS vs. IK Oddevold: O/U 7.5 Total Corners,A 竞技,0.001,0.999,0.5,0.998,0.0,0.0,0.0,50,4.5,sports_fees_v3,True,20956497858111799498435094680402376716359592573448608462459116264429527074724
Landskrona BoIS vs. IK Oddevold: O/U 8.5 Total Corners,A 竞技,0.001,0.999,0.5,0.998,0.0,0.0,0.0,50,4.5,sports_fees_v3,True,9531195501104341552985982692778156021570283558943880235641163305409386821307
Landskrona BoIS vs. IK Oddevold: O/U 9.5 Total Corners,A 竞技,0.001,0.999,0.5,0.998,0.0,333.60818,0.0,50,4.5,sports_fees_v3,True,43518217774303957587835732460694271412811567912139598227944423143824247308939
Landskrona BoIS vs. IK Oddevold: 1st Half O/U 3.5 Total Corners,A 竞技,0.001,0.999,0.5,0.998,0.0,0.0,0.0,50,4.5,sports_fees_v3,True,24298705234117450039210996746942104054775561215071990490847852669161993078761
Landskrona BoIS vs. IK Oddevold: 1st Half O/U 4.5 Total Corners,A 竞技,0.001,0.999,0.5,0.998,0.0,0.0,0.0,50,4.5,sports_fees_v3,True,73741203455106569098137302697616778507945600659475621137193753793232055734660
Landskrona BoIS vs. IK Oddevold: 1st Half O/U 5.5 Total Corners,A 竞技,0.001,0.999,0.5,0.998,0.0,0.0,0.0,50,4.5,sports_fees_v3,True,33144409674257282238326232740543271891431437718634691237955550102140539836288
Landskrona BoIS vs. IK Oddevold: 2nd Half O/U 3.5 Total Corners,A 竞技,0.001,0.999,0.5,0.998,0.0,0.0,0.0,50,4.5,sports_fees_v3,True,111363649761949908071139949191715406661840878011354132408347655883119104296165
Landskrona BoIS vs. IK Oddevold: 2nd Half O/U 4.5 Total Corners,A 竞技,0.001,0.999,0.5,0.998,0.0,0.0,0.0,50,4.5,sports_fees_v3,True,64103995581402400903807423114993815435545099550713942968008968753158123626361
Landskrona BoIS vs. IK Oddevold: 2nd Half O/U 5.5 Total Corners,A 竞技,0.001,0.999,0.5,0.998,0.0,0.0,0.0,50,4.5,sports_fees_v3,True,110386965928546676240943406229474700776852185329233665382180629458553926177856
Landskrona BoIS vs. IK Oddevold: Landskrona BoIS O/U 4.5 Corners,A 竞技,0.001,0.999,0.5,0.998,0.0,0.0,0.0,50,4.5,sports_fees_v3,True,83485208260716561849997751940655679584188552429040045138543374113562775812634
Landskrona BoIS vs. IK Oddevold: Landskrona BoIS O/U 5.5 Corners,A 竞技,0.001,0.999,0.5,0.998,0.0,0.0,0.0,50,4.5,sports_fees_v3,True,50178969484227539281625973127521387765389331626495514755394136863795654981207
Landskrona BoIS vs. IK Oddevold: IK Oddevold O/U 2.5 Corners,A 竞技,0.001,0.999,0.5,0.998,0.0,0.0,0.0,50,4.5,sports_fees_v3,True,94694043829948934670997798627675568264268514072788644014454209881639213234821
Landskrona BoIS vs. IK Oddevold: Total Corners Odd or Even?,A 竞技,0.001,0.999,0.5,0.998,0.0,0.0,0.0,50,4.5,sports_fees_v3,True,76685559590950814339786801861415159686587661414199018041352636102189015895908
IK Brage vs. Orebro SK: 1st Half O/U 3.5 Total Corners,A 竞技,0.001,0.999,0.5,0.998,0.0,0.0,0.0,50,4.5,sports_fees_v3,True,102299630887355637271828055542323474117643061129897227590121149545338986933217
IK Brage vs. Orebro SK: IK Brage O/U 4.5 Corners,A 竞技,0.001,0.999,0.5,0.998,0.0,0.0,0.0,50,4.5,sports_fees_v3,True,112411385905552101233221222184615277398257050912172868691189486459782978580909
IK Brage vs. Orebro SK: Total Corners Odd or Even?,A 竞技,,1.0,,,0.0,0.0,0.0,50,4.5,sports_fees_v3,True,68773253681566443266178170232398341437814058076131953046498387065228667994089
Will Falkenbergs FF win the 2026 Superettan (Sweden)?,A 竞技,0.02,0.4,0.21000000000000002,0.38,0.0,0.0,0.0,50,4.5,sports_fees_v3,True,84094025917613215102564099969677906598051947952935750100375391876011487818393
Will IFK Norrköping win the 2026 Superettan (Sweden)?,A 竞技,0.03,0.97,0.5,0.94,0.0,0.0,0.0,50,4.5,sports_fees_v3,True,54139360824969229573851233237788457307358765266447457646226272827476899869696
Will Landskrona BoIS win the 2026 Superettan (Sweden)?,A 竞技,,0.718,,,0.0,341.79999999999995,0.0,50,4.5,sports_fees_v3,True,38379601913279248644340473463338665920991589534769897209354072235281235720650
Will Varbergs BoIS win the 2026 Superettan (Sweden)?,A 竞技,0.02,0.5,0.26,0.48,0.0,0.0,0.0,50,4.5,sports_fees_v3,True,96217756232377716446406924315462072817535782359268680403871477525753425370429
Will Östersunds FK win the 2026 Superettan (Sweden)?,A 竞技,0.005,0.915,0.46,0.91,0.0,80.53,0.0,50,4.5,sports_fees_v3,True,59708687938847309942328429627956007915006852809301306912472590942972467192832
Will Falkenbergs FF be runner-up in the 2026 Superettan (Sweden)?,A 竞技,0.02,0.74,0.38,0.72,0.0,0.0,0.0,50,4.5,sports_fees_v3,True,113595578384477899941893576835024088119105210779969164036093284974824632858539
Will Helsingborgs IF be runner-up in the 2026 Superettan (Sweden)?,A 竞技,0.001,0.003,0.002,0.002,0.0,99.19999999999999,0.0,50,4.5,sports_fees_v3,True,28382387242106454737617652836045108727085286274584334955333868549853661767443
Will IFK Norrköping be runner-up in the 2026 Superettan (Sweden)?,A 竞技,0.02,0.7,0.36,0.6799999999999999,0.0,0.0,0.0,50,4.5,sports_fees_v3,True,51662818884572983682425981089281011143750912912049702929135017593755684478339
Will IK Oddevold be runner-up in the 2026 Superettan (Sweden)?,A 竞技,0.02,0.75,0.385,0.73,0.0,0.0,0.0,50,4.5,sports_fees_v3,True,86723734219046124973826803260601417448967623765737905897304310613415692291054
Will Landskrona BoIS be runner-up in the 2026 Superettan (Sweden)?,A 竞技,0.02,0.75,0.385,0.73,0.0,0.0,0.0,50,4.5,sports_fees_v3,True,25356853866388364868692826835668724873877339878627132643992694331429427726161
Will Nordic United FC be runner-up in the 2026 Superettan (Sweden)?,A 竞技,,0.74,,,0.0,12.0,0.0,50,4.5,sports_fees_v3,True,42489165615827778480904773684607397770712623915585652622191277801698999598379
Will Sandvikens IF be runner-up in the 2026 Superettan (Sweden)?,A 竞技,0.02,0.5,0.26,0.48,0.0,0.0,0.0,50,4.5,sports_fees_v3,True,57068646882671157394559248639494705123715964621900382609895665797470562416350
Will Varbergs BoIS be runner-up in the 2026 Superettan (Sweden)?,A 竞技,0.02,0.75,0.385,0.73,0.0,0.0,0.0,50,4.5,sports_fees_v3,True,30069130301255035774943416064003845711974305588165589720643392871510604289011
Will Östers IF be runner-up in the 2026 Superettan (Sweden)?,A 竞技,0.02,0.75,0.385,0.73,0.0,0.0,0.0,50,4.5,sports_fees_v3,True,107057219572836115578851035807802263299799892570497902834391969191251978128394
Will Östersunds FK be runner-up in the 2026 Superettan (Sweden)?,A 竞技,0.02,0.75,0.385,0.73,0.0,0.0,0.0,50,4.5,sports_fees_v3,True,16740603592409314391391656471384155683661140962752024049314026546155017728001
IK Oddevold vs. Helsingborgs IF: Team to Take First Corner,A 竞技,,1.0,,,0.0,0.0,0.0,50,4.5,sports_fees_v3,True,21945378749359056932972729360619501714682389018658083554317610704412621923013
Ostersunds FK vs. Ljungskile SK: Ljungskile SK O/U 4.5 Corners,A 竞技,0.001,0.999,0.5,0.998,0.0,0.0,0.0,50,4.5,sports_fees_v3,True,73811597831089509517213467409322523871141112048286361934100997504280598175972
Ostersunds FK vs. Ljungskile SK: Total Corners Odd or Even?,A 竞技,0.001,0.999,0.5,0.998,0.0,0.0,0.0,50,4.5,sports_fees_v3,True,94342705619333170805381644095720937360104880785738128438074005092129774192357
Orebro SK vs. Varbergs BoIS: O/U 7.5 Total Corners,A 竞技,0.001,0.999,0.5,0.998,0.0,73.806437,0.0,50,4.5,sports_fees_v3,True,26910459102801217732149049843739133510625302184191780121505891262280343900786
Orebro SK vs. Varbergs BoIS: 1st Half O/U 3.5 Total Corners,A 竞技,0.001,0.999,0.5,0.998,0.0,0.0,0.0,50,4.5,sports_fees_v3,True,42731733579810601653525285264478896784117768164301252615525238283206723460039
Orebro SK vs. Varbergs BoIS: 1st Half O/U 4.5 Total Corners,A 竞技,0.001,0.999,0.5,0.998,0.0,89.01846,0.0,50,4.5,sports_fees_v3,True,100721182965636717903929114071649195714817084252873661735488439156594265041477
Orebro SK vs. Varbergs BoIS: 1st Half O/U 5.5 Total Corners,A 竞技,0.001,0.999,0.5,0.998,0.0,0.0,0.0,50,4.5,sports_fees_v3,True,25500935826901216526048990229453396222886197678185973307826396671623289834794
Orebro SK vs. Varbergs BoIS: 2nd Half O/U 3.5 Total Corners,A 竞技,,1.0,,,0.0,0.0,0.0,50,4.5,sports_fees_v3,True,58453616722721557912039639689154299179086051637276278793861874005587704191284
Orebro SK vs. Varbergs BoIS: 2nd Half O/U 4.5 Total Corners,A 竞技,,1.0,,,0.0,0.0,0.0,50,4.5,sports_fees_v3,True,10493204776333628719527270480667723484420601826160211571915812056090541345794
Orebro SK vs. Varbergs BoIS: 2nd Half O/U 5.5 Total Corners,A 竞技,,1.0,,,0.0,0.0,0.0,50,4.5,sports_fees_v3,True,112022570849412724167354776743981817709467533003668924621005849483200416699793
Orebro SK vs. Varbergs BoIS: Orebro SK O/U 2.5 Corners,A 竞技,0.001,0.999,0.5,0.998,0.0,0.0,0.0,50,4.5,sports_fees_v3,True,87887093394301039275431117489333554554081137434579784692280185810978417646333
Orebro SK vs. Varbergs BoIS: Total Corners Odd or Even?,A 竞技,,1.0,,,0.0,0.0,0.0,50,4.5,sports_fees_v3,True,101055750250229682922124594675883741361409330545441793439392796439061320524257
Orebro SK vs. Varbergs BoIS: Team to Take First Corner,A 竞技,,1.0,,,0.0,0.0,0.0,50,4.5,sports_fees_v3,True,35812991858817070794560169967804907298188346808905109631041714380613696778984
Falkenbergs FF vs. IK Brage: O/U 8.5 Total Corners,A 竞技,0.001,0.999,0.5,0.998,0.0,0.0,0.0,50,4.5,sports_fees_v3,True,87652194366500625798018705120904992735208286193478684577956811125065653088156
Falkenbergs FF vs. IK Brage: 2nd Half O/U 5.5 Total Corners,A 竞技,,1.0,,,0.0,0.0,0.0,50,4.5,sports_fees_v3,True,37820951411782945588619562333781201922363408002037431445988037174422131185158
Falkenbergs FF vs. IK Brage: Total Corners Odd or Even?,A 竞技,,1.0,,,0.0,0.0,0.0,50,4.5,sports_fees_v3,True,45823978238453343656674187308700935942853881879887995592813962729868905972155
Falkenbergs FF vs. IK Brage: Team to Take First Corner,A 竞技,,1.0,,,0.0,0.0,0.0,50,4.5,sports_fees_v3,True,58631459847972834387456085342097754021179125544262492669310409105844148052699
Will Falkenbergs FF be promoted to Allsvenskan (Sweden)?,A 竞技,0.01,0.98,0.495,0.97,0.0,0.0,0.0,50,4.5,sports_fees_v3,True,42363430760158061611582908203977467250484422842265998184528864789821143883584
Will GIF Sundsvall be promoted to Allsvenskan (Sweden)?,A 竞技,0.002,0.965,0.4835,0.963,0.0,55.0,0.0,50,4.5,sports_fees_v3,True,64644093373525627482246236981012659958567372079985988595189749143077561565708
Will Helsingborgs IF be promoted to Allsvenskan (Sweden)?,A 竞技,0.01,0.98,0.495,0.97,0.0,0.0,0.0,50,4.5,sports_fees_v3,True,107785974304712240680198434205430491264492953218680649137054281273010805105163
FC Nomme United vs. JK Narva Trans: Team to Take First Corner,A 竞技,,1.0,,,0.0,0.0,0.0,50,4.5,sports_fees_v3,True,94198825721485420887464867054988060828129467829877384406459053119457285412384
Paide Linnameeskond vs. FC Kuressaare: Team to Take First Corner,A 竞技,,1.0,,,0.0,0.0,0.0,50,4.5,sports_fees_v3,True,50712676239644679153684885002889980596823904051338308226670743224915873339934
Nomme Kalju FC vs. Tartu JK Tammeka: Team to Take First Corner,A 竞技,,1.0,,,0.0,0.0,0.0,50,4.5,sports_fees_v3,True,24846755525451373081184420452054245823284558430960193709909397740997088074508
Tallinna FC Flora vs. Harju JK Laagri: O/U 11.5 Total Corners,A 竞技,,1.0,,,0.0,0.0,0.0,50,4.5,sports_fees_v3,True,104573010457451496628284870914030264672601704612019769113187095268878221800812
Tallinna FC Flora vs. Harju JK Laagri: Total Corners Odd or Even?,A 竞技,,1.0,,,0.0,0.0,0.0,50,4.5,sports_fees_v3,True,41794810549983280836607938534632019550288648705360819230880437699535284775805
Will FCI Levadia win the 2026 Premium Liiga (Estonia)?,A 竞技,0.03,0.99,0.51,0.96,0.0,245.73000000000002,0.0,50,4.5,sports_fees_v3,True,10946769933747662775570456491967560284942180749814261737838224767217319426843
Will FC Flora win the 2026 Premium Liiga (Estonia)?,A 竞技,0.002,0.011,0.0065,0.009,0.0,316.73,0.0,50,4.5,sports_fees_v3,True,66985921723830928750911658265070201524244180329617040453173813258964824633141
Will Paide Linnameeskond win the 2026 Premium Liiga (Estonia)?,A 竞技,0.001,0.003,0.002,0.002,0.0,249.25,0.0,50,4.5,sports_fees_v3,True,86166678565626054202177096447129529522925931450176052331505855936317215976674
Will FCI Levadia be runner-up in the 2026 Premium Liiga (Estonia)?,A 竞技,0.004,0.86,0.432,0.856,0.0,308.71,0.0,50,4.5,sports_fees_v3,True,49199777790853698864942383668617458939351479807836729783584402137367327082101
Will FC Flora be runner-up in the 2026 Premium Liiga (Estonia)?,A 竞技,0.02,0.96,0.49,0.94,0.0,0.0,0.0,50,4.5,sports_fees_v3,True,24974125525770783634580362133314267172391418499588585983345567241016194656572
Will Nõmme Kalju be runner-up in the 2026 Premium Liiga (Estonia)?,A 竞技,0.02,0.95,0.485,0.9299999999999999,0.0,0.0,0.0,50,4.5,sports_fees_v3,True,82698272699360910340464831108505987087499825243389050677727260073772585262205
Will Paide Linnameeskond be runner-up in the 2026 Premium Liiga (Eston,A 竞技,0.03,0.97,0.5,0.94,0.0,0.0,0.0,50,4.5,sports_fees_v3,True,92646559831739933615802135902339900629549069338072457638400664201212633120455
Will Tartu JK Tammeka be runner-up in the 2026 Premium Liiga (Estonia),A 竞技,0.02,0.97,0.495,0.95,0.0,0.0,0.0,50,4.5,sports_fees_v3,True,4309576232115210049742854148908275455513843058413143106907402573479732087751
Will Pärnu JK Vaprus be runner-up in the 2026 Premium Liiga (Estonia)?,A 竞技,0.005,0.912,0.4585,0.907,0.0,82.71,0.0,50,4.5,sports_fees_v3,True,84200126418906850343268660735024519568036670069113738770886780061298211913799
Will Harju JK Laagri be runner-up in the 2026 Premium Liiga (Estonia)?,A 竞技,,0.9,,,0.0,70.71,0.0,50,4.5,sports_fees_v3,True,105169594781664299312434257525755685568685989484431890573380417256621408562986
Will FCI Levadia finish 3rd in the 2026 Premium Liiga (Estonia)?,A 竞技,0.006,0.208,0.107,0.20199999999999999,0.0,344.82,0.0,50,4.5,sports_fees_v3,True,5284675718337544698363215858434824616467225948639356848498216121909282864464
Will FC Flora finish 3rd in the 2026 Premium Liiga (Estonia)?,A 竞技,0.04,0.97,0.505,0.9299999999999999,0.0,0.0,0.0,50,4.5,sports_fees_v3,True,114384432571315432585738330013606256693080393594344394478431531988870281970662
Will Nõmme Kalju finish 3rd in the 2026 Premium Liiga (Estonia)?,A 竞技,0.04,0.95,0.495,0.9099999999999999,0.0,0.0,0.0,50,4.5,sports_fees_v3,True,5264770942749074218203748765976152250897096683812850187093567421509370060459
Will Paide Linnameeskond finish 3rd in the 2026 Premium Liiga (Estonia,A 竞技,0.03,0.94,0.485,0.9099999999999999,0.0,0.0,0.0,50,4.5,sports_fees_v3,True,64460236475165914739157149559576428542628654929828391588227734707702460489917
Will Tartu JK Tammeka finish 3rd in the 2026 Premium Liiga (Estonia)?,A 竞技,0.02,0.97,0.495,0.95,0.0,0.0,0.0,50,4.5,sports_fees_v3,True,48012660078501591661592818152124759321754791948314610675481516708086779947016
Will Pärnu JK Vaprus finish 3rd in the 2026 Premium Liiga (Estonia)?,A 竞技,0.003,0.726,0.3645,0.723,0.0,294.82,0.0,50,4.5,sports_fees_v3,True,6642358335038580029005890681801887144456860272579255466394466240546127412791
Will Harju JK Laagri finish 3rd in the 2026 Premium Liiga (Estonia)?,A 竞技,0.002,0.128,0.065,0.126,0.0,344.82,0.0,50,4.5,sports_fees_v3,True,4698002375172281201358297593010256253723821986632998891669513829893057650702
Will FCI Levadia be relegated from the 2026 Premium Liiga (Estonia)?,A 竞技,0.013,0.049,0.031,0.036000000000000004,0.0,362.3333,0.0,20,4.5,sports_fees_v3,True,87028122237705176560651204314754437564929322580742131550770181456735592671112
Will FC Flora be relegated from the 2026 Premium Liiga (Estonia)?,A 竞技,0.01,0.05,0.030000000000000002,0.04,0.0,376.0,0.0,20,4.5,sports_fees_v3,True,30065761361012464058311335795988025956549919894369661113483626546286837336644
Will Nõmme Kalju be relegated from the 2026 Premium Liiga (Estonia)?,A 竞技,0.01,0.05,0.030000000000000002,0.04,0.0,41.0,0.0,20,4.5,sports_fees_v3,True,63713306842992953539171459627206593079737715302555265253703835403746922459986
Will Nõmme United be relegated from the 2026 Premium Liiga (Estonia)?,A 竞技,0.05,0.28,0.165,0.23000000000000004,0.0,0.0,1.0,20,4.5,sports_fees_v3,True,92379650490646757747589666139935844671856886245908538836833638403723460895743
Will Paide Linnameeskond be relegated from the 2026 Premium Liiga (Est,A 竞技,0.003,0.061,0.032,0.057999999999999996,0.0,192.9798,0.0,20,4.5,sports_fees_v3,True,77864370229091139915993754616261348804972428179624637735732716591632281596906
Will Tartu JK Tammeka be relegated from the 2026 Premium Liiga (Estoni,A 竞技,0.004,0.234,0.11900000000000001,0.23,0.0,183.0,1.0,20,4.5,sports_fees_v3,True,107908311415638576002916546546382900747244823002707092131583714262681643678128
Will Pärnu JK Vaprus be relegated from the 2026 Premium Liiga (Estonia,A 竞技,0.17,0.23,0.2,0.06,0.0,0.0,5.0,20,4.5,sports_fees_v3,True,90887883013689011953999613760432193478743836168920195218332043532560017606080
Will Harju JK Laagri be relegated from the 2026 Premium Liiga (Estonia,A 竞技,0.11,0.18,0.145,0.06999999999999999,21.0,939.72,1.0,20,4.5,sports_fees_v3,True,44076394558411557590740819936683769688347378304332584261533848865142520989983
Will FC Kuressaare be relegated from the 2026 Premium Liiga (Estonia)?,A 竞技,0.04,0.47,0.255,0.43,0.0,40.0,1.0,20,4.5,sports_fees_v3,True,20124713480550023864594552855157982776522011246129183008860680149303739705881
Will Narva Trans be relegated from the 2026 Premium Liiga (Estonia)?,A 竞技,0.67,0.95,0.81,0.2799999999999999,0.0,120.0,1.0,20,4.5,sports_fees_v3,True,79713229067320303246078961752904621037596636017550553592010162834693335909503
Will Nõmme Kalju finish 8th in the 2026 Premium Liiga (Estonia)?,A 竞技,0.006,0.941,0.4735,0.9349999999999999,0.0,73.84,0.0,50,4.5,sports_fees_v3,True,28428052161442179560302402896767123119754231551211072757653747522353799109047
Will Nõmme United finish 8th in the 2026 Premium Liiga (Estonia)?,A 竞技,0.02,0.93,0.47500000000000003,0.91,0.0,0.0,0.0,50,4.5,sports_fees_v3,True,47969771429297047583350461684057108111568471150991665192470952587779860798516
Will Tartu JK Tammeka finish 8th in the 2026 Premium Liiga (Estonia)?,A 竞技,0.04,0.97,0.505,0.9299999999999999,0.0,0.0,0.0,50,4.5,sports_fees_v3,True,211110438429026995800085778365663426302087580510614663910500419197964751199
Will Pärnu JK Vaprus finish 8th in the 2026 Premium Liiga (Estonia)?,A 竞技,0.02,0.97,0.495,0.95,0.0,0.0,0.0,50,4.5,sports_fees_v3,True,107137146402171228091348405555535284567877114717394428548905777484728804451314
Will Harju JK Laagri finish 8th in the 2026 Premium Liiga (Estonia)?,A 竞技,0.03,0.96,0.495,0.9299999999999999,0.0,0.0,0.0,50,4.5,sports_fees_v3,True,63327775895632765259619260893409671898103030201064428602549157002871073691828
Will FC Kuressaare finish 8th in the 2026 Premium Liiga (Estonia)?,A 竞技,0.02,0.94,0.48,0.9199999999999999,0.0,0.0,0.0,50,4.5,sports_fees_v3,True,26965456216571464237449587369658884897448817379833040224799949065490195738437
Will Narva Trans finish 8th in the 2026 Premium Liiga (Estonia)?,A 竞技,0.03,0.97,0.5,0.94,0.0,0.0,0.0,50,4.5,sports_fees_v3,True,50716854423340174223383996650750773456812594800624433706317849281191786686551
Will FCI Levadia keep the most clean sheets in the 2026 Premium Liiga ,A 竞技,0.02,0.96,0.49,0.94,0.0,0.0,0.0,50,4.5,sports_fees_v3,True,21524326315930095137639989087620505279165005692097950054802569873128377758274
Will FC Flora keep the most clean sheets in the 2026 Premium Liiga (Es,A 竞技,0.02,0.97,0.495,0.95,0.0,0.0,0.0,50,4.5,sports_fees_v3,True,99860702591801556098825011884443602597929444193022868829611728004699118882452
Will Nõmme Kalju keep the most clean sheets in the 2026 Premium Liiga ,A 竞技,0.02,0.97,0.495,0.95,0.0,0.0,0.0,50,4.5,sports_fees_v3,True,3136831182913984468249309984718365972605979364594825307491338208055207720079
Will Paide Linnameeskond keep the most clean sheets in the 2026 Premiu,A 竞技,0.02,0.97,0.495,0.95,0.0,0.0,0.0,50,4.5,sports_fees_v3,True,58559371343828645854678700963943627296727625767106802600195443199969196479104
Will Tartu JK Tammeka keep the most clean sheets in the 2026 Premium L,A 竞技,0.02,0.97,0.495,0.95,0.0,0.0,0.0,50,4.5,sports_fees_v3,True,69076802022531551153435750248250354724430767987377669220144934075973774574837
Will Pärnu JK Vaprus keep the most clean sheets in the 2026 Premium Li,A 竞技,0.02,0.97,0.495,0.95,0.0,0.0,0.0,50,4.5,sports_fees_v3,True,36693184478317829309359408479474545839302141798093409418030275041913097105657
Will Harju JK Laagri keep the most clean sheets in the 2026 Premium Li,A 竞技,0.02,0.97,0.495,0.95,0.0,0.0,0.0,50,4.5,sports_fees_v3,True,99491715885415095130396789479368412859533906738452834856546255008187635362080
Will FC Kuressaare keep the most clean sheets in the 2026 Premium Liig,A 竞技,0.02,0.97,0.495,0.95,0.0,0.0,0.0,50,4.5,sports_fees_v3,True,90593000531057714805443911967224454915594760304197259190948130908116534792612
Will Narva Trans keep the most clean sheets in the 2026 Premium Liiga ,A 竞技,0.01,0.97,0.49,0.96,0.0,0.0,0.0,50,4.5,sports_fees_v3,True,114266565752535371477166625334910375547369747271973131327776232434305441906080
Will Parnu JK Vaprus win on 2026-10-10?,A 竞技,0.37,0.49,0.43,0.12,0.0,0.0,0.0,50,4.5,sports_fees_v3,True,89884034296152693707127784047763316308645639608326318425193520294701744190192
Will Parnu JK Vaprus vs. JK Narva Trans end in a draw?,A 竞技,0.18,0.3,0.24,0.12,0.0,0.0,0.0,50,4.5,sports_fees_v3,True,67867549486177054081334999210153793782568960751964446431319455023544938207950
Will JK Narva Trans win on 2026-10-10?,A 竞技,0.27,0.39,0.33,0.12,0.0,0.0,0.0,50,4.5,sports_fees_v3,True,7431751580581573115882427296474481481845585537476037594730862683279734222737
Will Nomme Kalju FC win on 2026-10-10?,A 竞技,0.55,0.67,0.6100000000000001,0.12,0.0,0.0,0.0,50,4.5,sports_fees_v3,True,63568812259980789235099957529670516041341861929229515907944886829597467049681
Will Nomme Kalju FC vs. Harju JK Laagri end in a draw?,A 竞技,0.14,0.26,0.2,0.12,0.0,0.0,0.0,50,4.5,sports_fees_v3,True,71143050634106889379896941767569368784498200661801617635567165824745492415585
Will Harju JK Laagri win on 2026-10-10?,A 竞技,0.13,0.25,0.19,0.12,0.0,0.0,0.0,50,4.5,sports_fees_v3,True,38265105624480715877944945958256461881184480431331543446364004618722916039316
Parnu JK Vaprus leading at halftime?,A 竞技,0.27,0.41,0.33999999999999997,0.13999999999999996,0.0,0.0,0.0,50,4.5,sports_fees_v3,True,43513726040747764937801649697117201254651766367656111158352070971493877896884
Parnu JK Vaprus vs. JK Narva Trans: Draw at halftime?,A 竞技,0.32,0.46,0.39,0.14,0.0,0.0,0.0,50,4.5,sports_fees_v3,True,59042245609410054138232743427235210926796303565756125972301483706371930898907
JK Narva Trans leading at halftime?,A 竞技,0.2,0.34,0.27,0.14,0.0,0.0,0.0,50,4.5,sports_fees_v3,True,87958698401991739239429043602080339624268476315260819348531070735465903572970
Parnu JK Vaprus to win the second half?,A 竞技,0.02,0.97,0.495,0.95,0.0,0.0,0.0,50,4.5,sports_fees_v3,True,35987890684294651432205929727418623563598085839202356923842582348490176458336
Parnu JK Vaprus vs. JK Narva Trans: Second half draw?,A 竞技,0.03,0.8,0.41500000000000004,0.77,0.0,0.0,0.0,50,4.5,sports_fees_v3,True,54742606255572321470431531604748043052721657954948609767191413136608478316826
JK Narva Trans to win the second half?,A 竞技,0.02,0.98,0.5,0.96,0.0,0.0,0.0,50,4.5,sports_fees_v3,True,102188580020137100482205591055688330600710608950474222548727819382106395933715
Exact Score: Parnu JK Vaprus 0 - 0 JK Narva Trans?,A 竞技,,0.75,,,0.0,0.0,0.0,50,4.5,sports_fees_v3,True,7766164774507001367519285727547019899657408364391040371754881734260878141982
Exact Score: Parnu JK Vaprus 0 - 1 JK Narva Trans?,A 竞技,,0.75,,,0.0,0.0,0.0,50,4.5,sports_fees_v3,True,96532588122002104529491378699726113275990698810750031390610844858892110416090
Exact Score: Parnu JK Vaprus 1 - 0 JK Narva Trans?,A 竞技,,0.75,,,0.0,0.0,0.0,50,4.5,sports_fees_v3,True,82559860749755368996526832658021857952214481213246231715668096168791733861835
Exact Score: Parnu JK Vaprus 0 - 2 JK Narva Trans?,A 竞技,,0.75,,,0.0,0.0,0.0,50,4.5,sports_fees_v3,True,11125242304673134150740746287545231483033332026111425847089962930324377697607
Exact Score: Parnu JK Vaprus 1 - 1 JK Narva Trans?,A 竞技,,0.75,,,0.0,0.0,0.0,50,4.5,sports_fees_v3,True,62050708352397880745637717201585236198493159464092440492242139670533258250798
Exact Score: Parnu JK Vaprus 2 - 0 JK Narva Trans?,A 竞技,,0.75,,,0.0,0.0,0.0,50,4.5,sports_fees_v3,True,87108622876527152107461461147293938762374274692042198466762164482115494998178
Exact Score: Parnu JK Vaprus 0 - 3 JK Narva Trans?,A 竞技,,0.75,,,0.0,0.0,0.0,50,4.5,sports_fees_v3,True,109027193311933151947149079369887994068626455705613826251311857637271812796166
Exact Score: Parnu JK Vaprus 1 - 2 JK Narva Trans?,A 竞技,,0.75,,,0.0,0.0,0.0,50,4.5,sports_fees_v3,True,84958768466086437504263318448174734716068467647361718325424191085976806427742
Exact Score: Parnu JK Vaprus 2 - 1 JK Narva Trans?,A 竞技,,0.75,,,0.0,0.0,0.0,50,4.5,sports_fees_v3,True,42085586410081651409846878658098905594878267929900157890923809435398715134842
Exact Score: Parnu JK Vaprus 3 - 0 JK Narva Trans?,A 竞技,,0.75,,,0.0,0.0,0.0,50,4.5,sports_fees_v3,True,8091686180064009794869906877888045229419585275049906461095241777589381673293
Exact Score: Parnu JK Vaprus 0 - 4 JK Narva Trans?,A 竞技,,0.75,,,0.0,0.0,0.0,50,4.5,sports_fees_v3,True,48833840681586894732370801602131012395117581666241392642223906013109742527360
Exact Score: Parnu JK Vaprus 1 - 3 JK Narva Trans?,A 竞技,,0.75,,,0.0,0.0,0.0,50,4.5,sports_fees_v3,True,109000770604315432306590332793084685772951203052800097982636016155724256235299
Exact Score: Parnu JK Vaprus 2 - 2 JK Narva Trans?,A 竞技,,0.75,,,0.0,0.0,0.0,50,4.5,sports_fees_v3,True,26098878952819471853774649776430590346712621688972969020516004418764120014725
Exact Score: Parnu JK Vaprus 3 - 1 JK Narva Trans?,A 竞技,,0.75,,,0.0,0.0,0.0,50,4.5,sports_fees_v3,True,23687451456925574486693381296192633012006642549343893656737462124706394309354
Exact Score: Parnu JK Vaprus 4 - 0 JK Narva Trans?,A 竞技,,0.75,,,0.0,0.0,0.0,50,4.5,sports_fees_v3,True,44805877364958967303922752109015380693273560242019078210336152565761093620118
Exact Score: Parnu JK Vaprus 0 - 5 JK Narva Trans?,A 竞技,,0.75,,,0.0,0.0,0.0,50,4.5,sports_fees_v3,True,53659475032555894336120682051743289919801774846957488199510061260588722517081
Exact Score: Parnu JK Vaprus 1 - 4 JK Narva Trans?,A 竞技,,0.75,,,0.0,0.0,0.0,50,4.5,sports_fees_v3,True,18008544280675172906386132132337434169507751487694801578969453669057811021340
Exact Score: Parnu JK Vaprus 2 - 3 JK Narva Trans?,A 竞技,,0.75,,,0.0,0.0,0.0,50,4.5,sports_fees_v3,True,94550605510974143966712822493332439277978132550218845280951650844047718851771
Exact Score: Parnu JK Vaprus 3 - 2 JK Narva Trans?,A 竞技,,0.75,,,0.0,0.0,0.0,50,4.5,sports_fees_v3,True,84635435081638810822042131144886006310338655739770511385428881302981513212903
Exact Score: Parnu JK Vaprus 4 - 1 JK Narva Trans?,A 竞技,,0.75,,,0.0,0.0,0.0,50,4.5,sports_fees_v3,True,70178790332355383856583685358042787665062429837484886888959099458685584124818
Exact Score: Parnu JK Vaprus 5 - 0 JK Narva Trans?,A 竞技,,0.75,,,0.0,0.0,0.0,50,4.5,sports_fees_v3,True,3375460939029129032204870914125993106437017345843589722553075912892388800641
Exact Score: Parnu JK Vaprus 1 - 5 JK Narva Trans?,A 竞技,,0.75,,,0.0,0.0,0.0,50,4.5,sports_fees_v3,True,34833711307717388676449802526269731900912629348655748890247120247052436584768
Exact Score: Parnu JK Vaprus 2 - 4 JK Narva Trans?,A 竞技,,0.75,,,0.0,0.0,0.0,50,4.5,sports_fees_v3,True,37013781070207340273515028358302312820771231023255232017688967989480454052818
Exact Score: Parnu JK Vaprus 3 - 3 JK Narva Trans?,A 竞技,,0.75,,,0.0,0.0,0.0,50,4.5,sports_fees_v3,True,81679677152966278350493442534358973260979093878891981165290130037819432418275
Exact Score: Parnu JK Vaprus 4 - 2 JK Narva Trans?,A 竞技,,0.75,,,0.0,0.0,0.0,50,4.5,sports_fees_v3,True,8323957294363466463380522830563526515149419496780179825458936164676286822075
Exact Score: Parnu JK Vaprus 5 - 1 JK Narva Trans?,A 竞技,,0.75,,,0.0,0.0,0.0,50,4.5,sports_fees_v3,True,80753579093232831279975792916592166241884564552673602912990850013753195347153
Exact Score: Parnu JK Vaprus 2 - 5 JK Narva Trans?,A 竞技,,0.75,,,0.0,0.0,0.0,50,4.5,sports_fees_v3,True,72687942838534813727534535228314339648736995163539067410231940384561100286112
Exact Score: Parnu JK Vaprus 3 - 4 JK Narva Trans?,A 竞技,,0.75,,,0.0,0.0,0.0,50,4.5,sports_fees_v3,True,84108012268070656780733781304998826436274838293941590264530371529403049680916
Exact Score: Parnu JK Vaprus 4 - 3 JK Narva Trans?,A 竞技,,0.75,,,0.0,0.0,0.0,50,4.5,sports_fees_v3,True,67834352659237300137160086877935201247583624561503907435100287389081052916071
Exact Score: Parnu JK Vaprus 5 - 2 JK Narva Trans?,A 竞技,,0.75,,,0.0,0.0,0.0,50,4.5,sports_fees_v3,True,35520722956611215759917243950507404845201941622260542001805819571787473147898
Exact Score: Parnu JK Vaprus 3 - 5 JK Narva Trans?,A 竞技,,0.75,,,0.0,0.0,0.0,50,4.5,sports_fees_v3,True,81677026455678529570855041794515065426972669079495654451613996127459556083773
Exact Score: Parnu JK Vaprus 4 - 4 JK Narva Trans?,A 竞技,,0.75,,,0.0,0.0,0.0,50,4.5,sports_fees_v3,True,22090243993167132881175138467512270258858838381153190129474334530300128471320
Exact Score: Parnu JK Vaprus 5 - 3 JK Narva Trans?,A 竞技,,0.75,,,0.0,0.0,0.0,50,4.5,sports_fees_v3,True,88263887282028300524732136158524192548068694743076079293309573262350716392047
Exact Score: Parnu JK Vaprus 4 - 5 JK Narva Trans?,A 竞技,,0.75,,,0.0,9.9898,0.0,50,4.5,sports_fees_v3,True,103122849545322129338329771586438016030019698551356429853126402900635487004774
Exact Score: Parnu JK Vaprus 5 - 4 JK Narva Trans?,A 竞技,,0.75,,,0.0,9.9898,0.0,50,4.5,sports_fees_v3,True,61890225847920072865263385486300052128886926145264736471945364889199404842189
Exact Score: Parnu JK Vaprus 5 - 5 JK Narva Trans?,A 竞技,,0.75,,,0.0,9.9898,0.0,50,4.5,sports_fees_v3,True,43747513349915958339114639862909156076577660680226903287240691100680414294250
Exact Score: Any Other Score?,A 竞技,,0.75,,,0.0,0.0,0.0,50,4.5,sports_fees_v3,True,2438587054436852276516078536855262713772160019223792006564794650451475767064
Nomme Kalju FC leading at halftime?,A 竞技,0.39,0.53,0.46,0.14,0.0,0.0,0.0,50,4.5,sports_fees_v3,True,84820174287645580790751391747958384484358889627334652066372162102558357983952
Nomme Kalju FC vs. Harju JK Laagri: Draw at halftime?,A 竞技,0.28,0.42,0.35,0.13999999999999996,0.0,0.0,0.0,50,4.5,sports_fees_v3,True,76289945693466096946622998393456917312930676319029877779647213218678555082805
Harju JK Laagri leading at halftime?,A 竞技,0.12,0.25,0.185,0.13,0.0,0.0,0.0,50,4.5,sports_fees_v3,True,24694844398899936032729548561291613697325213696212722192913137456155489474213
SK Rapid vs. SCR Altach: Team to Take First Corner,A 竞技,,1.0,,,0.0,0.0,0.0,50,4.5,sports_fees_v3,True,76865450275037203849740891046154940463064344937735217182092355339444345794167
Austria Lustenau vs. SV Ried: Team to Take First Corner,A 竞技,,1.0,,,0.0,0.0,0.0,50,4.5,sports_fees_v3,True,31472933788726044538091968417595642182896652048908047595113400346315602558441
Wolfsberger AC vs. FK Austria Wien: Team to Take First Corner,A 竞技,,1.0,,,0.0,0.0,0.0,50,4.5,sports_fees_v3,True,3679110012756239638264927688029133124054685290434489480524237252918491379122
TSV Hartberg vs. SK Sturm Graz: Team to Take First Corner,A 竞技,,1.0,,,0.0,0.0,0.0,50,4.5,sports_fees_v3,True,101958008568335243050332060646696128163508960857110468226195377324267658170215
Grazer AK 1902 vs. Austria Lustenau: Team to Take First Corner,A 竞技,0.001,0.999,0.5,0.998,0.0,0.0,0.0,50,4.5,sports_fees_v3,True,69587119549405128418724501697316616677976750521389409170608428949102177062357
Will Sturm Graz win the 2026-27 Austrian Bundesliga?,A 竞技,0.01,0.99,0.5,0.98,0.0,0.0,0.0,50,4.5,sports_fees_v3,True,74198234622563987049796899609061375229166395509899431439238403566236093108385
Will Red Bull Salzburg win the 2026-27 Austrian Bundesliga?,A 竞技,0.01,0.99,0.5,0.98,0.0,0.0,0.0,50,4.5,sports_fees_v3,True,55455403355260396912000174463895616046852328942601197125465559269260405120407
Will LASK win the 2026-27 Austrian Bundesliga?,A 竞技,0.01,0.99,0.5,0.98,0.0,0.0,0.0,50,4.5,sports_fees_v3,True,36490422148946810196953270137206663077084041980342206280680802969877878847456
Will Austria Wien win the 2026-27 Austrian Bundesliga?,A 竞技,0.01,0.99,0.5,0.98,0.0,0.0,0.0,50,4.5,sports_fees_v3,True,19864797704978203089031912500964403387014162747699516578170658225628407819290
Will Rapid Wien win the 2026-27 Austrian Bundesliga?,A 竞技,0.1,0.99,0.545,0.89,0.0,0.0,0.0,50,4.5,sports_fees_v3,True,90501491386654501669858183905468323677745842294816411764187598953505255736446
Will TSV Hartberg win the 2026-27 Austrian Bundesliga?,A 竞技,0.01,0.99,0.5,0.98,0.0,0.0,0.0,50,4.5,sports_fees_v3,True,2048093736736535550759331741145470685581502976923593607604913357770224132245
Will WSG Tirol win the 2026-27 Austrian Bundesliga?,A 竞技,0.01,0.99,0.5,0.98,0.0,0.0,0.0,50,4.5,sports_fees_v3,True,7877415283597532417635415303683511831913981849312089940081892144233603569575
Will Rheindorf Altach win the 2026-27 Austrian Bundesliga?,A 竞技,0.01,0.99,0.5,0.98,0.0,0.0,0.0,50,4.5,sports_fees_v3,True,23502331655255235643827989393692807108269754562648018674724875125982792846601
Will SV Ried win the 2026-27 Austrian Bundesliga?,A 竞技,0.01,0.95,0.48,0.94,0.0,0.0,0.0,50,4.5,sports_fees_v3,True,71868040436993730250875490397737681911659195697249314831222919924399908690658
Will Wolfsberger AC win the 2026-27 Austrian Bundesliga?,A 竞技,0.01,0.99,0.5,0.98,0.0,0.0,0.0,50,4.5,sports_fees_v3,True,110091455591637173459023731078797576758393328383555956562932262240028373125557
Will Grazer AK win the 2026-27 Austrian Bundesliga?,A 竞技,0.01,0.98,0.495,0.97,0.0,0.0,0.0,50,4.5,sports_fees_v3,True,23722539456700833645114539707935798620644925558052571722165734810843849020102
Will SC Austria Lustenau win the 2026-27 Austrian Bundesliga?,A 竞技,0.01,0.99,0.5,0.98,0.0,0.0,0.0,50,4.5,sports_fees_v3,True,78337031436073262151049052102741150957104932541241912694041650814975884137382
Will Sturm Graz be runner-up in the 2026-27 Austrian Bundesliga?,A 竞技,0.01,0.99,0.5,0.98,0.0,0.0,0.0,50,4.5,sports_fees_v3,True,10902527657727815673041047402613403830812762093154567629057417201493990735142
Will Red Bull Salzburg be runner-up in the 2026-27 Austrian Bundesliga,A 竞技,0.01,0.99,0.5,0.98,0.0,0.0,0.0,50,4.5,sports_fees_v3,True,42116896086280651002242898314777634564110384795999679986859414876977574451696
Will LASK be runner-up in the 2026-27 Austrian Bundesliga?,A 竞技,0.01,0.99,0.5,0.98,0.0,0.0,0.0,50,4.5,sports_fees_v3,True,30606939090117435056002855612768091316911035679789601572835861455603365655378
Will Austria Wien be runner-up in the 2026-27 Austrian Bundesliga?,A 竞技,0.01,0.99,0.5,0.98,0.0,0.0,0.0,50,4.5,sports_fees_v3,True,26514344265495159234048558768979238298173503529869982555797420619666912261850
Will Rapid Wien be runner-up in the 2026-27 Austrian Bundesliga?,A 竞技,0.01,0.99,0.5,0.98,0.0,0.0,0.0,50,4.5,sports_fees_v3,True,54137094558571844897277573975266729338813190043061679372727637481811180187371
Will TSV Hartberg be runner-up in the 2026-27 Austrian Bundesliga?,A 竞技,0.01,0.99,0.5,0.98,0.0,0.0,0.0,50,4.5,sports_fees_v3,True,47971362915707793726200515511649739498295436227410452509292009234795353137692
Will WSG Tirol be runner-up in the 2026-27 Austrian Bundesliga?,A 竞技,0.01,0.99,0.5,0.98,0.0,0.0,0.0,50,4.5,sports_fees_v3,True,48474692618538028156107210900112793103743784494149627473751622263574954683497
Will Rheindorf Altach be runner-up in the 2026-27 Austrian Bundesliga?,A 竞技,0.02,0.99,0.505,0.97,0.0,0.0,0.0,50,4.5,sports_fees_v3,True,16331065484798848637052150095283248509001020078548217180139781201667729431811
Will SV Ried be runner-up in the 2026-27 Austrian Bundesliga?,A 竞技,0.01,0.99,0.5,0.98,0.0,0.0,0.0,50,4.5,sports_fees_v3,True,98001112622819928767982486014460522467553476000655052527740305535483934025294
Will Wolfsberger AC be runner-up in the 2026-27 Austrian Bundesliga?,A 竞技,0.01,0.99,0.5,0.98,0.0,0.0,0.0,50,4.5,sports_fees_v3,True,80240153768858996750906758271045448353748781110482055813412332421181609657646
Will Grazer AK be runner-up in the 2026-27 Austrian Bundesliga?,A 竞技,0.01,0.99,0.5,0.98,0.0,0.0,0.0,50,4.5,sports_fees_v3,True,3583780346740465892820922623966614175634762797076791294066919027342799110057
Will SC Austria Lustenau be runner-up in the 2026-27 Austrian Bundesli,A 竞技,0.01,0.99,0.5,0.98,0.0,0.0,0.0,50,4.5,sports_fees_v3,True,64066101201423430131850771479347489530436731400285732602594432973643253288516
Will Sturm Graz be relegated from the 2026-27 Austrian Bundesliga?,A 竞技,0.004,0.321,0.1625,0.317,0.0,31.0,1.0,20,4.5,sports_fees_v3,True,59383490538173228316049358039159403086469415944716047149627808062740109818295
Will Red Bull Salzburg be relegated from the 2026-27 Austrian Bundesli,A 竞技,0.003,0.252,0.1275,0.249,0.0,31.0,0.0,20,4.5,sports_fees_v3,True,88497334058483478015092702512686672206365390383974194056060470441639985893285
Will LASK be relegated from the 2026-27 Austrian Bundesliga?,A 竞技,0.019,0.05,0.0345,0.031000000000000003,0.0,288.0,1.0,20,4.5,sports_fees_v3,True,34987755629268028610205235040649664048656807290306935281937183349585487359416
Will Austria Wien be relegated from the 2026-27 Austrian Bundesliga?,A 竞技,0.06,0.1,0.08,0.04000000000000001,0.0,20.0,1.0,20,4.5,sports_fees_v3,True,64808665162860455997593544688937502330579356905823165302692636610490720778265
Will Rapid Wien be relegated from the 2026-27 Austrian Bundesliga?,A 竞技,0.002,0.013,0.0075,0.011,0.0,1690.38,0.0,20,4.5,sports_fees_v3,True,48621873502163396721947295432452459758319612050464791798553668932533801374398
Will TSV Hartberg be relegated from the 2026-27 Austrian Bundesliga?,A 竞技,0.215,0.28,0.2475,0.06500000000000003,0.0,285.0,5.0,20,4.5,sports_fees_v3,True,16101881637753237636984019793777429192421960406880565383572110592823742596453
Will WSG Tirol be relegated from the 2026-27 Austrian Bundesliga?,A 竞技,,0.28,,,0.0,340.0,1.0,20,4.5,sports_fees_v3,True,100123568432002090120616666116843130656351583704693863240698219583985943688249
Will Rheindorf Altach be relegated from the 2026-27 Austrian Bundeslig,A 竞技,0.49,0.51,0.5,0.020000000000000018,40.12766,1974.160384,5.0,20,4.5,sports_fees_v3,True,53918112665429066539604332992898344351770932244153692380491006280547744878090
Will SV Ried be relegated from the 2026-27 Austrian Bundesliga?,A 竞技,0.01,0.059,0.034499999999999996,0.048999999999999995,20.0,2727.3812500000004,0.0,20,4.5,sports_fees_v3,True,47071897434534366964403644967296715322288253272996802417389007538387131545762
Will Wolfsberger AC be relegated from the 2026-27 Austrian Bundesliga?,A 竞技,0.02,0.2,0.11,0.18000000000000002,0.0,60.0,1.0,20,4.5,sports_fees_v3,True,83085350683488139948548495787717391237212660842611937701927183988535442858400
Will Grazer AK be relegated from the 2026-27 Austrian Bundesliga?,A 竞技,0.016,0.094,0.055,0.078,138.0,1369.8716590000001,1.0,20,4.5,sports_fees_v3,True,60075106846242776255181642352792815258862361737852664923997900363889005806657
Will SC Austria Lustenau be relegated from the 2026-27 Austrian Bundes,A 竞技,0.18,0.21,0.195,0.03,0.0,1773.2500000000002,5.0,20,4.5,sports_fees_v3,True,58951397409032589200555112406408792249110484155071362810000096138447439554332
Will Sturm Graz finish 11th in the 2026-27 Austrian Bundesliga?,A 竞技,0.01,0.99,0.5,0.98,0.0,0.0,0.0,50,4.5,sports_fees_v3,True,35538472924255690839595828960810364820169716469490583091442649273128503513382
Will Red Bull Salzburg finish 11th in the 2026-27 Austrian Bundesliga?,A 竞技,0.01,0.99,0.5,0.98,0.0,0.0,0.0,50,4.5,sports_fees_v3,True,84758040385028898786873618491028490370780905333644670559033288708562709753873
Will LASK finish 11th in the 2026-27 Austrian Bundesliga?,A 竞技,0.01,0.97,0.49,0.96,0.0,0.0,0.0,50,4.5,sports_fees_v3,True,24077479248829071984657880664498389751605862214760352223519492833142094373704
Will Austria Wien finish 11th in the 2026-27 Austrian Bundesliga?,A 竞技,0.01,0.97,0.49,0.96,0.0,0.0,0.0,50,4.5,sports_fees_v3,True,84232942044078312595140093548356609768520055276885479951446918608126283459833
Will Rapid Wien finish 11th in the 2026-27 Austrian Bundesliga?,A 竞技,0.01,0.99,0.5,0.98,0.0,0.0,0.0,50,4.5,sports_fees_v3,True,73459885048095370173983818710977324599397042306895082840902330328424758958235
Will TSV Hartberg finish 11th in the 2026-27 Austrian Bundesliga?,A 竞技,0.01,0.99,0.5,0.98,0.0,0.0,0.0,50,4.5,sports_fees_v3,True,30053048421903024896548447762164095934888853341173714396688095078603175135441
Will WSG Tirol finish 11th in the 2026-27 Austrian Bundesliga?,A 竞技,0.01,0.99,0.5,0.98,0.0,0.0,0.0,50,4.5,sports_fees_v3,True,46677734848550681475955219294589640820759195909433638821260019598906934639342
Will Rheindorf Altach finish 11th in the 2026-27 Austrian Bundesliga?,A 竞技,0.01,0.99,0.5,0.98,0.0,0.0,0.0,50,4.5,sports_fees_v3,True,11327473289990373301635492203559069870859594933696372053051544207275804220503
Will SV Ried finish 11th in the 2026-27 Austrian Bundesliga?,A 竞技,0.01,0.99,0.5,0.98,0.0,0.0,0.0,50,4.5,sports_fees_v3,True,103900305887669814675814139087041575791841048616432526625438745495299173184845
Will Wolfsberger AC finish 11th in the 2026-27 Austrian Bundesliga?,A 竞技,0.01,0.99,0.5,0.98,0.0,0.0,0.0,50,4.5,sports_fees_v3,True,90358730115438729599657405567731898721098813198010584217298199238742231197424
Will Grazer AK finish 11th in the 2026-27 Austrian Bundesliga?,A 竞技,0.01,0.99,0.5,0.98,0.0,0.0,0.0,50,4.5,sports_fees_v3,True,9602971302804774009249774745880350272196050822682542435868922685155268244363
Will SC Austria Lustenau finish 11th in the 2026-27 Austrian Bundeslig,A 竞技,0.01,0.99,0.5,0.98,0.0,0.0,0.0,50,4.5,sports_fees_v3,True,69510724362583787902330178703315381720988115819631623657515325090046020856128
Will Sturm Graz keep the most clean sheets in the 2026-27 Austrian Bun,A 竞技,0.01,0.99,0.5,0.98,0.0,0.0,0.0,50,4.5,sports_fees_v3,True,55251698689323340601763473069418231294804181496747589034009327350346912048640
Will Red Bull Salzburg keep the most clean sheets in the 2026-27 Austr,A 竞技,0.01,0.99,0.5,0.98,0.0,0.0,0.0,50,4.5,sports_fees_v3,True,61292585713578639140342422268752643562303209233283338119377512879462000615835
Will LASK keep the most clean sheets in the 2026-27 Austrian Bundeslig,A 竞技,0.01,0.99,0.5,0.98,0.0,0.0,0.0,50,4.5,sports_fees_v3,True,108484045834267740172048753299543507572964357991074805604780502630712494947173
Will Austria Wien keep the most clean sheets in the 2026-27 Austrian B,A 竞技,0.01,0.99,0.5,0.98,0.0,0.0,0.0,50,4.5,sports_fees_v3,True,16994083849932592654346865468324261435813502750363079683980846205556608934648
Will Rapid Wien keep the most clean sheets in the 2026-27 Austrian Bun,A 竞技,0.01,0.99,0.5,0.98,0.0,0.0,0.0,50,4.5,sports_fees_v3,True,32686917648807088493030817518401192332761606312305901318257148583763994200272
Will TSV Hartberg keep the most clean sheets in the 2026-27 Austrian B,A 竞技,0.01,0.99,0.5,0.98,0.0,0.0,0.0,50,4.5,sports_fees_v3,True,42507904433883300440765292426707935574839664327878220738332985119543487874955
Will WSG Tirol keep the most clean sheets in the 2026-27 Austrian Bund,A 竞技,0.01,0.99,0.5,0.98,0.0,0.0,0.0,50,4.5,sports_fees_v3,True,1990671484783685588961703246555604216125309789673578898254607637680485218596
Will Rheindorf Altach keep the most clean sheets in the 2026-27 Austri,A 竞技,0.01,0.99,0.5,0.98,0.0,0.0,0.0,50,4.5,sports_fees_v3,True,21442493272652398901225314922784222444073327309552070072520518676001158995359
Will SV Ried keep the most clean sheets in the 2026-27 Austrian Bundes,A 竞技,0.01,0.99,0.5,0.98,0.0,0.0,0.0,50,4.5,sports_fees_v3,True,60751419112391216457811324829507680692241261914661365091605174663700487241296
Will Wolfsberger AC keep the most clean sheets in the 2026-27 Austrian,A 竞技,0.01,0.99,0.5,0.98,0.0,0.0,0.0,50,4.5,sports_fees_v3,True,50928582091186552154039225831859396533664740477777299100668711473528664244719
Will Grazer AK keep the most clean sheets in the 2026-27 Austrian Bund,A 竞技,0.01,0.99,0.5,0.98,0.0,0.0,0.0,50,4.5,sports_fees_v3,True,68006594765687334855666182057580410491998760390812889235281425194548234461062
Will SC Austria Lustenau keep the most clean sheets in the 2026-27 Aus,A 竞技,0.01,0.99,0.5,0.98,0.0,0.0,0.0,50,4.5,sports_fees_v3,True,77534574252346812115637457141517825756669537408398066718913212981078850242291
Will Grazer AK 1902 win on 2026-10-10?,A 竞技,0.14,0.17,0.15500000000000003,0.03,0.0,0.0,0.0,50,4.5,sports_fees_v3,True,33064368665832615576281631123034698560928854878620317764345357357958216707538
Will Grazer AK 1902 vs. FC Salzburg end in a draw?,A 竞技,0.18,0.2,0.19,0.020000000000000018,0.0,0.0,0.0,50,4.5,sports_fees_v3,True,13447394803837944579303657089315975359278755982218550405306870037544393587638
Will FC Salzburg win on 2026-10-10?,A 竞技,0.65,0.68,0.665,0.030000000000000027,0.0,0.0,0.0,50,4.5,sports_fees_v3,True,75239650520699898065044106342667271018876247445917588608700314406860578556523
Will WSG Tirol win on 2026-10-10?,A 竞技,0.36,0.37,0.365,0.010000000000000009,0.0,0.0,0.0,50,4.5,sports_fees_v3,True,113859459242802489757916392844422431425354712198613191528705613907533977713104
Will WSG Tirol vs. SV Ried end in a draw?,A 竞技,0.24,0.27,0.255,0.030000000000000027,0.0,0.0,0.0,50,4.5,sports_fees_v3,True,13320853237571858177313411145761099403541217893894516180553194787214225380328
Will SV Ried win on 2026-10-10?,A 竞技,0.37,0.39,0.38,0.020000000000000018,0.0,0.0,0.0,50,4.5,sports_fees_v3,True,49397869731691306168678469894902765165408840902765836180186999431021368339433
Grazer AK 1902 leading at halftime?,A 竞技,0.15,0.17,0.16,0.020000000000000018,0.0,0.0,0.0,50,4.5,sports_fees_v3,True,106197514354232942587956724594009953760340160851563854475166682167674607511318
Grazer AK 1902 vs. FC Salzburg: Draw at halftime?,A 竞技,0.34,0.37,0.355,0.02999999999999997,0.0,0.0,0.0,50,4.5,sports_fees_v3,True,75898327779743527736068819475643006331217044221774294195921376808992826857987
FC Salzburg leading at halftime?,A 竞技,0.48,0.5,0.49,0.020000000000000018,0.0,0.0,0.0,50,4.5,sports_fees_v3,True,85558705741275837888539471708123885286647080678562239725867628016781206471196
Grazer AK 1902 to win the second half?,A 竞技,0.1,0.24,0.16999999999999998,0.13999999999999999,0.0,0.0,0.0,50,4.5,sports_fees_v3,True,34960562423845728312252961795777710321609686828311222839205052651002790247116
Grazer AK 1902 vs. FC Salzburg: Second half draw?,A 竞技,0.22,0.37,0.295,0.15,0.0,0.0,0.0,50,4.5,sports_fees_v3,True,48320443136081991409954470693430070174121743506514641717560983496330165612800
FC Salzburg to win the second half?,A 竞技,0.46,0.61,0.535,0.14999999999999997,0.0,0.0,0.0,50,4.5,sports_fees_v3,True,97394333177631040098572187638857323548171029609311404528321970295468773592243
Exact Score: Grazer AK 1902 0 - 0 FC Salzburg?,A 竞技,0.02,0.09,0.055,0.06999999999999999,0.0,0.0,0.0,50,4.5,sports_fees_v3,True,61082247816155844197273226099637822695738167440626500351597979013032201523752
Exact Score: Grazer AK 1902 0 - 1 FC Salzburg?,A 竞技,0.06,0.12,0.09,0.06,0.0,0.0,0.0,50,4.5,sports_fees_v3,True,91953632800228430199275974431894672744186109927781598234290009374218719448377
Exact Score: Grazer AK 1902 1 - 0 FC Salzburg?,A 竞技,0.02,0.08,0.05,0.06,0.0,0.0,0.0,50,4.5,sports_fees_v3,True,25061265193843636174773619141447150355977399286341488248891279945339103408450
Exact Score: Grazer AK 1902 0 - 2 FC Salzburg?,A 竞技,0.06,0.14,0.1,0.08000000000000002,0.0,0.0,0.0,50,4.5,sports_fees_v3,True,3535779359456744722392454296735427431293293451724879459660962572084685168632
Exact Score: Grazer AK 1902 1 - 1 FC Salzburg?,A 竞技,0.06,0.13,0.095,0.07,0.0,0.0,0.0,50,4.5,sports_fees_v3,True,37898022935207645870086680141393145633621221197551861389707667368891425042185
Exact Score: Grazer AK 1902 2 - 0 FC Salzburg?,A 竞技,0.013,0.066,0.0395,0.053000000000000005,0.0,0.0,0.0,50,4.5,sports_fees_v3,True,78736477529656352726689721831662290448165698209153168134782271993820220139161
Exact Score: Grazer AK 1902 0 - 3 FC Salzburg?,A 竞技,0.01,0.11,0.06,0.1,0.0,0.0,0.0,50,4.5,sports_fees_v3,True,46556276701547877372288736894204313993783104275905605852771025727340112069209
Exact Score: Grazer AK 1902 1 - 2 FC Salzburg?,A 竞技,0.07,0.14,0.10500000000000001,0.07,0.0,0.0,0.0,50,4.5,sports_fees_v3,True,34266477463192211548507474183998881167431742436580536008202422322654156005108
Exact Score: Grazer AK 1902 2 - 1 FC Salzburg?,A 竞技,0.03,0.08,0.055,0.05,0.0,0.0,0.0,50,4.5,sports_fees_v3,True,30173667795442770050256500374971886135952551219500077366909150798294648297043
Exact Score: Grazer AK 1902 3 - 0 FC Salzburg?,A 竞技,,0.499,,,0.0,9.9898,0.0,50,4.5,sports_fees_v3,True,57377511393301808918175856414168516973964866333247264439417833912686836451062
Exact Score: Grazer AK 1902 0 - 4 FC Salzburg?,A 竞技,0.002,0.086,0.044,0.08399999999999999,0.0,0.0,0.0,50,4.5,sports_fees_v3,True,29526416694690472430075552580714090116720699261399741982168954719797701882965
Exact Score: Grazer AK 1902 1 - 3 FC Salzburg?,A 竞技,0.01,0.11,0.06,0.1,0.0,0.0,0.0,50,4.5,sports_fees_v3,True,34481898217976506218772103422534326468207395587234885346631141498602514657290
Exact Score: Grazer AK 1902 2 - 2 FC Salzburg?,A 竞技,0.03,0.09,0.06,0.06,0.0,0.0,0.0,50,4.5,sports_fees_v3,True,11763012093308927606791044127843725600772546384454709540707532900398133771137
Exact Score: Grazer AK 1902 3 - 1 FC Salzburg?,A 竞技,0.002,0.062,0.032,0.06,0.0,0.0,0.0,50,4.5,sports_fees_v3,True,86736640040426276916770780872697242875612796510903491363764933143806091311073
Exact Score: Grazer AK 1902 4 - 0 FC Salzburg?,A 竞技,,0.499,,,0.0,9.9898,0.0,50,4.5,sports_fees_v3,True,5745549440617729942973718863622134207036487887441326929589846484751077487237
Exact Score: Grazer AK 1902 0 - 5 FC Salzburg?,A 竞技,,0.73,,,0.0,0.0,0.0,50,4.5,sports_fees_v3,True,63602276198454086581851076756634051381671255304602081128854736332256965180758
Exact Score: Grazer AK 1902 1 - 4 FC Salzburg?,A 竞技,0.01,0.09,0.049999999999999996,0.08,0.0,0.0,0.0,50,4.5,sports_fees_v3,True,26782667459659810687398669882327022722801962646486203156688116438202781371929
Exact Score: Grazer AK 1902 2 - 3 FC Salzburg?,A 竞技,0.002,0.083,0.0425,0.081,0.0,0.0,0.0,50,4.5,sports_fees_v3,True,36211093901027561239604629697833797371161422000834954837546366376866998632141
Exact Score: Grazer AK 1902 3 - 2 FC Salzburg?,A 竞技,0.002,0.064,0.033,0.062,0.0,0.0,0.0,50,4.5,sports_fees_v3,True,58852447182077283692795578905693322979664944065094191945259892625405008090429
Exact Score: Grazer AK 1902 4 - 1 FC Salzburg?,A 竞技,,0.606,,,0.0,9.9898,0.0,50,4.5,sports_fees_v3,True,100769712529868398093382400639836297480599129427904616660095233967593770362709
Exact Score: Grazer AK 1902 5 - 0 FC Salzburg?,A 竞技,,0.62,,,0.0,9.9898,0.0,50,4.5,sports_fees_v3,True,7084270384678504351531440609173894411530855954960072890820891111215760077288
Exact Score: Grazer AK 1902 1 - 5 FC Salzburg?,A 竞技,,0.75,,,0.0,0.0,0.0,50,4.5,sports_fees_v3,True,36928366029372975595548530871248191091976222009678147015051693051083119220437
Exact Score: Grazer AK 1902 2 - 4 FC Salzburg?,A 竞技,0.002,0.066,0.034,0.064,0.0,0.0,0.0,50,4.5,sports_fees_v3,True,111481281329595555393399030197738949931120066928439598570440072324432111713597
HB Torshavn vs. NSI Runavik: O/U 7.5 Total Corners,A 竞技,,1.0,,,0.0,0.0,0.0,50,4.5,sports_fees_v3,True,16799660492023501464491667540747150032327376726153217319010449272461450549200
HB Torshavn vs. NSI Runavik: O/U 8.5 Total Corners,A 竞技,,1.0,,,0.0,0.0,0.0,50,4.5,sports_fees_v3,True,69259642010805633297963376686722003021423279699124398830996964728533946891623
HB Torshavn vs. NSI Runavik: O/U 9.5 Total Corners,A 竞技,,1.0,,,0.0,0.0,0.0,50,4.5,sports_fees_v3,True,1654781920756381878710222631584747262878763586458328170816841501238730158624
HB Torshavn vs. NSI Runavik: O/U 10.5 Total Corners,A 竞技,,1.0,,,0.0,0.0,0.0,50,4.5,sports_fees_v3,True,7444957050600677163593583435213796033199649864593583569520062887272366858129
HB Torshavn vs. NSI Runavik: O/U 11.5 Total Corners,A 竞技,,1.0,,,0.0,0.0,0.0,50,4.5,sports_fees_v3,True,47746175537999651361633253050688768348686111973295711993602503168568752109409
HB Torshavn vs. NSI Runavik: O/U 12.5 Total Corners,A 竞技,,1.0,,,0.0,0.0,0.0,50,4.5,sports_fees_v3,True,81333003755809606885072039857716005375215551359818433316626153643298935196533
HB Torshavn vs. NSI Runavik: O/U 13.5 Total Corners,A 竞技,,1.0,,,0.0,0.0,0.0,50,4.5,sports_fees_v3,True,105814433701272093222376708536878673099518402242767215395303109005066469505220
HB Torshavn vs. NSI Runavik: 1st Half O/U 3.5 Total Corners,A 竞技,,1.0,,,0.0,0.0,0.0,50,4.5,sports_fees_v3,True,113701853691732356211900241532670860512591882732965234194987576219601313906578
HB Torshavn vs. NSI Runavik: 1st Half O/U 4.5 Total Corners,A 竞技,,1.0,,,0.0,0.0,0.0,50,4.5,sports_fees_v3,True,95238799915860085219639154229328250652896967982403075056324263266425070161613
HB Torshavn vs. NSI Runavik: 1st Half O/U 5.5 Total Corners,A 竞技,,1.0,,,0.0,0.0,0.0,50,4.5,sports_fees_v3,True,42651483226613001319330757270973115484559473948623248275314131604463237642835
HB Torshavn vs. NSI Runavik: 2nd Half O/U 3.5 Total Corners,A 竞技,,1.0,,,0.0,0.0,0.0,50,4.5,sports_fees_v3,True,15202499260133369991464399259046788389437940074523246645719967151037330424018
HB Torshavn vs. NSI Runavik: 2nd Half O/U 4.5 Total Corners,A 竞技,,1.0,,,0.0,0.0,0.0,50,4.5,sports_fees_v3,True,26943338949465778664217755448789080976934116320449204922758501254660541705874
HB Torshavn vs. NSI Runavik: 2nd Half O/U 5.5 Total Corners,A 竞技,,1.0,,,0.0,0.0,0.0,50,4.5,sports_fees_v3,True,86517839190633999077076161025343188827605690120343631120132591830793448107983
HB Torshavn vs. NSI Runavik: HB Torshavn O/U 2.5 Corners,A 竞技,,1.0,,,0.0,0.0,0.0,50,4.5,sports_fees_v3,True,30018521644364552228217824176569742200532069498871122307629226094503061873951
HB Torshavn vs. NSI Runavik: HB Torshavn O/U 3.5 Corners,A 竞技,,1.0,,,0.0,0.0,0.0,50,4.5,sports_fees_v3,True,10826463932506871266955380682594347223392016904878957648283554977040818635877
HB Torshavn vs. NSI Runavik: HB Torshavn O/U 4.5 Corners,A 竞技,,1.0,,,0.0,0.0,0.0,50,4.5,sports_fees_v3,True,46189857885661905116250380500900189719656566075895438772007801149049325013823
HB Torshavn vs. NSI Runavik: HB Torshavn O/U 5.5 Corners,A 竞技,,1.0,,,0.0,0.0,0.0,50,4.5,sports_fees_v3,True,7412408018137257912028214910927833289637836865438776203816860079768654284679
HB Torshavn vs. NSI Runavik: NSI Runavik O/U 2.5 Corners,A 竞技,,1.0,,,0.0,0.0,0.0,50,4.5,sports_fees_v3,True,34370718722527900524987367285162483741413732667772415254002350698546669842834
HB Torshavn vs. NSI Runavik: NSI Runavik O/U 3.5 Corners,A 竞技,,1.0,,,0.0,0.0,0.0,50,4.5,sports_fees_v3,True,51839488550592755031171530137596408657032127523153819268185610995458293166267
HB Torshavn vs. NSI Runavik: NSI Runavik O/U 4.5 Corners,A 竞技,,1.0,,,0.0,0.0,0.0,50,4.5,sports_fees_v3,True,6591595234542778056646401205020017576452332198729073084540787396606320026016
HB Torshavn vs. NSI Runavik: NSI Runavik O/U 5.5 Corners,A 竞技,,1.0,,,0.0,0.0,0.0,50,4.5,sports_fees_v3,True,94818842302677938763143841515362783975284593656508466730654962491706913919039
HB Torshavn vs. NSI Runavik: Total Corners Odd or Even?,A 竞技,,1.0,,,0.0,0.0,0.0,50,4.5,sports_fees_v3,True,56197120540833045439498526614936561761297613962313246774376001475457218110225
HB Torshavn vs. NSI Runavik: Team to Take First Corner,A 竞技,,1.0,,,0.0,0.0,0.0,50,4.5,sports_fees_v3,True,108074543575583734878959257023369726120033899640304791725789966140239759912471
Will KÍ Klaksvík win the 2026 Betri deildin (Faroe Islands)?,A 竞技,0.02,0.98,0.5,0.96,0.0,0.0,0.0,50,4.5,sports_fees_v3,True,61220006809815332817995525941357064118348606345562216522972025754937658529137
Will HB win the 2026 Betri deildin (Faroe Islands)?,A 竞技,0.01,0.83,0.42,0.82,0.0,74.0,0.0,50,4.5,sports_fees_v3,True,66458642168722842111272756410022662680881837135792362797466212934758753509269
Will NSÍ Runavík win the 2026 Betri deildin (Faroe Islands)?,A 竞技,0.02,0.98,0.5,0.96,0.0,0.0,0.0,50,4.5,sports_fees_v3,True,54012682458503252500838883692593276671850747470251732110749131747490264252719
Will KÍ Klaksvík be runner-up in the 2026 Betri deildin (Faroe Islands,A 竞技,0.02,0.97,0.495,0.95,0.0,0.0,0.0,50,4.5,sports_fees_v3,True,5726501759821514817144896997176328161894308905453727882861315995801823875081
Will HB be runner-up in the 2026 Betri deildin (Faroe Islands)?,A 竞技,0.02,0.97,0.495,0.95,0.0,0.0,0.0,50,4.5,sports_fees_v3,True,92722202088504001440728739753939279731323544972423723944186481865710058178898
Will B36 Tórshavn be runner-up in the 2026 Betri deildin (Faroe Island,A 竞技,0.03,0.95,0.49,0.9199999999999999,0.0,0.0,0.0,50,4.5,sports_fees_v3,True,108827350002354541841951229854824494273087073939804692561449753336180835366179
Will NSÍ Runavík be runner-up in the 2026 Betri deildin (Faroe Islands,A 竞技,0.02,0.97,0.495,0.95,0.0,0.0,0.0,50,4.5,sports_fees_v3,True,3846058272543991369110399174948789795216227648811017918855581118831842631292
Will Víkingur Gøta be runner-up in the 2026 Betri deildin (Faroe Islan,A 竞技,0.03,0.96,0.495,0.9299999999999999,0.0,0.0,0.0,50,4.5,sports_fees_v3,True,5849534510185158299313816893304404639442407914008397875196410103650224211729
Will KÍ Klaksvík be relegated from the 2026 Betri deildin (Faroe Islan,A 竞技,0.001,0.007,0.004,0.006,0.0,2049.757458,0.0,20,4.5,sports_fees_v3,True,101363346886541795638609611357206065605857220912601514736717705615304597429688
Will HB be relegated from the 2026 Betri deildin (Faroe Islands)?,A 竞技,0.001,0.005,0.003,0.004,0.0,832.7989329999999,0.0,20,4.5,sports_fees_v3,True,42067756478469765876930283294343072301518483450482492511923674572957193235854
Will B36 Tórshavn be relegated from the 2026 Betri deildin (Faroe Isla,A 竞技,0.001,0.05,0.025500000000000002,0.049,0.0,223.0,0.0,20,4.5,sports_fees_v3,True,102895126678090378774767626689051487146126471470132650855565600713268830614405
Will NSÍ Runavík be relegated from the 2026 Betri deildin (Faroe Islan,A 竞技,0.01,0.05,0.030000000000000002,0.04,0.0,40.0,0.0,20,4.5,sports_fees_v3,True,77262102351570883386996815191885559765524853540206939607247419853177485390775
Will EB/Streymur be relegated from the 2026 Betri deildin (Faroe Islan,A 竞技,0.203,0.266,0.23450000000000001,0.063,0.0,66.342602,5.0,20,4.5,sports_fees_v3,True,4147806805310827572174261809417770550934377628322110463433598540718043922210
Will Víkingur Gøta be relegated from the 2026 Betri deildin (Faroe Isl,A 竞技,0.003,0.047,0.025,0.044,0.0,304.0,0.0,20,4.5,sports_fees_v3,True,79353546855098396095567960998480482817514215867210599655058071674726551954439
Will AB be relegated from the 2026 Betri deildin (Faroe Islands)?,A 竞技,0.01,0.9,0.455,0.89,0.0,60.0,1.0,20,4.5,sports_fees_v3,True,104144379227159776386115071889078531276822953232737115007824832653647084777758
Will Skála ÍF be relegated from the 2026 Betri deildin (Faroe Islands),A 竞技,0.4,0.41,0.405,0.009999999999999953,0.0,40.0,5.0,20,4.5,sports_fees_v3,True,103382929122893347898026415223116247436462554536066057410210516880598379561277
Will B68 Toftir be relegated from the 2026 Betri deildin (Faroe Island,A 竞技,0.52,0.94,0.73,0.41999999999999993,0.0,140.0,5.0,20,4.5,sports_fees_v3,True,79253963705329042043247881367766833796984553670846027244027725593393108626343
Will 07 Vestur be relegated from the 2026 Betri deildin (Faroe Islands,A 竞技,0.55,0.6,0.575,0.04999999999999993,0.0,293.65,5.0,20,4.5,sports_fees_v3,True,101697529469955536864024202914970296682140804197554439537403680949039911859424
Will B36 Tórshavn finish 8th in the 2026 Betri deildin (Faroe Islands),A 竞技,0.03,0.97,0.5,0.94,0.0,0.0,0.0,50,4.5,sports_fees_v3,True,37411182610362884279860741089268977259826139453344476246564154301988805907088
Will EB/Streymur finish 8th in the 2026 Betri deildin (Faroe Islands)?,A 竞技,0.02,0.94,0.48,0.9199999999999999,0.0,0.0,0.0,50,4.5,sports_fees_v3,True,56448406704611975317681844912676261730771418399889282624571362853842449124644
Will Víkingur Gøta finish 8th in the 2026 Betri deildin (Faroe Islands,A 竞技,0.04,0.95,0.495,0.9099999999999999,0.0,0.0,0.0,50,4.5,sports_fees_v3,True,16190241643380553576211057059883007531447625970522658228365410096727413720156
Will AB finish 8th in the 2026 Betri deildin (Faroe Islands)?,A 竞技,0.03,0.97,0.5,0.94,0.0,0.0,0.0,50,4.5,sports_fees_v3,True,113973630491073188105077832403967620139366860332339880753768705402684523040164
Will Skála ÍF finish 8th in the 2026 Betri deildin (Faroe Islands)?,A 竞技,0.02,0.93,0.47500000000000003,0.91,0.0,0.0,0.0,50,4.5,sports_fees_v3,True,14277741741969228417149417032072630849472749259648981739125388482942623779565
Will B68 Toftir finish 8th in the 2026 Betri deildin (Faroe Islands)?,A 竞技,0.02,0.96,0.49,0.94,0.0,0.0,0.0,50,4.5,sports_fees_v3,True,94114369934119667195551838833644188535609133687964422902149512825136202038176
Will 07 Vestur finish 8th in the 2026 Betri deildin (Faroe Islands)?,A 竞技,0.03,0.9,0.465,0.87,0.0,0.0,0.0,50,4.5,sports_fees_v3,True,56340227382420267740665240677945253216239815616644335386248718834697081526462
Will KÍ Klaksvík finish 3rd in the 2026 Betri deildin (Faroe Islands)?,A 竞技,0.03,0.93,0.48000000000000004,0.9,0.0,0.0,0.0,50,4.5,sports_fees_v3,True,17543570381386756058678049429846392075022024498501523474154305229870065159598
Will HB finish 3rd in the 2026 Betri deildin (Faroe Islands)?,A 竞技,0.02,0.97,0.495,0.95,0.0,0.0,0.0,50,4.5,sports_fees_v3,True,28525131999156962193388425715377807601259955306203500142147468342917858496243
Will B36 Tórshavn finish 3rd in the 2026 Betri deildin (Faroe Islands),A 竞技,0.02,0.95,0.485,0.9299999999999999,0.0,0.0,0.0,50,4.5,sports_fees_v3,True,13679257860733707469177866129466498168276423889320476567464581768711870511861
Will NSÍ Runavík finish 3rd in the 2026 Betri deildin (Faroe Islands)?,A 竞技,0.02,0.9,0.46,0.88,0.0,0.0,0.0,50,4.5,sports_fees_v3,True,4562999315058562374918188205691074184494159527712014358706306138755995523804
Will Víkingur Gøta finish 3rd in the 2026 Betri deildin (Faroe Islands,A 竞技,0.02,0.91,0.465,0.89,0.0,0.0,0.0,50,4.5,sports_fees_v3,True,105859619970300694074042828179238884710625189630386402246531041541984527054653
Will KÍ Klaksvík keep the most clean sheets in the 2026 Betri deildin ,A 竞技,0.04,0.97,0.505,0.9299999999999999,0.0,0.0,0.0,50,4.5,sports_fees_v3,True,62156971152089405629403108320088558444370792143369738414407264152255150524131
Will HB keep the most clean sheets in the 2026 Betri deildin (Faroe Is,A 竞技,0.03,0.97,0.5,0.94,0.0,0.0,0.0,50,4.5,sports_fees_v3,True,102783034024391512062544949967268158479633758531050871052927616111858208899367
Will B36 Tórshavn keep the most clean sheets in the 2026 Betri deildin,A 竞技,0.02,0.97,0.495,0.95,0.0,0.0,0.0,50,4.5,sports_fees_v3,True,40674773206524680424942565869705490322215175002736969971856974650127130144839
Will NSÍ Runavík keep the most clean sheets in the 2026 Betri deildin ,A 竞技,0.02,0.97,0.495,0.95,0.0,0.0,0.0,50,4.5,sports_fees_v3,True,30028844009801673500530087022568251081364544740651838538783631724457811350740
Will EB/Streymur keep the most clean sheets in the 2026 Betri deildin ,A 竞技,0.03,0.96,0.495,0.9299999999999999,0.0,0.0,0.0,50,4.5,sports_fees_v3,True,88856005489193204335719473638583391458367011169356727187648227472927462141592
Will Víkingur Gøta keep the most clean sheets in the 2026 Betri deildi,A 竞技,0.02,0.97,0.495,0.95,0.0,0.0,0.0,50,4.5,sports_fees_v3,True,100778932420850185641888485447502448610249506792156737921179426413570942531215
Will AB keep the most clean sheets in the 2026 Betri deildin (Faroe Is,A 竞技,0.02,0.97,0.495,0.95,0.0,0.0,0.0,50,4.5,sports_fees_v3,True,52734798816761901600813781685984283172039066612690956186868369649659328292334
Will Skála ÍF keep the most clean sheets in the 2026 Betri deildin (Fa,A 竞技,0.03,0.95,0.49,0.9199999999999999,0.0,0.0,0.0,50,4.5,sports_fees_v3,True,77915555710376449984901902363766558738450014148921899489875775070424704630918
Will B68 Toftir keep the most clean sheets in the 2026 Betri deildin (,A 竞技,0.02,0.97,0.495,0.95,0.0,0.0,0.0,50,4.5,sports_fees_v3,True,62291413308553540830879052462803286607231783322563442153882615163173236182108
Will 07 Vestur keep the most clean sheets in the 2026 Betri deildin (F,A 竞技,0.02,0.97,0.495,0.95,0.0,0.0,0.0,50,4.5,sports_fees_v3,True,43674449853293502037059989098450800086978970338910907548669175878553897736685
Mike Locksley out as Maryland HC in 2026?,A 竞技,0.115,0.932,0.5235000000000001,0.8170000000000001,60.0,2589.871328,5.0,20,4.5,sports_fees_v2,True,73777836011457238522021820652789469525089717359610945664304484201296513418767
Will Ohio State Buckeyes win the 2027 CFP National Championship?,A 竞技,0.13,0.14,0.135,0.010000000000000009,0.0,41047.80442499998,9.0,50,4.5,sports_fees_v2,True,90649664335755270557748848600519155305633073696281193650424337800250762282022
Will Notre Dame Fighting Irish win the 2027 CFP National Championship?,A 竞技,0.11,0.12,0.11499999999999999,0.009999999999999995,0.0,46240.211949,7.0,50,4.5,sports_fees_v2,True,65448532080954756629582468154270823940788268437746772963497752834981235086069
Will Texas Longhorns win the 2027 CFP National Championship?,A 竞技,0.15,0.16,0.155,0.010000000000000009,0.0,82430.87757000003,10.0,50,4.5,sports_fees_v2,True,45051748908850462249633120527071687789875184356392882186238340245484039044901
Will Indiana Hoosiers win the 2027 CFP National Championship?,A 竞技,0.075,0.088,0.08149999999999999,0.012999999999999998,0.0,45606.60194,3.0,50,4.5,sports_fees_v2,True,53877800255985349943723229768372947250456876145566126478169496157993835041214
Will Oregon Ducks win the 2027 CFP National Championship?,A 竞技,0.047,0.048,0.0475,0.0010000000000000009,0.0,59351.78717899999,0.0,100,4.5,sports_fees_v2,True,3734144349036920391563366064093490072805230908471512870205719683079192693832
Will Georgia Bulldogs win the 2027 CFP National Championship?,A 竞技,0.158,0.159,0.1585,0.0010000000000000009,208.431928,81072.93895700002,10.0,50,4.5,sports_fees_v2,True,33000335422798948167749980063080771407852117890256835198045532636621446136132
Will Miami Hurricanes win the 2027 CFP National Championship?,A 竞技,0.124,0.135,0.1295,0.01100000000000001,0.0,62585.712031999996,8.0,50,4.5,sports_fees_v2,True,91341906252407522831735379901971538016117566883918401639365974781462980914798
Will LSU Tigers win the 2027 CFP National Championship?,A 竞技,0.049,0.057,0.053000000000000005,0.008,0.0,56673.626478,0.0,100,4.5,sports_fees_v2,True,429716103258941263884839806165653681171602228217710127845976123570170508671
Will Texas Tech Red Raiders win the 2027 CFP National Championship?,A 竞技,0.004,0.007,0.0055,0.003,3340.4,34146.763726,0.0,40,4.5,sports_fees_v2,True,68175976330455134299066572903034194861778758280032180301647005972488691113516
Will Texas A&M Aggies win the 2027 CFP National Championship?,A 竞技,0.004,0.005,0.0045000000000000005,0.001,10.0,47581.423318,0.0,40,4.5,sports_fees_v2,True,32330710238214915148388752412590905191029946542751473169849637003897452454259
Will Alabama Crimson Tide win the 2027 CFP National Championship?,A 竞技,0.077,0.078,0.0775,0.0010000000000000009,84.44,44151.422234,3.0,50,4.5,sports_fees_v2,True,61055722191322667866718267281728613830728038424294638245623176218483883578652
Will Mississippi Rebels win the 2027 CFP National Championship?,A 竞技,0.008,0.016,0.012,0.008,0.0,43230.203429,0.0,100,4.5,sports_fees_v2,True,20861997522912166060827782398445833194191444180640911834719743096805193603920
Will Oklahoma Sooners win the 2027 CFP National Championship?,A 竞技,0.004,0.005,0.0045000000000000005,0.001,10.0,50536.10431999999,0.0,40,4.5,sports_fees_v2,True,107143713979695516682635203476573970567848000570729324950513273130897675783722
Will Michigan Wolverines win the 2027 CFP National Championship?,A 竞技,0.004,0.005,0.0045000000000000005,0.001,10.0,50531.66840399998,0.0,50,4.5,sports_fees_v2,True,29122160462919240285489554995112950691678284950258318794714641381157146912952
Will USC Trojans win the 2027 CFP National Championship?,A 竞技,0.006,0.007,0.006500000000000001,0.001,0.0,32704.168918999996,0.0,40,4.5,sports_fees_v2,True,16492240752345862376762684715616448339901215724061972356074769495951857287455
Will Florida Gators win the 2027 CFP National Championship?,A 竞技,0.015,0.033,0.024,0.018000000000000002,791.47,85516.91323700002,0.0,100,4.5,sports_fees_v2,True,100572769143137500942702681653834671315940314637605125862138069246640357375848
Will Army Black Knights Win the 2026 American Conference?,A 竞技,0.034,0.073,0.0535,0.03899999999999999,0.0,9141.454264999998,1.0,20,4.5,sports_fees_v3,True,17112059584995130431802558646584528298622426287418878401838729261881898240867
Will Charlotte 49ers Win the 2026 American Conference?,A 竞技,0.006,0.065,0.035500000000000004,0.059000000000000004,0.0,200.0,0.0,20,4.5,sports_fees_v3,True,114551533454429367261680838977888499913628925360597590501159016950455978228657
Will East Carolina Pirates Win the 2026 American Conference?,A 竞技,0.002,0.059,0.0305,0.056999999999999995,0.0,246.0,0.0,20,4.5,sports_fees_v3,True,95182898197779670958156873023249670354313024157189406817250694938178468488979
Will Florida Atlantic Owls Win the 2026 American Conference?,A 竞技,0.081,0.123,0.10200000000000001,0.041999999999999996,0.0,113.955741,3.0,20,4.5,sports_fees_v3,True,3708015930078311996230814100406174359718479430407161276466883999597374733048
Will Memphis Tigers Win the 2026 American Conference?,A 竞技,0.28,0.29,0.28500000000000003,0.009999999999999953,0.0,1470.5692119999999,14.0,20,4.5,sports_fees_v3,True,57684052207814687092555942724024268682642885346073384568116506463524834672368
Will Navy Midshipmen Win the 2026 American Conference?,A 竞技,0.004,0.069,0.036500000000000005,0.065,0.0,363.54266599999994,0.0,20,4.5,sports_fees_v3,True,26991124936724108086038255765616383343243734040451544937569683518808714817648
Will North Texas Mean Green Win the 2026 American Conference?,A 竞技,0.157,0.207,0.182,0.04999999999999999,0.0,206.90795,8.0,20,4.5,sports_fees_v3,True,22317743501650906609191179963155760203742537412167911736451757874167244392184
Will Rice Owls Win the 2026 American Conference?,A 竞技,0.008,0.044,0.026,0.036,0.0,80.041738,0.0,20,4.5,sports_fees_v3,True,115444205963931879821283152141709262620262023543458895440879088805163695120096
Will South Florida Bulls Win the 2026 American Conference?,A 竞技,0.01,0.07,0.04,0.060000000000000005,0.0,3059.3844759999997,0.0,20,4.5,sports_fees_v3,True,105005212330222405866076773431878183442816170530391723927862935508591387821527
Will Temple Owls Win the 2026 American Conference?,A 竞技,0.004,0.065,0.0345,0.061,0.0,119.004328,0.0,20,4.5,sports_fees_v3,True,74908498840594632481745827827083700440714880001569014963411588403058494655603
Will Tulane Green Wave Win the 2026 American Conference?,A 竞技,0.03,0.11,0.07,0.08,0.0,48.0,1.0,20,4.5,sports_fees_v3,True,15388193844237845201776189324916553789810471657282323038938128846991001484916
Will Tulsa Golden Hurricane Win the 2026 American Conference?,A 竞技,0.007,0.15,0.0785,0.143,0.0,10.0,2.0,20,4.5,sports_fees_v3,True,19111509595463407706955328238190745346764024598810534871132725468927096761876
Will UAB Blazers Win the 2026 American Conference?,A 竞技,0.009,0.069,0.039,0.060000000000000005,0.0,40.18788,0.0,20,4.5,sports_fees_v3,True,70433160893055671908435060122506240171253416120504306629941632906409539974038
Will UTSA Roadrunners Win the 2026 American Conference?,A 竞技,0.21,0.24,0.22499999999999998,0.03,0.0,394.51108899999997,11.0,20,4.5,sports_fees_v3,True,11957796683557868586974993203095880003773585299951315628671619187429747356275
Will CJ Carr win the 2026 Heisman Trophy?,A 竞技,0.067,0.112,0.0895,0.045,0.0,826.866994,1.0,20,4.5,sports_fees_v3,True,56630345691428250237314128566017134644935324869597871530263912600908805013684
Will Arch Manning win the 2026 Heisman Trophy?,A 竞技,0.033,0.062,0.0475,0.028999999999999998,0.0,1373.155887,0.0,50,4.5,sports_fees_v3,True,32892171151942633559383897050367045716232131311461708992631173522556447036677
Will Darian Mensah win the 2026 Heisman Trophy?,A 竞技,0.1,0.14,0.12000000000000001,0.04000000000000001,0.0,4854.841722000001,1.0,20,4.5,sports_fees_v3,True,84475786267230222045803208917291437217837219891684855373419314170580336148804
Will Julian Sayin win the 2026 Heisman Trophy?,A 竞技,0.009,0.061,0.034999999999999996,0.052,0.0,1274.155704,0.0,20,4.5,sports_fees_v3,True,42518918879815196761400349281289411204029602608755169492293269204048377855864
Will Trinidad Chambliss win the 2026 Heisman Trophy?,A 竞技,0.002,0.061,0.0315,0.059,0.0,3300.0197540000004,0.0,50,4.5,sports_fees_v3,True,42349621487296466875989521695190773982759110657021949680404610281220911141368
Will Dante Moore win the 2026 Heisman Trophy?,A 竞技,0.01,0.062,0.036,0.052,0.0,19212.844526999997,0.0,50,4.5,sports_fees_v3,True,24283856954323541985038792521999846921933390792156111780438120155502367616219
Will Josh Hoover win the 2026 Heisman Trophy?,A 竞技,0.002,0.04,0.021,0.038,0.0,246.89999999999998,0.0,20,4.5,sports_fees_v3,True,90369864497025098480996870215298376581726965573654195455738422523278653475567
Will John Mateer win the 2026 Heisman Trophy?,A 竞技,0.002,0.019,0.010499999999999999,0.017,0.0,412.5,0.0,20,4.5,sports_fees_v3,True,3705102166100558970507468333967120781684988681947528687589507502518216431609
Will Jeremiah Smith win the 2026 Heisman Trophy?,A 竞技,0.43,0.52,0.475,0.09000000000000002,147.43,3466.0004160000003,6.0,20,4.5,sports_fees_v3,True,74409825975481215560677720473755201157534668095093156034095023724660213283243
Will Marcel Reed win the 2026 Heisman Trophy?,A 竞技,0.002,0.084,0.043000000000000003,0.082,0.0,189.608731,0.0,20,4.5,sports_fees_v3,True,20887609567771774766681039110262096384489664141220915014269122737102274537921
Will Gunner Stockton win the 2026 Heisman Trophy?,A 竞技,0.003,0.068,0.035500000000000004,0.065,0.0,324.52605,0.0,20,4.5,sports_fees_v3,True,6273543380079715402950505777203021376615354838014438565726697284305359229458
Will Jayden Maiava win the 2026 Heisman Trophy?,A 竞技,0.002,0.068,0.035,0.066,0.0,722.719555,0.0,50,4.5,sports_fees_v3,True,37520672496031447586180745016339610507701294437755813928706161411173593892811
Will Sam Leavitt win the 2026 Heisman Trophy?,A 竞技,0.013,0.056,0.0345,0.043000000000000003,0.0,2339.552291,0.0,20,4.5,sports_fees_v3,True,62462620658856174587198898815184060845041073432351817316553700090500505964957
Will Keelon Russell win the 2026 Heisman Trophy?,A 竞技,0.071,0.132,0.1015,0.06100000000000001,0.0,1271.005239,1.0,20,4.5,sports_fees_v3,True,97933550120525776267576155488130964987533597515187589117993725398240327971936
Will Malachi Toney win the 2026 Heisman Trophy?,A 竞技,0.028,0.062,0.045,0.034,0.0,1325.1655580000001,0.0,20,4.5,sports_fees_v3,True,34931734057835157615832036788410472015186623979770696031424971411085888646895
Will Byrum Brown win the 2026 Heisman Trophy?,A 竞技,0.001,0.002,0.0015,0.001,0.0,622.0,0.0,20,4.5,sports_fees_v3,True,91259509926883015827957375854776687471247011606199579484725127779262220913145
Will Bryce Underwood win the 2026 Heisman Trophy?,A 竞技,,0.03,,,0.0,2107.0,0.0,20,4.5,sports_fees_v3,True,88334679227612603868457376677150478661555056369601138420990739364412955541706
Will Drew Mestemaker win the 2026 Heisman Trophy?,A 竞技,0.003,0.098,0.0505,0.095,0.0,102.0,0.0,20,4.5,sports_fees_v3,True,20238161828080881227989855299648116867811272958949535633368622588383688413504
Will Demond Williams Jr. win the 2026 Heisman Trophy?,A 竞技,0.001,0.002,0.0015,0.001,0.0,282.0,0.0,20,4.5,sports_fees_v3,True,57659884930870504123580986203303057658896335950655814431071305061978699565000
Will Jaron-Keawe Sagapolutele win the 2026 Heisman Trophy?,A 竞技,,0.001,,,0.0,847.338354,0.0,20,4.5,sports_fees_v3,True,76816772837960349395631293101851057772807820906271827460380480096467062984886
Will Kevin Jennings win the 2026 Heisman Trophy?,A 竞技,0.003,0.139,0.07100000000000001,0.136,0.0,926.19,0.0,20,4.5,sports_fees_v3,True,3255609118411951442295106160936917844702512443140117942821587047519475950497
Will LaNorris Sellers win the 2026 Heisman Trophy?,A 竞技,0.005,0.073,0.039,0.06799999999999999,0.0,180.28805599999998,0.0,50,4.5,sports_fees_v3,True,65432835505725571808090443006715971369488400451119076294072681597207294242163
Will Rocco Becht win the 2026 Heisman Trophy?,A 竞技,0.003,0.129,0.066,0.126,0.0,198.078195,0.0,50,4.5,sports_fees_v3,True,41783545775921833709509748530555362011916278980353696256504961089920053647349
Will Will Hammond win the 2026 Heisman Trophy?,A 竞技,0.003,0.108,0.0555,0.105,0.0,185.044974,0.0,50,4.5,sports_fees_v3,True,31491812908039241899873809376917017535532379842648279565785206118447365859138
Will Ahmad Hardy win the 2026 Heisman Trophy?,A 竞技,0.003,0.137,0.07,0.134,0.0,62.0,0.0,20,4.5,sports_fees_v3,True,16354500617103457760949229204199352959029912662828672826684001609440338643009
Will Austin Mack win the 2026 Heisman Trophy?,A 竞技,0.003,0.085,0.044000000000000004,0.082,0.0,315.589222,0.0,20,4.5,sports_fees_v3,True,48791972668915129845495315309830770126693231366360339244625071854244164396610
Will Bo Jackson win the 2026 Heisman Trophy?,A 竞技,0.003,0.081,0.042,0.078,0.0,124.06049999999999,0.0,50,4.5,sports_fees_v3,True,14632967446563897457584513736573958007332447413965685273669950521665958326979
Will Brendan Sorsby win the 2026 Heisman Trophy?,A 竞技,0.003,0.193,0.098,0.19,0.0,283.0,1.0,20,4.5,sports_fees_v3,True,108406453587677075268340606596261408203400052076211631191068385049002474077254
Will Kewan Lacy win the 2026 Heisman Trophy?,A 竞技,0.002,0.138,0.07,0.136,0.0,399.516457,0.0,20,4.5,sports_fees_v3,True,81709495876635686194157577682592989743986530138340258585559620580249476295750
Will the American conference win the 2026-27 College Football Playoff ,A 竞技,,0.1,,,0.0,9.58,0.0,20,4.5,sports_fees_v3,True,94787339022710703136456167468522892249319423365580018655775803617728998107198
Will the ACC conference win the 2026-27 College Football Playoff Natio,A 竞技,0.08,0.13,0.10500000000000001,0.05,0.0,75.3579,0.0,20,4.5,sports_fees_v3,True,103165552919164184584887269253285117690442060621955468853855212829890192179762
Will the Big 12 conference win the 2026-27 College Football Playoff Na,A 竞技,0.02,0.041,0.0305,0.021,0.0,390.194883,0.0,20,4.5,sports_fees_v3,True,44977789331625734511766458527511119297271755757483927887987444025908073328753
Will the Big Ten conference win the 2026-27 College Football Playoff N,A 竞技,0.27,0.33,0.30000000000000004,0.06,0.0,946.53857,1.0,20,4.5,sports_fees_v3,True,88020203115804371355192827969332268148404231219242560362835003372904539046975
Will the Conference USA conference win the 2026-27 College Football Pl,A 竞技,0.004,0.064,0.034,0.06,0.0,44.58,0.0,20,4.5,sports_fees_v3,True,89917344300299040016756028072535895048630380748636625817988773264081275092999
Will the FBS Independents conference win the 2026-27 College Football ,A 竞技,0.06,0.12,0.09,0.06,0.0,65.394883,0.0,20,4.5,sports_fees_v3,True,66781471566218949197545093293235534862365884551097625451648464634043478304684
Will the Mid-American conference win the 2026-27 College Football Play,A 竞技,0.005,0.079,0.042,0.074,0.0,59.98,1.0,20,4.5,sports_fees_v3,True,40515692820557624820476378868328417472444750279916237309171457024643126782343
Will the Mountain West conference win the 2026-27 College Football Pla,A 竞技,0.001,0.1,0.0505,0.099,0.0,24.58,0.0,20,4.5,sports_fees_v3,True,42297995777333779759303021556380888061634189042225521784722957331110447131702
Will the Pac-12 conference win the 2026-27 College Football Playoff Na,A 竞技,,0.1,,,0.0,9.58,0.0,20,4.5,sports_fees_v3,True,53942474184643587005461127351077849731924365283534743907868984151283981182933
Will the SEC conference win the 2026-27 College Football Playoff Natio,A 竞技,0.42,0.43,0.425,0.010000000000000009,0.0,70.566919,1.0,20,4.5,sports_fees_v3,True,47074027064274680697153045072712902099044596658371369123874896473270557944458
Will the Sun Belt conference win the 2026-27 College Football Playoff ,A 竞技,0.002,0.062,0.032,0.06,0.0,44.58,0.0,20,4.5,sports_fees_v3,True,74993650070198330932154457708817459943012333579210514048960561278093350123822
Will App State Mountaineers Win the 2026 Sun Belt Championship?,A 竞技,0.002,0.71,0.356,0.708,0.0,0.0,0.0,50,4.5,sports_fees_v3,True,111511589102542733106815605575349761809447674420374482170361786697634101669508
Will Coastal Carolina Chanticleers Win the 2026 Sun Belt Championship?,A 竞技,0.002,0.097,0.0495,0.095,0.0,0.0,0.0,50,4.5,sports_fees_v3,True,105581706442456552075600123383371257168596356909261538701755699578363242338934
Will Georgia Southern Eagles Win the 2026 Sun Belt Championship?,A 竞技,0.002,0.578,0.29,0.576,0.0,0.0,0.0,50,4.5,sports_fees_v3,True,64187273399412896414227724784729595234129769356998835229409046980879436656593
Will Georgia State Panthers Win the 2026 Sun Belt Championship?,A 竞技,0.002,0.907,0.4545,0.905,0.0,34.37,0.0,50,4.5,sports_fees_v3,True,113261517953150968227135887760752491053157071861161094812300965915339887577512
Will James Madison Dukes Win the 2026 Sun Belt Championship?,A 竞技,0.16,0.81,0.48500000000000004,0.65,0.0,27.0,0.0,50,4.5,sports_fees_v3,True,114956905844069056439696129926160794930067079330394521947350429034428282290909
Will Marshall Thundering Herd Win the 2026 Sun Belt Championship?,A 竞技,0.008,0.19,0.099,0.182,0.0,1814.279887,0.0,50,4.5,sports_fees_v3,True,87291264802878095175735995212153327592383932760697338453412359956096641727332
Will Old Dominion Monarchs Win the 2026 Sun Belt Championship?,A 竞技,0.01,0.82,0.415,0.8099999999999999,0.0,10.0,0.0,50,4.5,sports_fees_v3,True,112663453258614164083364655320152700079243945878975206038917640472775783011581
Will Arkansas State Red Wolves Win the 2026 Sun Belt Championship?,A 竞技,0.01,0.79,0.4,0.78,0.0,0.0,0.0,50,4.5,sports_fees_v3,True,46622572467200397853229296405920137978160240537494308500364499524196572910940
Will Louisiana Ragin' Cajuns Win the 2026 Sun Belt Championship?,A 竞技,0.02,0.76,0.39,0.74,0.0,0.0,0.0,50,4.5,sports_fees_v3,True,70036817549458177724624760550279182014945235742789232061480566493350804094118
Will Louisiana Tech Bulldogs Win the 2026 Sun Belt Championship?,A 竞技,0.02,0.19,0.105,0.17,0.0,4539.0,0.0,50,4.5,sports_fees_v3,True,89386187306932454225481813970387133113387060311484511161335635650155027995244
Will South Alabama Jaguars Win the 2026 Sun Belt Championship?,A 竞技,0.002,0.419,0.2105,0.417,0.0,0.0,0.0,50,4.5,sports_fees_v3,True,32362836199138075302483477991752350598196085261462239850616360554706264117652
Will Southern Miss Golden Eagles Win the 2026 Sun Belt Championship?,A 竞技,0.009,0.239,0.124,0.22999999999999998,0.0,20.0,0.0,50,4.5,sports_fees_v3,True,15157711166053944306204805800328542425169477182117055865353210241255595428658
Will Troy Trojans Win the 2026 Sun Belt Championship?,A 竞技,0.01,0.83,0.42,0.82,0.0,0.0,0.0,50,4.5,sports_fees_v3,True,99804827644285244764894645934467937940347274448549984168325120149702693692556
Will UL Monroe Warhawks Win the 2026 Sun Belt Championship?,A 竞技,0.005,0.738,0.3715,0.733,0.0,47.0,0.0,50,4.5,sports_fees_v3,True,82383697406681013581645669475332882023966624894381259130714909773143031791283
Will Alabama Crimson Tide Win the 2026 SEC Championship?,A 竞技,0.18,0.25,0.215,0.07,0.0,384.8185,9.0,20,4.5,sports_fees_v3,True,93677948450642698487744866198214191059403057669270191310867534663587413800518
Will Arkansas Razorbacks Win the 2026 SEC Championship?,A 竞技,0.009,0.088,0.048499999999999995,0.079,0.0,183.27751899999998,0.0,20,4.5,sports_fees_v3,True,45795987773180515348565274116705932203903989550937042805367046015235758236890
Will Auburn Tigers Win the 2026 SEC Championship?,A 竞技,0.002,0.075,0.0385,0.073,0.0,40.0,0.0,20,4.5,sports_fees_v3,True,98128900234803665815368838534510007610360798777014134566810833618010080117061
Will Florida Gators Win the 2026 SEC Championship?,A 竞技,0.006,0.16,0.083,0.154,20.0,348.87,2.0,20,4.5,sports_fees_v3,True,64649099282169900907135475960651306147225459654324596007934803039601640085704
Will Georgia Bulldogs Win the 2026 SEC Championship?,A 竞技,0.34,0.37,0.355,0.02999999999999997,0.0,1301.6126610000001,16.0,20,4.5,sports_fees_v3,True,50289210007147332231819939081566000015573539095365994526808024305899446949649
Will Kentucky Wildcats Win the 2026 SEC Championship?,A 竞技,0.001,0.002,0.0015,0.001,0.0,6200.15,0.0,50,4.5,sports_fees_v3,True,61726311424297738092565334416041641316547027518736343445895451148481999428865
Will LSU Tigers Win the 2026 SEC Championship?,A 竞技,0.07,0.11,0.09,0.039999999999999994,0.0,1910.108072,2.0,20,4.5,sports_fees_v3,True,24423561097799522689833484149822597749275570635734772385240773794997393299690
Will Mississippi State Bulldogs Win the 2026 SEC Championship?,A 竞技,0.008,0.1,0.054000000000000006,0.092,0.0,96.0835,0.0,20,4.5,sports_fees_v3,True,56313145369766479218268704468840082469100613353306380320879865696901222673321
Will Missouri Tigers Win the 2026 SEC Championship?,A 竞技,0.002,0.085,0.043500000000000004,0.083,0.0,40.0,0.0,20,4.5,sports_fees_v3,True,92742575161483949160662111397339633907047239558018089147629042307051750289961
Will Oklahoma Sooners Win the 2026 SEC Championship?,A 竞技,0.005,0.043,0.023999999999999997,0.038,0.0,2562.0642909999997,0.0,20,4.5,sports_fees_v3,True,91674661439576604939341490509002259623181257405885565734926193053445371221837
Will Ole Miss Rebels Win the 2026 SEC Championship?,A 竞技,,0.13,,,0.0,20.0,1.0,20,4.5,sports_fees_v3,True,2259072658148673537672185615897925316967321450137064283472526200147802486393
Will South Carolina Gamecocks Win the 2026 SEC Championship?,A 竞技,0.002,0.026,0.013999999999999999,0.024,0.0,80.064031,0.0,20,4.5,sports_fees_v3,True,36531669558577314901987192576493297859539834220134590074681789753865001651449
Will Tennessee Volunteers Win the 2026 SEC Championship?,A 竞技,0.002,0.088,0.045,0.086,0.0,220.020822,0.0,20,4.5,sports_fees_v3,True,9398011953850983704923973687888963067990984558743809934419288216187846181787
Will Texas A&M Aggies Win the 2026 SEC Championship?,A 竞技,0.002,0.093,0.0475,0.091,0.0,91.2,0.0,20,4.5,sports_fees_v3,True,9672222284463591873635397698662604962680751240983537648612609943190343586106
Will Texas Longhorns Win the 2026 SEC Championship?,A 竞技,0.24,0.25,0.245,0.010000000000000009,0.0,1884.551443,10.0,20,4.5,sports_fees_v3,True,13980238020929676708332176694106096917457306910516617827309096072962317833748
TSV 1860 München vs. Holstein Kiel: O/U 11.5 Total Corners,A 竞技,,1.0,,,0.0,0.0,0.0,50,4.5,sports_fees_v3,True,65603453691821752371007004269631053313721682582577758879166865072552184675629
TSV 1860 München vs. Holstein Kiel: Holstein Kiel O/U 5.5 Corners,A 竞技,,1.0,,,0.0,0.0,0.0,50,4.5,sports_fees_v3,True,37414143096794585596288486907820088423686455751699808075617909368151296048487
TSV 1860 München vs. Holstein Kiel: Total Corners Odd or Even?,A 竞技,,1.0,,,0.0,0.0,0.0,50,4.5,sports_fees_v3,True,39132096101214273072425295204421955056990037368343194294744435859189773456712
TSV 1860 München vs. Holstein Kiel: Team to Take First Corner,A 竞技,,1.0,,,0.0,0.0,0.0,50,4.5,sports_fees_v3,True,22051057310014268720600926350972910402475258121168550680458126122491478180427
Will Bayern Munich win the 2026-27 DFB-Pokal?,A 竞技,0.42,0.421,0.4205,0.0010000000000000009,0.0,34.0,2.0,20,4.5,sports_fees_v3,True,21324968189342004882802501538270535847025284251909183756423963150402207819365
Will Borussia Dortmund win the 2026-27 DFB-Pokal?,A 竞技,0.14,0.152,0.14600000000000002,0.011999999999999983,0.0,35.0,1.0,20,4.5,sports_fees_v3,True,28465336369967717611562534681957029011331568814610802542078481780095313467467
Will Bayer Leverkusen win the 2026-27 DFB-Pokal?,A 竞技,0.089,0.117,0.10300000000000001,0.02800000000000001,0.0,35.0,0.0,20,4.5,sports_fees_v3,True,21390279028594846308499388817754443508802584742227388413357984968686487152630
Will RB Leipzig win the 2026-27 DFB-Pokal?,A 竞技,0.089,0.093,0.091,0.0040000000000000036,0.0,19.0,0.0,20,4.5,sports_fees_v3,True,104673647484873081751686636810641069093771724390067749304368584753152933971616
Will Eintracht Frankfurt win the 2026-27 DFB-Pokal?,A 竞技,0.045,0.052,0.0485,0.006999999999999999,0.0,14.0,0.0,20,4.5,sports_fees_v3,True,28226265996866676687215457475666483783415138872939524727484450912961249421866
Will VfB Stuttgart win the 2026-27 DFB-Pokal?,A 竞技,0.05,0.06,0.055,0.009999999999999995,0.0,14.0,0.0,20,4.5,sports_fees_v3,True,3951840230699100895366896977104582714558207922028739409648928852605195562869
Will TSG Hoffenheim win the 2026-27 DFB-Pokal?,A 竞技,0.012,0.048,0.03,0.036000000000000004,0.0,14.0,0.0,20,4.5,sports_fees_v3,True,61155646031857503932392798256668155759247774975674264452270108717424295231722
Will SC Freiburg win the 2026-27 DFB-Pokal?,A 竞技,0.015,0.036,0.0255,0.020999999999999998,0.0,14.0,0.0,20,4.5,sports_fees_v3,True,44098064019329859080967169953384077352712496389913703194314210456926694699258
Will Mainz 05 win the 2026-27 DFB-Pokal?,A 竞技,0.008,0.03,0.019,0.022,0.0,10.0,0.0,20,4.5,sports_fees_v3,True,108810435310831767599884874250106796821555541370427078601624424899225454756305
Will Borussia Mönchengladbach win the 2026-27 DFB-Pokal?,A 竞技,0.01,0.03,0.02,0.019999999999999997,0.0,10.0,0.0,20,4.5,sports_fees_v3,True,7639717487102329667430346499439729750742357745027597047552665846452198317454
Will 1. FC Köln win the 2026-27 DFB-Pokal?,A 竞技,0.01,0.027,0.0185,0.017,0.0,10.0,0.0,20,4.5,sports_fees_v3,True,15389280585080032707266505147043672989557077110273471748814729185526123465962
Will FC Augsburg win the 2026-27 DFB-Pokal?,A 竞技,0.008,0.021,0.0145,0.013000000000000001,0.0,10.0,0.0,20,4.5,sports_fees_v3,True,103927914183690890460876889076412394522582799199724568667683933335294138081985
Will Union Berlin win the 2026-27 DFB-Pokal?,A 竞技,0.007,0.015,0.011,0.008,0.0,10.0,0.0,20,4.5,sports_fees_v3,True,67755587720857814027229411560608895492657907861346426672304447777940214021366
Will Werder Bremen win the 2026-27 DFB-Pokal?,A 竞技,0.01,0.032,0.021,0.022,0.0,10.0,0.0,20,4.5,sports_fees_v3,True,84267386513380923902059288722280541926907501301834642514925656947262342025333
Will Hamburger SV win the 2026-27 DFB-Pokal?,A 竞技,0.009,0.033,0.021,0.024,0.0,10.0,0.0,20,4.5,sports_fees_v3,True,25193096951121708075034353184609531844166026877527899342977123127703868950102
Will Schalke 04 win the 2026-27 DFB-Pokal?,A 竞技,0.009,0.029,0.019,0.020000000000000004,0.0,10.0,0.0,20,4.5,sports_fees_v3,True,111248780155525998143630653486088037670434379757460963997983339106798442485894
Will SC Paderborn win the 2026-27 DFB-Pokal?,A 竞技,0.007,0.028,0.0175,0.021,0.0,10.0,0.0,20,4.5,sports_fees_v3,True,17675180719175650969220501945390961253184881607478922865004055394876573431173
Will SV Elversberg win the 2026-27 DFB-Pokal?,A 竞技,0.007,0.025,0.016,0.018000000000000002,0.0,10.0,0.0,20,4.5,sports_fees_v3,True,74187551983285408439413280960652303940153768346408713264735868262444599836127
Will Hertha BSC win the 2026-27 DFB-Pokal?,A 竞技,0.005,0.02,0.0125,0.015,0.0,10.0,0.0,20,4.5,sports_fees_v3,True,97362916115484416545556791698257962908212327733735535135590392177709696890691
Will Arminia Bielefeld win the 2026-27 DFB-Pokal?,A 竞技,0.002,0.008,0.005,0.006,0.0,15.0,0.0,20,4.5,sports_fees_v3,True,109145202348891382024246232074744895520607390581137439541723100922025570719795
Will VfL Bochum win the 2026-27 DFB-Pokal?,A 竞技,0.006,0.02,0.013000000000000001,0.014,0.0,10.0,0.0,20,4.5,sports_fees_v3,True,107280300426607498023486092165898776363333573625855927139178420954361078436279
Will Eintracht Braunschweig win the 2026-27 DFB-Pokal?,A 竞技,0.002,0.024,0.013000000000000001,0.022,0.0,10.0,0.0,20,4.5,sports_fees_v3,True,16572817857161726037538856768817364637592806775491733384726760685957231592614
Will Energie Cottbus win the 2026-27 DFB-Pokal?,A 竞技,0.002,0.068,0.035,0.066,0.0,10.0,0.0,20,4.5,sports_fees_v3,True,85322107936061087393116924830344008964583357961374535764488004642288534010493
Will Darmstadt 98 win the 2026-27 DFB-Pokal?,A 竞技,0.004,0.02,0.012,0.016,0.0,10.0,0.0,20,4.5,sports_fees_v3,True,84196156995384417147489009990495479707284395928889272850291993045977037959838
Will Dynamo Dresden win the 2026-27 DFB-Pokal?,A 竞技,0.002,0.011,0.0065,0.009,0.0,10.0,0.0,20,4.5,sports_fees_v3,True,86633258821621773393064259574722004427373209637630962185755834247433486870659
Will Greuther Fürth win the 2026-27 DFB-Pokal?,A 竞技,0.002,0.013,0.0075,0.011,0.0,10.0,0.0,20,4.5,sports_fees_v3,True,98257431536619915735078831564678491135552516272514954240665235891165977228895
Will Hannover 96 win the 2026-27 DFB-Pokal?,A 竞技,0.006,0.02,0.013000000000000001,0.014,0.0,10.0,0.0,20,4.5,sports_fees_v3,True,34821938827388829524161110512027955140093950605308492052970109653512417804052
Will 1. FC Heidenheim win the 2026-27 DFB-Pokal?,A 竞技,0.002,0.014,0.008,0.012,0.0,10.0,0.0,20,4.5,sports_fees_v3,True,95846085509788393212803631102254652776708721408679230842159067838050730573146
Will 1. FC Kaiserslautern win the 2026-27 DFB-Pokal?,A 竞技,0.004,0.01,0.007,0.006,0.0,15.0,0.0,20,4.5,sports_fees_v3,True,63465639315398086367938553005993383652320298892789453038350292735769193917628
Will Karlsruher SC win the 2026-27 DFB-Pokal?,A 竞技,0.004,0.011,0.0075,0.006999999999999999,0.0,10.0,0.0,20,4.5,sports_fees_v3,True,89973814406499026697516166549489432520354502212523900562340328941824722529956
Will Holstein Kiel win the 2026-27 DFB-Pokal?,A 竞技,0.003,0.011,0.006999999999999999,0.008,0.0,10.0,0.0,20,4.5,sports_fees_v3,True,91633219061107534981839392957988682681764051150960688942912224640061942578048
Will 1. FC Magdeburg win the 2026-27 DFB-Pokal?,A 竞技,0.004,0.011,0.0075,0.006999999999999999,0.0,10.0,0.0,20,4.5,sports_fees_v3,True,51108085572329349114399540631020894789237775825027620718588063783100491196312
Will 1. FC Nürnberg win the 2026-27 DFB-Pokal?,A 竞技,0.005,0.011,0.008,0.005999999999999999,0.0,10.0,0.0,20,4.5,sports_fees_v3,True,62732146050829337062028749554986638836070087834909072385928919845192094804356
Will VfL Osnabrück win the 2026-27 DFB-Pokal?,A 竞技,0.011,0.058,0.0345,0.047,0.0,14.0,0.0,20,4.5,sports_fees_v3,True,81914425512366168019196815094569510759065094849065436016728865707778097233298
Will FC St. Pauli win the 2026-27 DFB-Pokal?,A 竞技,0.002,0.068,0.035,0.066,0.0,10.0,0.0,20,4.5,sports_fees_v3,True,112569967702997453409548230030502222644646090309384991839724497431865575231385
Will VfL Wolfsburg win the 2026-27 DFB-Pokal?,A 竞技,0.006,0.015,0.010499999999999999,0.009,0.0,83.33,0.0,20,4.5,sports_fees_v3,True,84897136862932413511693561368464581743817038113983727220576479727200048604801
Game 1: Ends in Daytime?,A 竞技,,1.0,,,0.0,0.0,0.0,50,4.5,sports_fees_v2,True,63188841854547725716843780125785111168745719256803413116990825433651572462705
Game 1: Both Teams Beat Roshan?,A 竞技,,1.0,,,0.0,0.0,0.0,50,4.5,sports_fees_v2,True,27657134390399008482940798327646511448326758617682847712026359891512054292799
Game 1: Both Teams Destroy Barracks?,A 竞技,,1.0,,,0.0,0.0,0.0,50,4.5,sports_fees_v2,True,77743365303352420155677561572222931933608952310333321627201762127096789661702
Game 1: Any Player Ultra Kill?,A 竞技,,1.0,,,0.0,0.0,0.0,50,4.5,sports_fees_v2,True,108592248229628206549996170214010839148645195996574421235548282063649125458472
Game 2: Ends in Daytime?,A 竞技,,1.0,,,0.0,0.0,0.0,50,4.5,sports_fees_v2,True,79114398014157296493342976199568477030994450766242452425460705188535248171928
Game 2: Both Teams Beat Roshan?,A 竞技,,1.0,,,0.0,0.0,0.0,50,4.5,sports_fees_v2,True,37317090304058842057304648281975363580871390109654164717230032110189353992011
Game 2: Both Teams Destroy Barracks?,A 竞技,,1.0,,,0.0,0.0,0.0,50,4.5,sports_fees_v2,True,91142804418821831768540241575767223356496957068436215573850050671693591758855
Game 2: Any Player Ultra Kill?,A 竞技,,1.0,,,0.0,0.0,0.0,50,4.5,sports_fees_v2,True,35001673936568433086355006870829927636445701423209638453992241537400191033022
Game 2: Any Player Rampage?,A 竞技,,1.0,,,0.0,0.0,0.0,50,4.5,sports_fees_v2,True,5808832156362191873577250326650987566522712183330516984862814121631333192438
Game 3: Ends in Daytime?,A 竞技,,1.0,,,0.0,0.0,0.0,50,4.5,sports_fees_v2,True,64364411112729599363786055087176264476033681147615448157489227289789743350803
Game 3: Both Teams Beat Roshan?,A 竞技,,1.0,,,0.0,0.0,0.0,50,4.5,sports_fees_v2,True,32232215172561455337806108590709589970416034885637946095211413885254448904715
Game 3: Both Teams Destroy Barracks?,A 竞技,,1.0,,,0.0,0.0,0.0,50,4.5,sports_fees_v2,True,6183461090443716488563862430957166194917962267770593955673204980582572263365
Game 3: Any Player Ultra Kill?,A 竞技,,1.0,,,0.0,0.0,0.0,50,4.5,sports_fees_v2,True,40041530095349930927953869841047950277927032276584491066556147610906700324062
Game 3: Any Player Rampage?,A 竞技,,1.0,,,0.0,0.0,0.0,50,4.5,sports_fees_v2,True,39029725206586330575181745616895268941989860246243046986895398325851768537501
Game 2: Any Player Ultra Kill?,A 竞技,,1.0,,,0.0,0.0,0.0,50,4.5,sports_fees_v3,True,49917061472268437522823803743217596563265531900066016384652020261053119802517
First Blood in Game 2?,A 竞技,,1.0,,,0.0,0.0,0.0,50,4.5,sports_fees_v3,True,46633214208508680554331112184721295190379651482314863982618127228099680040237
Game 3: Both Teams Beat Roshan?,A 竞技,,1.0,,,0.0,0.0,0.0,50,4.5,sports_fees_v3,True,11535814539977833603396921120736248436264603028560066116147252377196573682374
Game 3: Any Player Ultra Kill?,A 竞技,,1.0,,,0.0,0.0,0.0,50,4.5,sports_fees_v3,True,83238117056485526179077758483596551896801070153030318718701656883564561214045
Game 3: Any Player Rampage?,A 竞技,,1.0,,,0.0,0.0,0.0,50,4.5,sports_fees_v3,True,70272338711994141478181785349215184118977106852345904129662288633888991313933
Game 1: Both Teams Beat Roshan?,A 竞技,,1.0,,,0.0,0.0,0.0,50,4.5,sports_fees_v3,True,72615191679659708752407685576374281264816244824647888244165525763991433963978
Game 1: Any Player Ultra Kill?,A 竞技,,1.0,,,0.0,0.0,0.0,50,4.5,sports_fees_v3,True,33803721719552344240118737424023644204381959223421177650946960259246415329105
Game 1: Any Player Rampage?,A 竞技,,1.0,,,0.0,49.87388,0.0,50,4.5,sports_fees_v3,True,93756141527023394913924024125317002349464946428506689492764228979373132027913
Game 2: Both Teams Beat Roshan?,A 竞技,,1.0,,,0.0,0.0,0.0,50,4.5,sports_fees_v3,True,29752015223742333712632821801041463933451374125973492975678156583359437193424
Game 2: Any Player Ultra Kill?,A 竞技,,1.0,,,0.0,0.0,0.0,50,4.5,sports_fees_v3,True,3414677304150233864481737746683495905056873555680544796607306949242915593250
Game 2: Any Player Rampage?,A 竞技,,1.0,,,0.0,249.87387999999999,0.0,50,4.5,sports_fees_v3,True,59246166982629024674331209664392438841364912691206763012101619756806245893925
Game 3: Both Teams Beat Roshan?,A 竞技,,1.0,,,0.0,0.0,0.0,50,4.5,sports_fees_v3,True,58610668762974730957881387062116449943326900548945897307766483352820774961296
Game 3: Any Player Ultra Kill?,A 竞技,,1.0,,,0.0,0.0,0.0,50,4.5,sports_fees_v3,True,48287721110351206531465424425544273318391834908249143620451591569118032362927
Game 3: Any Player Rampage?,A 竞技,,1.0,,,0.0,0.0,0.0,50,4.5,sports_fees_v3,True,5974264585770107153613864621939586997101670398710880426016455150607113014643
Game 1: Both Teams Beat Roshan?,A 竞技,,1.0,,,0.0,0.0,0.0,50,4.5,sports_fees_v3,True,10701941394810181518981788945007413185954430042869272942941528254299246137350
Game 1: Both Teams Destroy Barracks?,A 竞技,,1.0,,,0.0,0.0,0.0,50,4.5,sports_fees_v3,True,18853525468423351907845707890654699303747639657281154239141976455699175228488
Game 1: Any Player Ultra Kill?,A 竞技,,1.0,,,0.0,0.0,0.0,50,4.5,sports_fees_v3,True,41737568493977351354902040384685112576722777184200667352842270878701361244406
Game 1: Any Player Rampage?,A 竞技,,1.0,,,0.0,0.0,0.0,50,4.5,sports_fees_v3,True,88459808357697748250505880134432093399728364974309889770895953330849360539107
Game 2: Both Teams Beat Roshan?,A 竞技,,1.0,,,0.0,0.0,0.0,50,4.5,sports_fees_v3,True,19955079001645193989461238053322743251302061000460017543843952945187540118305
Game 2: Any Player Ultra Kill?,A 竞技,,1.0,,,0.0,0.0,0.0,50,4.5,sports_fees_v3,True,105056638845299540650198267172645927514986740271868700738325461446979718449621
Game 2: Any Player Rampage?,A 竞技,,1.0,,,0.0,0.0,0.0,50,4.5,sports_fees_v3,True,3323116344458789862735305544224574110968828520515056491288725194255701988677
Game 3: Both Teams Beat Roshan?,A 竞技,,1.0,,,0.0,0.0,0.0,50,4.5,sports_fees_v3,True,69458399271779957000385577198876224439985976447292857359988962887275115868800
Game 3: Any Player Ultra Kill?,A 竞技,,1.0,,,0.0,0.0,0.0,50,4.5,sports_fees_v3,True,86375969760091093422996801243390600521178815542426057330406485594247055481163
Game 3: Any Player Rampage?,A 竞技,,1.0,,,0.0,0.0,0.0,50,4.5,sports_fees_v3,True,63709078709557748171009508491840491606103504694073101134193615803499636306446
Game 1: Both Teams Beat Roshan?,A 竞技,,1.0,,,0.0,0.0,0.0,50,4.5,sports_fees_v3,True,72929432349603387257890393835486334980170086589048472088357951619841632968631
Game 1: Any Player Ultra Kill?,A 竞技,,1.0,,,0.0,0.0,0.0,50,4.5,sports_fees_v3,True,102458819101091135305541565373828424206488387227704715513602000060625273862889
Game 1: Any Player Rampage?,A 竞技,,1.0,,,0.0,0.0,0.0,50,4.5,sports_fees_v3,True,18082708834228869408621054689536569334249429656112629018184980192835668315046
Game 2: Both Teams Beat Roshan?,A 竞技,,1.0,,,0.0,0.0,0.0,50,4.5,sports_fees_v3,True,72672929370954434269971024517663072628427667004392509690595168244949356271363
Game 2: Any Player Ultra Kill?,A 竞技,,1.0,,,0.0,0.0,0.0,50,4.5,sports_fees_v3,True,34486650683547987153005083688388327362067464603254753265350874862539468950409
Game 2: Any Player Rampage?,A 竞技,,1.0,,,0.0,0.0,0.0,50,4.5,sports_fees_v3,True,78801602563730676167133154747929189424161019010353280795596906578932995709785
Game 2: Both Teams Beat Roshan?,A 竞技,,1.0,,,0.0,0.0,0.0,50,4.5,sports_fees_v3,True,83247316073339050368972123617395344543626405104400452436475653123426561570700
Game 2: Any Player Ultra Kill?,A 竞技,,1.0,,,0.0,0.0,0.0,50,4.5,sports_fees_v3,True,54616143428380571250462878178918708128282300649643100915029231374247507375847
Game 2: Any Player Rampage?,A 竞技,0.001,0.999,0.5,0.998,0.0,1633.6,0.0,50,4.5,sports_fees_v3,True,72658019327038172346920338655872609576226931053639660510025031825772587023623
Game 3: Both Teams Beat Roshan?,A 竞技,,1.0,,,0.0,0.0,0.0,50,4.5,sports_fees_v3,True,9598470176466015297772956437911590675130955692392282831044513818141171841518
Game 1: Both Teams Beat Roshan?,A 竞技,,1.0,,,0.0,0.0,0.0,50,4.5,sports_fees_v3,True,109927275521718180316328042150518596442537697141928583090153564378396431870289
Game 1: Both Teams Destroy Barracks?,A 竞技,,1.0,,,0.0,0.0,0.0,50,4.5,sports_fees_v3,True,64218422047297131653723626835602362391409940741393676449984078795632913643588
Game 1: Any Player Ultra Kill?,A 竞技,,1.0,,,0.0,0.0,0.0,50,4.5,sports_fees_v3,True,92240942985363173091444431477824411230899444471038122328355431909706788707118
Game 1: Any Player Rampage?,A 竞技,,1.0,,,0.0,20.0,0.0,50,4.5,sports_fees_v3,True,13730270571261836564354429602190116174124314298497592987484761189332482982886
Game 2: Both Teams Beat Roshan?,A 竞技,,1.0,,,0.0,0.0,0.0,50,4.5,sports_fees_v3,True,38867794367934969003074457111030757982602407973371470039955609971106725247795
Game 2: Any Player Ultra Kill?,A 竞技,,1.0,,,0.0,0.0,0.0,50,4.5,sports_fees_v3,True,18581053777491377948693670177127583515142335538463521326678453947661467321955
Game 2: Any Player Rampage?,A 竞技,,1.0,,,0.0,20.0,0.0,50,4.5,sports_fees_v3,True,85323263356286293256137230290793501557114675387540084311091189253989594430943
Game 3: Both Teams Beat Roshan?,A 竞技,,1.0,,,0.0,0.0,0.0,50,4.5,sports_fees_v3,True,92041778939010505209954174123532619812137850368729956766668966962034986154026
Game 3: Both Teams Destroy Barracks?,A 竞技,,1.0,,,0.0,0.0,0.0,50,4.5,sports_fees_v3,True,57837208188766594712409154301796306093133827095200564235811425555655497023857
Game 3: Any Player Ultra Kill?,A 竞技,,1.0,,,0.0,0.0,0.0,50,4.5,sports_fees_v3,True,102010390579685724384782816797268148033603877567140416935917531523614612400297
Game 3: Any Player Rampage?,A 竞技,,1.0,,,0.0,0.0,0.0,50,4.5,sports_fees_v3,True,17728613337525809734735581387978780820352409030840082303169069036929270680090
Game 2: Both Teams Beat Roshan?,A 竞技,,1.0,,,0.0,0.0,0.0,50,4.5,sports_fees_v3,True,33721914152149298515184574322529704244960905524393103871168776133638520457516
Game 2: Any Player Ultra Kill?,A 竞技,,1.0,,,0.0,0.0,0.0,50,4.5,sports_fees_v3,True,79646019613684869112434336129761313815403843780410356313161822750656364317343
Game 2: Any Player Rampage?,A 竞技,,1.0,,,0.0,0.0,0.0,50,4.5,sports_fees_v3,True,25660214186116798369065278130520072667930322972324823925885765963034806796307
Game 3: Both Teams Beat Roshan?,A 竞技,,1.0,,,0.0,0.0,0.0,50,4.5,sports_fees_v3,True,52536831262585631133714689381187085945284038865909445437553125486972260745737
Game 3: Any Player Ultra Kill?,A 竞技,,1.0,,,0.0,0.0,0.0,50,4.5,sports_fees_v3,True,66099724729835094162699348549976900269269982259951192416097947107053098823168
Game 3: Any Player Rampage?,A 竞技,,1.0,,,0.0,0.0,0.0,50,4.5,sports_fees_v3,True,47888925161448876642983108881610351264773761093212290876945475921575065432282
Game 1: Ends in Daytime?,A 竞技,,1.0,,,0.0,0.0,0.0,50,4.5,sports_fees_v3,True,50121687345920521542834502986926098151099299811491657596298372126567632983962
Game 1: Both Teams Beat Roshan?,A 竞技,,1.0,,,0.0,0.0,0.0,50,4.5,sports_fees_v3,True,37292030482751088316378312863462855931299693926938762229328346008270005720111
Game 1: Both Teams Destroy Barracks?,A 竞技,,1.0,,,0.0,0.0,0.0,50,4.5,sports_fees_v3,True,112713259394999031902786448610836606843663314245111876044670242080197256888949
Game 1: Any Player Ultra Kill?,A 竞技,,1.0,,,0.0,0.0,0.0,50,4.5,sports_fees_v3,True,15530627215408093929375422798505626864490337640221011053910779489737445211798
Game 1: Any Player Rampage?,A 竞技,,1.0,,,0.0,0.0,0.0,50,4.5,sports_fees_v3,True,84457395909286093713885783376735427165359517922336159063616613378997714214817
Game 2: Both Teams Beat Roshan?,A 竞技,,1.0,,,0.0,0.0,0.0,50,4.5,sports_fees_v3,True,37099540612182367714271620816721534811275898710713835647374728946545543868200
Game 2: Both Teams Destroy Barracks?,A 竞技,,1.0,,,0.0,0.0,0.0,50,4.5,sports_fees_v3,True,32592448134096470270085767702100835467215051310550222452861274375007867691075
Game 2: Any Player Ultra Kill?,A 竞技,,1.0,,,0.0,0.0,0.0,50,4.5,sports_fees_v3,True,70630587411233799540208338303098844137511932815534784660133356836796842308078
Game 2: Any Player Rampage?,A 竞技,,1.0,,,0.0,0.0,0.0,50,4.5,sports_fees_v3,True,95304721179045886019526886537805348092908401927144293212525683708492299549001
Game 3: Both Teams Beat Roshan?,A 竞技,,1.0,,,0.0,0.0,0.0,50,4.5,sports_fees_v3,True,17290315502935107061352930227872299223609493018626903840920758889016159875509
Game 3: Both Teams Destroy Barracks?,A 竞技,,1.0,,,0.0,0.0,0.0,50,4.5,sports_fees_v3,True,101278483619393048539515749446747886605269429097628672964903479527859448007650
Game 3: Any Player Ultra Kill?,A 竞技,,1.0,,,0.0,0.0,0.0,50,4.5,sports_fees_v3,True,6627789822452900330709337800619438517865004656531350065260599039174105195858
Game 3: Any Player Rampage?,A 竞技,,1.0,,,0.0,0.0,0.0,50,4.5,sports_fees_v3,True,110852753308018608380021088844957543546472493026444532159653804581438412507341
Dota 2: Team $even vs Yangon Galacticos (BO1) - BLAST Slam Southeast A,A 竞技,0.16,0.5,0.33,0.33999999999999997,0.0,4216.150345,0.0,50,4.5,sports_fees_v3,True,92424764865073096667028191146386390118968110706523863907756840504523185166421
Game 1: Ends in Daytime?,A 竞技,0.02,0.95,0.485,0.9299999999999999,0.0,0.0,0.0,50,4.5,sports_fees_v3,True,86727057457176933983753697949573613269217258225950230073855941842015738630804
Game 1: Both Teams Beat Roshan?,A 竞技,0.05,0.98,0.515,0.9299999999999999,0.0,0.0,0.0,50,4.5,sports_fees_v3,True,47688343491616392297853658305754604835264333049902847763367621038931685767711
Game 1: Both Teams Destroy Barracks?,A 竞技,0.02,0.95,0.485,0.9299999999999999,0.0,0.0,0.0,50,4.5,sports_fees_v3,True,35467606966409322787402216915529967642749702428727008190798839485475727420409
Game 1: Any Player Ultra Kill?,A 竞技,0.02,0.95,0.485,0.9299999999999999,0.0,0.0,0.0,50,4.5,sports_fees_v3,True,65195269826060289832351927148430128052045869708340275244658957823487370229433
Game 1: Any Player Rampage?,A 竞技,0.05,0.95,0.5,0.8999999999999999,0.0,0.0,0.0,50,4.5,sports_fees_v3,True,92896353497541326412086211715590272180907550355347520826091953084015430279248
Will Valve release a new Dota 2 hero by December 31?,A 竞技,0.014,0.994,0.504,0.98,0.0,21.8322,2.0,20,4.5,culture_fees,True,112421881489017771813199449748130808719972263554128374763430653503165838915072
Dota 2: Team Kinetix vs Team Nemesis - Game 1 Winner,A 竞技,,0.47,,,0.0,262.556123,0.0,50,4.5,sports_fees_v3,True,97249855305421030196318663031925683721943268792810766998518911459216660539750
Dota 2: Team Kinetix vs Team Nemesis - Game 2 Winner,A 竞技,,0.47,,,0.0,10.58,0.0,50,4.5,sports_fees_v3,True,31305810552369104095281527579949950100356406644180972649221632871775254904388
Dota 2: Team Kinetix vs Team Nemesis (BO3) - EPL World Series Southeas,A 竞技,0.02,0.429,0.2245,0.409,0.0,8087.698356,0.0,50,4.5,sports_fees_v3,True,54298251206697634845477960976885938789203724367630143524974419137597040255190
Games Total: O/U 2.5,A 竞技,,0.47,,,0.0,328.106383,0.0,50,4.5,sports_fees_v3,True,35696750667057674765197673874050576863553053537535186167344752831983739600786
Game 1: Ends in Daytime?,A 竞技,,1.0,,,0.0,0.0,0.0,50,4.5,sports_fees_v3,True,49259530039626270792331813286874608472486339411889368861482087615544341931623
Game 1: Both Teams Beat Roshan?,A 竞技,,1.0,,,0.0,0.0,0.0,50,4.5,sports_fees_v3,True,108121403710534229036236368747148864220537531558157145225559040389225861076026
Game 1: Both Teams Destroy Barracks?,A 竞技,,1.0,,,0.0,0.0,0.0,50,4.5,sports_fees_v3,True,37841083100773324216725646725849223394628458857087186340406462149004543488843
Game 1: Any Player Ultra Kill?,A 竞技,,1.0,,,0.0,0.0,0.0,50,4.5,sports_fees_v3,True,853254207221808453705677747553786998731702517843961136196812585063618274284
Game 1: Any Player Rampage?,A 竞技,,1.0,,,0.0,0.0,0.0,50,4.5,sports_fees_v3,True,75451008485916773615405465233395243204418839609383906352337303071106771138859
Game 2: Ends in Daytime?,A 竞技,,1.0,,,0.0,0.0,0.0,50,4.5,sports_fees_v3,True,14949149086573681068601898825088469672005293115967094896992290694391591684189
Game 2: Both Teams Beat Roshan?,A 竞技,,1.0,,,0.0,0.0,0.0,50,4.5,sports_fees_v3,True,109249107158098866759544131865020825216920346997516006008880192933811698713855
Game 2: Both Teams Destroy Barracks?,A 竞技,,1.0,,,0.0,0.0,0.0,50,4.5,sports_fees_v3,True,23563626369963429292813089993460614187473647666395470822843335930419497119756
Game 2: Any Player Ultra Kill?,A 竞技,,1.0,,,0.0,0.0,0.0,50,4.5,sports_fees_v3,True,47193406712963819989140658720904054303042510242588785516386510684233578887411
Game 2: Any Player Rampage?,A 竞技,,1.0,,,0.0,0.0,0.0,50,4.5,sports_fees_v3,True,30733917201399858197600007960647454799726013372326774283899228723864364049259
Game 3: Ends in Daytime?,A 竞技,,1.0,,,0.0,0.0,0.0,50,4.5,sports_fees_v3,True,16149027051542418721415669299974764117789752580221016239061208752717416010410
Nanterre vs. BC Rytas,A 竞技,0.03,0.97,0.5,0.94,0.0,0.0,0.0,50,4.5,sports_fees_v3,True,48273419305787235936919801935266582625663464418755972323672788199932837031725
Pallacanestro Varese vs. Peristeri,A 竞技,0.03,0.97,0.5,0.94,0.0,0.0,0.0,50,4.5,sports_fees_v3,True,50884838705703548890663449996681544021579254549767173021428877266033235379395
Alba Berlin vs. Igokea,A 竞技,0.03,0.97,0.5,0.94,0.0,0.0,0.0,50,4.5,sports_fees_v3,True,110023652036446125730933306677701982313632364478444156829644421275775578080015
"Will the announcers say ""Goal"" 20+ times during the USA vs Australia F",A 竞技,,0.99,,,0.0,0.0,0.0,50,4.5,mentions_fees,True,56993600836758439793585083293403633655713150409183274989262672829512234391262
"Will the announcers say ""Shot"" 20+ times during the USA vs Australia F",A 竞技,,0.99,,,0.0,0.0,0.0,50,4.5,mentions_fees,True,105345525462698909755921928001020115680461596525402775503176689959455541836453
"Will the announcers say ""Fan"" 10+ times during the USA vs Australia FI",A 竞技,,1.0,,,0.0,0.0,0.0,50,4.5,mentions_fees,True,100192098395475442704782131235243358617521726291097917505948349024402657681018
"Will the announcers say ""Hydration Break"" 10+ times during the USA vs ",A 竞技,,0.99,,,0.0,0.0,0.0,50,4.5,mentions_fees,True,27400578991175874818665005098736307687604364592523160192208269397277554043014
"Will the announcers say ""Ankle"" during the USA vs Australia FIFA World",A 竞技,,1.0,,,0.0,0.0,0.0,50,4.5,mentions_fees,True,83080754954701904660918345740345224659548355094738047975725202156818618769999
"Will the announcers say ""Golden Boot"" during the USA vs Australia FIFA",A 竞技,,0.99,,,0.0,0.0,0.0,50,4.5,mentions_fees,True,5370764778624473648350454066028308072856055180028440157033895728040847459841
"Will the announcers say ""Loose Ball"" during the USA vs Australia FIFA ",A 竞技,,0.99,,,0.0,0.0,0.0,50,4.5,mentions_fees,True,37801249822879297635892192252504746962546591089959735152719810915180595761380
"Will the announcers say ""What A Player"" during the USA vs Australia FI",A 竞技,,0.99,,,0.0,0.0,0.0,50,4.5,mentions_fees,True,92546337357354080603064409988928442139432775998096710077632700418782414292795
Will FIFA Sell Equity in the World Cup in 2026?,A 竞技,0.008,0.018,0.013,0.009999999999999998,0.0,2620.740918,0.0,20,4.5,sports_fees_v3,True,21848281834303163745225359822175919828384685364272535518960454015805820478141
Will Barcelona host the final of the 2030 FIFA World Cup?,A 竞技,0.001,0.01,0.0055,0.009000000000000001,0.0,12268.943703999998,0.0,50,4.5,sports_fees_v3,True,113206821285639929996254815155288452371188684539411352902648011690308415710296
Will Madrid host the final of the 2030 FIFA World Cup?,A 竞技,0.37,0.38,0.375,0.010000000000000009,0.0,36545.898665,138.0,50,4.5,sports_fees_v3,True,68499192702392425849250928497699313036578126390882875695331037362634884957382
Will any Portuguese city host the final of the 2030 FIFA World Cup?,A 竞技,0.001,0.002,0.0015,0.001,605.0,14184.828733,0.0,50,4.5,sports_fees_v3,True,15725934240716180149695356853386755427226311553652923781809548243126834596799
Will any Moroccan city host the final of the 2030 FIFA World Cup?,A 竞技,0.125,0.136,0.1305,0.01100000000000001,0.0,38498.832706,16.0,50,4.5,sports_fees_v3,True,55750867760304570135207227544961791115162053420892192977073686169020985193448
Will another city host the final of the 2030 FIFA World Cup?,A 竞技,0.46,0.47,0.46499999999999997,0.009999999999999953,100.0,177710.81064900002,146.0,50,4.5,sports_fees_v3,True,66927681890807157099470165716246633203004186776250608138332007527588171676125
Will Spain be removed as a host nation of the 2030 World Cup?,A 竞技,0.009,0.15,0.0795,0.141,0.0,56.666667000000004,1.0,20,4.5,sports_fees_v3,True,79614532631333234846432046181042928181846465274010495211488692582923673115662
Will Portugal be removed as a host nation of the 2030 World Cup?,A 竞技,0.002,0.251,0.1265,0.249,0.0,0.0,1.0,20,4.5,sports_fees_v3,True,65015091612535703760683725972641723685250808281795375816201613813988776603740
Will Morocco be removed as a host nation of the 2030 World Cup?,A 竞技,0.019,0.258,0.1385,0.23900000000000002,0.0,53.663332,1.0,20,4.5,sports_fees_v3,True,14741063206326300934840968433290125175856706919511558107968450494784267711255
Will Uruguay be removed as a host nation of the 2030 World Cup?,A 竞技,0.015,0.051,0.033,0.036,12.0,262.76,0.0,20,4.5,sports_fees_v3,True,7517607590612878833308023225685639959304331701065916754646860102340416938995
Will Argentina be removed as a host nation of the 2030 World Cup?,A 竞技,0.002,0.251,0.1265,0.249,0.0,0.0,1.0,20,4.5,sports_fees_v3,True,95352907201235514643127328433199945763765002037307008849813103704514898587825
Will Paraguay be removed as a host nation of the 2030 World Cup?,A 竞技,0.049,0.083,0.066,0.034,6.74,586.5309,1.0,20,4.5,sports_fees_v3,True,59493678979126063811090360743214140202186798663894255060040757168369148525525
Will the U.S. invade Iran before 2027?,F 地缘政治,0.15,0.16,0.155,0.010000000000000009,284198.95323900005,72622291.16333911,400.0,200,3.5,,False,55115078421062885512539156303747803058407616201213034911037320915726138659123
Will Jesus Christ return before 2027?,G 文化/娱乐,0.012,0.013,0.0125,0.0009999999999999992,19629.97406499999,66387811.11445092,0.001,0,0.0,general_fees,True,69324317355037271422943965141382095011871956039434394956830818206664869608517
Will LeBron James win the 2028 US Presidential Election?,E 选举/政治,,0.001,,,0.0,54887540.354108036,0.0,50,4.5,politics_fees,True,39223330966352513418907732239455948906399882924787587183466504819170775983376
Will Oprah Winfrey win the 2028 Democratic presidential nomination?,E 选举/政治,,0.001,,,0.0,54432540.37432903,0.0,100,2.5,politics_fees,True,2213957649161627793381994368131485505647723208738124952452819345058597751695
Will Bernie Sanders win the 2028 Democratic presidential nomination?,E 选举/政治,0.021,0.04,0.0305,0.019,3685.338998,52868405.45377699,0.0,100,2.5,politics_fees,True,113510300123120868861281132282742729065975487298059944817273881893086209196585
Will Chelsea Clinton win the 2028 Democratic presidential nomination?,E 选举/政治,0.006,0.007,0.006500000000000001,0.001,514.8739449999999,50825919.78897906,0.0,100,2.5,politics_fees,True,46211769122513729244602558513001215391004042100934296321661285791281233261657
Will Andrew Yang win the 2028 Democratic presidential nomination?,E 选举/政治,,0.001,,,1.2,48909430.73060397,0.0,100,2.5,politics_fees,True,102504892414163237174864879683522880588750452841477290216845150938663289742135
Will Tim Walz win the 2028 US Presidential Election?,E 选举/政治,,0.001,,,42000.0,44880899.905103005,0.0,50,4.5,politics_fees,True,2638997461401140008448476093092229850740161649668999975101243681118238509713
Will Hunter Biden win the 2028 Democratic presidential nomination?,E 选举/政治,0.004,0.005,0.0045000000000000005,0.001,8719.948999,44636633.44421697,0.0,100,2.5,politics_fees,True,11343337042526652606304508556838778144915122118685013460142819817079620240439
Will Byron Donalds win the 2028 Republican presidential nomination?,E 选举/政治,0.001,0.002,0.0015,0.001,146.128375,44430316.71244502,0.0,100,2.5,politics_fees,True,311624663652221737215322113380496984764966764039692273354641152455298576851
Will LeBron James win the 2028 Democratic presidential nomination?,E 选举/政治,,0.002,,,6766.046667999999,44246195.08409497,0.0,100,2.5,politics_fees,True,100561779829530520068956424581003844045516012444425572625523659025114550346085
Will Hillary Clinton win the 2028 Democratic presidential nomination?,E 选举/政治,0.001,0.002,0.0015,0.001,2548.7709999999997,44182869.093273,0.0,100,2.5,politics_fees,True,6349038249650226718426900942104344803413105653564595362433352811865798195800
Will Tim Walz win the 2028 Democratic presidential nomination?,E 选举/政治,,0.001,,,118000.0,43827459.03342799,0.0,100,2.5,politics_fees,True,104464678880204778606895232389511543522030897731392516718349574106843434770446
Will Mike Pence win the 2028 Republican presidential nomination?,E 选举/政治,0.001,0.002,0.0015,0.001,1136.277,43718539.36043102,0.0,100,2.5,politics_fees,True,110467341601356058460373968989438018821471776813704553223329002744055822742107
Will China invade Taiwan by end of 2026?,F 地缘政治,0.022,0.023,0.0225,0.0010000000000000009,31345.68261300003,43694615.012065865,50.0,200,3.5,,False,94559586571241563470235664821564670251180951772614764383113614156422396181162
Will George Clooney win the 2028 Democratic presidential nomination?,E 选举/政治,,0.001,,,3000.0,43459727.933374956,0.0,100,2.5,politics_fees,True,48218088132821386640274752564592889805082274744128282833036735027928992155024
Will Kim Kardashian win the 2028 Democratic presidential nomination?,G 文化/娱乐,,0.001,,,3.01,42922760.03817101,0.0,100,2.5,politics_fees,True,55087250670040717711131370018408221134109122974378698780636020561523521220754
Will Phil Murphy win the 2028 Democratic presidential nomination?,E 选举/政治,0.001,0.002,0.0015,0.001,8047.086,42906192.98336504,0.0,100,2.5,politics_fees,True,81633484456710374417231462107666791993850637546563366185897100962157481970040
Will Beto O’Rourke win the 2028 Democratic presidential nomination?,E 选举/政治,,0.001,,,0.0,42816363.706648,0.0,100,2.5,politics_fees,True,37126434962149084556522721025504254258386171468763869879755961635390358765833
Will MrBeast win the 2028 Democratic presidential nomination?,E 选举/政治,,0.001,,,0.0,41055697.341762975,0.0,100,2.5,politics_fees,True,51035537065442638321333063915918274102446051033989435618245745345113522914516
Will the US confirm that aliens exist before 2027?,H 未分类,0.028,0.029,0.0285,0.0010000000000000009,136212.62124600002,40763450.66349616,100.0,200,3.5,politics_fees,True,107505882767731489358349912513945399560393482969656700824895970500493757150417
Will Kim Kardashian win the 2028 US Presidential Election?,G 文化/娱乐,,0.001,,,0.0,40324806.113616005,0.0,50,4.5,politics_fees,True,24863363384036117015867671383779186335047493791693657275104567365292353535818
Will Zohran Mamdani win the 2028 Democratic presidential nomination?,E 选举/政治,0.001,0.002,0.0015,0.001,2669.521,38959584.33220997,0.0,100,2.5,politics_fees,True,19323997520040734631220675039559156784534982703459512097490198935565229528445
Will Liz Cheney win the 2028 Democratic presidential nomination?,E 选举/政治,,0.001,,,11002.01,38713703.58262205,0.0,100,2.5,politics_fees,True,41340056280794024415573839406074658402877379128871144681466050648033201160259
Will John Thune win the 2028 Republican presidential nomination?,E 选举/政治,,0.001,,,0.0,38240222.465502,0.0,100,2.5,politics_fees,True,70663522560386702809794077554934323058266367604787739541440326847712418734032
Will Vivek Ramaswamy win the 2028 US Presidential Election?,E 选举/政治,,0.001,,,0.0,38009644.05919004,0.0,50,4.5,politics_fees,True,48067717079255656974334181122173546721823870434119599450595298250019538972254
Will Kristi Noem win the 2028 Republican presidential nomination?,E 选举/政治,0.001,0.002,0.0015,0.001,197.053,37663393.20609899,0.0,100,2.5,politics_fees,True,46777072088650922464797852907503479539785178123001199763117403684202580813104
Will Jasmine Crockett win the 2028 Democratic presidential nomination?,E 选举/政治,0.001,0.002,0.0015,0.001,2831.664,36477641.57311401,0.0,100,2.5,politics_fees,True,22103094389913052942362639589409218272323168761614999702665821259175535456835
Will Sarah Huckabee Sanders win the 2028 Republican presidential nomin,E 选举/政治,,0.001,,,115000.0,36015225.99397505,0.0,100,2.5,politics_fees,True,35019878675696902444730611385908114488958639217305639231975258218416576501435
Will Gina Raimondo win the 2028 Democratic presidential nomination?,E 选举/政治,0.001,0.002,0.0015,0.001,2557.209,35782574.87799899,0.0,100,2.5,politics_fees,True,35165603539035270209469650915267170915291414186795231160733227083640059691764
Will Trump acquire Greenland before 2027?,H 未分类,0.021,0.022,0.0215,0.0009999999999999974,3999.27,35660045.4633199,0.001,0,0.0,,False,5161623255678193352839985156330393796378434470119114669671615782853260939535
Will Tulsi Gabbard win the 2028 US Presidential Election?,E 选举/政治,0.001,0.002,0.0015,0.001,905.58,35414201.513259,0.0,50,4.5,politics_fees,True,97633418272282627828834872960145259034624388719803091466146359304286851612172
Will Greg Abbott win the 2028 US Presidential Election?,E 选举/政治,0.001,0.002,0.0015,0.001,25.183,35400801.556882,0.0,50,4.5,politics_fees,True,58585097107933138034126275600204468509993701936571284309823871593297754181479
Will Barack Obama win the 2028 Democratic presidential nomination?,E 选举/政治,0.001,0.002,0.0015,0.001,2751.474,34180704.27186,0.0,100,2.5,politics_fees,True,88927218779847397120407909832537568114340511586397698395193736044476021744522
Will Stephen Smith win the 2028 US Presidential Election?,E 选举/政治,,0.001,,,80000.0,33664299.483494,0.0,50,4.5,politics_fees,True,105367778020161609482094090847463497982204321259381518614669619753184648647559
Will Raphael Warnock win the 2028 Democratic presidential nomination?,E 选举/政治,0.013,0.014,0.0135,0.0010000000000000009,29970.645664,33571652.629099004,0.0,100,2.5,politics_fees,True,52310257194926233099477326083312959938983447523839326865869372741334281264830
Will Tom Brady win the 2028 Republican presidential nomination?,E 选举/政治,,0.001,,,72.0,32986907.931229,0.0,100,2.5,politics_fees,True,45742939946094874824687417208711661205131461760422331277735745393193805349457
Will Richard Grenell be the leader of Venezuela end of 2026?,F 地缘政治,,0.001,,,0.0,32790820.048845,0.0,100,2.5,politics_fees,True,63041927234014862550752749844577619438319946530923167906649363118591050055991
Will Roy Cooper win the 2028 Democratic presidential nomination?,E 选举/政治,0.002,0.003,0.0025,0.001,1051.928833,31769661.017559007,0.0,0,0.0,politics_fees,True,30732552320006664177902085971957467957450485111214036633872573588757974348601
Will Elon Musk win the 2028 Republican presidential nomination?,E 选举/政治,0.001,0.002,0.0015,0.001,149.523,31393357.164575987,0.0,100,2.5,politics_fees,True,97933607699985149274021900377397416175605196663149372937380275158258659161873
Will Nikki Haley win the 2028 US Presidential Election?,E 选举/政治,,0.001,,,36.18,30306240.227047015,0.0,50,4.5,politics_fees,True,14253956839582698877884742930225331487593177635330318923853046874994118249367
Will Katie Britt win the 2028 Republican presidential nomination?,E 选举/政治,0.002,0.003,0.0025,0.001,1026.0325,28972517.66337402,0.0,100,2.5,politics_fees,True,42282542821681724515855150589432262778581936160356547088323204270366545065655
Will Kim Kardashian win the 2028 Republican presidential nomination?,G 文化/娱乐,,0.001,,,0.0,28573893.525341015,0.0,100,2.5,politics_fees,True,10651968542740640896482407431367624536081358925965856338872110525887291512129
Will Glenn Youngkin win the 2028 US Presidential Election?,E 选举/政治,0.001,0.002,0.0015,0.001,211.759,28321314.413642976,0.0,50,4.5,politics_fees,True,631059815958854406224163480574507434200946764542129005247984171366597476420
Will Elise Stefanik win the 2028 Republican presidential nomination?,E 选举/政治,0.001,0.002,0.0015,0.001,25.111,28188660.27655402,0.0,100,2.5,politics_fees,True,46762065358788748743762617584400316865170283087328708370205000691002445395596
Will Gavin Newsom win the 2028 Democratic presidential nomination?,E 选举/政治,0.179,0.18,0.1795,0.0010000000000000009,18877.597265,27918020.19872896,67.0,200,5.5,politics_fees,True,54533043819946592547517511176940999955633860128497669742211153063842200957669
Will Shakhtar Donetsk win the 2026-27 UEFA Champions League Championsh,E 选举/政治,0.001,0.002,0.0015,0.001,427143.458,27627682.331999995,0.0,20,4.5,sports_fees_v2,True,33339798372916037220786136133406478491116150628220441951753426683441228279665
Will Jared Polis win the 2028 Democratic presidential nomination?,E 选举/政治,0.001,0.002,0.0015,0.001,7803.278,27495938.234758005,0.0,100,2.5,politics_fees,True,42119164854283656238382173699154739480090965550328051492328192273011556335098
Will Elon Musk win the 2028 US Presidential Election?,E 选举/政治,0.001,0.002,0.0015,0.001,343.991,27251374.471821003,0.0,50,4.5,politics_fees,True,26641906520532802078452346454133721131611596169940893262820937050881742190686
Will the Iranian regime fall before 2027?,H 未分类,0.05,0.06,0.055,0.009999999999999995,52835.527861,26902481.474085033,70.0,200,3.5,,False,10991849228756847439673778874175365458450913336396982752046655649803657501964
Will Michelle Obama win the 2028 Democratic presidential nomination?,E 选举/政治,0.002,0.003,0.0025,0.001,1523.392,26338673.355088998,0.0,100,2.5,politics_fees,True,83723134981785004242996949681785273460678873813693556756054904164484296299719
Will Cory Booker win the 2028 Democratic presidential nomination?,E 选举/政治,0.006,0.007,0.006500000000000001,0.001,1326.748972,26324480.902772006,0.0,100,2.5,politics_fees,True,50887272939612765629559172143901565817521391945540156085421963433918821328137
Will Frank Donovan be the leader of Venezuela end of 2026?,F 地缘政治,0.001,0.002,0.0015,0.001,313.573,25892590.606588002,0.0,100,2.5,politics_fees,True,102488069217181040733050347118082609606893446345922306325497036296077206149582
Will John Fetterman win the 2028 Democratic presidential nomination?,E 选举/政治,,0.001,,,34500.0,25703493.08483402,0.0,0,0.0,politics_fees,True,71289010523270989807437428651002770360280908813019627976988032260868574107425
Will Jon Stewart win the 2028 Democratic presidential nomination?,E 选举/政治,0.01,0.011,0.010499999999999999,0.0009999999999999992,35.3515,24807112.60819501,0.0,0,0.0,politics_fees,True,58343456405874365460518182619380252930558598368174305791768670198253267891911
"Putin out as President of Russia by December 31, 2026?",F 地缘政治,0.031,0.032,0.0315,0.0010000000000000009,664027.3110820001,24387386.238378022,70.0,200,3.5,,False,350977769852917329387037893294763093471844346281449484439085576212613048126
Clarity Act (H.R.3633) signed into law in 2026?,H 未分类,0.048,0.05,0.049,0.0020000000000000018,24012.687117,23856095.201956037,100.0,200,4.5,politics_fees,True,35198549486569600595408965368290795524428922595732253580266052028158040373233
Will Mark Cuban win the 2028 Democratic presidential nomination?,E 选举/政治,0.003,0.004,0.0035,0.001,535.115583,23251374.99990801,0.0,100,2.5,politics_fees,True,58378309871183461257693288827678410871907006920578755035402846056315798427503
Will Stephen A. Smith win the 2028 Democratic presidential nomination?,E 选举/政治,0.001,0.002,0.0015,0.001,2376.039,23103647.192689016,0.0,0,0.0,politics_fees,True,60590045489347122735554346200880179420435533609307820342798544098823516727807
Will Steve Bannon win the 2028 Republican presidential nomination?,E 选举/政治,0.001,0.002,0.0015,0.001,754.285213,22998507.920238014,0.0,100,2.5,politics_fees,True,76572162491038773682779378100661251853152133818805423848523216103658476280587
Will Zohran Mamdani win the 2028 US Presidential Election?,E 选举/政治,,0.001,,,0.0,22430331.468912996,0.0,50,4.5,politics_fees,True,94621929236241392639802280031607240386237812521756048982107414565863464212526
Will Greg Abbott win the 2028 Republican presidential nomination?,E 选举/政治,0.001,0.002,0.0015,0.001,2.31,21383110.545206014,0.0,100,2.5,politics_fees,True,51109358167525503124101840618196204295486048568333812245607026343682053354150
Will Matt Gaetz win the 2028 Republican presidential nomination?,E 选举/政治,,0.001,,,63000.0,20570773.885418,0.0,100,2.5,politics_fees,True,21684611233679565633387313395955873024927822291738934804105644401703825367322
Will Josh Hawley win the 2028 Republican presidential nomination?,E 选举/政治,0.003,0.004,0.0035,0.001,317.656999,20411719.818675995,0.0,100,2.5,politics_fees,True,16959950591508656523048029588253513417107455151269158025695062757254216051157
Will Rand Paul win the 2028 Republican presidential nomination?,E 选举/政治,0.002,0.003,0.0025,0.001,26.0505,19740467.011136003,0.0,0,0.0,politics_fees,True,56369772478534954338683665819559528414197495274302917800610633957542171787417
Will Ted Cruz win the 2028 Republican presidential nomination?,E 选举/政治,0.024,0.026,0.025,0.0019999999999999983,1038.8390590000001,19661082.867595997,0.0,0,0.0,politics_fees,True,75602319799101799832214450648958470414659751617273540482126444460192042893239
Will Andy Beshear win the 2028 US Presidential Election?,E 选举/政治,0.016,0.017,0.0165,0.0010000000000000009,170.17125,19385791.129797004,0.0,50,4.5,politics_fees,True,50507496430692162923857760920722624157737138256097150616293040054748564876552
Will Michelle Obama win the 2028 US Presidential Election?,E 选举/政治,0.001,0.002,0.0015,0.001,2229.993,19362467.598160002,0.0,50,4.5,politics_fees,True,88521269813605705303364598280494261510300497312149869577251450871617962933121
Will Erika Kirk win the 2028 Republican presidential nomination?,E 选举/政治,,0.001,,,2.2,19041614.483152,0.0,100,2.5,politics_fees,True,36725157385158152303355940271421346899386884953712631735038848833359115722560
Will Luiz Inácio Lula da Silva win the 2026 Brazilian presidential ele,E 选举/政治,0.15,0.16,0.155,0.010000000000000009,394560.07118,19010187.251108,1000.0,150,6.5,politics_fees,True,30630994248667897740988010928640156931882346081873066002335460180076741328029
Will Eric Trump win the 2028 US Presidential Election?,E 选举/政治,,0.001,,,0.0,18929300.270760998,0.0,50,4.5,politics_fees,True,67028631656597977031363620447645908995417871899828777750494099295092202422178
Will Gavin Newsom win the 2028 US Presidential Election?,E 选举/政治,0.08,0.081,0.0805,0.0010000000000000009,1835.9723409999997,18546860.591715008,18.0,200,5.5,politics_fees,True,98250445447699368679516529207365255018790721464590833209064266254238063117329
Hantavirus pandemic in 2026?,H 未分类,0.019,0.02,0.0195,0.0010000000000000009,672.743456,18530500.852610026,3.0,200,5.5,weather_fees,True,51508280778202349361616850684455231843716212176724253736363122559269229712002
Will Wes Moore win the 2028 Democratic presidential nomination?,E 选举/政治,0.02,0.021,0.0205,0.0010000000000000009,401.32505,18444782.224055,0.0,200,5.5,politics_fees,True,90227223115596293448966158151606153337847900483048338623540402385929720677904
Will Flávio Bolsonaro win the 2026 Brazilian presidential election?,E 选举/政治,0.839,0.841,0.84,0.0020000000000000018,409333.78670399985,18026078.31463701,1000.0,150,6.5,politics_fees,True,109876868437950584369987384406356259939519193117253465815665152916226511121427
Will Brian Kemp win the 2028 Republican presidential nomination?,E 选举/政治,0.003,0.004,0.0035,0.001,84.03999999999999,17941676.166061003,0.0,100,2.5,politics_fees,True,109121432238307135312607668741094299588249627783575654034498708660414246884093
Will Mark Kelly win the 2028 Democratic presidential nomination?,E 选举/政治,0.025,0.026,0.025500000000000002,0.0009999999999999974,886.194077,17676123.332427975,0.0,0,0.0,politics_fees,True,92325249719485031139867422012514654102580961954747753469470405147070256604118
Will Chris Murphy win the 2028 Democratic presidential nomination?,E 选举/政治,0.003,0.004,0.0035,0.001,1008.011666,17467045.708074007,0.0,100,2.5,politics_fees,True,8815924480259634499011776432080696931704057619336093802050596292915996723758
Will Robert F. Kennedy Jr. win the 2028 Republican presidential nomina,E 选举/政治,0.002,0.003,0.0025,0.001,1006.276,16900371.99851301,0.0,100,2.5,politics_fees,True,85795532452312461688342921814235563171225750416821603832877839950165564679042
Will JD Vance win the 2028 US Presidential Election?,E 选举/政治,0.2,0.201,0.2005,0.0010000000000000009,4246.661996,16826112.648829956,91.0,200,5.5,politics_fees,True,16040015440196279900485035793550429453516625694844857319147506590755961451627
Will Vivek Ramaswamy win the 2028 Republican presidential nomination?,E 选举/政治,0.002,0.003,0.0025,0.001,1382.014,16112698.150815004,0.0,0,0.0,politics_fees,True,7847177314809025001842027337093046201021185723933452855314998541165696902642
Will J.D. Vance win the 2028 Republican presidential nomination?,E 选举/政治,0.485,0.486,0.4855,0.0010000000000000009,1344.629317,15777198.112017982,81.0,50,5.5,politics_fees,True,40081275558852222228080198821361202017557872256707631666334039001378518619916
Will J.B. Pritzker win the 2028 Democratic presidential nomination?,E 选举/政治,0.012,0.013,0.0125,0.0009999999999999992,623.140911,15771871.240730958,0.0,0,0.0,politics_fees,True,103988345069738240821107916249290759786442703283901164377120414690701074137717
Will Ron DeSantis win the 2028 Republican presidential nomination?,E 选举/政治,0.027,0.028,0.0275,0.0010000000000000009,364.98716,15630819.468027001,0.0,0,0.0,politics_fees,True,12127975650736113116407758794754973741525044713193258995588171654429754588610
Will Gretchen Whitmer win the 2028 US Presidential Election?,E 选举/政治,0.003,0.004,0.0035,0.001,65.350666,15605439.914015,0.0,50,4.5,politics_fees,True,4999047257294547885970323631312419427544062131054733229841947946130772277335
Will Alexandria Ocasio-Cortez win the 2028 Democratic presidential nom,E 选举/政治,0.179,0.18,0.1795,0.0010000000000000009,4080.602654,15446902.854339005,67.0,200,5.5,politics_fees,True,107064985435494333113391038470401719113272800530429703182710416066774068907304
Will Rahm Emanuel win the 2028 Democratic presidential nomination?,E 选举/政治,0.017,0.018,0.0175,0.0009999999999999974,5517.79813,14700880.622538995,0.0,0,0.0,politics_fees,True,10521981432803570450946212503203364998108630328528216082760514453664705157397
Xi Jinping out before 2027?,H 未分类,0.026,0.027,0.0265,0.0010000000000000009,28634.811483,14450692.026069995,100.0,200,3.5,politics_fees,True,32338220190071351435772801779725302244575775216413325951443816017994629993401
Strait of Hormuz traffic returns to normal by December 31?,H 未分类,0.18,0.19,0.185,0.010000000000000009,64714.929524,14324303.155935,300.0,200,4.5,,False,83783489454659420807679723574840032660002326710045123865554753994450797728825
Will Tucker Carlson win the 2028 US Presidential Election?,E 选举/政治,0.017,0.018,0.0175,0.0009999999999999974,269.474529,14288240.789406987,0.0,50,4.5,politics_fees,True,45015916581148592087728250896178171120552786117190685135618507471166113474733
Will Tulsi Gabbard win the 2028 Republican presidential nomination?,E 选举/政治,0.004,0.005,0.0045000000000000005,0.001,376.69075000000004,14088461.869794007,0.0,0,0.0,politics_fees,True,111796631871113641071635832853519973638674140424258605036492112910151603434351
Will Donald Trump Jr. win the 2028 US Presidential Election?,E 选举/政治,0.004,0.005,0.0045000000000000005,0.001,37.751,13926833.940548006,0.0,50,4.5,politics_fees,True,77660944053451874285291959901958937238149180369572698706675030657716494119346
Will Alexandria Ocasio-Cortez win the 2028 US Presidential Election?,E 选举/政治,0.131,0.132,0.1315,0.0010000000000000009,2674.58984,13855554.547988007,49.0,200,5.5,politics_fees,True,8113830512143065501177519557124858581375945005490796772950589720955457782465
Will Tucker Carlson win the 2028 Republican presidential nomination?,E 选举/政治,0.03,0.031,0.0305,0.0010000000000000009,2045.9046500000018,13842842.189127997,0.0,100,4.5,politics_fees,True,78994573210477487932611223094751007094801552166562252085708682076112788032998
Will Kamala Harris win the 2028 Democratic presidential nomination?,E 选举/政治,0.07,0.071,0.07050000000000001,0.000999999999999987,5598.541244000001,13697295.555860002,10.0,200,5.5,politics_fees,True,38171024903091354977195167437673496224420673639143973968032407064172828043588
Will Andy Beshear win the 2028 Democratic presidential nomination?,E 选举/政治,0.029,0.032,0.0305,0.002999999999999999,3643.681891,13428929.668504994,0.0,0,0.0,politics_fees,True,26468656392978559668331516709623917078428425933265692717836103090220693717685
Will Jon Ossoff win the 2028 Democratic presidential nomination?,E 选举/政治,0.15,0.151,0.1505,0.0010000000000000009,923.776765,13275637.584612008,51.0,200,5.5,politics_fees,True,70071592420137476676935286377781779672157004436137616627487590484756055232944
Will JB Pritzker win the 2028 US Presidential Election?,E 选举/政治,0.005,0.006,0.0055,0.001,308.116,13102302.152043989,0.0,50,4.5,politics_fees,True,70948731404464821824516595498024506131170394300814446118501620719416471444076
Will Marco Rubio win the 2028 US Presidential Election?,E 选举/政治,0.069,0.07,0.0695,0.0010000000000000009,185858.6318729999,12839940.464466998,12.0,200,5.5,politics_fees,True,11171618905857319805355893398009978356002287408842633593535559412449299952250
Will Wes Moore win the 2028 US Presidential Election?,E 选举/政治,0.008,0.01,0.009000000000000001,0.002,390.489319,12725852.719533,0.0,50,4.5,politics_fees,True,35272507273162958827997790327967872292415567859334925862043618606081750011897
Israel x Iran ceasefire continues through October 31?,F 地缘政治,0.82,0.83,0.825,0.010000000000000009,67384.243389,1415091.720305999,100.0,50,5.5,,False,36595575197199846398267481972385180643951985822505187477756829088194676076340
Will François Baroin win the 2027 French presidential election?,E 选举/政治,,0.001,,,2683.5,1412326.0714240002,0.0,50,5.5,politics_fees,True,110692367541147153714694480527513188954424353633260159250334125464227955148379
Will Edmundo González be the leader of Venezuela end of 2026?,F 地缘政治,0.001,0.004,0.0025,0.003,182.39855899999998,1411771.7904889998,0.0,100,2.5,politics_fees,True,85482789936744260311999371350699987044247644306653001528276695717482676507600
Will Barcelona win the 2026-27 UEFA Champions League Championship?,E 选举/政治,0.22,0.23,0.225,0.010000000000000009,839.7647910000001,1411304.490051,7.0,50,4.5,sports_fees_v2,True,105424657244554511014150825202397702180419919286931996082717264149902476600628
"Will Bitcoin dip to $25,000 by December 31, 2026?",B 加密阈值,0.008,0.009,0.0085,0.0009999999999999992,3340.0,1405874.1294920002,0.0,0,0.0,crypto_fees_v2,True,58908160299895538838177673280060816284346493901538403975218911918392404378292
Will Karen Bass win the 2026 Los Angeles mayoral election?,E 选举/政治,0.41,0.42,0.415,0.010000000000000009,2689.612366,1403472.3821200002,100.0,50,6.5,politics_fees,True,21099887182068653164347641846316470453763034851874063977340528628016776716246
Metamask FDV above $700M one day after launch?,B 加密阈值,0.045,0.047,0.046,0.0020000000000000018,0.0,1397146.1138999998,3.0,30,4.5,crypto_fees_v2,True,27944626213701198119611689981836884300701096451168812471764168520890801988056
Will Daniel Mercuri win the California Governor Election in 2026?,E 选举/政治,,0.001,,,0.0,1396557.537934,0.0,100,2.5,politics_fees,True,53943024503150115514653967017098517943934976181100661411753055914691662047501
China x Japan military clash before 2027?,F 地缘政治,0.04,0.05,0.045,0.010000000000000002,234.79121700000002,1384786.7586,0.001,0,0.0,,False,24359841971256354562338291910316825498086150942929460621080163666720754945761
Will the upper bound of the target federal funds rate be 4.0% at the e,H 未分类,0.122,0.244,0.183,0.122,83.92,1377058.209534,0.0,20,3.5,economics_fees,True,45298643302120067019009097483686644753682404593036519073434032964867401216713
Iran Nuke before 2027?,F 地缘政治,0.035,0.036,0.035500000000000004,0.000999999999999994,7060.089916,1372622.1165670005,0.001,0,0.0,,False,55302250828823180276187438149698246226978412434312478767847394628702439947936
Will Matt Mahan win the California Governor Election in 2026?,E 选举/政治,,0.001,,,0.0,1371616.8471220003,0.0,50,4.5,politics_fees,True,113017673827188867377109454527754982157460887938297582871131403025795572613918
Will Israel strike 4 countries in 2026?,H 未分类,0.67,0.769,0.7195,0.09899999999999998,80.60175,1370272.738243,2.0,100,3.5,,False,92230933527175957699173261837562970961226561473212829507303559647834156802557
Will Anthropic have the highest IPO Market Cap 2026?,B 加密阈值,0.53,0.554,0.542,0.02400000000000002,754.390542,1359895.6660930004,0.001,0,0.0,finance_prices_fees,True,21209890653812186814248619913047412762177779312349880099050240669177189381593
"Will Anthropic announce bankruptcy by December 31, 2027?",H 未分类,0.09,0.1,0.095,0.010000000000000009,181.013078,1359674.0143639992,500.0,200,4.5,tech_fees,True,17089873339510493583130721327117290536779565918479254716887985637191946608224
Will NVIDIA be the largest company in the world by market cap on Decem,B 加密阈值,0.87,0.88,0.875,0.010000000000000009,4496.582027,1343875.3151670003,32.0,50,4.5,finance_prices_fees,True,11876606915924142133615854761923277060697657209957870741155164849437788272266
Will Michael be the top grossing movie of 2026?,G 文化/娱乐,,0.001,,,0.0,1322238.061363,0.0,100,2.5,culture_fees,True,17196840395897985508068905219738404185426248325860724675432073792594376353164
Will Charlie Kirk win the Nobel Peace Prize in 2026?,E 选举/政治,,0.001,,,0.0,1320628.7986759997,0.0,0,0.0,culture_fees,True,41901357708237118584313729261027657874621373325486663648640954008517926947624
Will US withdraw from NATO before 2027?,H 未分类,0.027,0.028,0.0275,0.0010000000000000009,326.73,1319972.0387310002,0.001,0,0.0,,False,17540726999074768109459325330147925578223846904053718101370100723042933774840
Will Anthropic's valuation hit (HIGH) $3.0T by December 31?,H 未分类,0.26,0.27,0.265,0.010000000000000009,0.0,1315317.412743,20.0,20,6.5,finance_prices_fees,True,104142036867931412514405371667253870392906648391536505298080565010839115459260
Will Butch Ware win the California Governor Election in 2026?,E 选举/政治,,0.001,,,0.0,1313396.2176370001,0.0,100,2.5,politics_fees,True,5596862834696125721576904607560330168562395965947471642144909672400781563525
"Will Bitcoin reach $140,000 by December 31, 2026?",B 加密阈值,0.03,0.031,0.0305,0.0010000000000000009,2030.12,1301465.4939639997,0.0,0,0.0,crypto_fees_v2,True,71296910957902084356560391757722633648005498400799774895345285101862220728868
Will Ahmed al-Sharaa win the Nobel Peace Prize in 2026?,E 选举/政治,0.002,0.005,0.0035,0.003,166.76,1299458.9141529992,0.0,0,0.0,culture_fees,True,29384252153498040908016173010534270095096285030713208216637067996773126537603
Will the Republicans win the Texas Senate race in 2026?,E 选举/政治,0.34,0.35,0.345,0.009999999999999953,89744.09284900001,1292489.0597940001,254.0,100,6.5,politics_fees,True,21265207456609426291246075480390336499088453711419597084147957999650569091884
"Will Gold (GC) hit (HIGH) $6,000 by end of December?",H 未分类,0.06,0.07,0.065,0.010000000000000009,25496.456141,1272513.9155490005,0.0,0,0.0,finance_prices_fees,True,79773570476744632615747480307256906441402089435470166694872527952303027818942
Will Hull City win the 2026-27 English Premier League (EPL) Championsh,E 选举/政治,0.005,0.006,0.0055,0.001,970.0,1264504.2366580004,0.0,20,4.5,sports_fees_v2,True,19129084106918074389743466444184546964159320576683957544376689640092328831272
Will the Cleveland Guardians win the 2026 World Series?,E 选举/政治,0.026,0.03,0.027999999999999997,0.004,11181.002265,1263198.589099,0.0,50,4.5,sports_fees_v2,True,86836855507912353672331273895741550012643122260675758564432763672972116051156
Will Elaine Culotti win the California Governor Election in 2026?,E 选举/政治,,0.001,,,0.0,1262386.390675,0.0,50,4.5,politics_fees,True,89329355062605237215079217864055066686456963400867784649256501507552422672894
Will Jorge Rodríguez be the leader of Venezuela end of 2026?,F 地缘政治,0.002,0.004,0.003,0.002,2650.8205,1256709.1240900003,0.0,50,4.5,politics_fees,True,42727638766042850249414793956193305049964960783968960523056590290643557215679
Will the Los Angeles Rams win the 2027 NFL league championship?,E 选举/政治,0.12,0.13,0.125,0.010000000000000009,991.634616,1256009.2648270002,5.0,50,4.5,sports_fees_v2,True,43352642039302747588938905555385017655344819959150117270669936414308468726872
Will the Seattle Seahawks win the 2027 NFL league championship?,E 选举/政治,0.07,0.08,0.07500000000000001,0.009999999999999995,29.16,1253790.8988589996,2.0,50,4.5,sports_fees_v2,True,44921620302443755066232904216706419654951291213279649386577553092891642701355
Ukraine joins NATO before 2027?,F 地缘政治,0.015,0.019,0.017,0.004,0.0,1253057.9661890008,0.001,0,0.0,,False,105909749038687353646093584977576398934339148279467952755284020121199034833651
"Will Bitcoin reach $150,000 by December 31, 2026?",B 加密阈值,0.025,0.026,0.025500000000000002,0.0009999999999999974,6259.9431079999995,1250229.2280459998,0.0,0,0.0,crypto_fees_v2,True,9408196828451163378822245032645030045707991112669125056198742225498158094445
Will Elon Musk win the Nobel Peace Prize in 2026?,E 选举/政治,,0.001,,,2000.0,1236843.3408279996,0.0,100,2.5,culture_fees,True,75607128808577269329357564425293012652006155264327001987967114873720422847762
Will Tottenham win the 2026-27 English Premier League (EPL) Championsh,E 选举/政治,0.003,0.004,0.0035,0.001,71.466666,1236384.250317,0.0,50,4.5,sports_fees_v2,True,77697374688933463558435808435207573631234398437151747716737073005939751357574
Will San Diego FC win the 2026 MLS Cup?,E 选举/政治,0.002,0.003,0.0025,0.001,5.0,1234904.1216809999,0.0,50,0.2,sports_fees_v2,True,91547759797114634204022129729568408961524134322581560517656754663754175926397
Will the Republicans win the 2028 US Presidential Election?,E 选举/政治,0.34,0.35,0.345,0.009999999999999953,11.171429,1231691.3392709994,5.0,20,4.5,politics_fees,True,67109747366255871599717338045111308888043498275177238365560740200996017915657
Will New York Red Bulls win the 2026 MLS Cup?,E 选举/政治,0.003,0.008,0.0055,0.005,0.0,1231576.581646,0.0,0,0.0,sports_fees_v2,True,82869736673978628341408110431380578209365274504783262856560259213366394978235
Will Pau Cubarsi win the 2026 Ballon d'Or?,E 选举/政治,,0.001,,,1019.0,1231379.1805779997,0.0,50,4.5,sports_fees_v2,True,5264677211728439009834470236168077987240809170451856067063934287137178859748
Will the Democrats win the 2028 US Presidential Election?,E 选举/政治,0.64,0.65,0.645,0.010000000000000009,1029.861539,1226220.8446840004,5.0,20,4.5,politics_fees,True,49084048476353771153083262278964615095037480324537117350127265918750912547378
Will Mohammed bin Salman win the Nobel Peace Prize in 2026?,E 选举/政治,,0.001,,,0.0,1226147.6625449997,0.0,100,2.5,culture_fees,True,99055846750090671053174250706531692511641252423756205459914574198871664904532
Will Jumanji 3 be the top grossing movie of 2026?,G 文化/娱乐,,0.001,,,0.0,1219425.8192489995,0.0,100,2.5,culture_fees,True,79655420644111201497901573343193594718952169146660360902129836935188812137856
Will Philadelphia 76ers win the 2027 NBA Finals?,E 选举/政治,0.11,0.111,0.1105,0.0010000000000000009,78022.348065,1214339.577479,3.0,50,4.5,sports_fees_v2,True,111481751847805384192597309215435329884811365994609357629578026422941929496916
Will the Democrats win the Maine Senate race in 2026?,E 选举/政治,0.57,0.58,0.575,0.010000000000000009,2341.859268,1213221.2309640003,50.0,60,6.5,politics_fees,True,7589880081658059374445882095611024032084645048848237404312287942463647821549
Will Chris Van Hollen win the 2028 Democratic presidential nomination?,E 选举/政治,0.001,0.002,0.0015,0.001,697811.2150000001,1211377.5740000003,0.0,50,5.5,politics_fees,True,82322606787689507186452368934268895797822450917805855938369533831277560432502
Will the Democrats win the Texas Senate race in 2026?,E 选举/政治,0.65,0.66,0.655,0.010000000000000009,56388.96825599999,1197088.1691440004,246.0,100,6.5,politics_fees,True,15290572385458522370285732869432740297199321382471116558439914335588167718663
Will GitLab be acquired before 2027?,H 未分类,0.054,0.056,0.055,0.0020000000000000018,337.25689700000004,1194547.972044,5.0,20,5.5,tech_fees,True,78229401955179772346633280675438287183628102967234404539478345545004251094928
Extended FDV above $500M one day after launch?,B 加密阈值,0.22,0.23,0.225,0.010000000000000009,49.77,1191573.5814069998,3.0,30,4.5,crypto_fees_v2,True,46188547148926039629401836600536046235686521298444227481497804189293437954585
Will Manchester United win the 2026-27 English Premier League (EPL) Ch,E 选举/政治,0.022,0.027,0.0245,0.005000000000000001,1541.915435,1190840.186846,0.0,50,4.5,sports_fees_v2,True,73050236093508473398082398966067213274195424600650056280148681977814431775527
New pandemic in 2026?,H 未分类,0.05,0.06,0.055,0.009999999999999995,3119.4305,1189769.544414,3.0,200,3.5,,False,80671065454402118534970441822834492766941556283670671337094578358747393423487
Will San Jose Earthquakes win the 2026 MLS Cup?,E 选举/政治,0.024,0.026,0.025,0.0019999999999999983,0.0,1180940.219999,0.0,0,0.0,sports_fees_v2,True,81119773052891775821920721095385802155330895016204596516121823281272853716086
Predict.fun FDV above $300M one day after launch?,B 加密阈值,0.84,0.85,0.845,0.010000000000000009,1735.8464660000002,1179072.788902,5.0,50,4.5,crypto_fees_v2,True,111418219797400062581536324496263222919277747493681884041924643375029037449745
Will The Hunger Games: Sunrise on the Reaping be the top grossing movi,G 文化/娱乐,,0.001,,,0.0,1178954.2910499992,0.0,100,2.5,culture_fees,True,11843457046853865411318246276277262347846015033890306541739456521334478867512
Will Crystal Palace win the 2026-27 English Premier League (EPL) Champ,E 选举/政治,0.001,0.002,0.0015,0.001,0.0,1177973.3802329998,0.0,20,4.5,sports_fees_v2,True,97051520858342010708470643796325110847356418185297997362901024578514854753269
Predict.fun FDV above $200M one day after launch?,B 加密阈值,0.89,0.92,0.905,0.030000000000000027,619.1264140000001,1177627.0529599995,3.0,50,4.5,crypto_fees_v2,True,110169034215768610667371569393261003496751585492880635411276496208130195056884
Will the Buffalo Bills win the 2027 NFL league championship?,E 选举/政治,0.11,0.12,0.11499999999999999,0.009999999999999995,295.183334,1173430.4478599995,4.0,50,4.5,sports_fees_v2,True,15005653350202922348701786607519856020257461135905285631675545513297078700601
Will Arsenal win the 2026-27 English Premier League (EPL) Championship,E 选举/政治,0.6,0.61,0.605,0.010000000000000009,4345.380227000001,1170654.2362699995,13.0,50,4.5,sports_fees_v2,True,106464589845250400124249015666766731317110899241411841699938652823328750757436
Will there be no Head of State in Iran end of 2026?,F 地缘政治,0.045,0.067,0.056,0.022000000000000006,124.3,1169201.3048700003,0.001,100,4.5,,False,46737595588538785221040143451401435150985932684129375912985868128718669274118
Will San Diego Padres win the 2026 National League Championship Series,E 选举/政治,,0.001,,,216989.74,1159141.824139,0.0,100,4.5,sports_fees_v2,True,48493447204238808845049413894793212268879985128937354835619060990346618090138
US strike on Colombia by December 31?,F 地缘政治,0.26,0.28,0.27,0.020000000000000018,16607.920952,1157523.5925189997,20.0,20,5.5,,False,74636610772409469817718475200152067076720965641263785464662938420699072982790
"Will Anthropic IPO by October 31, 2026?",H 未分类,0.015,0.019,0.017,0.004,272.81,1155333.102826,0.0,50,4.5,finance_prices_fees,True,35480485928147694422522317298160081194603766865102488154902775756915955129166
Will Donald Trump be the leader of Venezuela end of 2026?,F 地缘政治,,0.001,,,0.0,1149212.001751,0.0,100,2.5,politics_fees,True,14211065675584872409434951928382202221234755265148030622924500315944266691558
Will Karim Bouamrane win the 2027 French presidential election?,E 选举/政治,0.001,0.002,0.0015,0.001,14705.6,1145045.894283,0.0,50,5.5,politics_fees,True,80444250591000346031053171380243612904016851519226250274769734418106954626247
"Will Bitcoin dip to $60,000 by December 31, 2026?",B 加密阈值,0.12,0.13,0.125,0.010000000000000009,5139.536668,1141737.0714669998,0.001,50,4.5,crypto_fees_v2,True,104279604547231872129402198190232956636095665469278761891693384128061158683041
Will Raphael Warnock win the 2028 US Presidential Election?,E 选举/政治,0.003,0.005,0.004,0.002,52138.829333,1137936.219999,0.0,200,5.5,politics_fees,True,5019810753168153471323122473105082718702229310401435759781569586768450866932
Will Mahmoud Ahmadinejad be head of state in Iran end of 2026?,F 地缘政治,0.002,0.006,0.004,0.004,0.0,1134720.1354319998,0.0,100,4.5,,False,89974685609098808755854367630091386804795305974823550976721901844367211884750
"New ""Stranger Things"" episode released by December 31? ",H 未分类,0.022,0.027,0.0245,0.005000000000000001,0.0,1129082.4642389996,2.0,20,3.5,culture_fees,True,32659009526475659897371564072228315909246519607913270143285466073749111434555
Will Brighton win the 2026-27 English Premier League (EPL) Championshi,E 选举/政治,0.02,0.024,0.022,0.004,1381.61,1124007.4572510002,0.0,20,4.5,sports_fees_v2,True,9221383556608449303835174806846320148935846556873035382860978740383478459961
Bab el-Mandeb Strait effectively closed by October 31?,H 未分类,0.05,0.06,0.055,0.009999999999999995,20749.256627000002,1119559.135845,200.0,200,6.5,,False,6220545533865458838439353925905089798175804014497201461345552520180406649867
Will Leeds United win the 2026-27 English Premier League (EPL) Champio,E 选举/政治,0.002,0.003,0.0025,0.001,211.36649999999997,1118699.761106,0.0,20,4.5,sports_fees_v2,True,35746559934598687044244313512841185288491694151858023596582191133240765938021
Will the New England Patriots win the 2027 NFL league championship?,E 选举/政治,0.03,0.031,0.0305,0.0010000000000000009,55.0,1113482.5711589998,0.0,20,3.5,sports_fees_v2,True,78281588462016004003374572469592689124590878916935893431087178527974926369110
Will China unban Bitcoin by 2027?,B 加密阈值,0.016,0.021,0.018500000000000003,0.005000000000000001,238.07522899999998,1107948.5307220002,0.001,0,0.0,crypto_fees_v2,True,91810646921497227084241579668235102205462718984593674693010693975258849328842
Will Leo Zacky win the California Governor Election in 2026?,E 选举/政治,,0.001,,,0.0,1094831.237383,0.0,100,2.5,politics_fees,True,28995761858308797540202767490519720137865013282800276958339531394045469725185
"US x Russia military clash by December 31, 2026?",F 地缘政治,0.034,0.045,0.0395,0.010999999999999996,0.0,1083687.91295,0.0,20,3.5,,False,74580890713477889155778397033413604695248820561928419929239929602538131402272
Will Chelsea win the 2026-27 English Premier League (EPL) Championship,E 选举/政治,0.044,0.047,0.0455,0.0030000000000000027,2584.2554830000004,1073003.5831660002,0.0,50,4.5,sports_fees_v2,True,71331397742700941957031238831543083934039786198089976413635532604236046151616
Will Recep Tayyip Erdoğan win the Nobel Peace Prize in 2026?,E 选举/政治,,0.001,,,0.0,1072877.0896760002,0.0,100,2.5,culture_fees,True,85146181675473345857517501170400200068194836865848336579180316943778562621184
Will Vinícius Júnior win the 2026 Ballon d'Or?,E 选举/政治,,0.001,,,0.0,1072485.2013249996,0.0,100,2.5,sports_fees_v2,True,87463122783250401770409006373017832501980573239347362136882847193417885543780
Will Zuby Ejiofor win the 2026-27 NBA Rookie of the Year?,E 选举/政治,0.005,0.06,0.0325,0.055,0.0,1070337.0703,0.0,100,3.5,sports_fees_v2,True,107541115544399863269078927037453984465232892825639810121938969757433720011473
Will BP be acquired before 2027?,H 未分类,0.031,0.037,0.034,0.005999999999999998,0.0,1064233.0853710002,5.0,20,5.5,tech_fees,True,43247101969169478176721096758372589889078610336603391877595700025863653624065
Will Golden State Warriors win the 2027 NBA Finals?,E 选举/政治,0.009,0.01,0.0095,0.0010000000000000009,3007.0181820000003,1058084.555515,0.0,50,4.5,sports_fees_v2,True,50057479075318947359707260741622203277536030001654353875522545719934423335906
OpenAI IPO closing market cap above $1T?,B 加密阈值,0.72,0.73,0.725,0.010000000000000009,0.0,1055599.4534260002,5.0,20,3.5,finance_prices_fees,True,2011448762453318924331890857436552502625185273746051467874416268100776921808
"Will Samuel Alito announce his retirement by December 31, 2026?",H 未分类,0.12,0.13,0.125,0.010000000000000009,5031.26896,1054206.6757689998,50.0,50,6.5,politics_fees,True,2702338441466878657029392611195273628071044970702339052495737338673211402749
"Will the Doge-1 Lunar Mission launch by December 31, 2026?",B 加密阈值,0.028,0.043,0.0355,0.014999999999999996,27117.15,1050786.6056139998,0.001,0,0.0,,False,24532244971331469081136591021496807808109838335579455403786547950699236092433
Will Avengers: Doomsday be the top grossing movie of 2026?,G 文化/娱乐,0.044,0.051,0.0475,0.006999999999999999,1983.659806,1044169.9218269998,0.0,20,4.5,culture_fees,True,89576274136595202327975910079635847102293810595609428633134997662847357374694
Will OpenAI IPO by December 31 2026?,H 未分类,0.034,0.039,0.036500000000000005,0.0049999999999999975,5.19,1043384.1831200001,20.0,50,6.5,tech_fees,True,78959017184382580042532738046363918551357602274462396865643365060706535362447
"Will Anthropic IPO by December 31, 2026?",H 未分类,0.81,0.82,0.815,0.009999999999999898,3015.563551,1042176.4459820002,50.0,50,6.5,finance_prices_fees,True,48566046548914168443252668519852295704538578584318207505303160546351275413281
Will Josh Stein win the 2028 US Presidential Election?,E 选举/政治,,0.001,,,0.0,1040145.764,0.0,200,5.5,politics_fees,True,81914651028896069221591777664987513664858213907907450367169656205040430609207
"Will Trump be impeached by December 31, 2026?",H 未分类,0.016,0.02,0.018000000000000002,0.004,488.466,1039774.9967239999,0.001,0,0.0,politics_fees,True,22094182676612877581056034720566110371610082057092726094559729674155018648896
Will Alex Padilla win the 2028 Democratic presidential nomination?,E 选举/政治,,0.001,,,106000.0,1039668.732999,0.0,200,5.5,politics_fees,True,70419914298819599884598619432566620509485573636622456902301761941886565776666
Will Nooshi Dadgostar be the next Prime Minister of Sweden?,H 未分类,,0.001,,,0.0,1033092.948308,0.0,50,4.5,politics_fees,True,90456984939082759426569197949731058493185701412523949062524005061677992609434
Will Masoud Pezeshkian be head of state in Iran end of 2026?,F 地缘政治,0.003,0.005,0.004,0.002,39.391999,1032564.1622750001,0.0,100,4.5,,False,28152633830811377282265546570547229637532772761293435321097240605763179025584
Will Saudi Aramco be the largest company in the world by market cap on,B 加密阈值,0.001,0.002,0.0015,0.001,2237.795,1031430.021029,0.0,100,2.5,finance_prices_fees,True,73927186257882802877663040737479279251981612783026680169571204930062095676076
"Russia x Ukraine ceasefire by December 31, 2026?",F 地缘政治,0.09,0.1,0.095,0.010000000000000009,4507.513077,1021635.2673360002,30.0,200,4.5,,False,51308444364217538450493615474295421156909090806486317984535574801660314569304
"Will Russia capture all of Kostyantynivka by December 31, 2026?",F 地缘政治,0.17,0.19,0.18,0.01999999999999999,13475.367778000002,1020116.052681,50.0,100,6.5,,False,10607811134100509957624069126100003761957535212038625093115595525420972141962
Will Microsoft be the largest company in the world by market cap on De,B 加密阈值,0.005,0.006,0.0055,0.001,1721.731843,1005743.6851209998,0.0,100,2.5,finance_prices_fees,True,391670908629060088409431896998377161667071768186645889213963384874929102170
Will Amazon be the largest company in the world by market cap on Decem,B 加密阈值,,0.002,,,1067.185,1001777.1188609999,0.0,100,2.5,finance_prices_fees,True,23899766443614969608658296541413892746074395565401020148911064394383451718287
Will Apple be the largest company in the world by market cap on Decemb,B 加密阈值,0.085,0.086,0.08549999999999999,0.000999999999999987,6954.378448,992858.6546049999,18.0,50,4.5,finance_prices_fees,True,9875273331604434310973374077817381730908757452538191940842519381772366848
Will Arizona Cardinals win the 2027 NFL NFC Championship?,E 选举/政治,0.004,0.005,0.0045000000000000005,0.001,0.0,989439.475509,0.0,50,4.5,sports_fees_v2,True,47668531919523476693653467483222286354918168915244462140715720192910477494932
"Will Russia capture Sumy by March 31, 2027?",F 地缘政治,0.05,0.06,0.055,0.009999999999999995,0.0,448940.602908,3.0,30,6.5,,False,53233529358602879115478722993262404502732073224174276202211965211706009589067
Will Google have the best AI model at the end of October 2026?,H 未分类,0.691,0.692,0.6915,0.0010000000000000009,10078.465627,448740.9375589999,100.0,100,4.5,tech_fees,True,111088620532234518037120406087772586039940496346205331791940213760503764823657
LoL: Natus Vincere vs JD Gaming (BO3) - Demacia Cup Global Invitationa,H 未分类,0.26,0.27,0.265,0.010000000000000009,448651.558097,448648.9905320001,0.001,50,4.5,sports_fees_v3,True,88721751813598262325328365311926266077061533986976804346604236532100561776809
Will North Korea invade South Korea before 2027?,F 地缘政治,0.021,0.031,0.026000000000000002,0.009999999999999998,5.04,448527.62139200006,0.001,0,0.0,,False,14585618186186946549733724355927128735197195541609100736978645150463981689172
Israel and Saudi Arabia normalize relations before 2027?,H 未分类,0.036,0.058,0.047,0.022000000000000006,0.0,448053.9506109999,0.001,0,0.0,,False,86727316187077924188803504745015598973723867072517640274231186919208073176698
Will Anthropic's valuation hit (HIGH) $2.5T by December 31?,H 未分类,0.45,0.46,0.455,0.010000000000000009,36.685654,446819.33241699997,20.0,20,6.5,finance_prices_fees,True,35761751916294233968960983132073919395882149621754610498913351081198116257321
Will Luis Diaz win the 2026 Ballon d'Or?,E 选举/政治,,0.001,,,1790.0,445964.2919999999,0.0,100,2.5,sports_fees_v2,True,10270259122904576625713794259677323606251651109288833081827776714048972166811
Will the upper bound of the target federal funds rate be 4.25% at the ,H 未分类,0.611,0.748,0.6795,0.137,6.16,445818.54473799997,0.001,20,3.5,economics_fees,True,89500673908097597906591339142232589618046825453146074245854666302243957916021
Will Milwaukee Brewers win the 2026 National League Championship Serie,E 选举/政治,0.381,0.395,0.388,0.014000000000000012,2691.935063,445139.444222,101.0,100,4.5,sports_fees_v2,True,8788090318325591190287070739626236707827364287307218756434165026978507520583
Will Yulia Navalnaya win the Nobel Peace Prize in 2026?,E 选举/政治,0.05,0.054,0.052000000000000005,0.003999999999999997,29557.555044,444343.066188,0.0,200,4.5,culture_fees,True,3494130919441794744300504897798612438496650716124466384425423765833752918969
Will the Republicans win the Ohio Senate race in 2026?,E 选举/政治,0.38,0.39,0.385,0.010000000000000009,11025.807406,443077.82620400004,51.0,60,6.5,politics_fees,True,69908185249078099348466099388148864764525845923415294308139153388799352317616
Will Bad Bunny be the top artist for 2026?,H 未分类,0.89,0.91,0.9,0.020000000000000018,1019.08,441715.68385400006,17.0,20,4.5,culture_fees,True,84559926953146780213236573115780107039976526543427713229500373094335659185505
Will Gholam-Ali Haddad-Adel be head of state in Iran end of 2026?,F 地缘政治,,0.001,,,0.0,441590.1319699999,0.0,100,5.5,,False,36315446430052875158265155114292504377243100379012534035767597435000143198228
Will Tampa Bay Rays win the 2026 American League Championship Series?,E 选举/政治,0.607,0.639,0.623,0.03200000000000003,2812.348535,439552.9999749999,11.0,50,4.5,sports_fees_v2,True,96606155658478414754127354199703974586748573232690385348704143691264036343566
Will Massoud Rajavi be head of state in Iran end of 2026?,F 地缘政治,,0.002,,,24701.434999999998,436647.33644800005,0.0,100,5.5,,False,56971265181777963578812042298810798590085894462476928769356591220479741711867
Any of the Cornell 7 charged with a felony sex crime?,H 未分类,0.28,0.29,0.28500000000000003,0.009999999999999953,2075.13,436144.45795899973,1000.0,100,4.5,politics_fees,True,32240366135405480257806905027339601411417808375215487592459264881322095339231
Will Zoom Video Communications be acquired before 2027?,H 未分类,0.06,0.061,0.0605,0.0010000000000000009,0.0,430784.57716199954,5.0,20,5.5,tech_fees,True,10538331956394905120776033013346066342146917654088822269793078628605509844130
Will Carson Williams win the 2026 AL Rookie of the Year award?,E 选举/政治,,0.001,,,0.0,430628.0315,0.0,20,4.5,sports_fees_v2,True,66829320587014833022715067250240428657274654327302933955024138150005640175456
StandX FDV above $1B one day after launch?,B 加密阈值,0.1,0.12,0.11,0.01999999999999999,0.0,429978.51297400007,3.0,30,4.5,crypto_fees_v2,True,67915997832395216334301670385675991359862233464023518284170016683759323244746
Will Zelenskyy and Putin not meet before 2027?,H 未分类,0.93,0.94,0.935,0.009999999999999898,1821.307143,429813.81582300004,0.001,0,0.0,,False,79785869153488116125585882351533672227064414203253987761686968264163478391224
Will Bodø/Glimt win the 2026-27 UEFA Champions League Championship?,E 选举/政治,0.002,0.003,0.0025,0.001,10.0,428226.822548,0.0,50,4.5,sports_fees_v2,True,113565046539594615041447428525881640706571978077687360683724924262092204991483
Will Anthropic's valuation hit (HIGH) $5.0T by December 31?,H 未分类,0.041,0.045,0.043,0.003999999999999997,2302.89,428067.9327020001,20.0,50,6.5,finance_prices_fees,True,100545058914138987825461790896782690436794115352568353680229826134751394161380
Will Jiří Procházka be the UFC Light Heavyweight Champion on December ,H 未分类,0.002,0.006,0.004,0.004,0.0,426444.835298,0.0,50,4.5,sports_fees_v2,True,33535761066992399595703241564195091306139412330110625045869489003498121843144
Will Saeed Jalili be head of state in Iran end of 2026?,F 地缘政治,,0.002,,,24953.4,425049.4166550002,0.0,100,4.5,,False,40839296607100054992696453096649835441756766770237220555851470774948085973723
Will Lucie Castets win the 2027 French presidential election?,E 选举/政治,,0.001,,,0.0,423770.21799999994,0.0,50,5.5,politics_fees,True,89902643301862518193976320880693250599914520768219104645777191369530892062368
Metamask FDV above $2B one day after launch?,B 加密阈值,0.029,0.036,0.0325,0.006999999999999996,0.0,423379.46040699986,3.0,30,4.5,crypto_fees_v2,True,94120399411978925018563650270691769293212315658863591054992105782706185155787
Iran leadership change by October 31?,F 地缘政治,0.017,0.018,0.0175,0.0009999999999999974,28718.716286,422928.19444700005,0.0,200,4.5,,False,76758908365678711322172114828022663697257752796914712513878834641665977747840
Will Bruno Mars be the top artist for 2026?,H 未分类,0.012,0.017,0.0145,0.005000000000000001,503.54,422867.99841899995,0.0,20,4.5,culture_fees,True,109408722309726159994284194907981745959708334274938135190768342039858793034476
Will Avengers: Doomsday have the best domestic opening weekend in 2026,H 未分类,0.36,0.37,0.365,0.010000000000000009,51.447028,422753.51659199997,25.0,50,4.5,culture_fees,True,37573228338665283688604106386288247955339098122616134537282110500293411203970
Will GTA 6 cost $100+?,H 未分类,0.016,0.019,0.0175,0.002999999999999999,0.0,421017.737509,0.0,0,0.0,culture_fees,True,81606696652149593451341292059574916406418494490560220323273518674327353487066
Will there be between 11 and 13 earthquakes of magnitude 7.0 or higher,H 未分类,0.23,0.37,0.3,0.13999999999999999,0.0,420064.57141499995,0.0,0,0.0,,False,53690317089366474143234098661596586722077438719337429627862224648098471810135
Will Anthropic or OpenAI IPO first?,H 未分类,0.957,0.96,0.9584999999999999,0.0030000000000000027,2580.02,420025.29893000005,50.0,100,4.5,finance_prices_fees,True,51304003362239709880504968390039580061990214698769992358487552410838121726408
"Will Abstract launch a token by December 31, 2026",B 加密阈值,0.021,0.031,0.026000000000000002,0.009999999999999998,4616.130869,415036.119882,3.0,30,4.5,crypto_fees_v2,True,105292534464588119413823901919588224897612305776681795693919323419047416388812
Kash Patel out by December 31?,H 未分类,0.19,0.2,0.195,0.010000000000000009,1088.34,413665.1748590001,5.0,20,6.5,politics_fees,True,53234778776980446933865634417069505413088346571446174643595097158969361636244
Will the Democrats win the South Carolina Senate race in 2026?,E 选举/政治,0.15,0.16,0.155,0.010000000000000009,33212.51091199999,413381.42506199994,26.0,50,4.5,politics_fees,True,30718966535311015751929217398361750334834655110246828806892843311659716192347
Will Doug Burgum win the 2028 US Presidential Election?,E 选举/政治,,0.001,,,0.0,413345.886333,0.0,20,5.5,politics_fees,True,94314941650039047289265493612932677665453822154521043846008907983710285812703
Will China blockade Taiwan in 2026?,F 地缘政治,0.04,0.046,0.043,0.005999999999999998,6597.58,412270.067629,3.0,50,4.5,,False,65690291927311053038729636064393178237016575706040697041146545333078252381107
Will Alexandru Nazare be the next Prime Minister of Romania?,H 未分类,0.095,0.099,0.097,0.0040000000000000036,314.25040500000006,409314.66121299996,13.0,60,6.5,politics_fees,True,53608778687946526087931275341829969687544820721765237719012884473441162777718
Will New York Jets win the 2027 NFL AFC Championship?,E 选举/政治,0.004,0.005,0.0045000000000000005,0.001,0.0,408740.433938,0.0,50,4.5,sports_fees_v2,True,109521602068127513936127261544859170509307564927607939567244654697654552330870
Will the Fed increase interest rates by 50+ bps after the December 202,C 经济指标,0.029,0.032,0.0305,0.002999999999999999,33061.509841,404879.179737,0.0,50,4.5,economics_fees,True,35090254409399344650860070211816464534198960801264823587796928404808383727584
Fed rate cut by December 2026 meeting?,C 经济指标,0.026,0.037,0.0315,0.011,773.1240359999999,403935.329692,5.0,50,4.5,economics_fees,True,85002355202646770038788297383084634166875614093071220064343011133051368772502
"Will any country leave NATO by December 31, 2026?",H 未分类,0.028,0.068,0.048,0.04000000000000001,0.0,403836.1758299999,0.001,0,0.0,,False,97672112380588518658859221422581522664938121648778223046012006536512218182756
Will the Democrats win the Iowa Senate race in 2026?,E 选举/政治,0.45,0.46,0.455,0.010000000000000009,12965.665592000001,402904.304095,101.0,80,6.5,politics_fees,True,90689690530039118737607894922148077480097700217322320781526913496162509181445
Will Saudi Arabia join the Abraham Accords before 2027?,H 未分类,0.04,0.05,0.045,0.010000000000000002,0.0,402704.63918199996,50.0,200,3.5,,False,44330303251518041570433466737679109932061477358497939773558457869950245007155
Will Vancouver Whitecaps FC win the 2026 MLS Cup?,E 选举/政治,0.21,0.228,0.219,0.018000000000000016,182.949361,401679.697549,0.0,0,0.0,sports_fees_v2,True,79217367442690238638917486333357105644244950668519102690785888214816107087529
Will Israel strike 10 countries in 2026?,H 未分类,0.008,0.02,0.014,0.012,0.0,401549.39456,0.0,20,3.5,,False,48494628944775085390436669434326662266895646568703280470899894990537660398702
Iran full airspace closure by December 31?,F 地缘政治,0.24,0.25,0.245,0.010000000000000009,4294.181172,400581.5839290001,20.0,50,4.5,,False,29437165757872171455593111483309548889820974982069052877568301892400345063381
Will Venezuela become 51st state?,F 地缘政治,0.021,0.022,0.0215,0.0009999999999999974,323.11,397085.187923,0.0,0,0.0,,False,66819606709568788798786770757843818462855851788687241153725312850374645084893
Will John N. Kennedy win the 2028 US Presidential Election?,E 选举/政治,,0.001,,,0.0,394918.97066600004,0.0,20,4.5,politics_fees,True,61376537780820968688230468137773433996457038190018192165125329985229525512432
Will Tim Scott win the 2028 US Presidential Election?,E 选举/政治,,0.001,,,0.0,393038.48083300004,0.0,20,4.5,politics_fees,True,24908228760416922213612434617001183346078469158297998009944252494961344688838
Will Fenerbahçe win the 2026-27 UEFA Champions League Championship?,E 选举/政治,0.002,0.003,0.0025,0.001,10.0,390625.446337,0.0,50,4.5,sports_fees_v2,True,105987988627088062917900078472998990392914885926056840667798015309483025020431
"Will Bitcoin reach $87,500 in October?",B 加密阈值,0.5,0.51,0.505,0.010000000000000009,28081.672293,390283.896088,0.0,50,4.5,crypto_fees_v2,True,60853708478456543766262549859214991255573301006704578370875039498477095018713
"Will Russia invade a NATO country by December 31, 2026?",F 地缘政治,0.05,0.06,0.055,0.009999999999999995,1760.179287,389599.169055,0.001,50,4.5,,False,23530003628454702082168799022501270830098851824883932803252713402311376262723
"Will Variational launch a token by December 31, 2026?",B 加密阈值,0.863,0.864,0.8634999999999999,0.0010000000000000009,64.6,388390.852751,1.0,20,6.5,crypto_fees_v2,True,44442174423255410949283280038699708627678172869731971445934228685080227158529
Will David Brekalo win 2026 MLS Defender of the Year?,H 未分类,0.013,0.049,0.031,0.036000000000000004,0.0,388219.9146000001,0.0,20,4.5,sports_fees_v2,True,60661436206383339038888392695174127785637287788544160641732873864326329191345
"Pedro Sánchez out as PM of Spain by December 31, 2026?",H 未分类,0.29,0.3,0.295,0.010000000000000009,7120.330066000001,388080.53445199993,300.0,100,4.5,,False,38943156005562933924590395107769174031077435060879703425069135833415221550151
Will Ofer Winter be the next Prime Minister of Israel?,H 未分类,0.006,0.008,0.007,0.002,1939.2923890000002,387493.52190200007,0.0,20,7.5,,False,9934113093655416680286628757466195390541433919926679748365064383588582773497
Will Liverpool win the 2026-27 UEFA Champions League Championship?,E 选举/政治,0.04,0.05,0.045,0.010000000000000002,254.26,386767.67083600006,0.0,50,4.5,sports_fees_v2,True,8193681255314680130463293913377900791697724543108576171134288378615851319182
Will Mike Johnson win the 2028 US Presidential Election?,E 选举/政治,,0.001,,,0.0,386014.576,0.0,20,4.5,politics_fees,True,12167445601241038494598627746141164571603283042691642667221433294800793091205
Will Puma Shen win the next Taipei Mayor election?,E 选举/政治,0.226,0.227,0.2265,0.0010000000000000009,28348.621226000003,385823.7060860001,10.0,60,6.5,politics_fees,True,71621185653281721927174401118354054745399424014255544529977515442951477963801
Will Strait of Hormuz traffic not return to normal in 2026?,H 未分类,0.81,0.83,0.8200000000000001,0.019999999999999907,395.4,383700.24251,17.0,50,8.5,,False,78565964677256576716355908364098575015833674426012380259849061634608497178931
Metamask FDV above $4B one day after launch?,B 加密阈值,0.019,0.025,0.022,0.006000000000000002,158.47,382509.9463450002,3.0,30,4.5,crypto_fees_v2,True,88676221230600953130642189921619099583358737701404992595512476614976486057308
Will Christian Anderson win the 2026-27 NBA Rookie of the Year?,E 选举/政治,0.001,0.002,0.0015,0.001,0.0,375809.5269,0.0,100,3.5,sports_fees_v2,True,9488689645123491597448929024657218012236924739212490384737307265754490151630
Will Iliana Iotova win the next Bulgarian presidential election?,E 选举/政治,0.86,0.88,0.87,0.020000000000000018,25698.167000999994,373067.952514,94.0,80,6.5,politics_fees,True,50441114645457108268892324313719484550984676393068151334263975251311332365159
Will Cole Young win the 2026 AL Platinum Glove award?,E 选举/政治,0.002,0.005,0.0035,0.003,0.0,372222.53900000005,0.0,50,4.5,sports_fees_v2,True,26248509543926935771151232708732502291323646798246008524624576310015402824724
Will Venezuela recognize Israel by December 31?,F 地缘政治,0.13,0.15,0.14,0.01999999999999999,31.87,372055.16781200015,3.0,50,4.5,,False,46678549643025579481434878349219096040657504404574548129471310417977794255568
Will Bernard Arnault be richest person on December 31?,H 未分类,0.002,0.003,0.0025,0.001,0.0,369168.541354,0.0,20,3.5,culture_fees,True,62230369692965391996816485777716459159940290554215775146510631449502461779830
Will Simona Mohamsson be the next Prime Minister of Sweden?,H 未分类,,0.002,,,0.0,368861.3542420001,0.0,50,4.5,politics_fees,True,73303082510342190766222719296890807075370391273752895784553712328433386187648
Will the Fed’s lower bound reach 2.75% or lower before 2027?,C 经济指标,0.022,0.031,0.0265,0.009000000000000001,0.0,367190.90929000004,5.0,20,3.5,economics_fees,True,17682183447223123479988952873452690236608652508609100470364905844731048770925
"Will Kamaru Usman be the UFC Welterweight Champion on December 31, 202",H 未分类,,0.001,,,0.0,367158.0565719999,0.0,20,3.5,sports_fees_v2,True,43532644668373301788505976258992757602292947093143643906774836562314689589635
Variational FDV above $2B one day after launch?,B 加密阈值,0.291,0.299,0.295,0.008000000000000007,25350.921948,366899.719105,50.0,100,4.5,crypto_fees_v2,True,6789873952091572436927672760363727791234053330064674646875540682660258632474
Anduril IPO before 2027?,H 未分类,0.007,0.036,0.0215,0.028999999999999998,0.0,365078.592529,0.0,0,0.0,finance_prices_fees,True,41360386508824407909687688676013929824439320010172810067606132053436708047510
"Will Bitcoin reach $150,000 in October?",B 加密阈值,0.002,0.003,0.0025,0.001,97855.45151099999,364499.05291,0.0,50,4.5,crypto_fees_v2,True,41251280258301071693658139147514794627654924789315378408251020029063087170571
Will the Democrats win the Wisconsin governor race in 2026?,E 选举/政治,0.81,0.82,0.815,0.009999999999999898,4122.79,364145.989449,48.0,60,6.5,politics_fees,True,47540146623620182724372695903724852067595146419459482790641441152489267651664
US x Iran ceasefire continues through December 31?,F 地缘政治,0.33,0.35,0.33999999999999997,0.019999999999999962,14181.352142,362794.9226660002,50.0,200,6.5,,False,30473344794239220995088264915766809943868068209555159167607047748901899155342
"Iran leadership change by June 30, 2027?",F 地缘政治,0.22,0.23,0.225,0.010000000000000009,1255.652175,361779.1756149999,50.0,200,4.5,,False,111276404375702197631490084454408676428467812183008596134972107434415063561125
US x Iran ceasefire continues through October 15?,F 地缘政治,0.86,0.89,0.875,0.030000000000000027,122163.286168,361228.0968310002,100.0,200,6.5,,False,16433157430487286816362342013001121290769377529788531146050707169389503371968
Ink FDV above $500M one day after launch?,B 加密阈值,0.13,0.14,0.135,0.010000000000000009,2128.11,359476.963237,5.0,50,4.5,crypto_fees_v2,True,111038777903810500955184501816954346973829614534020117303301259782775956752807
Will there be at least 12500 measles cases in the U.S. in 2026?,H 未分类,0.062,0.079,0.07050000000000001,0.017,17.0,358730.965621,1.0,20,4.5,,False,31849040064920107698914811786278389743143314546113662294214624430980572188270
Iran-Oman Hormuz Agreement by October 31?,F 地缘政治,0.19,0.2,0.195,0.010000000000000009,47294.90168,357684.94098599994,3.0,20,6.5,,False,114506934001399078694836850376018822858090819663109665715795770146036210185589
Will Dan Sullivan win the Alaska Senate race in 2026?,E 选举/政治,0.26,0.27,0.265,0.010000000000000009,14589.928154,356355.614762,102.0,80,6.5,politics_fees,True,2618138322856109565904469085316346602627882727483900432328802655317079880335
Will the Republicans win the Iowa Senate race in 2026?,E 选举/政治,0.54,0.55,0.545,0.010000000000000009,12323.112079,356315.20046,99.0,80,6.5,politics_fees,True,107844449523890311740907586041395758413047559802389895859202256336422357556837
Will Israel strike 13 countries in 2026?,H 未分类,0.001,0.003,0.002,0.002,69.162,355907.231774,0.0,20,3.5,,False,20246468210204366672602276815147625372818422602945993805426360533096682523703
Will Ali Asghar Hejazi be head of state in Iran end of 2026?,F 地缘政治,,0.001,,,0.0,355628.93761299993,0.0,50,3.5,,False,41213660854222149363208117263028201604443131824203172593123902102133093233120
"Will Exponent launch a token by December 31, 2026?",B 加密阈值,0.09,0.11,0.1,0.020000000000000004,0.0,355612.106904,3.0,30,4.5,crypto_fees_v2,True,107051386265764130527807198143169937768144465125910287278604972579738649528275
Will the US confirm that aliens exist by October 31?,H 未分类,0.008,0.009,0.0085,0.0009999999999999992,28299.475952000004,353691.627654,0.0,50,4.5,politics_fees,True,114778773863960651133544528372842265754062506228638835147326321969265556602981
UAE x Qatar sever diplomatic relations in 2026?,H 未分类,0.049,0.059,0.054,0.009999999999999995,0.0,353115.286294,2.0,200,4.5,,False,60228900691162727736836494932122398374963281300711395670183077801200527246450
Will 1 Fed rate hike happen in 2026?,C 经济指标,0.22,0.24,0.22999999999999998,0.01999999999999999,10628.427654,351085.07336100016,200.0,50,3.0,economics_fees,True,10794185539938166264529978232135935848891793868408465101932418600198129428212
Will Eugen Tomac be the next Prime Minister of Romania?,H 未分类,0.014,0.018,0.016,0.003999999999999998,88.89,350290.0601899999,0.0,100,6.5,politics_fees,True,73073237485169728419225645332288899509584114415364903557818008231922464600397
Predict.fun FDV above $600M one day after launch?,B 加密阈值,0.62,0.65,0.635,0.030000000000000027,1432.43,349293.13707500004,5.0,50,4.5,crypto_fees_v2,True,4490814605255437721834697885721415304560272885486538452196463752914904507037
Will any Category 4 hurricane make landfall in the US in before 2027?,D 天气,0.12,0.16,0.14,0.04000000000000001,98.235295,348432.002892,1.0,20,6.5,,False,99651361099608953982756497253689593882335378715790744006963375820984581896327
US x Iran ceasefire continues through November 30?,F 地缘政治,0.4,0.42,0.41000000000000003,0.019999999999999962,15512.511970000001,347925.75167400006,50.0,200,6.5,,False,1759128163540908136861900527987306673081148337830189221001436012323578054934
Will Jakob Glesnes win 2026 MLS Defender of the Year?,H 未分类,0.008,0.009,0.0085,0.0009999999999999992,0.0,347423.344026,0.0,20,4.5,sports_fees_v2,True,42810378885402355537934335098973478048187774877942434416081588879100272684677
Will Las Vegas Raiders win the 2027 NFL AFC Championship?,E 选举/政治,0.011,0.036,0.0235,0.024999999999999998,0.0,346981.46649400005,0.0,50,4.5,sports_fees_v2,True,10098333545876719850273393239468673721492288764815298281261572033159144977366
Will Anthropic’s market cap be less than $100B at market close on IPO ,B 加密阈值,,0.001,,,0.0,177591.98468099997,0.0,50,4.5,finance_prices_fees,True,42906837497063514189450814738546219598528332674587329244431103998780590825075
US takes Panama Canal before 2027?,H 未分类,0.015,0.032,0.0235,0.017,0.0,177509.74498800002,0.0,0,0.0,,False,69008261707147190224085600022014883080394632469747216729293676850312272918310
"Will Tempo launch a token by December 31, 2026?",B 加密阈值,0.03,0.05,0.04,0.020000000000000004,0.0,177185.34035999997,3.0,30,4.5,crypto_fees_v2,True,334216271239873544450823244049954848669568835868754867477781292290956396325
"Will Bitcoin reach $102,500 in October?",B 加密阈值,0.023,0.025,0.024,0.0020000000000000018,52466.331870999995,176259.28076399997,0.0,50,4.5,crypto_fees_v2,True,17914254906987821103954724968898702177477465264491908783238145921759658492433
Will Arc launch a token by December 31 2026?,B 加密阈值,0.08,0.11,0.095,0.03,0.0,176254.82999499995,3.0,30,4.5,crypto_fees_v2,True,71078398046052513900454776889035397076918632655062606631549824290745001594270
Will Cătălin Predoiu be the next Prime Minister of Romania?,H 未分类,0.003,0.005,0.004,0.002,220.15,176119.84007600002,0.0,50,4.5,politics_fees,True,85809456241059244412179341065978090917861259273567129087652308105773712019870
Will OpenAI’s market cap be between $500B and $750B at market close on,B 加密阈值,0.002,0.006,0.004,0.004,0.0,175951.12862200002,0.0,100,4.5,finance_prices_fees,True,36088399593046466421453063228085042771351246231742717370399696243183381174466
Will the 10-year Treasury yield hit 5.5% before 2027?,H 未分类,0.497,0.524,0.5105,0.027000000000000024,8489.323147,175530.245423,50.0,50,6.5,economics_fees,True,108315584853799729838614333748063377472256875592940383916811669252949563879956
"Will Bitcoin reach $100,000 in October?",B 加密阈值,0.04,0.05,0.045,0.010000000000000002,31742.287671000002,175037.35044300003,0.0,50,4.5,crypto_fees_v2,True,14921318335552450030431574095915413074609297124930453526360718034146246382072
"Will Russia capture Orikhiv by December 31, 2026?",F 地缘政治,0.21,0.22,0.215,0.010000000000000009,1418.363144,174864.96855400002,5.0,50,6.5,,False,70869344402434993675450584200914049792154818983097201527094169539685062716237
Jerome Powell out from Fed Board by December 31?,C 经济指标,0.18,0.28,0.23,0.10000000000000003,0.0,174163.491246,2.0,100,3.5,politics_fees,True,22801850234146882171623964647122386741389461559306988855789494206399090605744
Will Turkey schedule early presidential elections in 2026?,H 未分类,0.04,0.05,0.045,0.010000000000000002,0.0,174069.36343400003,5.0,200,4.5,politics_fees,True,83693804208396716284002687549362911199684908464320546181399254251113320358793
"Next US-Iran senior diplomatic meeting by October 31, 2026? (copy)",F 地缘政治,0.16,0.17,0.165,0.010000000000000009,12532.889806,173951.96765200005,50.0,50,6.5,,False,7373188953998978763750058668697245745563786219903783592564578761427965359894
Will Anthropic's market cap be between $1.75T and $2.0T at market clos,B 加密阈值,0.16,0.17,0.165,0.010000000000000009,1902.592373,173679.27434899998,90.0,50,4.5,finance_prices_fees,True,45517673568329213011628206692415591806951323843085365275618265124514828297886
Foreign intervention in Gaza by December 31?,F 地缘政治,0.11,0.12,0.11499999999999999,0.009999999999999995,0.0,173561.12429799995,10.0,200,4.5,,False,89852498168327899435415529012434200975131340610049364649218486317872183968443
James Comey sentenced to Prison in 2026?,H 未分类,0.007,0.016,0.0115,0.009000000000000001,0.0,173473.60888099982,0.0,50,4.5,,False,15831217439442241818621115070529893833286457713159912572923944019666009974338
Will Austria recognize Palestine before 2027?,H 未分类,0.027,0.055,0.041,0.028,0.0,173415.11122199992,0.0,20,3.5,politics_fees,True,48231183216571643313157297374589383018034610842876126346275028070200172098914
Will Jonah Heim win the 2026 AL Platinum Glove award?,E 选举/政治,0.001,0.002,0.0015,0.001,0.0,172440.17200000002,0.0,20,4.5,sports_fees_v2,True,80024150228370993672940235833337378912239062951324369478010891197306310736971
Insurrection Act invoked by December 31?,H 未分类,0.1,0.11,0.10500000000000001,0.009999999999999995,25.0,171685.551127,1.0,20,6.5,politics_fees,True,83913782129625990038392446861662263440481724210183068438420029953791573220565
"Aziz Akhannouch out as Morocco Prime Minister by December 31, 2026?",H 未分类,0.873,0.958,0.9155,0.08499999999999996,7.810219,171567.35936999993,0.0,0,0.0,politics_fees,True,49913535691357405888189005795777119729203074497784553050607906527813175648482
Will Consensys IPO by December 31 2026?,H 未分类,0.023,0.04,0.0315,0.017,0.0,171470.04497000002,0.0,0,0.0,tech_fees,True,4927822480860592396593692483043642132200897775575124930148385016112430190854
"Will Ohio enact a data center moratorium by December 31, 2026?",H 未分类,0.05,0.06,0.055,0.009999999999999995,271.96,171223.737132,500.0,200,3.5,politics_fees,True,68236442884985067383872546412519493826154858257547212819513846583608803216256
"Will OpenAI launch a new consumer hardware product by October 31, 2026",H 未分类,0.04,0.05,0.045,0.010000000000000002,25.24,170986.69846800002,0.0,20,4.5,tech_fees,True,80200285462798255511528092965117324052906426974497880890509227715056059741986
Will Kansas City Chiefs win the 2027 NFL AFC Championship?,E 选举/政治,0.19,0.2,0.195,0.010000000000000009,31.51,170665.515549,3.0,20,4.5,sports_fees_v2,True,5076386579073864193707459507041942107897749047382054697895954527358150359110
Will Stripe have the highest IPO Market Cap 2026?,B 加密阈值,,0.001,,,0.0,169286.96452700003,0.0,100,2.5,finance_prices_fees,True,8837120204306422938197203421991818757031654494089483840905234277114958337752
Will Lebanese Forces win the most seats in the 2026 Lebanese parliamen,E 选举/政治,,0.005,,,0.0,169167.09404300002,0.0,50,4.5,politics_fees,True,87642614357323890674359377090273962228524796593129565820321228258144846182408
Will no listed leader be out before 2027?,H 未分类,0.38,0.39,0.385,0.010000000000000009,2333.922632,169116.86617800003,49.0,50,6.5,,False,61739059723378834449840109934045252302791535422930838093523877308955890707762
Valorant: 100 Thieves vs G2 Esports (BO3) - VCT Champions Playoffs,H 未分类,0.64,0.65,0.645,0.010000000000000009,159800.56082599997,169092.61796199996,0.001,50,4.5,sports_fees_v3,True,17272296861318676766114007638852651067176464357566184340833578832990301317640
Bears vs. Packers,H 未分类,0.53,0.54,0.535,0.010000000000000009,118859.39683099999,168741.34884999998,0.0,50,4.5,sports_fees_nfl_cfb_oct26,True,63546091087240539748724947550196129065614606331910011695218131445029473790201
Any country withdraws from EU before 2027?,H 未分类,0.026,0.03,0.027999999999999997,0.004,51.33,168686.02292100003,0.0,0,0.0,,False,4472886865032838397810424393210272060370009201422264476823029103002744099016
"Will Bitcoin dip to $75,000 in October?",B 加密阈值,0.3,0.31,0.305,0.010000000000000009,32723.678914999993,168638.007662,0.0,50,4.5,crypto_fees_v2,True,65710340847928463620991566082994656002922673891777077235559888767925599088131
"Will Bitcoin reach $97,500 in October?",B 加密阈值,0.07,0.08,0.07500000000000001,0.009999999999999995,19617.161385,168257.32556400003,0.0,50,4.5,crypto_fees_v2,True,109800526277315231209722429316036702247205543438618130834410289059200560794384
"Will Brendan Allen be the UFC Middleweight Champion on December 31, 20",H 未分类,,0.001,,,0.0,168257.05240999997,0.0,20,3.5,sports_fees_v2,True,38416533755856486153860605656344701103712077847683633171501272019094215711959
Will Dune: Messiah have the best domestic opening weekend in 2026?,H 未分类,,0.001,,,0.0,168184.70533999996,0.0,50,4.5,culture_fees,True,22247421012093893750467262700634578519448668534558135497264600391716954786894
"Will Caio Borralho be the UFC Middleweight Champion on December 31, 20",H 未分类,,0.001,,,0.0,168146.112265,0.0,20,3.5,sports_fees_v2,True,104105802382507915754579463429629828737664520404647439662618391235451262025658
"Israeli airspace closed by October 31, 2026?",H 未分类,0.07,0.08,0.07500000000000001,0.009999999999999995,17575.234359000002,167840.78953200005,20.0,50,6.5,,False,91219278813071406717237930212216851605529418582858781059341004513963937847269
"Will Anthropic announce bankruptcy by December 31, 2028?",H 未分类,0.18,0.19,0.185,0.010000000000000009,0.51,167722.48081300003,500.0,200,4.5,tech_fees,True,110580303973169501361695245404449400800279879575145980020784253025217159443227
Will the Republicans win the Michigan governor race in 2026?,E 选举/政治,0.065,0.067,0.066,0.0020000000000000018,1017.6549769999999,167615.39861999996,50.0,60,6.5,politics_fees,True,3091929947863726371877226324959784580013579280794631063604653957812689085396
Milei out as President of Argentina before 2027?,E 选举/政治,0.016,0.027,0.0215,0.011,0.0,167480.97955199998,0.0,0,0.0,politics_fees,True,22818362454895054123528076224469456406465194650357146448730729695472131427261
"Will Marcin Tybura be the UFC Heavyweight Champion on December 31, 202",H 未分类,,0.001,,,0.0,167066.17164500002,0.0,20,3.5,sports_fees_v2,True,80459787784855252272367140490722813606477808080304108085492570580603348095938
Mistral AI IPO before 2027?,H 未分类,0.016,0.025,0.0205,0.009000000000000001,0.0,166935.493136,3.0,50,4.5,finance_prices_fees,True,59882819080993378517421421718790840646191419182127143698531813340380148096554
Will Tom Begich win the 2026 Alaska governor election?,E 选举/政治,0.007,0.014,0.0105,0.007,0.0,166331.505992,0.0,20,4.5,politics_fees,True,88923835626751439335001852098823598444201043849577093630790185644778054232354
Ukraine agrees not to join NATO before 2027? ,F 地缘政治,0.034,0.065,0.0495,0.031,3060.21,166072.052928,0.0,0,0.0,,False,67434096485422898960094679900824428370678719833905981124759661668295489882630
Will Syria join the Abraham Accords before 2027?,H 未分类,0.04,0.06,0.05,0.019999999999999997,0.0,166030.24385,0.0,0,0.0,,False,787170291302302153997884307668830963927797223952711045136721008061721679993
Variational FDV above $4B one day after launch?,B 加密阈值,0.062,0.088,0.075,0.025999999999999995,1365.593723,165662.83646700002,5.0,50,4.5,crypto_fees_v2,True,39411238579622645874442602601547159637773105441014898030406210025669398022454
"Will Solana reach $600 by December 31, 2026?",B 加密阈值,0.002,0.003,0.0025,0.001,286.81,165395.19342199995,0.0,0,0.0,crypto_fees_v2,True,60439806692871734282263527699857865985707456979301205077689278354683462925765
Will Beyoncé be the top artist for 2026?,H 未分类,0.001,0.002,0.0015,0.001,449.02,165323.04739400005,0.0,100,2.5,culture_fees,True,68682941687946159092109471523402081762244652970943030009984394444937274201240
Will Washington Commanders win the 2027 NFL NFC Championship?,E 选举/政治,0.01,0.011,0.010499999999999999,0.0009999999999999992,0.0,164729.93628599998,0.0,40,4.5,sports_fees_v2,True,95992680022989590360064808732857685555171259671423130351546897914026921068055
Nord Stream pipeline turned on before 2027?,H 未分类,0.035,0.046,0.0405,0.010999999999999996,0.0,163673.681031,0.0,0,0.0,,False,17883565812385692919033074431368509269944503170327690253570087813703946722468
Will 7-8 SpaceX Starship launches successfully reach Space in 2026?,H 未分类,0.01,0.017,0.013500000000000002,0.007000000000000001,205.440635,163285.97382700004,0.0,20,3.5,tech_fees,True,1840177612036013575448372082807311040387833663832563938882269252171934676747
Will OpenAI’s market cap be $1.5T or greater at market close on IPO da,B 加密阈值,0.009,0.013,0.011,0.004,0.0,162990.481252,0.0,100,4.5,finance_prices_fees,True,42493289531592820306292191064557160874552640520793925047778017979799601355649
Will Atlanta Dream win the 2026 WNBA Finals?,E 选举/政治,0.44,0.45,0.445,0.010000000000000009,1950.20586,162688.36415399995,10.0,50,4.5,sports_fees_v2,True,30647209493707405631449473797786992931130255627709599709337779215700071033888
China coup attempt before 2027?,H 未分类,0.033,0.041,0.037000000000000005,0.008,187.34,162631.89628900005,0.0,0,0.0,,False,115217364772157181019374320252062026681372853306300980638660430427949865848890
"Russia x Ukraine ceasefire agreement by June 30, 2027?",F 地缘政治,0.49,0.52,0.505,0.030000000000000027,60.657308,162578.501464,1.0,20,6.5,,False,12371044810334815945437204785566448598704969234268355196784616531601747425896
Will Nicolás Maduro be sentenced to at least 60 years in prison?,H 未分类,0.28,0.32,0.30000000000000004,0.03999999999999998,388.64943199999993,162360.31720200003,5.0,20,3.5,,False,101856306106619561547484060337828195810676190048477336006217084007311032600729
StandX FDV above $2B one day after launch?,B 加密阈值,0.016,0.028,0.022,0.012,0.0,162298.43057399994,3.0,30,4.5,crypto_fees_v2,True,91704314893926682630262173189323479507523654326811286212694227574250670939827
"Will Predict.fun launch a token by December 31, 2026?",B 加密阈值,0.83,0.84,0.835,0.010000000000000009,14321.559763,162266.134829,50.0,100,4.5,crypto_fees_v2,True,114601905620399478366872883723128209209706772729401525531940325145395181519141
Will The Weeknd be the top artist for 2026?,H 未分类,0.001,0.002,0.0015,0.001,550.5400000000001,161204.046754,0.0,0,0.0,culture_fees,True,20552877126021963309330960377901114870262231239849696600236708023505406755774
Will the US reopen its embassy in Iran in 2026?,F 地缘政治,0.023,0.04,0.0315,0.017,0.0,160836.06370499998,0.001,0,0.0,politics_fees,True,54213045084040381850655794957078458856735663303348279211687545784642587687416
Will the Republicans win the New Hampshire Senate race in 2026?,E 选举/政治,0.1,0.11,0.10500000000000001,0.009999999999999995,1884.35,160759.765053,50.0,60,6.5,politics_fees,True,62227089537100115269143206481757249285124282589590263790284791475153705872216
Will the Republicans win the Nevada governor race in 2026?,E 选举/政治,0.43,0.45,0.44,0.020000000000000018,2834.880715,160632.48185100008,50.0,60,6.5,politics_fees,True,26514162544090965098284473937422427465088569867873952479707540387314217381282
Will xAI have the best AI model at the end of December 2026?,H 未分类,0.017,0.027,0.022,0.009999999999999998,3807.39,160601.27684500001,0.0,40,6.5,tech_fees,True,438228197299155092123951605741577797243893462557265199678631512660798614549
Will Benjamin Netanyahu be the next leader out before 2027?,H 未分类,0.25,0.28,0.265,0.030000000000000027,1289.40989,160510.692145,32.0,50,6.5,,False,93686489275920475528859958954371257010123638875258596645843494435268991938476
"Poilievre out as leader of Conservatives by December 31, 2026?",H 未分类,0.09,0.14,0.115,0.05000000000000002,0.0,159318.46729999996,0.0,20,3.5,politics_fees,True,59736848662097529610293978400620054879089948497116337912766009020050637830629
Abstract FDV above $3B one day after launch?,B 加密阈值,0.012,0.027,0.0195,0.015,30.0,158656.00696000006,3.0,30,4.5,crypto_fees_v2,True,84988825932254561689139868984747462316935591007949837666629200635220289630271
Ripple Labs IPO before 2027?,H 未分类,0.022,0.031,0.0265,0.009000000000000001,0.0,158150.23702300005,0.0,0,0.0,finance_prices_fees,True,53064735435943082896229789060556980462299092393496448053760217080993877300736
Will the Democrats win the New Hampshire Senate race in 2026?,E 选举/政治,0.88,0.9,0.89,0.020000000000000018,1278.070766,157918.258364,50.0,60,6.5,politics_fees,True,82410058691149830741200014405570918770267839390767234397030380747995715352939
Will Trump meet with Vladimir Putin in 2026?,H 未分类,0.8,0.81,0.805,0.010000000000000009,247.11,157768.25920100007,5.0,50,6.5,politics_fees,True,18834416841134066071294984543664581503830451370489897043834745342244995614332
Will US annex any territory in 2026?,H 未分类,0.038,0.057,0.0475,0.019000000000000003,49.94,157530.68064699994,0.0,20,3.5,politics_fees,True,81050281785712724763955892041726592565912212111782333683513123406627499127013
Will Zelenskyy and Putin meet next in Saudi Arabia before 2027?,H 未分类,0.002,0.003,0.0025,0.001,648.9775,157105.54468699996,0.0,20,3.5,,False,44554681108074793313893626424278471150091658237406724818592366780413111952248
Ramp IPO before 2027?,H 未分类,0.023,0.024,0.0235,0.0010000000000000009,0.0,156847.568902,3.0,50,4.5,finance_prices_fees,True,99096035875931075489959591539879571471018742388265540523550496049518921089404
Will Rafael López Aliaga win the next Lima mayoral elections?,E 选举/政治,0.916,0.929,0.9225000000000001,0.013000000000000012,212.54833499999998,156572.101224,40.0,55,6.5,politics_fees,True,54368828343592852948117971430187932280601261841531931629384057672409667011435
"NATO/EU troops fighting in Ukraine by December 31, 2026?",F 地缘政治,0.03,0.056,0.043,0.026000000000000002,0.0,155073.07868,0.0,50,4.5,,False,83822435716035660497147241422577858668594129234727507087266598622219382324322
Will 2 Fed rate hikes happen in 2026?,C 经济指标,0.66,0.67,0.665,0.010000000000000009,2612.801287,154907.74362000002,0.001,50,3.0,economics_fees,True,70385825801885444256285726169277138144171910910615374854814345084550291704671
Edi Rama out as Albania PM in 2026?,H 未分类,0.08,0.09,0.08499999999999999,0.009999999999999995,0.0,154477.298819,10.0,200,4.5,,False,145045208111386316454715843654273728653285860323010151305513018102171278805
"Will Elon Musk post 240-259 tweets from October 2 to October 9, 2026?",H 未分类,0.099,0.1,0.0995,0.0010000000000000009,95951.31669700003,154414.907291,8.0,50,5.5,culture_fees,True,83740503741644676392737004425579685442548913015969881789524541723039853813726
Will the upper bound of the target federal funds rate be 1.75% at the ,H 未分类,0.002,0.004,0.003,0.002,19.368000000000002,154372.50099599996,0.0,20,3.5,economics_fees,True,16142510462137475227869367321456992291659620114580902972224851745847257441642
Will the upper bound of the target federal funds rate be 1.25% at the ,H 未分类,0.003,0.004,0.0035,0.001,9.783999,154315.317806,0.0,20,3.5,economics_fees,True,1157443684511006167585906406655380617190907150100754776816041475587243788670
Will Zelenskyy and Putin meet next in Kazakhstan before 2027?,H 未分类,0.001,0.002,0.0015,0.001,2416.065,154094.28724700003,0.0,20,3.5,,False,54237553451748254358716138432515796896116382531843965080824241132102523930557
JD Vance out as VP by December 31?,H 未分类,0.033,0.039,0.036000000000000004,0.005999999999999998,11.11,153590.713465,1.0,20,6.5,,False,20184354284415668590668077814684363839133272052518277969290740331917242382911
Will the US strike 14 countries in 2026?,H 未分类,0.001,0.002,0.0015,0.001,0.0,153183.12175100003,0.0,0,0.0,,False,43662629442676959677405804059038142071301669726653435926232668919830294739811
Will the Republicans win the Ohio governor race in 2026?,E 选举/政治,0.32,0.33,0.325,0.010000000000000009,135.96,153137.940704,51.0,60,6.5,politics_fees,True,3104629708171062356498135654472461762731791851667035051301931240755518332250
Will Larry Page be richest person on December 31?,H 未分类,0.001,0.002,0.0015,0.001,0.0,153039.54707799997,0.0,20,3.5,culture_fees,True,76199611355494823610049787982059397100238286589584562178205366623141259654052
Opensea FDV above $100M one day after launch?,B 加密阈值,0.122,0.123,0.1225,0.0010000000000000009,833.4774740000001,152886.31110000002,5.0,50,4.5,crypto_fees_v2,True,15390584632108771016450588704807221443840679092964759511537241445184106992060
"Ukraine coup attempt by December 31, 2026?",F 地缘政治,0.03,0.063,0.0465,0.033,361.26,152483.44191200004,0.0,20,6.5,,False,104209493930484626461599619808970661351380133229042549779715424987319456661630
Will Ukraine agree to give up the rest of Donbas before 2027?,F 地缘政治,0.032,0.049,0.0405,0.017,0.0,152209.23802199995,0.001,0,0.0,,False,99658270261829491713660585297869579888803126817417167959650248677262260479153
Will the upper bound of the target federal funds rate be 1.5% at the e,H 未分类,0.001,0.003,0.002,0.002,0.0,152040.72061199998,0.0,100,2.5,economics_fees,True,24200688643010489802979414720922485726083898678543840432899131608248835588689
Will the ECB announce a 25 bps increase at the October 2026 meeting?,H 未分类,0.07,0.08,0.07500000000000001,0.009999999999999995,6915.894496999999,151791.49333599998,37.0,50,4.5,economics_fees,True,94848263203607789125512860435123110457668569401276741600575702258685414417653
Dana White's Contender Series: Ilias Bulaid vs. Erick Visconde (Feathe,H 未分类,0.53,0.6,0.565,0.06999999999999995,80.493334,151490.25939600007,0.0,50,4.5,sports_fees_v3,True,4807785747331786681076957214462972813913833149248814842865892288162935816432
Will the U.S. invade Colombia in 2026?,F 地缘政治,0.03,0.033,0.0315,0.0030000000000000027,5.15464,150569.99833499998,0.0,20,3.5,,False,110230977356176010384435703291877659094126946615135802610842454733775179813024
Will USDT market cap hit $200B before 2027?,B 加密阈值,0.4,0.601,0.5005,0.20099999999999996,0.0,150506.230692,0.0,20,3.5,crypto_fees_v2,True,69170306473064163780812013647523990069387767302750674849421091155270068626385
Will Zelenskyy talk to Putin by December 31?,H 未分类,0.07,0.08,0.07500000000000001,0.009999999999999995,301.637857,150362.28842499998,1.0,20,6.5,,False,61666207113543458040731109841267097447297801367663175984907072735800530129706
Will Cleveland Browns win the 2027 NFL AFC Championship?,E 选举/政治,0.015,0.022,0.0185,0.006999999999999999,50.0,150196.69467599998,0.0,50,4.5,sports_fees_v2,True,74321634760850134910276939557332388684081109204065834292158513244273132139846
Will US unemployment reach at least 5.0% in 2026?,C 经济指标,0.052,0.057,0.0545,0.0050000000000000044,150.5,150094.47490500004,5.0,20,3.5,economics_fees,True,108683340244272797423903928139400863604636305580987691842877673995933500284505
Vanta IPO before 2027?,H 未分类,0.003,0.017,0.01,0.014000000000000002,0.0,149880.96289100003,0.0,50,4.5,finance_prices_fees,True,44253773982269647786001433323095618605413985786094225082181566233253570490080
Will Snapchat be acquired before 2027?,H 未分类,0.035,0.04,0.037500000000000006,0.0049999999999999975,60.44,149714.29932699996,5.0,20,5.5,tech_fees,True,62780808278969531638786026928407853049620076930842963388102875757599323764741
"Will Bitcoin reach $90,000 in October?",B 加密阈值,0.33,0.34,0.335,0.010000000000000009,40314.18340800001,149285.33765,0.0,50,4.5,crypto_fees_v2,True,9725885586831319753022077956575535891028311255342474244273380293836298763086
Will an independent win the Nebraska Senate race in 2026?,E 选举/政治,0.28,0.29,0.28500000000000003,0.009999999999999953,1570.6429499999997,149139.86890100004,50.0,60,6.5,politics_fees,True,47975366268282823322598946778919483335780002591367838795894307024076579116518
Will OpenAI's valuation hit (HIGH) $2.0T by December 31?,H 未分类,0.066,0.093,0.0795,0.026999999999999996,211.0,148941.34291399998,3.0,50,4.5,finance_prices_fees,True,109495213625634315088764782671323497976066251639723222376316090222032595536260
