league,sports_type,q,bid,ask,mid,spread,vol24,volnum,liq,end,days_to_end,closed,negRisk,feeType,groupTitle,id,slug
Pakistan Super League,cricket_toss_match_double,Pakistan Super League: Karachi Kings vs Hyderabad Kingsmen - Toss Match Double D,,1.0,,,0.0,0.0,0.0,2026-04-29 05:30:00+00:00,-162.14373073303238,False,True,sports_fees_v2,Draw,1992549,cricpsl-kar-hyd-2026-04-22-toss-match-double-draw
Pakistan Super League,cricket_toss_match_double,Pakistan Super League: Karachi Kings vs Hyderabad Kingsmen - Toss Match Double H,,1.0,,,0.0,0.0,0.0,2026-04-29 05:30:00+00:00,-162.14373073303238,False,True,sports_fees_v2,HYD,1992550,cricpsl-kar-hyd-2026-04-22-toss-match-double-hyd
Pakistan Super League,cricket_team_top_batter,Pakistan Super League: Karachi Kings vs Hyderabad Kingsmen - Team Top Batter Kar,,1.0,,,0.0,0.0,0.0,2026-04-29 05:30:00+00:00,-162.14373073303238,False,True,sports_fees_v2,KAR,1992554,cricpsl-kar-hyd-2026-04-22-team-top-batter-kar
Pakistan Super League,cricket_team_top_batter,Pakistan Super League: Karachi Kings vs Hyderabad Kingsmen - Team Top Batter Dra,,1.0,,,0.0,0.0,0.0,2026-04-29 05:30:00+00:00,-162.14373073303238,False,True,sports_fees_v2,Draw,1992555,cricpsl-kar-hyd-2026-04-22-team-top-batter-draw
Pakistan Super League,cricket_toss_match_double,Pakistan Super League: Lahore Qalandars vs Hyderabad Kingsmen - Toss Match Doubl,,0.99,,,0.0,67.5,0.372,2026-05-02 11:00:00+00:00,-158.91456406636573,False,True,sports_fees_v2,LAH,2015259,cricpsl-lah-hyd-2026-04-25-toss-match-double-lah
Pakistan Super League,cricket_toss_match_double,Pakistan Super League: Lahore Qalandars vs Hyderabad Kingsmen - Toss Match Doubl,,0.99,,,0.0,67.5,0.4333,2026-05-02 11:00:00+00:00,-158.91456406636573,False,True,sports_fees_v2,Draw,2015260,cricpsl-lah-hyd-2026-04-25-toss-match-double-draw
Pakistan Super League,cricket_toss_match_double,Pakistan Super League: Lahore Qalandars vs Hyderabad Kingsmen - Toss Match Doubl,,0.99,,,0.0,162.5,0.1551,2026-05-02 11:00:00+00:00,-158.91456406636573,False,True,sports_fees_v2,HYD,2015261,cricpsl-lah-hyd-2026-04-25-toss-match-double-hyd
Pakistan Super League,cricket_most_sixes,Pakistan Super League: Lahore Qalandars vs Hyderabad Kingsmen - Most Sixes Lahor,,0.99,,,0.0,91.35938,0.774,2026-05-02 11:00:00+00:00,-158.91456406636573,False,True,sports_fees_v2,LAH,2015262,cricpsl-lah-hyd-2026-04-25-most-sixes-lah
Pakistan Super League,cricket_most_sixes,Pakistan Super League: Lahore Qalandars vs Hyderabad Kingsmen - Most Sixes Draw,,0.99,,,0.0,87.41,0.23,2026-05-02 11:00:00+00:00,-158.91456406636573,False,True,sports_fees_v2,Draw,2015263,cricpsl-lah-hyd-2026-04-25-most-sixes-draw
Pakistan Super League,cricket_most_sixes,Pakistan Super League: Lahore Qalandars vs Hyderabad Kingsmen - Most Sixes Hyder,,0.99,,,0.0,87.41,0.444,2026-05-02 11:00:00+00:00,-158.91456406636573,False,True,sports_fees_v2,HYD,2015264,cricpsl-lah-hyd-2026-04-25-most-sixes-hyd
Pakistan Super League,cricket_team_top_batter,Pakistan Super League: Lahore Qalandars vs Hyderabad Kingsmen - Team Top Batter ,,1.0,,,0.0,24.0,0.0,2026-05-02 11:00:00+00:00,-158.91456406636573,False,True,sports_fees_v2,LAH,2015265,cricpsl-lah-hyd-2026-04-25-team-top-batter-lah
Pakistan Super League,cricket_team_top_batter,Pakistan Super League: Lahore Qalandars vs Hyderabad Kingsmen - Team Top Batter ,,0.99,,,0.0,20.0,0.1,2026-05-02 11:00:00+00:00,-158.91456406636573,False,True,sports_fees_v2,Draw,2015266,cricpsl-lah-hyd-2026-04-25-team-top-batter-draw
Pakistan Super League,cricket_team_top_batter,Pakistan Super League: Lahore Qalandars vs Hyderabad Kingsmen - Team Top Batter ,,0.99,,,0.0,20.0,0.1,2026-05-02 11:00:00+00:00,-158.91456406636573,False,True,sports_fees_v2,HYD,2015267,cricpsl-lah-hyd-2026-04-25-team-top-batter-hyd
Pakistan Super League,cricket_toss_match_double,Pakistan Super League: Rawalpindi Pindiz vs Peshawar Zalmi - Toss Match Double P,0.05,0.96,0.505,0.9099999999999999,0.0,54.66,4.1972,2026-05-03 05:30:00+00:00,-158.14373073303238,False,True,sports_fees_v2,PES,2024096,cricpsl-raw-pes-2026-04-26-toss-match-double-pes
Sheffield Shield,moneyline,Will Victoria win?,,1.0,,,0.0,0.0,0.0,2026-10-13 23:30:00+00:00,5.606269266967592,False,True,sports_fees_v3,Victoria,5271202,cricshield-vic-red-2026-10-06-vic
Sheffield Shield,moneyline,Will the match end in a draw?,,1.0,,,0.0,0.0,0.0,2026-10-13 23:30:00+00:00,5.606269266967592,False,True,sports_fees_v3,Draw,5271203,cricshield-vic-red-2026-10-06-draw
Sheffield Shield,moneyline,Will South Australia win?,,1.0,,,0.0,0.0,0.0,2026-10-13 23:30:00+00:00,5.606269266967592,False,True,sports_fees_v3,South Australia,5271204,cricshield-vic-red-2026-10-06-red
Sheffield Shield,cricket_match_to_go_till,Sheffield Shield: Victoria vs South Australia - Match goes to Day 3?,,1.0,,,0.0,0.0,0.0,2026-10-13 23:30:00+00:00,5.606269266967592,False,False,sports_fees_v3,Match goes to Day 3?,5271206,cricshield-vic-red-2026-10-06-match-to-day-3
Sheffield Shield,cricket_match_to_go_till,Sheffield Shield: Victoria vs South Australia - Match goes to Day 4?,,1.0,,,0.0,0.0,0.0,2026-10-13 23:30:00+00:00,5.606269266967592,False,False,sports_fees_v3,Match goes to Day 4?,5271207,cricshield-vic-red-2026-10-06-match-to-day-4
Sheffield Shield,cricket_match_to_go_till,Sheffield Shield: Victoria vs South Australia - Match goes to Day 5?,,1.0,,,0.0,0.0,0.0,2026-10-13 23:30:00+00:00,5.606269266967592,False,False,sports_fees_v3,Match goes to Day 5?,5271208,cricshield-vic-red-2026-10-06-match-to-day-5
Sheffield Shield,cricket_team_top_batter,Sheffield Shield: Victoria vs South Australia - Team Top Batter Victoria Winner,,1.0,,,0.0,0.0,0.0,2026-10-13 23:30:00+00:00,5.606269266967592,False,True,sports_fees_v3,VIC,5271209,cricshield-vic-red-2026-10-06-team-top-batter-vic
Sheffield Shield,cricket_team_top_batter,Sheffield Shield: Victoria vs South Australia - Team Top Batter Draw,,1.0,,,0.0,0.0,0.0,2026-10-13 23:30:00+00:00,5.606269266967592,False,True,sports_fees_v3,Draw,5271210,cricshield-vic-red-2026-10-06-team-top-batter-draw
Sheffield Shield,cricket_team_top_batter,Sheffield Shield: Victoria vs South Australia - Team Top Batter South Australia ,,1.0,,,0.0,0.0,0.0,2026-10-13 23:30:00+00:00,5.606269266967592,False,True,sports_fees_v3,RED,5271211,cricshield-vic-red-2026-10-06-team-top-batter-red
Sheffield Shield,moneyline,Will New South Wales Blues win?,,0.88,,,0.0,0.0,12.0,2026-10-14 23:30:00+00:00,6.606269266967593,False,True,sports_fees_v3,New South Wales Blues,5318221,cricshield-blu-tig-2026-10-07-blu
Sheffield Shield,moneyline,Will the match end in a draw?,,1.0,,,0.0,0.0,0.0,2026-10-14 23:30:00+00:00,6.606269266967593,False,True,sports_fees_v3,Draw,5318222,cricshield-blu-tig-2026-10-07-draw
Sheffield Shield,moneyline,Will Tasmania Tigers win?,,1.0,,,0.0,0.0,0.0,2026-10-14 23:30:00+00:00,6.606269266967593,False,True,sports_fees_v3,Tasmania Tigers,5318223,cricshield-blu-tig-2026-10-07-tig
Sheffield Shield,cricket_match_to_go_till,Sheffield Shield: New South Wales Blues vs Tasmania Tigers - Match goes to Day 3,,1.0,,,0.0,0.0,0.0,2026-10-14 23:30:00+00:00,6.606269266967593,False,False,sports_fees_v3,Match goes to Day 3?,5318225,cricshield-blu-tig-2026-10-07-match-to-day-3
Sheffield Shield,cricket_match_to_go_till,Sheffield Shield: New South Wales Blues vs Tasmania Tigers - Match goes to Day 4,,1.0,,,0.0,0.0,0.0,2026-10-14 23:30:00+00:00,6.606269266967593,False,False,sports_fees_v3,Match goes to Day 4?,5318226,cricshield-blu-tig-2026-10-07-match-to-day-4
Sheffield Shield,cricket_match_to_go_till,Sheffield Shield: New South Wales Blues vs Tasmania Tigers - Match goes to Day 5,,1.0,,,0.0,0.0,0.0,2026-10-14 23:30:00+00:00,6.606269266967593,False,False,sports_fees_v3,Match goes to Day 5?,5318227,cricshield-blu-tig-2026-10-07-match-to-day-5
Sheffield Shield,cricket_team_top_batter,Sheffield Shield: New South Wales Blues vs Tasmania Tigers - Team Top Batter New,,1.0,,,0.0,0.0,0.0,2026-10-14 23:30:00+00:00,6.606269266967593,False,True,sports_fees_v3,BLU,5318228,cricshield-blu-tig-2026-10-07-team-top-batter-blu
Sheffield Shield,cricket_team_top_batter,Sheffield Shield: New South Wales Blues vs Tasmania Tigers - Team Top Batter Dra,,1.0,,,0.0,0.0,0.0,2026-10-14 23:30:00+00:00,6.606269266967593,False,True,sports_fees_v3,Draw,5318229,cricshield-blu-tig-2026-10-07-team-top-batter-draw
Sheffield Shield,cricket_team_top_batter,Sheffield Shield: New South Wales Blues vs Tasmania Tigers - Team Top Batter Tas,,1.0,,,0.0,0.0,0.0,2026-10-14 23:30:00+00:00,6.606269266967593,False,True,sports_fees_v3,TIG,5318230,cricshield-blu-tig-2026-10-07-team-top-batter-tig
Sheffield Shield,moneyline,Will Western Australia win?,,0.79,,,0.0,0.0,31.0,2026-10-15 02:30:00+00:00,6.731269266967593,False,True,sports_fees_v3,Western Australia,5355947,cricshield-wea-bul-2026-10-07-wea
Sheffield Shield,moneyline,Will the match end in a draw?,,1.0,,,0.0,0.0,0.0,2026-10-15 02:30:00+00:00,6.731269266967593,False,True,sports_fees_v3,Draw,5355948,cricshield-wea-bul-2026-10-07-draw
Sheffield Shield,moneyline,Will Queensland Bulls win?,,1.0,,,60.967805,60.967805,0.0,2026-10-15 02:30:00+00:00,6.731269266967593,False,True,sports_fees_v3,Queensland Bulls,5355949,cricshield-wea-bul-2026-10-07-bul
Sheffield Shield,cricket_match_to_go_till,Sheffield Shield: Western Australia vs Queensland Bulls - Match goes to Day 3?,,1.0,,,0.0,0.0,0.0,2026-10-15 02:30:00+00:00,6.731269266967593,False,False,sports_fees_v3,Match goes to Day 3?,5355951,cricshield-wea-bul-2026-10-07-match-to-day-3
Sheffield Shield,cricket_match_to_go_till,Sheffield Shield: Western Australia vs Queensland Bulls - Match goes to Day 4?,,1.0,,,0.0,0.0,0.0,2026-10-15 02:30:00+00:00,6.731269266967593,False,False,sports_fees_v3,Match goes to Day 4?,5355952,cricshield-wea-bul-2026-10-07-match-to-day-4
Sheffield Shield,cricket_match_to_go_till,Sheffield Shield: Western Australia vs Queensland Bulls - Match goes to Day 5?,,0.869,,,0.0,443.99,56.46669,2026-10-15 02:30:00+00:00,6.731269266967593,False,False,sports_fees_v3,Match goes to Day 5?,5355953,cricshield-wea-bul-2026-10-07-match-to-day-5
Sheffield Shield,cricket_team_top_batter,Sheffield Shield: Western Australia vs Queensland Bulls - Team Top Batter Wester,,1.0,,,0.0,0.0,0.0,2026-10-15 02:30:00+00:00,6.731269266967593,False,True,sports_fees_v3,WEA,5355954,cricshield-wea-bul-2026-10-07-team-top-batter-wea
Sheffield Shield,cricket_team_top_batter,Sheffield Shield: Western Australia vs Queensland Bulls - Team Top Batter Draw,,1.0,,,0.0,0.0,0.0,2026-10-15 02:30:00+00:00,6.731269266967593,False,True,sports_fees_v3,Draw,5355955,cricshield-wea-bul-2026-10-07-team-top-batter-draw
Sheffield Shield,cricket_team_top_batter,Sheffield Shield: Western Australia vs Queensland Bulls - Team Top Batter Queens,,1.0,,,0.0,0.0,0.0,2026-10-15 02:30:00+00:00,6.731269266967593,False,True,sports_fees_v3,BUL,5355956,cricshield-wea-bul-2026-10-07-team-top-batter-bul
Liiga,moneyline,SaiPa Lappeenranta vs. JYP Jyvaskyla,0.53,0.56,0.545,0.030000000000000027,0.0,0.0,2982.0963,2026-10-15 15:30:00+00:00,7.27293593363426,False,False,sports_fees_v3,,5319390,liiga-sai-jyp-2026-10-08
Liiga,moneyline,Jokerit Helsinki vs. HIFK Helsinki,0.55,0.57,0.56,0.019999999999999907,230.837779,230.837779,3038.5294,2026-10-15 15:30:00+00:00,7.27293593363426,False,False,sports_fees_v3,,5361683,liiga-jok-ifk-2026-10-08
Liiga,moneyline,KalPa Hockey vs. Tappara Tampere,0.43,0.46,0.445,0.030000000000000027,0.0,0.0,1785.5404,2026-10-16 16:30:00+00:00,8.314602600300926,False,False,sports_fees_v3,,5394963,liiga-kal-tap-2026-10-09
Liiga,moneyline,KooKoo vs. Jukurit Mikkeli,0.55,0.6,0.575,0.04999999999999993,0.0,0.0,1808.6544,2026-10-16 15:30:00+00:00,8.27293593363426,False,False,sports_fees_v3,,5407182,liiga-koo-juk-2026-10-09
Liiga,moneyline,Assat Pori vs. HPK Hameenlinna,0.62,0.67,0.645,0.050000000000000044,0.0,0.0,1975.8976,2026-10-16 15:30:00+00:00,8.27293593363426,False,False,sports_fees_v3,,5407183,liiga-asp-hpk-2026-10-09
Liiga,moneyline,Ilves Tampere vs. Lukko Rauma,0.58,0.61,0.595,0.030000000000000027,0.0,0.0,1769.6873,2026-10-16 15:30:00+00:00,8.27293593363426,False,False,sports_fees_v3,,5414540,liiga-ilv-luk-2026-10-09
Liiga,moneyline,TPS Turku vs. Vaasan Sport,0.72,0.77,0.745,0.050000000000000044,0.0,0.0,1776.2498,2026-10-16 15:30:00+00:00,8.27293593363426,False,False,sports_fees_v3,,5414541,liiga-tps-vaa-2026-10-09
Liiga,moneyline,Pelicans Lahti vs. Karpat Oulu,0.54,0.58,0.56,0.039999999999999925,0.0,0.0,1290.5456,2026-10-16 15:30:00+00:00,8.27293593363426,False,False,sports_fees_v3,,5419931,liiga-pel-kou-2026-10-09
EHF Champions League,moneyline,Skanderborg AGF Haandbold vs. CS Dinamo Bucuresti,,1.0,,,0.0,0.0,0.0,2026-09-24 18:45:00+00:00,-13.591647399699074,False,False,sports_fees_v3,,4613812,hbehfcl-ska-din-2026-09-17
EHF Champions League,moneyline,RK Vardar Skopje vs. Wisla Plock,0.02,0.99,0.505,0.97,0.0,0.0,2.12,2026-10-15 18:45:00+00:00,7.408352600300926,False,False,sports_fees_v3,,5317235,hbehfcl-var-wpl-2026-10-08
EHF Champions League,moneyline,MT Melsungen vs. HBC Nantes,0.02,0.99,0.505,0.97,0.0,0.0,2.12,2026-10-15 18:45:00+00:00,7.408352600300926,False,False,sports_fees_v3,,5317236,hbehfcl-mtm-nan-2026-10-08
EHF Champions League,moneyline,Fuchse Berlin vs. FC Porto,0.02,0.99,0.505,0.97,0.0,0.0,2.1199,2026-10-15 16:45:00+00:00,7.325019266967593,False,False,sports_fees_v3,,5347276,hbehfcl-ber-por-2026-10-08
EHF Champions League,moneyline,Skanderborg AGF Haandbold vs. Montpellier Handball,0.03,0.97,0.5,0.94,0.0,0.0,22.7397,2026-10-15 18:45:00+00:00,7.408352600300926,False,False,sports_fees_v3,,5408774,hbehfcl-ska-mon-2026-10-08
EHF Champions League,moneyline,RK Zagreb vs. Aalborg Haandbold,0.03,0.97,0.5,0.94,0.0,0.0,22.8997,2026-10-15 16:45:00+00:00,7.325019266967593,False,False,sports_fees_v3,,5412464,hbehfcl-zag-aab-2026-10-08
EHF Champions League,moneyline,SC Szeged vs. Sporting Clube Portugal,0.02,0.98,0.5,0.96,0.0,0.0,27.68,2026-10-17 18:00:00+00:00,9.377102600300926,False,False,sports_fees_v3,,5425730,hbehfcl-sze-spo-2026-10-10
Ranji Trophy,moneyline,Will Goa win?,0.06,0.93,0.495,0.8700000000000001,0.0,0.0,95.7622,2026-10-18 04:00:00+00:00,9.793769266967594,False,True,sports_fees_v3,Goa,5395690,cricranji-goa-bar-2026-10-11-goa
Ranji Trophy,moneyline,Will the match end in a draw?,0.06,0.93,0.495,0.8700000000000001,0.0,0.0,98.9887,2026-10-18 04:00:00+00:00,9.793769266967594,False,True,sports_fees_v3,Draw,5395691,cricranji-goa-bar-2026-10-11-draw
Ranji Trophy,moneyline,Will Baroda win?,0.06,0.92,0.49,0.8600000000000001,0.0,0.0,96.1322,2026-10-18 04:00:00+00:00,9.793769266967594,False,True,sports_fees_v3,Baroda,5395692,cricranji-goa-bar-2026-10-11-bar
Ranji Trophy,cricket_toss_winner,Ranji Trophy: Goa vs Baroda - Who wins the toss?,0.02,0.98,0.5,0.96,0.0,0.0,31.9198,2026-10-18 04:00:00+00:00,9.793769266967594,False,False,sports_fees_v3,,5395693,cricranji-goa-bar-2026-10-11-toss-winner
Ranji Trophy,cricket_match_to_go_till,Ranji Trophy: Goa vs Baroda - Match goes to Day 3?,0.01,0.99,0.5,0.98,0.0,0.0,1.92,2026-10-18 04:00:00+00:00,9.793769266967594,False,False,sports_fees_v3,Match goes to Day 3?,5395694,cricranji-goa-bar-2026-10-11-match-to-day-3
Ranji Trophy,cricket_match_to_go_till,Ranji Trophy: Goa vs Baroda - Match goes to Day 4?,0.01,0.99,0.5,0.98,0.0,0.0,1.92,2026-10-18 04:00:00+00:00,9.793769266967594,False,False,sports_fees_v3,Match goes to Day 4?,5395695,cricranji-goa-bar-2026-10-11-match-to-day-4
Ranji Trophy,cricket_match_to_go_till,Ranji Trophy: Goa vs Baroda - Match goes to Day 5?,0.01,0.99,0.5,0.98,0.0,0.0,1.92,2026-10-18 04:00:00+00:00,9.793769266967594,False,False,sports_fees_v3,Match goes to Day 5?,5395696,cricranji-goa-bar-2026-10-11-match-to-day-5
Ranji Trophy,cricket_team_top_batter,Ranji Trophy: Goa vs Baroda - Team Top Batter Goa Winner,,0.99,,,0.0,0.0,0.05,2026-10-18 04:00:00+00:00,9.793769266967594,False,True,sports_fees_v3,GOA,5395697,cricranji-goa-bar-2026-10-11-team-top-batter-goa
Ranji Trophy,cricket_team_top_batter,Ranji Trophy: Goa vs Baroda - Team Top Batter Draw,,0.99,,,0.0,0.0,0.05,2026-10-18 04:00:00+00:00,9.793769266967594,False,True,sports_fees_v3,Draw,5395698,cricranji-goa-bar-2026-10-11-team-top-batter-draw
Ranji Trophy,cricket_team_top_batter,Ranji Trophy: Goa vs Baroda - Team Top Batter Baroda Winner,,0.99,,,0.0,0.0,0.05,2026-10-18 04:00:00+00:00,9.793769266967594,False,True,sports_fees_v3,BAR,5395699,cricranji-goa-bar-2026-10-11-team-top-batter-bar
Ranji Trophy,moneyline,Will Jammu And Kashmir win?,0.06,0.92,0.49,0.8600000000000001,0.0,0.0,87.1393,2026-10-18 04:00:00+00:00,9.793769266967594,False,True,sports_fees_v3,Jammu And Kashmir,5395700,cricranji-jak-map-2026-10-11-jak
Ranji Trophy,moneyline,Will the match end in a draw?,0.06,0.93,0.495,0.8700000000000001,0.0,0.0,58.3683,2026-10-18 04:00:00+00:00,9.793769266967594,False,True,sports_fees_v3,Draw,5395701,cricranji-jak-map-2026-10-11-draw
Ranji Trophy,moneyline,Will Madhya Pradesh win?,0.06,0.93,0.495,0.8700000000000001,0.0,0.0,95.7688,2026-10-18 04:00:00+00:00,9.793769266967594,False,True,sports_fees_v3,Madhya Pradesh,5395702,cricranji-jak-map-2026-10-11-map
Ranji Trophy,cricket_toss_winner,Ranji Trophy: Jammu And Kashmir vs Madhya Pradesh - Who wins the toss?,0.02,0.98,0.5,0.96,0.0,0.0,31.9198,2026-10-18 04:00:00+00:00,9.793769266967594,False,False,sports_fees_v3,,5395703,cricranji-jak-map-2026-10-11-toss-winner
Ranji Trophy,cricket_match_to_go_till,Ranji Trophy: Jammu And Kashmir vs Madhya Pradesh - Match goes to Day 3?,0.01,0.99,0.5,0.98,0.0,0.0,1.92,2026-10-18 04:00:00+00:00,9.793769266967594,False,False,sports_fees_v3,Match goes to Day 3?,5395704,cricranji-jak-map-2026-10-11-match-to-day-3
Ranji Trophy,cricket_match_to_go_till,Ranji Trophy: Jammu And Kashmir vs Madhya Pradesh - Match goes to Day 4?,0.01,0.99,0.5,0.98,0.0,0.0,1.9199,2026-10-18 04:00:00+00:00,9.793769266967594,False,False,sports_fees_v3,Match goes to Day 4?,5395705,cricranji-jak-map-2026-10-11-match-to-day-4
Ranji Trophy,cricket_match_to_go_till,Ranji Trophy: Jammu And Kashmir vs Madhya Pradesh - Match goes to Day 5?,0.01,0.99,0.5,0.98,0.0,0.0,1.92,2026-10-18 04:00:00+00:00,9.793769266967594,False,False,sports_fees_v3,Match goes to Day 5?,5395706,cricranji-jak-map-2026-10-11-match-to-day-5
Ranji Trophy,cricket_team_top_batter,Ranji Trophy: Jammu And Kashmir vs Madhya Pradesh - Team Top Batter Jammu And Ka,,0.99,,,0.0,0.0,0.05,2026-10-18 04:00:00+00:00,9.793769266967594,False,True,sports_fees_v3,JAK,5395707,cricranji-jak-map-2026-10-11-team-top-batter-jak
Ranji Trophy,cricket_team_top_batter,Ranji Trophy: Jammu And Kashmir vs Madhya Pradesh - Team Top Batter Draw,,0.99,,,0.0,0.0,0.05,2026-10-18 04:00:00+00:00,9.793769266967594,False,True,sports_fees_v3,Draw,5395708,cricranji-jak-map-2026-10-11-team-top-batter-draw
Ranji Trophy,cricket_team_top_batter,Ranji Trophy: Jammu And Kashmir vs Madhya Pradesh - Team Top Batter Madhya Prade,,0.99,,,0.0,0.0,0.05,2026-10-18 04:00:00+00:00,9.793769266967594,False,True,sports_fees_v3,MAP,5395709,cricranji-jak-map-2026-10-11-team-top-batter-map
Ranji Trophy,moneyline,Will Vidarbha win?,0.06,0.93,0.495,0.8700000000000001,0.0,0.0,95.2886,2026-10-18 04:00:00+00:00,9.793769266967594,False,True,sports_fees_v3,Vidarbha,5395710,cricranji-vid-pud-2026-10-11-vid
Ranji Trophy,moneyline,Will the match end in a draw?,0.06,0.93,0.495,0.8700000000000001,0.0,0.0,98.5087,2026-10-18 04:00:00+00:00,9.793769266967594,False,True,sports_fees_v3,Draw,5395711,cricranji-vid-pud-2026-10-11-draw
Ranji Trophy,moneyline,Will Puducherry win?,0.06,0.93,0.495,0.8700000000000001,0.0,0.0,102.5294,2026-10-18 04:00:00+00:00,9.793769266967594,False,True,sports_fees_v3,Puducherry,5395712,cricranji-vid-pud-2026-10-11-pud
Ranji Trophy,cricket_toss_winner,Ranji Trophy: Vidarbha vs Puducherry - Who wins the toss?,0.02,0.98,0.5,0.96,0.0,0.0,31.9198,2026-10-18 04:00:00+00:00,9.793769266967594,False,False,sports_fees_v3,,5395713,cricranji-vid-pud-2026-10-11-toss-winner
Ranji Trophy,cricket_match_to_go_till,Ranji Trophy: Vidarbha vs Puducherry - Match goes to Day 3?,0.01,0.99,0.5,0.98,0.0,0.0,1.92,2026-10-18 04:00:00+00:00,9.793769266967594,False,False,sports_fees_v3,Match goes to Day 3?,5395714,cricranji-vid-pud-2026-10-11-match-to-day-3
Ranji Trophy,cricket_match_to_go_till,Ranji Trophy: Vidarbha vs Puducherry - Match goes to Day 4?,0.01,0.99,0.5,0.98,0.0,0.0,1.92,2026-10-18 04:00:00+00:00,9.793769266967594,False,False,sports_fees_v3,Match goes to Day 4?,5395715,cricranji-vid-pud-2026-10-11-match-to-day-4
Ranji Trophy,cricket_match_to_go_till,Ranji Trophy: Vidarbha vs Puducherry - Match goes to Day 5?,0.01,0.99,0.5,0.98,0.0,0.0,1.92,2026-10-18 04:00:00+00:00,9.793769266967594,False,False,sports_fees_v3,Match goes to Day 5?,5395716,cricranji-vid-pud-2026-10-11-match-to-day-5
Ranji Trophy,cricket_team_top_batter,Ranji Trophy: Vidarbha vs Puducherry - Team Top Batter Vidarbha Winner,,0.99,,,0.0,0.0,0.05,2026-10-18 04:00:00+00:00,9.793769266967594,False,True,sports_fees_v3,VID,5395717,cricranji-vid-pud-2026-10-11-team-top-batter-vid
Ranji Trophy,cricket_team_top_batter,Ranji Trophy: Vidarbha vs Puducherry - Team Top Batter Draw,,0.99,,,0.0,0.0,0.05,2026-10-18 04:00:00+00:00,9.793769266967594,False,True,sports_fees_v3,Draw,5395718,cricranji-vid-pud-2026-10-11-team-top-batter-draw
Ranji Trophy,cricket_team_top_batter,Ranji Trophy: Vidarbha vs Puducherry - Team Top Batter Puducherry Winner,,0.99,,,0.0,0.0,0.05,2026-10-18 04:00:00+00:00,9.793769266967594,False,True,sports_fees_v3,PUD,5395719,cricranji-vid-pud-2026-10-11-team-top-batter-pud
Ranji Trophy,moneyline,Will Bihar win?,0.06,0.93,0.495,0.8700000000000001,0.0,0.0,95.5288,2026-10-18 04:00:00+00:00,9.793769266967594,False,True,sports_fees_v3,Bihar,5395720,cricranji-bih-utp-2026-10-11-bih
Ranji Trophy,moneyline,Will the match end in a draw?,0.06,0.93,0.495,0.8700000000000001,0.0,0.0,95.5683,2026-10-18 04:00:00+00:00,9.793769266967594,False,True,sports_fees_v3,Draw,5395721,cricranji-bih-utp-2026-10-11-draw
Ranji Trophy,moneyline,Will Uttar Pradesh win?,0.06,0.93,0.495,0.8700000000000001,0.0,0.0,95.7684,2026-10-18 04:00:00+00:00,9.793769266967594,False,True,sports_fees_v3,Uttar Pradesh,5395722,cricranji-bih-utp-2026-10-11-utp
Ranji Trophy,cricket_toss_winner,Ranji Trophy: Bihar vs Uttar Pradesh - Who wins the toss?,0.02,0.98,0.5,0.96,0.0,0.0,31.9198,2026-10-18 04:00:00+00:00,9.793769266967594,False,False,sports_fees_v3,,5395723,cricranji-bih-utp-2026-10-11-toss-winner
Ranji Trophy,cricket_match_to_go_till,Ranji Trophy: Bihar vs Uttar Pradesh - Match goes to Day 3?,0.01,0.99,0.5,0.98,0.0,0.0,1.92,2026-10-18 04:00:00+00:00,9.793769266967594,False,False,sports_fees_v3,Match goes to Day 3?,5395724,cricranji-bih-utp-2026-10-11-match-to-day-3
Ranji Trophy,cricket_match_to_go_till,Ranji Trophy: Bihar vs Uttar Pradesh - Match goes to Day 4?,0.01,0.99,0.5,0.98,0.0,0.0,1.92,2026-10-18 04:00:00+00:00,9.793769266967594,False,False,sports_fees_v3,Match goes to Day 4?,5395725,cricranji-bih-utp-2026-10-11-match-to-day-4
Ranji Trophy,cricket_match_to_go_till,Ranji Trophy: Bihar vs Uttar Pradesh - Match goes to Day 5?,0.01,0.99,0.5,0.98,0.0,0.0,1.92,2026-10-18 04:00:00+00:00,9.793769266967594,False,False,sports_fees_v3,Match goes to Day 5?,5395726,cricranji-bih-utp-2026-10-11-match-to-day-5
Ranji Trophy,cricket_team_top_batter,Ranji Trophy: Bihar vs Uttar Pradesh - Team Top Batter Bihar Winner,,0.99,,,0.0,0.0,0.05,2026-10-18 04:00:00+00:00,9.793769266967594,False,True,sports_fees_v3,BIH,5395727,cricranji-bih-utp-2026-10-11-team-top-batter-bih
Ranji Trophy,cricket_team_top_batter,Ranji Trophy: Bihar vs Uttar Pradesh - Team Top Batter Draw,,0.99,,,0.0,0.0,0.05,2026-10-18 04:00:00+00:00,9.793769266967594,False,True,sports_fees_v3,Draw,5395728,cricranji-bih-utp-2026-10-11-team-top-batter-draw
Ranji Trophy,cricket_team_top_batter,Ranji Trophy: Bihar vs Uttar Pradesh - Team Top Batter Uttar Pradesh Winner,,0.99,,,0.0,0.0,0.05,2026-10-18 04:00:00+00:00,9.793769266967594,False,True,sports_fees_v3,UTP,5395729,cricranji-bih-utp-2026-10-11-team-top-batter-utp
Ranji Trophy,moneyline,Will Hyderabad win?,0.06,0.93,0.495,0.8700000000000001,0.0,0.0,95.2888,2026-10-18 04:00:00+00:00,9.793769266967594,False,True,sports_fees_v3,Hyderabad,5395730,cricranji-hyd-tri-2026-10-11-hyd
Ranji Trophy,moneyline,Will the match end in a draw?,0.06,0.93,0.495,0.8700000000000001,0.0,0.0,106.4685,2026-10-18 04:00:00+00:00,9.793769266967594,False,True,sports_fees_v3,Draw,5395731,cricranji-hyd-tri-2026-10-11-draw
Ranji Trophy,moneyline,Will Tripura win?,0.06,0.93,0.495,0.8700000000000001,0.0,0.0,95.049,2026-10-18 04:00:00+00:00,9.793769266967594,False,True,sports_fees_v3,Tripura,5395732,cricranji-hyd-tri-2026-10-11-tri
Ranji Trophy,cricket_toss_winner,Ranji Trophy: Hyderabad vs Tripura - Who wins the toss?,0.02,0.98,0.5,0.96,0.0,0.0,31.9198,2026-10-18 04:00:00+00:00,9.793769266967594,False,False,sports_fees_v3,,5395733,cricranji-hyd-tri-2026-10-11-toss-winner
Ranji Trophy,cricket_match_to_go_till,Ranji Trophy: Hyderabad vs Tripura - Match goes to Day 3?,0.01,0.99,0.5,0.98,0.0,0.0,1.92,2026-10-18 04:00:00+00:00,9.793769266967594,False,False,sports_fees_v3,Match goes to Day 3?,5395734,cricranji-hyd-tri-2026-10-11-match-to-day-3
Ranji Trophy,cricket_match_to_go_till,Ranji Trophy: Hyderabad vs Tripura - Match goes to Day 4?,0.01,0.99,0.5,0.98,0.0,0.0,1.92,2026-10-18 04:00:00+00:00,9.793769266967594,False,False,sports_fees_v3,Match goes to Day 4?,5395735,cricranji-hyd-tri-2026-10-11-match-to-day-4
Ranji Trophy,cricket_match_to_go_till,Ranji Trophy: Hyderabad vs Tripura - Match goes to Day 5?,0.01,0.99,0.5,0.98,0.0,0.0,1.92,2026-10-18 04:00:00+00:00,9.793769266967594,False,False,sports_fees_v3,Match goes to Day 5?,5395736,cricranji-hyd-tri-2026-10-11-match-to-day-5
Ranji Trophy,cricket_team_top_batter,Ranji Trophy: Hyderabad vs Tripura - Team Top Batter Hyderabad Winner,,0.99,,,0.0,0.0,0.05,2026-10-18 04:00:00+00:00,9.793769266967594,False,True,sports_fees_v3,HYD,5395737,cricranji-hyd-tri-2026-10-11-team-top-batter-hyd
Ranji Trophy,cricket_team_top_batter,Ranji Trophy: Hyderabad vs Tripura - Team Top Batter Draw,,0.99,,,0.0,0.0,0.05,2026-10-18 04:00:00+00:00,9.793769266967594,False,True,sports_fees_v3,Draw,5395738,cricranji-hyd-tri-2026-10-11-team-top-batter-draw
Ranji Trophy,cricket_team_top_batter,Ranji Trophy: Hyderabad vs Tripura - Team Top Batter Tripura Winner,,0.99,,,0.0,0.0,0.05,2026-10-18 04:00:00+00:00,9.793769266967594,False,True,sports_fees_v3,TRI,5395739,cricranji-hyd-tri-2026-10-11-team-top-batter-tri
Ranji Trophy,moneyline,Will Punjab win?,0.05,0.93,0.49000000000000005,0.88,0.0,0.0,94.759,2026-10-18 04:00:00+00:00,9.793769266967594,False,True,sports_fees_v3,Punjab,5395740,cricranji-pun-asm-2026-10-11-pun
Ranji Trophy,moneyline,Will the match end in a draw?,0.06,0.93,0.495,0.8700000000000001,0.0,0.0,94.5042,2026-10-18 04:00:00+00:00,9.793769266967594,False,True,sports_fees_v3,Draw,5395741,cricranji-pun-asm-2026-10-11-draw
Ranji Trophy,moneyline,Will Assam win?,0.05,0.93,0.49000000000000005,0.88,0.0,0.0,94.999,2026-10-18 04:00:00+00:00,9.793769266967594,False,True,sports_fees_v3,Assam,5395742,cricranji-pun-asm-2026-10-11-asm
Ranji Trophy,cricket_toss_winner,Ranji Trophy: Punjab vs Assam - Who wins the toss?,0.02,0.98,0.5,0.96,0.0,0.0,31.9199,2026-10-18 04:00:00+00:00,9.793769266967594,False,False,sports_fees_v3,,5395743,cricranji-pun-asm-2026-10-11-toss-winner
Ranji Trophy,cricket_match_to_go_till,Ranji Trophy: Punjab vs Assam - Match goes to Day 3?,0.01,0.99,0.5,0.98,0.0,0.0,1.92,2026-10-18 04:00:00+00:00,9.793769266967594,False,False,sports_fees_v3,Match goes to Day 3?,5395744,cricranji-pun-asm-2026-10-11-match-to-day-3
Ranji Trophy,cricket_match_to_go_till,Ranji Trophy: Punjab vs Assam - Match goes to Day 4?,0.01,0.99,0.5,0.98,0.0,0.0,1.92,2026-10-18 04:00:00+00:00,9.793769266967594,False,False,sports_fees_v3,Match goes to Day 4?,5395745,cricranji-pun-asm-2026-10-11-match-to-day-4
Ranji Trophy,cricket_match_to_go_till,Ranji Trophy: Punjab vs Assam - Match goes to Day 5?,0.01,0.99,0.5,0.98,0.0,0.0,1.92,2026-10-18 04:00:00+00:00,9.793769266967594,False,False,sports_fees_v3,Match goes to Day 5?,5395746,cricranji-pun-asm-2026-10-11-match-to-day-5
Ranji Trophy,cricket_team_top_batter,Ranji Trophy: Punjab vs Assam - Team Top Batter Punjab Winner,,0.99,,,0.0,0.0,0.05,2026-10-18 04:00:00+00:00,9.793769266967594,False,True,sports_fees_v3,PUN,5395747,cricranji-pun-asm-2026-10-11-team-top-batter-pun
Ranji Trophy,cricket_team_top_batter,Ranji Trophy: Punjab vs Assam - Team Top Batter Draw,,0.99,,,0.0,0.0,0.05,2026-10-18 04:00:00+00:00,9.793769266967594,False,True,sports_fees_v3,Draw,5395748,cricranji-pun-asm-2026-10-11-team-top-batter-draw
Ranji Trophy,cricket_team_top_batter,Ranji Trophy: Punjab vs Assam - Team Top Batter Assam Winner,,0.99,,,0.0,0.0,0.05,2026-10-18 04:00:00+00:00,9.793769266967594,False,True,sports_fees_v3,ASM,5395749,cricranji-pun-asm-2026-10-11-team-top-batter-asm
Ranji Trophy,moneyline,Will Saurashtra win?,0.06,0.92,0.49,0.8600000000000001,0.0,0.0,96.1391,2026-10-18 04:00:00+00:00,9.793769266967594,False,True,sports_fees_v3,Saurashtra,5395750,cricranji-sau-chh-2026-10-11-sau
Ranji Trophy,moneyline,Will the match end in a draw?,0.06,0.93,0.495,0.8700000000000001,0.0,0.0,95.5684,2026-10-18 04:00:00+00:00,9.793769266967594,False,True,sports_fees_v3,Draw,5395751,cricranji-sau-chh-2026-10-11-draw
Ranji Trophy,moneyline,Will Chhattisgarh win?,0.06,0.93,0.495,0.8700000000000001,0.0,0.0,99.1894,2026-10-18 04:00:00+00:00,9.793769266967594,False,True,sports_fees_v3,Chhattisgarh,5395752,cricranji-sau-chh-2026-10-11-chh
Ranji Trophy,cricket_toss_winner,Ranji Trophy: Saurashtra vs Chhattisgarh - Who wins the toss?,0.02,0.98,0.5,0.96,0.0,0.0,31.9198,2026-10-18 04:00:00+00:00,9.793769266967594,False,False,sports_fees_v3,,5395753,cricranji-sau-chh-2026-10-11-toss-winner
Ranji Trophy,cricket_match_to_go_till,Ranji Trophy: Saurashtra vs Chhattisgarh - Match goes to Day 3?,0.01,0.99,0.5,0.98,0.0,0.0,1.92,2026-10-18 04:00:00+00:00,9.793769266967594,False,False,sports_fees_v3,Match goes to Day 3?,5395754,cricranji-sau-chh-2026-10-11-match-to-day-3
Ranji Trophy,cricket_match_to_go_till,Ranji Trophy: Saurashtra vs Chhattisgarh - Match goes to Day 4?,0.01,0.99,0.5,0.98,0.0,0.0,1.92,2026-10-18 04:00:00+00:00,9.793769266967594,False,False,sports_fees_v3,Match goes to Day 4?,5395755,cricranji-sau-chh-2026-10-11-match-to-day-4
Ranji Trophy,cricket_match_to_go_till,Ranji Trophy: Saurashtra vs Chhattisgarh - Match goes to Day 5?,0.01,0.99,0.5,0.98,0.0,0.0,1.92,2026-10-18 04:00:00+00:00,9.793769266967594,False,False,sports_fees_v3,Match goes to Day 5?,5395756,cricranji-sau-chh-2026-10-11-match-to-day-5
Ranji Trophy,cricket_team_top_batter,Ranji Trophy: Saurashtra vs Chhattisgarh - Team Top Batter Saurashtra Winner,,0.99,,,0.0,0.0,0.05,2026-10-18 04:00:00+00:00,9.793769266967594,False,True,sports_fees_v3,SAU,5395757,cricranji-sau-chh-2026-10-11-team-top-batter-sau
Ranji Trophy,cricket_team_top_batter,Ranji Trophy: Saurashtra vs Chhattisgarh - Team Top Batter Draw,,0.99,,,0.0,0.0,0.05,2026-10-18 04:00:00+00:00,9.793769266967594,False,True,sports_fees_v3,Draw,5395758,cricranji-sau-chh-2026-10-11-team-top-batter-draw
Ranji Trophy,cricket_team_top_batter,Ranji Trophy: Saurashtra vs Chhattisgarh - Team Top Batter Chhattisgarh Winner,,0.99,,,0.0,0.0,0.05,2026-10-18 04:00:00+00:00,9.793769266967594,False,True,sports_fees_v3,CHH,5395759,cricranji-sau-chh-2026-10-11-team-top-batter-chh
Ranji Trophy,moneyline,Will Andhra win?,0.05,0.93,0.49000000000000005,0.88,0.0,0.0,85.9983,2026-10-18 04:00:00+00:00,9.793769266967594,False,True,sports_fees_v3,Andhra,5395760,cricranji-and-kar-2026-10-11-and
Ranji Trophy,moneyline,Will the match end in a draw?,0.06,0.93,0.495,0.8700000000000001,0.0,0.0,94.8492,2026-10-18 04:00:00+00:00,9.793769266967594,False,True,sports_fees_v3,Draw,5395761,cricranji-and-kar-2026-10-11-draw
Ranji Trophy,moneyline,Will Karnataka win?,0.05,0.93,0.49000000000000005,0.88,0.0,0.0,94.999,2026-10-18 04:00:00+00:00,9.793769266967594,False,True,sports_fees_v3,Karnataka,5395762,cricranji-and-kar-2026-10-11-kar
Ranji Trophy,cricket_toss_winner,Ranji Trophy: Andhra vs Karnataka - Who wins the toss?,0.02,0.98,0.5,0.96,0.0,0.0,31.9198,2026-10-18 04:00:00+00:00,9.793769266967594,False,False,sports_fees_v3,,5395763,cricranji-and-kar-2026-10-11-toss-winner
Ranji Trophy,cricket_match_to_go_till,Ranji Trophy: Andhra vs Karnataka - Match goes to Day 3?,0.01,0.99,0.5,0.98,0.0,0.0,1.92,2026-10-18 04:00:00+00:00,9.793769266967594,False,False,sports_fees_v3,Match goes to Day 3?,5395764,cricranji-and-kar-2026-10-11-match-to-day-3
Ranji Trophy,cricket_match_to_go_till,Ranji Trophy: Andhra vs Karnataka - Match goes to Day 4?,0.01,0.99,0.5,0.98,0.0,0.0,1.92,2026-10-18 04:00:00+00:00,9.793769266967594,False,False,sports_fees_v3,Match goes to Day 4?,5395765,cricranji-and-kar-2026-10-11-match-to-day-4
Ranji Trophy,cricket_match_to_go_till,Ranji Trophy: Andhra vs Karnataka - Match goes to Day 5?,0.01,0.99,0.5,0.98,0.0,0.0,1.92,2026-10-18 04:00:00+00:00,9.793769266967594,False,False,sports_fees_v3,Match goes to Day 5?,5395766,cricranji-and-kar-2026-10-11-match-to-day-5
Ranji Trophy,cricket_team_top_batter,Ranji Trophy: Andhra vs Karnataka - Team Top Batter Andhra Winner,,0.99,,,0.0,0.0,0.05,2026-10-18 04:00:00+00:00,9.793769266967594,False,True,sports_fees_v3,AND,5395767,cricranji-and-kar-2026-10-11-team-top-batter-and
Ranji Trophy,cricket_team_top_batter,Ranji Trophy: Andhra vs Karnataka - Team Top Batter Draw,,0.99,,,0.0,0.0,0.05,2026-10-18 04:00:00+00:00,9.793769266967594,False,True,sports_fees_v3,Draw,5395768,cricranji-and-kar-2026-10-11-team-top-batter-draw
Ranji Trophy,cricket_team_top_batter,Ranji Trophy: Andhra vs Karnataka - Team Top Batter Karnataka Winner,,0.99,,,0.0,0.0,0.05,2026-10-18 04:00:00+00:00,9.793769266967594,False,True,sports_fees_v3,KAR,5395769,cricranji-and-kar-2026-10-11-team-top-batter-kar
Ranji Trophy,moneyline,Will Gujarat win?,0.06,0.93,0.495,0.8700000000000001,0.0,0.0,86.0493,2026-10-18 04:00:00+00:00,9.793769266967594,False,True,sports_fees_v3,Gujarat,5395770,cricranji-guj-odi-2026-10-11-guj
Ranji Trophy,moneyline,Will the match end in a draw?,0.06,0.93,0.495,0.8700000000000001,0.0,0.0,95.1716,2026-10-18 04:00:00+00:00,9.793769266967594,False,True,sports_fees_v3,Draw,5395771,cricranji-guj-odi-2026-10-11-draw
Ranji Trophy,moneyline,Will Odisha win?,0.05,0.92,0.48500000000000004,0.87,0.0,0.0,93.1994,2026-10-18 04:00:00+00:00,9.793769266967594,False,True,sports_fees_v3,Odisha,5395772,cricranji-guj-odi-2026-10-11-odi
Ranji Trophy,cricket_toss_winner,Ranji Trophy: Gujarat vs Odisha - Who wins the toss?,0.02,0.98,0.5,0.96,0.0,0.0,31.9198,2026-10-18 04:00:00+00:00,9.793769266967594,False,False,sports_fees_v3,,5395773,cricranji-guj-odi-2026-10-11-toss-winner
Ranji Trophy,cricket_match_to_go_till,Ranji Trophy: Gujarat vs Odisha - Match goes to Day 3?,0.01,0.99,0.5,0.98,0.0,0.0,1.92,2026-10-18 04:00:00+00:00,9.793769266967594,False,False,sports_fees_v3,Match goes to Day 3?,5395774,cricranji-guj-odi-2026-10-11-match-to-day-3
Ranji Trophy,cricket_match_to_go_till,Ranji Trophy: Gujarat vs Odisha - Match goes to Day 4?,0.01,0.99,0.5,0.98,0.0,0.0,1.92,2026-10-18 04:00:00+00:00,9.793769266967594,False,False,sports_fees_v3,Match goes to Day 4?,5395775,cricranji-guj-odi-2026-10-11-match-to-day-4
Ranji Trophy,cricket_match_to_go_till,Ranji Trophy: Gujarat vs Odisha - Match goes to Day 5?,0.01,0.99,0.5,0.98,0.0,0.0,1.92,2026-10-18 04:00:00+00:00,9.793769266967594,False,False,sports_fees_v3,Match goes to Day 5?,5395776,cricranji-guj-odi-2026-10-11-match-to-day-5
Ranji Trophy,cricket_team_top_batter,Ranji Trophy: Gujarat vs Odisha - Team Top Batter Gujarat Winner,,0.99,,,0.0,0.0,0.05,2026-10-18 04:00:00+00:00,9.793769266967594,False,True,sports_fees_v3,GUJ,5395777,cricranji-guj-odi-2026-10-11-team-top-batter-guj
Ranji Trophy,cricket_team_top_batter,Ranji Trophy: Gujarat vs Odisha - Team Top Batter Draw,,0.99,,,0.0,0.0,0.05,2026-10-18 04:00:00+00:00,9.793769266967594,False,True,sports_fees_v3,Draw,5395778,cricranji-guj-odi-2026-10-11-team-top-batter-draw
Ranji Trophy,cricket_team_top_batter,Ranji Trophy: Gujarat vs Odisha - Team Top Batter Odisha Winner,,0.99,,,0.0,0.0,0.05,2026-10-18 04:00:00+00:00,9.793769266967594,False,True,sports_fees_v3,ODI,5395779,cricranji-guj-odi-2026-10-11-team-top-batter-odi
Ranji Trophy,moneyline,Will Jharkhand win?,0.05,0.93,0.49000000000000005,0.88,0.0,0.0,86.6588,2026-10-18 04:00:00+00:00,9.793769266967594,False,True,sports_fees_v3,Jharkhand,5395780,cricranji-jha-ker-2026-10-11-jha
Ranji Trophy,moneyline,Will the match end in a draw?,0.06,0.93,0.495,0.8700000000000001,0.0,0.0,85.8491,2026-10-18 04:00:00+00:00,9.793769266967594,False,True,sports_fees_v3,Draw,5395781,cricranji-jha-ker-2026-10-11-draw
Ranji Trophy,moneyline,Will Kerala win?,0.05,0.93,0.49000000000000005,0.88,0.0,0.0,94.7586,2026-10-18 04:00:00+00:00,9.793769266967594,False,True,sports_fees_v3,Kerala,5395782,cricranji-jha-ker-2026-10-11-ker
Ranji Trophy,cricket_toss_winner,Ranji Trophy: Jharkhand vs Kerala - Who wins the toss?,0.02,0.98,0.5,0.96,0.0,0.0,31.9198,2026-10-18 04:00:00+00:00,9.793769266967594,False,False,sports_fees_v3,,5395783,cricranji-jha-ker-2026-10-11-toss-winner
Ranji Trophy,cricket_match_to_go_till,Ranji Trophy: Jharkhand vs Kerala - Match goes to Day 3?,0.01,0.99,0.5,0.98,0.0,0.0,1.92,2026-10-18 04:00:00+00:00,9.793769266967594,False,False,sports_fees_v3,Match goes to Day 3?,5395784,cricranji-jha-ker-2026-10-11-match-to-day-3
Ranji Trophy,cricket_match_to_go_till,Ranji Trophy: Jharkhand vs Kerala - Match goes to Day 4?,0.01,0.99,0.5,0.98,0.0,0.0,1.92,2026-10-18 04:00:00+00:00,9.793769266967594,False,False,sports_fees_v3,Match goes to Day 4?,5395785,cricranji-jha-ker-2026-10-11-match-to-day-4
Ranji Trophy,cricket_match_to_go_till,Ranji Trophy: Jharkhand vs Kerala - Match goes to Day 5?,0.01,0.99,0.5,0.98,0.0,0.0,1.92,2026-10-18 04:00:00+00:00,9.793769266967594,False,False,sports_fees_v3,Match goes to Day 5?,5395786,cricranji-jha-ker-2026-10-11-match-to-day-5
Ranji Trophy,cricket_team_top_batter,Ranji Trophy: Jharkhand vs Kerala - Team Top Batter Jharkhand Winner,,0.99,,,0.0,0.0,0.05,2026-10-18 04:00:00+00:00,9.793769266967594,False,True,sports_fees_v3,JHA,5395787,cricranji-jha-ker-2026-10-11-team-top-batter-jha
Ranji Trophy,cricket_team_top_batter,Ranji Trophy: Jharkhand vs Kerala - Team Top Batter Draw,,0.99,,,0.0,0.0,0.05,2026-10-18 04:00:00+00:00,9.793769266967594,False,True,sports_fees_v3,Draw,5395788,cricranji-jha-ker-2026-10-11-team-top-batter-draw
Ranji Trophy,cricket_team_top_batter,Ranji Trophy: Jharkhand vs Kerala - Team Top Batter Kerala Winner,,0.99,,,0.0,0.0,0.05,2026-10-18 04:00:00+00:00,9.793769266967594,False,True,sports_fees_v3,KER,5395789,cricranji-jha-ker-2026-10-11-team-top-batter-ker
Håndboldligaen,moneyline,Tth Holstebro vs. Ribe-Esbjerg HH,0.02,0.99,0.505,0.97,0.0,0.0,2.1199,2026-10-16 17:00:00+00:00,8.33543593363426,False,False,sports_fees_v3,,5402560,hbhandbold-hol-rib-2026-10-09
LNH Division 1,moneyline,Chartres Metropole Handball vs. Chambery Savoie Mont Blanc Handball,0.02,0.98,0.5,0.96,0.0,0.0,2.1198,2026-10-16 18:00:00+00:00,8.377102600300926,False,False,sports_fees_v3,,5387081,hblnh-cmh-cha-2026-10-09
LNH Division 1,moneyline,Saint Raphael vs. Cesson Rennes Metropole HB,0.02,0.99,0.505,0.97,0.0,0.0,2.12,2026-10-16 17:30:00+00:00,8.356269266967594,False,False,sports_fees_v3,,5394603,hblnh-sra-ces-2026-10-09
LNH Division 1,moneyline,Limoges Handball vs. USAM Nimes Gard,0.03,0.97,0.5,0.94,0.0,0.0,22.6798,2026-10-17 17:00:00+00:00,9.33543593363426,False,False,sports_fees_v3,,5410783,hblnh-lim-nim-2026-10-10
LNH Division 1,moneyline,Paris Saint-Germain Handball vs. Fenix Toulouse Handball,0.03,0.97,0.5,0.94,0.0,0.0,22.6798,2026-10-17 17:00:00+00:00,9.33543593363426,False,False,sports_fees_v3,,5414539,hblnh-psg-tou-2026-10-10
LNH Division 1,moneyline,PAUC Handball vs. Saran Loiret Handball,0.03,0.97,0.5,0.94,0.0,0.0,23.0398,2026-10-15 18:00:00+00:00,7.377102600300926,False,False,sports_fees_v3,,5424512,hblnh-pau-sar-2026-10-08
Handball Bundesliga,moneyline,Rhein-Neckar Lowen vs. ThSV Eisenach,0.01,0.85,0.43,0.84,0.0,0.0,9.6199,2026-10-15 17:00:00+00:00,7.33543593363426,False,False,sports_fees_v3,,5368167,hbbundesliga-rnl-eis-2026-10-08
Handball Bundesliga,moneyline,TVB Stuttgart vs. HSG Wetzlar,0.7,0.78,0.74,0.08000000000000007,0.0,0.0,943.9448,2026-10-15 17:00:00+00:00,7.33543593363426,False,False,sports_fees_v3,,5368168,hbbundesliga-tvb-wet-2026-10-08
Handball Bundesliga,moneyline,TSV Hannover-Burgdorf vs. SG Flensburg-Handewitt,0.24,0.36,0.3,0.12,0.0,0.0,828.0893,2026-10-16 17:00:00+00:00,8.33543593363426,False,False,sports_fees_v3,,5399675,hbbundesliga-han-sgf-2026-10-09
NB I,moneyline,Balatonfuredi Kse vs. Gyongyosi KK,,0.49,,,0.0,20.0,10.2,2026-09-19 16:00:00+00:00,-18.706230733032406,False,False,sports_fees_v3,,4448524,hbnbi-bal-gyo-2026-09-12
Superliga,moneyline,KPR Gwardia Opole vs. SPR Chrobry Glogow,,1.0,,,0.0,0.0,0.0,2026-10-10 16:00:00+00:00,2.2937692669675926,False,False,sports_fees_v3,,5238156,hbsuperliga-gwa-chr-2026-10-03
Liga ASOBAL,moneyline,BM Granollers vs. BM Ciudad Encantada Cuenca,,1.0,,,0.0,0.0,0.0,2026-10-10 15:30:00+00:00,2.272935933634259,False,False,sports_fees_v3,,5172864,hbasobal-gra-ciu-2026-10-03
Liga ASOBAL,moneyline,Fertiberia Puerto Sagunto vs. Eon Horneo Alicante,0.02,0.99,0.505,0.97,0.0,0.0,2.12,2026-10-16 17:00:00+00:00,8.33543593363426,False,False,sports_fees_v3,,5404391,hbasobal-fps-eon-2026-10-09
Liga ASOBAL,moneyline,BM Ciudad Encantada Cuenca vs. BM Logrono La Rioja,0.02,0.98,0.5,0.96,0.0,0.0,2.12,2026-10-16 18:00:00+00:00,8.377102600300926,False,False,sports_fees_v3,,5404392,hbasobal-ciu-log-2026-10-09
K League 1,,Will FC Seoul win K-League?,0.81,0.994,0.902,0.18399999999999994,0.0,106.31776599999999,5.3849,2026-12-21 04:59:00+00:00,73.83474148918981,False,True,sports_fees_v2,FC Seoul,1830469,2026-soccer-k-league-winner-fc-seoul
K League 1,,Will Ulsan HD win K-League?,0.01,0.56,0.28500000000000003,0.55,0.0,32.8801,8.2996,2026-12-21 04:59:00+00:00,73.83474148918981,False,True,sports_fees_v2,Ulsan HD,1830470,2026-soccer-k-league-winner-ulsan-hd
K League 1,,Will Jeonbuk Hyundai Motors win K-League?,,0.53,,,0.0,24.36,7.8139,2026-12-20 03:59:00+00:00,72.79307482252315,False,True,sports_fees_v2,Jeonbuk Hyundai Motors,1830471,2026-soccer-k-league-winner-jeonbuk-hyundai-motors
K League 1,,Will Pohang Steelers win K-League?,0.002,0.442,0.222,0.44,0.0,191.35,70.32061,2026-12-20 03:59:00+00:00,72.79307482252315,False,True,sports_fees_v2,Pohang Steelers,1830472,2026-soccer-k-league-winner-pohang-steelers
K League 1,,Will Daejeon Hana Citizen win K-League?,0.001,0.537,0.269,0.536,0.0,91.34,11.11336,2026-12-20 03:59:00+00:00,72.79307482252315,False,True,sports_fees_v2,Daejeon Hana Citizen,1830473,2026-soccer-k-league-winner-daejeon-hana-citizen
K League 1,,Will Gangwon FC win K-League?,,0.44,,,0.0,91.15425,24.4115,2026-12-20 03:59:00+00:00,72.79307482252315,False,True,sports_fees_v2,Gangwon FC,1830475,2026-soccer-k-league-winner-gangwon-fc
K League 1,,Will Jeju SK win K-League?,,0.55,,,0.0,19.16,10.7669,2026-12-20 03:59:00+00:00,72.79307482252315,False,True,sports_fees_v2,Jeju SK,1830476,2026-soccer-k-league-winner-jeju-sk
K League 1,,Will Incheon United win K-League?,,0.53,,,0.0,19.16,11.1456,2026-12-20 03:59:00+00:00,72.79307482252315,False,True,sports_fees_v2,Incheon United,1830478,2026-soccer-k-league-winner-incheon-united
K League 1,,Will FC Anyang win K-League?,0.002,0.533,0.2675,0.531,0.0,200.54999999999998,33.19142,2026-12-20 03:59:00+00:00,72.79307482252315,False,True,sports_fees_v2,FC Anyang,1830479,2026-soccer-k-league-winner-fc-anyang
K League 1,soccer_first_corner,Daejeon Hana Citizen FC vs. Gwangju FC: Team to Take First Corner,0.001,0.999,0.5,0.998,0.0,0.0,0.04,2026-08-02 10:30:00+00:00,-66.93539739969907,False,False,sports_fees_v3,Team to Take First Corner,3041283,kor-dae1-gwa-2026-08-02-first-corner
K League 1,soccer_first_corner,Jeonbuk Hyundai Motors FC vs. FC Seoul: Team to Take First Corner,0.001,0.999,0.5,0.998,0.0,0.0,0.04,2026-08-01 10:30:00+00:00,-67.93539739969907,False,False,sports_fees_v3,Team to Take First Corner,3041286,kor-jeo-seo-2026-08-01-first-corner
K League 1,soccer_first_corner,Ulsan HD FC vs. FC Anyang: Team to Take First Corner,0.001,0.999,0.5,0.998,0.0,1014.2849999999999,0.0294,2026-08-02 10:30:00+00:00,-66.93539739969907,False,False,sports_fees_v3,Team to Take First Corner,3041288,kor-uls-any-2026-08-02-first-corner
K League 1,soccer_first_corner,Jeju SK FC vs. Incheon United FC: Team to Take First Corner,0.001,0.999,0.5,0.998,0.0,0.0,0.04,2026-08-02 10:30:00+00:00,-66.93539739969907,False,False,sports_fees_v3,Team to Take First Corner,3041289,kor-jej-inc-2026-08-02-first-corner
K League 1,soccer_first_corner,Pohang Steelers FC vs. Gimcheon Sangmu FC: Team to Take First Corner,0.001,0.999,0.5,0.998,0.0,0.0,0.04,2026-08-01 10:30:00+00:00,-67.93539739969907,False,False,sports_fees_v3,Team to Take First Corner,3041290,kor-poh-san-2026-08-01-first-corner
K League 1,soccer_first_corner,Gangwon FC vs. Bucheon FC 1995: Team to Take First Corner,0.001,0.999,0.5,0.998,0.0,0.0,0.04,2026-08-01 10:30:00+00:00,-67.93539739969907,False,False,sports_fees_v3,Team to Take First Corner,3041670,kor-gwo-bch-2026-08-01-first-corner
K League 1,soccer_first_corner,Incheon United FC vs. Bucheon FC 1995: Team to Take First Corner,,0.999,,,0.0,34.0,0.02,2026-07-26 10:30:00+00:00,-73.93539739969907,False,False,sports_fees_v3,Team to Take First Corner,3041675,kor-inc-bch-2026-07-26-first-corner
K League 1,soccer_first_corner,FC Anyang vs. Gangwon FC: Team to Take First Corner,0.001,0.999,0.5,0.998,0.0,0.0,0.04,2026-07-26 10:30:00+00:00,-73.93539739969907,False,False,sports_fees_v3,Team to Take First Corner,3041690,kor-any-gwo-2026-07-26-first-corner
K League 1,soccer_first_corner,Gwangju FC vs. Jeju SK FC: Team to Take First Corner,0.001,1.0,0.5005,0.999,0.0,118.0,0.02,2026-07-26 10:30:00+00:00,-73.93539739969907,False,False,sports_fees_v3,Team to Take First Corner,3041691,kor-gwa-jej-2026-07-26-first-corner
K League 1,soccer_first_corner,FC Seoul vs. Ulsan HD FC: Team to Take First Corner,0.001,0.999,0.5,0.998,0.0,0.0,0.04,2026-07-26 10:30:00+00:00,-73.93539739969907,False,False,sports_fees_v3,Team to Take First Corner,3041698,kor-seo-uls-2026-07-26-first-corner
K League 1,soccer_game_corners_odd_even,Pohang Steelers FC vs. Jeonbuk Hyundai Motors FC: Total Corners Odd or Even?,0.001,0.999,0.5,0.998,0.0,0.0,0.04,2026-07-25 10:30:00+00:00,-74.93539739969907,False,False,sports_fees_v3,Total Corners: Odd or Even,3041998,kor-poh-jeo-2026-07-25-corners-odd-even
K League 1,soccer_first_corner,Gimcheon Sangmu FC vs. FC Seoul: Team to Take First Corner,0.001,0.999,0.5,0.998,0.0,0.0,0.01,2026-08-08 11:00:00+00:00,-60.91456406636574,False,False,sports_fees_v3,Team to Take First Corner,3131854,kor-san-seo-2026-08-08-first-corner
K League 1,soccer_first_corner,Pohang Steelers FC vs. Ulsan HD FC: Team to Take First Corner,0.001,0.999,0.5,0.998,0.0,0.0,0.01,2026-08-08 11:00:00+00:00,-60.91456406636574,False,False,sports_fees_v3,Team to Take First Corner,3131894,kor-poh-uls-2026-08-08-first-corner
K League 1,soccer_first_corner,FC Anyang vs. Daejeon Hana Citizen FC: Team to Take First Corner,0.001,0.999,0.5,0.998,0.0,0.0,0.01,2026-08-08 11:00:00+00:00,-60.91456406636574,False,False,sports_fees_v3,Team to Take First Corner,3131930,kor-any-dae1-2026-08-08-first-corner
K League 1,soccer_first_corner,Jeonbuk Hyundai Motors FC vs. Jeju SK FC: Team to Take First Corner,0.001,0.999,0.5,0.998,0.0,0.0,0.01,2026-08-08 11:00:00+00:00,-60.91456406636574,False,False,sports_fees_v3,Team to Take First Corner,3131962,kor-jeo-jej-2026-08-08-first-corner
K League 1,soccer_first_corner,Bucheon FC 1995 vs. Gwangju FC: Team to Take First Corner,0.001,0.999,0.5,0.998,0.0,0.0,0.01,2026-08-08 11:00:00+00:00,-60.91456406636574,False,False,sports_fees_v3,Team to Take First Corner,3131993,kor-bch-gwa-2026-08-08-first-corner
K League 1,,Will FC Seoul be runner-up in the 2026 K-League?,0.02,0.98,0.5,0.96,0.0,0.0,2.8203,2027-01-01 04:59:00+00:00,84.83474148918981,False,True,sports_fees_v3,FC Seoul,3543677,2026-soccer-k-league-runner-up-fc-seoul
K League 1,,Will Ulsan HD be runner-up in the 2026 K-League?,0.02,0.95,0.485,0.9299999999999999,0.0,0.0,4.6806,2027-01-01 04:59:00+00:00,84.83474148918981,False,True,sports_fees_v3,Ulsan HD,3543678,2026-soccer-k-league-runner-up-ulsan-hd
K League 1,,Will Jeonbuk Hyundai Motors be runner-up in the 2026 K-League?,0.02,0.98,0.5,0.96,0.0,0.0,3.2104,2027-01-01 04:59:00+00:00,84.83474148918981,False,True,sports_fees_v3,Jeonbuk Hyundai Motors,3543679,2026-soccer-k-league-runner-up-jeonbuk-hyundai-motors
K League 1,,Will Pohang Steelers be runner-up in the 2026 K-League?,,0.99,,,0.0,18.1011,1.6481,2027-01-01 04:59:00+00:00,84.83474148918981,False,True,sports_fees_v3,Pohang Steelers,3543680,2026-soccer-k-league-runner-up-pohang-steelers
K League 1,,Will Daejeon Hana Citizen be runner-up in the 2026 K-League?,0.02,0.98,0.5,0.96,0.0,0.0,2.8403,2027-01-01 04:59:00+00:00,84.83474148918981,False,True,sports_fees_v3,Daejeon Hana Citizen,3543681,2026-soccer-k-league-runner-up-daejeon-hana-citizen
K League 1,,Will Gangwon FC be runner-up in the 2026 K-League?,,0.92,,,0.0,6.3163,1.6309,2027-01-01 04:59:00+00:00,84.83474148918981,False,True,sports_fees_v3,Gangwon FC,3543683,2026-soccer-k-league-runner-up-gangwon-fc
K League 1,,Will Jeju SK be runner-up in the 2026 K-League?,0.02,0.96,0.49,0.94,0.0,0.0,4.1163,2027-01-01 04:59:00+00:00,84.83474148918981,False,True,sports_fees_v3,Jeju SK,3543684,2026-soccer-k-league-runner-up-jeju-sk
K League 1,,Will Gimcheon Sangmu be runner-up in the 2026 K-League?,,0.93,,,0.0,89.41,6.1512,2027-01-01 04:59:00+00:00,84.83474148918981,False,True,sports_fees_v3,Gimcheon Sangmu,3543685,2026-soccer-k-league-runner-up-gimcheon-sangmu
K League 1,,Will Incheon United be runner-up in the 2026 K-League?,0.02,0.98,0.5,0.96,0.0,0.0,2.8503,2027-01-01 04:59:00+00:00,84.83474148918981,False,True,sports_fees_v3,Incheon United,3543686,2026-soccer-k-league-runner-up-incheon-united
K League 1,,Will FC Anyang be runner-up in the 2026 K-League?,0.01,0.98,0.495,0.97,0.0,0.0,2.7104,2027-01-01 04:59:00+00:00,84.83474148918981,False,True,sports_fees_v3,FC Anyang,3543687,2026-soccer-k-league-runner-up-fc-anyang
K League 1,,Will Bucheon FC 1995 be runner-up in the 2026 K-League?,0.002,0.011,0.0065,0.009,0.0,101.41,20.1085,2027-01-01 04:59:00+00:00,84.83474148918981,False,True,sports_fees_v3,Bucheon FC 1995,3543688,2026-soccer-k-league-runner-up-bucheon-fc-1995
K League 1,soccer_first_half_total_corners,Gwangju FC vs. FC Seoul: 1st Half O/U 4.5 Total Corners,0.001,0.999,0.5,0.998,0.0,0.0,0.01,2026-08-30 10:30:00+00:00,-38.93539739969908,False,False,sports_fees_v3,1st Half Total Corners: O/U 4.5,3648227,kor-gwa-seo-2026-08-30-corners-first-half-total-4pt5
K League 1,soccer_second_half_total_corners,Gwangju FC vs. FC Seoul: 2nd Half O/U 5.5 Total Corners,,1.0,,,0.0,0.0,0.0,2026-08-30 10:30:00+00:00,-38.93539739969908,False,False,sports_fees_v3,2nd Half Total Corners: O/U 5.5,3648231,kor-gwa-seo-2026-08-30-corners-second-half-total-5pt5
K League 1,soccer_game_corners_odd_even,Gwangju FC vs. FC Seoul: Total Corners Odd or Even?,,1.0,,,0.0,0.0,0.0,2026-08-30 10:30:00+00:00,-38.93539739969908,False,False,sports_fees_v3,Total Corners: Odd or Even,3648240,kor-gwa-seo-2026-08-30-corners-odd-even
K League 2,,Will Ansan Greeners be promoted to K-League?,0.01,0.98,0.495,0.97,0.0,0.0,2.8839,2027-01-01 04:59:00+00:00,84.83474148918981,False,False,sports_fees_v3,Ansan Greeners,3847815,will-ansan-greeners-be-promoted-to-k-league-2026
K League 2,,Will Busan IPark be promoted to K-League?,0.01,0.98,0.495,0.97,0.0,0.0,1.8839,2027-01-01 04:59:00+00:00,84.83474148918981,False,False,sports_fees_v3,Busan IPark,3847817,will-busan-ipark-be-promoted-to-k-league-2026
K League 2,,Will Cheonan City be promoted to K-League?,0.01,0.98,0.495,0.97,0.0,0.0,1.884,2027-01-01 04:59:00+00:00,84.83474148918981,False,False,sports_fees_v3,Cheonan City,3847819,will-cheonan-city-be-promoted-to-k-league-2026
K League 2,,Will Chungbuk Cheongju be promoted to K-League?,0.01,0.98,0.495,0.97,0.0,0.0,2.8838,2027-01-01 04:59:00+00:00,84.83474148918981,False,False,sports_fees_v3,Chungbuk Cheongju,3847821,will-chungbuk-cheongju-be-promoted-to-k-league-2026
K League 2,,Will Chungnam Asan be promoted to K-League?,0.01,0.98,0.495,0.97,0.0,0.0,2.884,2027-01-01 04:59:00+00:00,84.83474148918981,False,False,sports_fees_v3,Chungnam Asan,3847823,will-chungnam-asan-be-promoted-to-k-league-2026
K League 2,,Will Daegu FC be promoted to K-League?,0.01,0.98,0.495,0.97,0.0,0.0,1.8838,2027-01-01 04:59:00+00:00,84.83474148918981,False,False,sports_fees_v3,Daegu FC,3847825,will-daegu-fc-be-promoted-to-k-league-2026
K League 2,,Will Gimhae FC 2008 be promoted to K-League?,0.01,0.98,0.495,0.97,0.0,0.0,1.8551,2027-01-01 04:59:00+00:00,84.83474148918981,False,False,sports_fees_v3,Gimhae FC 2008,3847827,will-gimhae-fc-2008-be-promoted-to-k-league-2026
K League 2,,Will Gimpo FC be promoted to K-League?,0.01,0.98,0.495,0.97,0.0,0.0,1.8839,2027-01-01 04:59:00+00:00,84.83474148918981,False,False,sports_fees_v3,Gimpo FC,3847829,will-gimpo-fc-be-promoted-to-k-league-2026
K League 2,,Will Gyeongnam FC be promoted to K-League?,0.01,0.98,0.495,0.97,0.0,0.0,1.884,2027-01-01 04:59:00+00:00,84.83474148918981,False,False,sports_fees_v3,Gyeongnam FC,3847831,will-gyeongnam-fc-be-promoted-to-k-league-2026
K League 2,,Will Hwaseong FC be promoted to K-League?,0.01,0.98,0.495,0.97,0.0,0.0,1.8839,2027-01-01 04:59:00+00:00,84.83474148918981,False,False,sports_fees_v3,Hwaseong FC,3847833,will-hwaseong-fc-be-promoted-to-k-league-2026
K League 2,,Will Jeonnam Dragons be promoted to K-League?,0.01,0.98,0.495,0.97,0.0,0.0,1.8839,2027-01-01 04:59:00+00:00,84.83474148918981,False,False,sports_fees_v3,Jeonnam Dragons,3847835,will-jeonnam-dragons-be-promoted-to-k-league-2026
K League 2,,Will Paju Frontier be promoted to K-League?,0.01,0.98,0.495,0.97,0.0,0.0,2.8839,2027-01-01 04:59:00+00:00,84.83474148918981,False,False,sports_fees_v3,Paju Frontier,3847837,will-paju-frontier-be-promoted-to-k-league-2026
K League 2,,Will Seongnam FC be promoted to K-League?,0.01,0.98,0.495,0.97,0.0,0.0,1.8838,2027-01-01 04:59:00+00:00,84.83474148918981,False,False,sports_fees_v3,Seongnam FC,3847838,will-seongnam-fc-be-promoted-to-k-league-2026
K League 2,,Will Seoul E-Land be promoted to K-League?,0.01,0.98,0.495,0.97,0.0,0.0,1.884,2027-01-01 04:59:00+00:00,84.83474148918981,False,False,sports_fees_v3,Seoul E-Land,3847839,will-seoul-e-land-be-promoted-to-k-league-2026
K League 2,,Will Suwon FC be promoted to K-League?,0.01,0.98,0.495,0.97,0.0,0.0,1.8839,2027-01-01 04:59:00+00:00,84.83474148918981,False,False,sports_fees_v3,Suwon FC,3847840,will-suwon-fc-be-promoted-to-k-league-2026
K League 2,,Will Suwon Samsung Bluewings be promoted to K-League?,,0.99,,,0.0,0.0,0.7839,2027-01-01 04:59:00+00:00,84.83474148918981,False,False,sports_fees_v3,Suwon Samsung Bluewings,3847841,will-suwon-samsung-bluewings-be-promoted-to-k-league-2026
K League 2,,Will Yongin FC be promoted to K-League?,0.01,0.98,0.495,0.97,0.0,0.0,1.8838,2027-01-01 04:59:00+00:00,84.83474148918981,False,False,sports_fees_v3,Yongin FC,3847842,will-yongin-fc-be-promoted-to-k-league-2026
K League 1,,Will FC Seoul be relegated from the 2026 K-League?,0.005,0.065,0.035,0.060000000000000005,0.0,1258.309689,14.194,2027-01-01 04:59:00+00:00,84.83474148918981,False,False,sports_fees_v3,FC Seoul,3848163,will-fc-seoul-be-relegated-from-k-league-2026
K League 1,,Will Ulsan HD be relegated from the 2026 K-League?,0.004,0.02,0.012,0.016,0.0,248.0,100.57769,2027-01-01 04:59:00+00:00,84.83474148918981,False,False,sports_fees_v3,Ulsan HD,3848165,will-ulsan-hd-be-relegated-from-k-league-2026
K League 1,,Will Jeonbuk Hyundai Motors be relegated from the 2026 K-League?,0.013,0.322,0.1675,0.309,0.0,1040.952589,79.01521,2027-01-01 04:59:00+00:00,84.83474148918981,False,False,sports_fees_v3,Jeonbuk Hyundai Motors,3848167,will-jeonbuk-hyundai-motors-be-relegated-from-k-league-2026
K League 1,,Will Pohang Steelers be relegated from the 2026 K-League?,0.011,0.098,0.0545,0.08700000000000001,0.0,91.11111,326.15091,2027-01-01 04:59:00+00:00,84.83474148918981,False,False,sports_fees_v3,Pohang Steelers,3848169,will-pohang-steelers-be-relegated-from-k-league-2026
K League 1,,Will Daejeon Hana Citizen be relegated from the 2026 K-League?,0.01,0.25,0.13,0.24,0.0,84.405341,27.58397,2027-01-01 04:59:00+00:00,84.83474148918981,False,False,sports_fees_v3,Daejeon Hana Citizen,3848171,will-daejeon-hana-citizen-be-relegated-from-k-league-2026
K League 1,,Will Gwangju FC be relegated from the 2026 K-League?,0.54,0.6,0.5700000000000001,0.05999999999999994,0.0,212.24499,271.2796,2027-01-01 04:59:00+00:00,84.83474148918981,False,False,sports_fees_v3,Gwangju FC,3848174,will-gwangju-fc-be-relegated-from-k-league-2026
K League 1,,Will Gangwon FC be relegated from the 2026 K-League?,0.01,0.039,0.0245,0.028999999999999998,0.0,308.94,61.02199,2027-01-01 04:59:00+00:00,84.83474148918981,False,False,sports_fees_v3,Gangwon FC,3848176,will-gangwon-fc-be-relegated-from-k-league-2026
K League 1,,Will Jeju SK be relegated from the 2026 K-League?,0.022,0.066,0.044,0.044000000000000004,0.0,165.846344,103.05494,2027-01-01 04:59:00+00:00,84.83474148918981,False,False,sports_fees_v3,Jeju SK,3848178,will-jeju-sk-be-relegated-from-k-league-2026
K League 1,,Will Gimcheon Sangmu be relegated from the 2026 K-League?,0.954,0.988,0.971,0.03400000000000003,0.0,249.39333399999998,70.88669,2027-01-01 04:59:00+00:00,84.83474148918981,False,False,sports_fees_v3,Gimcheon Sangmu,3848180,will-gimcheon-sangmu-be-relegated-from-k-league-2026
K League 1,,Will Incheon United be relegated from the 2026 K-League?,0.012,0.067,0.0395,0.05500000000000001,0.0,543.7700000000001,776.03877,2027-01-01 04:59:00+00:00,84.83474148918981,False,False,sports_fees_v3,Incheon United,3848181,will-incheon-united-be-relegated-from-k-league-2026
K League 1,,Will FC Anyang be relegated from the 2026 K-League?,0.023,0.086,0.05449999999999999,0.063,0.0,0.0,79.71183,2027-01-01 04:59:00+00:00,84.83474148918981,False,False,sports_fees_v3,FC Anyang,3848182,will-fc-anyang-be-relegated-from-k-league-2026
K League 1,,Will Bucheon FC 1995 be relegated from the 2026 K-League?,0.011,0.1,0.0555,0.08900000000000001,0.0,174.0,45.30392,2027-01-01 04:59:00+00:00,84.83474148918981,False,False,sports_fees_v3,Bucheon FC 1995,3848183,will-bucheon-fc-1995-be-relegated-from-k-league-2026
K League 1,,Will Ulsan HD finish 10th in the 2026 K-League?,0.02,0.97,0.495,0.95,0.0,0.0,6.5729,2027-01-01 04:59:00+00:00,84.83474148918981,False,True,sports_fees_v3,Ulsan HD,3848604,will-ulsan-hd-finish-10th-in-k-league-2026
K League 1,,Will Jeonbuk Hyundai Motors finish 10th in the 2026 K-League?,0.02,0.97,0.495,0.95,0.0,0.0,6.9704,2027-01-01 04:59:00+00:00,84.83474148918981,False,True,sports_fees_v3,Jeonbuk Hyundai Motors,3848605,will-jeonbuk-hyundai-motors-finish-10th-in-k-league-2026
K League 1,,Will Pohang Steelers finish 10th in the 2026 K-League?,0.02,0.97,0.495,0.95,0.0,0.0,5.9504,2027-01-01 04:59:00+00:00,84.83474148918981,False,True,sports_fees_v3,Pohang Steelers,3848607,will-pohang-steelers-finish-10th-in-k-league-2026
K League 1,,Will Daejeon Hana Citizen finish 10th in the 2026 K-League?,0.02,0.96,0.49,0.94,0.0,0.0,5.0903,2027-01-01 04:59:00+00:00,84.83474148918981,False,True,sports_fees_v3,Daejeon Hana Citizen,3848610,will-daejeon-hana-citizen-finish-10th-in-k-league-2026
K League 1,,Will Gwangju FC finish 10th in the 2026 K-League?,0.02,0.97,0.495,0.95,0.0,0.0,6.9304,2027-01-01 04:59:00+00:00,84.83474148918981,False,True,sports_fees_v3,Gwangju FC,3848611,will-gwangju-fc-finish-10th-in-k-league-2026
K League 1,,Will Gangwon FC finish 10th in the 2026 K-League?,0.02,0.97,0.495,0.95,0.0,0.0,6.7623,2027-01-01 04:59:00+00:00,84.83474148918981,False,True,sports_fees_v3,Gangwon FC,3848613,will-gangwon-fc-finish-10th-in-k-league-2026
K League 1,,Will Jeju SK finish 10th in the 2026 K-League?,0.02,0.97,0.495,0.95,0.0,0.0,6.4303,2027-01-01 04:59:00+00:00,84.83474148918981,False,True,sports_fees_v3,Jeju SK,3848615,will-jeju-sk-finish-10th-in-k-league-2026
K League 1,,Will Gimcheon Sangmu finish 10th in the 2026 K-League?,0.02,0.97,0.495,0.95,0.0,0.0,5.8903,2027-01-01 04:59:00+00:00,84.83474148918981,False,True,sports_fees_v3,Gimcheon Sangmu,3848617,will-gimcheon-sangmu-finish-10th-in-k-league-2026
K League 1,,Will Incheon United finish 10th in the 2026 K-League?,0.02,0.97,0.495,0.95,0.0,0.0,6.3101,2027-01-01 04:59:00+00:00,84.83474148918981,False,True,sports_fees_v3,Incheon United,3848619,will-incheon-united-finish-10th-in-k-league-2026
K League 1,,Will FC Anyang finish 10th in the 2026 K-League?,0.01,0.96,0.485,0.95,0.0,0.0,3.1004,2027-01-01 04:59:00+00:00,84.83474148918981,False,True,sports_fees_v3,FC Anyang,3848621,will-fc-anyang-finish-10th-in-k-league-2026
K League 1,,Will Bucheon FC 1995 finish 10th in the 2026 K-League?,0.02,0.97,0.495,0.95,0.0,0.0,6.2903,2027-01-01 04:59:00+00:00,84.83474148918981,False,True,sports_fees_v3,Bucheon FC 1995,3848623,will-bucheon-fc-1995-finish-10th-in-k-league-2026
K League 1,,Will FC Seoul keep the most clean sheets in the 2026 K-League?,0.03,0.98,0.505,0.95,0.0,0.0,3.9815,2027-01-01 04:59:00+00:00,84.83474148918981,False,True,sports_fees_v3,FC Seoul,3849597,will-fc-seoul-keep-the-most-clean-sheets-in-k-league-2026
K League 1,,Will Jeonbuk Hyundai Motors keep the most clean sheets in the 2026 K-League?,0.02,0.97,0.495,0.95,0.0,0.0,4.8561,2027-01-01 04:59:00+00:00,84.83474148918981,False,True,sports_fees_v3,Jeonbuk Hyundai Motors,3849601,will-jeonbuk-hyundai-motors-keep-the-most-clean-sheets-in-k-league-2026
K League 1,,Will Pohang Steelers keep the most clean sheets in the 2026 K-League?,0.02,0.96,0.49,0.94,0.0,0.0,10.2206,2027-01-01 04:59:00+00:00,84.83474148918981,False,True,sports_fees_v3,Pohang Steelers,3849603,will-pohang-steelers-keep-the-most-clean-sheets-in-k-league-2026
K League 1,,Will Gangwon FC keep the most clean sheets in the 2026 K-League?,0.03,0.97,0.5,0.94,0.0,0.0,6.8413,2027-01-01 04:59:00+00:00,84.83474148918981,False,True,sports_fees_v3,Gangwon FC,3849613,will-gangwon-fc-keep-the-most-clean-sheets-in-k-league-2026
K League 1,,Will Jeju SK keep the most clean sheets in the 2026 K-League?,0.03,0.97,0.5,0.94,0.0,0.0,6.3263,2027-01-01 04:59:00+00:00,84.83474148918981,False,True,sports_fees_v3,Jeju SK,3849617,will-jeju-sk-keep-the-most-clean-sheets-in-k-league-2026
K League 1,soccer_game_corners_odd_even,Ulsan HD FC vs. Incheon United FC: Total Corners Odd or Even?,,1.0,,,0.0,0.0,0.0,2026-09-12 07:30:00+00:00,-26.060397399699077,False,False,sports_fees_v3,Total Corners: Odd or Even,3985185,kor-uls-inc-2026-09-12-corners-odd-even
K League 1,soccer_first_corner,Ulsan HD FC vs. Incheon United FC: Team to Take First Corner,,1.0,,,0.0,0.0,0.0,2026-09-12 07:30:00+00:00,-26.060397399699077,False,False,sports_fees_v3,Team to Take First Corner,3985186,kor-uls-inc-2026-09-12-first-corner
K League 1,soccer_first_corner,Jeonbuk Hyundai Motors FC vs. FC Seoul: Team to Take First Corner,,1.0,,,0.0,0.0,0.0,2026-09-12 07:30:00+00:00,-26.060397399699077,False,False,sports_fees_v3,Team to Take First Corner,3985209,kor-jeo-seo-2026-09-12-first-corner
K League 1,soccer_first_corner,Pohang Steelers FC vs. FC Seoul: Team to Take First Corner,,1.0,,,0.0,0.0,0.0,2026-09-20 10:00:00+00:00,-17.956230733032406,False,False,sports_fees_v3,Team to Take First Corner,4310561,kor-poh-seo-2026-09-20-first-corner
K League 1,soccer_first_corner,Incheon United FC vs. Daejeon Hana Citizen FC: Team to Take First Corner,,1.0,,,0.0,0.0,0.0,2026-09-20 10:00:00+00:00,-17.956230733032406,False,False,sports_fees_v3,Team to Take First Corner,4310584,kor-inc-dae1-2026-09-20-first-corner
K League 1,soccer_first_corner,Jeonbuk Hyundai Motors FC vs. Gwangju FC: Team to Take First Corner,,1.0,,,0.0,5.0,0.0,2026-09-20 07:30:00+00:00,-18.060397399699074,False,False,sports_fees_v3,Team to Take First Corner,4310607,kor-jeo-gwa-2026-09-20-first-corner
K League 1,soccer_first_corner,Gangwon FC vs. Jeju SK FC: Team to Take First Corner,,1.0,,,0.0,5.0,0.0,2026-09-20 07:30:00+00:00,-18.060397399699074,False,False,sports_fees_v3,Team to Take First Corner,4310630,kor-gwo-jej-2026-09-20-first-corner
K League 1,moneyline,Will Daejeon Hana Citizen FC win on 2026-10-09?,0.42,0.43,0.425,0.010000000000000009,0.0,0.0,27289.955,2026-10-09 05:00:00+00:00,0.8354359336342593,False,True,sports_fees_v3,Daejeon Hana Citizen FC,4961567,kor-dae1-jeo-2026-10-09-dae1
K League 1,moneyline,Will Daejeon Hana Citizen FC vs. Jeonbuk Hyundai Motors FC end in a draw?,0.26,0.27,0.265,0.010000000000000009,14.957266,14.957266,27139.7487,2026-10-09 05:00:00+00:00,0.8354359336342593,False,True,sports_fees_v3,Draw (Daejeon Hana Citizen FC vs. Jeonbuk Hyundai Motors FC),4961568,kor-dae1-jeo-2026-10-09-draw
K League 1,moneyline,Will Jeonbuk Hyundai Motors FC win on 2026-10-09?,0.31,0.32,0.315,0.010000000000000009,3.125,12.670455,28897.4867,2026-10-09 05:00:00+00:00,0.8354359336342593,False,True,sports_fees_v3,Jeonbuk Hyundai Motors FC,4961569,kor-dae1-jeo-2026-10-09-jeo
K League 1,moneyline,Will Incheon United FC win on 2026-10-09?,0.41,0.42,0.415,0.010000000000000009,2.380953,2.380953,26051.7789,2026-10-09 07:30:00+00:00,0.9396026003009259,False,True,sports_fees_v3,Incheon United FC,4961571,kor-inc-poh-2026-10-09-inc
K League 1,moneyline,Will Incheon United FC vs. Pohang Steelers FC end in a draw?,0.3,0.31,0.305,0.010000000000000009,0.0,2.85714,24145.5458,2026-10-09 07:30:00+00:00,0.9396026003009259,False,True,sports_fees_v3,Draw (Incheon United FC vs. Pohang Steelers FC),4961572,kor-inc-poh-2026-10-09-draw
K League 1,moneyline,Will Pohang Steelers FC win on 2026-10-09?,0.27,0.28,0.275,0.010000000000000009,528.4668780000001,528.4668780000001,25008.9866,2026-10-09 07:30:00+00:00,0.9396026003009259,False,True,sports_fees_v3,Pohang Steelers FC,4961573,kor-inc-poh-2026-10-09-poh
K League 1,moneyline,Will Gangwon FC win on 2026-10-09?,0.54,0.55,0.545,0.010000000000000009,192.545456,197.771646,27557.9848,2026-10-09 07:30:00+00:00,0.9396026003009259,False,True,sports_fees_v3,Gangwon FC,4961575,kor-gwo-bch-2026-10-09-gwo
K League 1,moneyline,Will Gangwon FC vs. Bucheon FC 1995 end in a draw?,0.26,0.27,0.265,0.010000000000000009,0.0,0.0,26473.8565,2026-10-09 07:30:00+00:00,0.9396026003009259,False,True,sports_fees_v3,Draw (Gangwon FC vs. Bucheon FC 1995),4961576,kor-gwo-bch-2026-10-09-draw
K League 1,moneyline,Will Bucheon FC 1995 win on 2026-10-09?,0.19,0.2,0.195,0.010000000000000009,44.397561,168.397561,29838.7087,2026-10-09 07:30:00+00:00,0.9396026003009259,False,True,sports_fees_v3,Bucheon FC 1995,4961577,kor-gwo-bch-2026-10-09-bch
LaLiga,,"Florentino Perez out as Real Madrid president by December 31, 2026?",0.048,0.053,0.0505,0.0049999999999999975,0.0,125168.714759,8642.50943,2027-01-01 04:59:00+00:00,84.83474148918981,False,False,sports_fees_v2,,2245975,florentino-perez-out-as-real-madrid-president-by-december-31-2026
LaLiga,,Will Alavés win the 2026-27 LALIGA Championship?,0.001,0.002,0.0015,0.001,64.057,451778.2900000001,282171.54725,2027-06-15 03:59:00+00:00,249.79307482252315,False,True,sports_fees_v2,Alavés,2771489,will-alaves-win-the-2026-27-laliga-championship-20260701200737376
LaLiga,,Will Athletic Bilbao win the 2026-27 LALIGA Championship?,0.001,0.002,0.0015,0.001,29.117,283138.25449900003,277236.31323,2027-06-15 03:59:00+00:00,249.79307482252315,False,True,sports_fees_v2,Athletic Bilbao,2771490,will-athletic-bilbao-win-the-2026-27-laliga-championship-20260701200737377
LaLiga,,Will Atlético Madrid win the 2026-27 LALIGA Championship?,0.016,0.017,0.0165,0.0010000000000000009,1132.401628,484508.760351,151763.82023,2027-06-15 03:59:00+00:00,249.79307482252315,False,True,sports_fees_v2,Atlético Madrid,2771491,will-atletico-madrid-win-the-2026-27-laliga-championship-20260701200737378
LaLiga,,Will Barcelona win the 2026-27 LALIGA Championship?,0.8,0.81,0.805,0.010000000000000009,401.07370799999995,476669.432885,372212.0273,2027-06-15 03:59:00+00:00,249.79307482252315,False,True,sports_fees_v2,Barcelona,2771492,will-barcelona-win-the-2026-27-laliga-championship-20260701200737379
LaLiga,,Will Betis win the 2026-27 LALIGA Championship?,0.003,0.004,0.0035,0.001,24.166666,432169.164625,191322.9441,2027-06-15 03:59:00+00:00,249.79307482252315,False,True,sports_fees_v2,Betis,2771493,will-betis-win-the-2026-27-laliga-championship-20260701200737380
LaLiga,,Will Celta Vigo win the 2026-27 LALIGA Championship?,0.001,0.002,0.0015,0.001,20.72,378322.2673330001,295324.14139,2027-06-15 03:59:00+00:00,249.79307482252315,False,True,sports_fees_v2,Celta Vigo,2771494,will-celta-vigo-win-the-2026-27-laliga-championship-20260701200737381
LaLiga,,Will Espanyol win the 2026-27 LALIGA Championship?,0.001,0.002,0.0015,0.001,28.727,306625.912,294737.90905,2027-06-15 03:59:00+00:00,249.79307482252315,False,True,sports_fees_v2,Espanyol,2771495,will-espanyol-win-the-2026-27-laliga-championship-20260701200737382
LaLiga,,Will Getafe win the 2026-27 LALIGA Championship?,0.001,0.002,0.0015,0.001,61.054,314565.244,300137.70074,2027-06-15 03:59:00+00:00,249.79307482252315,False,True,sports_fees_v2,Getafe,2771496,will-getafe-win-the-2026-27-laliga-championship-20260701200737383
LaLiga,,Will Osasuna win the 2026-27 LALIGA Championship?,0.001,0.002,0.0015,0.001,23.323,316929.155,303734.6613,2027-06-15 03:59:00+00:00,249.79307482252315,False,True,sports_fees_v2,Osasuna,2771497,will-osasuna-win-the-2026-27-laliga-championship-20260701200737384
LaLiga,,Will Rayo Vallecano win the 2026-27 LALIGA Championship?,0.001,0.002,0.0015,0.001,15.21,342889.66199999995,309257.81057,2027-06-15 03:59:00+00:00,249.79307482252315,False,True,sports_fees_v2,Rayo Vallecano,2771498,will-rayo-vallecano-win-the-2026-27-laliga-championship-20260701200737385
LaLiga,,Will Real Madrid win the 2026-27 LALIGA Championship?,0.16,0.17,0.165,0.010000000000000009,5.14,632669.8508629999,267422.6589,2027-06-15 03:59:00+00:00,249.79307482252315,False,True,sports_fees_v2,Real Madrid,2771499,will-real-madrid-win-the-2026-27-laliga-championship-20260701200737386
LaLiga,,Will Real Sociedad win the 2026-27 LALIGA Championship?,0.001,0.002,0.0015,0.001,0.0,313221.94071600004,272946.71506,2027-06-15 03:59:00+00:00,249.79307482252315,False,True,sports_fees_v2,Real Sociedad,2771500,will-real-sociedad-win-the-2026-27-laliga-championship-20260701200737387
LaLiga,,Will Sevilla win the 2026-27 LALIGA Championship?,0.001,0.002,0.0015,0.001,0.0,371486.189333,259373.15357,2027-06-15 03:59:00+00:00,249.79307482252315,False,True,sports_fees_v2,Sevilla,2771501,will-sevilla-win-the-2026-27-laliga-championship-20260701200737388
LaLiga,,Will Valencia win the 2026-27 LALIGA Championship?,0.001,0.002,0.0015,0.001,0.0,397180.947,300126.81262,2027-06-15 03:59:00+00:00,249.79307482252315,False,True,sports_fees_v2,Valencia,2771502,will-valencia-win-the-2026-27-laliga-championship-20260701200737389
LaLiga,,Will Villarreal win the 2026-27 LALIGA Championship?,0.002,0.003,0.0025,0.001,20.14,796755.921312,265251.61326,2027-06-15 03:59:00+00:00,249.79307482252315,False,True,sports_fees_v2,Villarreal,2771503,will-villarreal-win-the-2026-27-laliga-championship-20260701200737390
LaLiga,,Will Levante win the 2026-27 LALIGA Championship?,0.001,0.002,0.0015,0.001,0.0,305189.85599999997,294959.59761,2027-06-15 03:59:00+00:00,249.79307482252315,False,True,sports_fees_v2,Levante,2771504,will-levante-win-the-2026-27-laliga-championship-20260701200737391
LaLiga,,Will Elche win the 2026-27 LALIGA Championship?,,0.001,,,0.0,68498.197,274088.43074,2027-06-15 03:59:00+00:00,249.79307482252315,False,True,sports_fees_v2,Elche,2771505,will-elche-win-the-2026-27-laliga-championship-20260701200737392
LaLiga,,Will Racing Santander win the 2026-27 LALIGA Championship?,0.001,0.002,0.0015,0.001,0.0,397187.14949899993,289958.30442,2027-06-15 03:59:00+00:00,249.79307482252315,False,True,sports_fees_v2,Racing Santander,2771506,will-racing-santander-win-the-2026-27-laliga-championship-20260701200737393
LaLiga,,Will Deportivo La Coruña win the 2026-27 LALIGA Championship?,0.001,0.002,0.0015,0.001,0.0,360591.71099999995,258847.01313,2027-06-15 03:59:00+00:00,249.79307482252315,False,True,sports_fees_v2,Deportivo La Coruña,2771507,will-deportivo-la-coruna-win-the-2026-27-laliga-championship-20260701200737394
LaLiga,,Will Málaga win the 2026-27 LALIGA Championship?,,0.001,,,0.0,65173.942499000004,271631.64342,2027-06-15 03:59:00+00:00,249.79307482252315,False,True,sports_fees_v2,Málaga,2771508,will-malaga-win-the-2026-27-laliga-championship-20260701200737395
LaLiga,,Will Team C win the 2026-27 LALIGA Championship?,,0.001,,,0.0,3245.65,228782.15255,2027-06-15 03:59:00+00:00,249.79307482252315,False,True,sports_fees_v2,Team C,2771511,will-team-c-win-the-2026-27-laliga-championship-20260702180646206
LaLiga,,Will Alavés be runner-up in the 2026-27 LaLiga?,,0.2,,,0.0,12.0,1392.1067,2027-08-01 03:59:00+00:00,296.7930748225232,False,True,sports_fees_v3,Alavés,3544077,2027-soccer-laliga-runner-up-alavs
LaLiga,,Will Athletic Bilbao be runner-up in the 2026-27 LaLiga?,,0.2,,,0.0,12.0,1392.1052,2027-08-01 03:59:00+00:00,296.7930748225232,False,True,sports_fees_v3,Athletic Bilbao,3544078,2027-soccer-laliga-runner-up-athletic-bilbao
LaLiga,,Will Atlético Madrid be runner-up in the 2026-27 LaLiga?,0.05,0.34,0.195,0.29000000000000004,0.0,159.261641,3060.2199,2027-08-01 03:59:00+00:00,296.7930748225232,False,True,sports_fees_v3,Atlético Madrid,3544079,2027-soccer-laliga-runner-up-atltico-madrid
LaLiga,,Will Barcelona be runner-up in the 2026-27 LaLiga?,0.15,0.35,0.25,0.19999999999999998,0.0,100.29914099999999,1613.8796,2027-08-01 03:59:00+00:00,296.7930748225232,False,True,sports_fees_v3,Barcelona,3544080,2027-soccer-laliga-runner-up-barcelona
LaLiga,,Will Celta Vigo be runner-up in the 2026-27 LaLiga?,,0.2,,,0.0,12.0,1392.1052,2027-08-01 03:59:00+00:00,296.7930748225232,False,True,sports_fees_v3,Celta Vigo,3544081,2027-soccer-laliga-runner-up-celta-vigo
LaLiga,,Will Deportivo La Coruña be runner-up in the 2026-27 LaLiga?,,0.2,,,0.0,12.0,1392.1067,2027-08-01 03:59:00+00:00,296.7930748225232,False,True,sports_fees_v3,Deportivo La Coruña,3544082,2027-soccer-laliga-runner-up-deportivo-la-corua
LaLiga,,Will Elche be runner-up in the 2026-27 LaLiga?,0.001,0.1,0.0505,0.099,0.0,17.0,1390.55179,2027-08-01 03:59:00+00:00,296.7930748225232,False,True,sports_fees_v3,Elche,3544083,2027-soccer-laliga-runner-up-elche
LaLiga,,Will Espanyol be runner-up in the 2026-27 LaLiga?,,0.2,,,0.0,12.0,1389.7852,2027-08-01 03:59:00+00:00,296.7930748225232,False,True,sports_fees_v3,Espanyol,3544084,2027-soccer-laliga-runner-up-espanyol
LaLiga,,Will Getafe be runner-up in the 2026-27 LaLiga?,,0.2,,,0.0,12.0,1392.1052,2027-08-01 03:59:00+00:00,296.7930748225232,False,True,sports_fees_v3,Getafe,3544085,2027-soccer-laliga-runner-up-getafe
LaLiga,,Will Levante be runner-up in the 2026-27 LaLiga?,,0.2,,,0.0,12.0,1392.1052,2027-08-01 03:59:00+00:00,296.7930748225232,False,True,sports_fees_v3,Levante,3544086,2027-soccer-laliga-runner-up-levante
LaLiga,,Will Málaga be runner-up in the 2026-27 LaLiga?,,0.2,,,0.0,12.0,1389.7852,2027-08-01 03:59:00+00:00,296.7930748225232,False,True,sports_fees_v3,Málaga,3544087,2027-soccer-laliga-runner-up-mlaga
LaLiga,,Will Osasuna be runner-up in the 2026-27 LaLiga?,,0.2,,,0.0,12.0,1361.9452,2027-08-01 03:59:00+00:00,296.7930748225232,False,True,sports_fees_v3,Osasuna,3544088,2027-soccer-laliga-runner-up-osasuna
LaLiga,,Will Racing Santander be runner-up in the 2026-27 LaLiga?,,0.2,,,0.0,12.0,1361.9452,2027-08-01 03:59:00+00:00,296.7930748225232,False,True,sports_fees_v3,Racing Santander,3544089,2027-soccer-laliga-runner-up-racing-santander
LaLiga,,Will Rayo Vallecano be runner-up in the 2026-27 LaLiga?,,0.2,,,0.0,12.0,1391.7467,2027-08-01 03:59:00+00:00,296.7930748225232,False,True,sports_fees_v3,Rayo Vallecano,3544090,2027-soccer-laliga-runner-up-rayo-vallecano
LaLiga,,Will Real Betis be runner-up in the 2026-27 LaLiga?,0.01,0.18,0.095,0.16999999999999998,0.0,24.0,1633.185,2027-08-01 03:59:00+00:00,296.7930748225232,False,True,sports_fees_v3,Real Betis,3544091,2027-soccer-laliga-runner-up-real-betis
LaLiga,,Will Real Madrid be runner-up in the 2026-27 LaLiga?,0.45,0.59,0.52,0.13999999999999996,0.0,3157.985187,502.1163,2027-08-01 03:59:00+00:00,296.7930748225232,False,True,sports_fees_v3,Real Madrid,3544092,2027-soccer-laliga-runner-up-real-madrid
LaLiga,,Will Real Sociedad be runner-up in the 2026-27 LaLiga?,,0.2,,,0.0,12.0,1392.1052,2027-08-01 03:59:00+00:00,296.7930748225232,False,True,sports_fees_v3,Real Sociedad,3544093,2027-soccer-laliga-runner-up-real-sociedad
LaLiga,,Will Sevilla be runner-up in the 2026-27 LaLiga?,,0.2,,,0.0,117.0,1385.9452,2027-08-01 03:59:00+00:00,296.7930748225232,False,True,sports_fees_v3,Sevilla,3544094,2027-soccer-laliga-runner-up-sevilla
LaLiga,,Will Valencia be runner-up in the 2026-27 LaLiga?,,0.2,,,0.0,12.0,1394.0652,2027-08-01 03:59:00+00:00,296.7930748225232,False,True,sports_fees_v3,Valencia,3544095,2027-soccer-laliga-runner-up-valencia
LaLiga,,Will Villarreal be runner-up in the 2026-27 LaLiga?,,0.19,,,0.0,12.0,1591.8055,2027-08-01 03:59:00+00:00,296.7930748225232,False,True,sports_fees_v3,Villarreal,3544096,2027-soccer-laliga-runner-up-villarreal
LaLiga,,Will Atlético de Madrid qualify for the 2027-28 UEFA Champions League?,0.85,0.89,0.87,0.040000000000000036,0.0,3957.0284669999996,1564.8524,2027-06-15 03:59:00+00:00,249.79307482252315,False,False,sports_fees_v3,Atlético de Madrid,3682899,will-atletico-de-madrid-qualify-for-the-2027-28-uefa-champions-league
LaLiga,,Will FC Barcelona qualify for the 2027-28 UEFA Champions League?,0.952,0.999,0.9755,0.04700000000000004,0.0,115.38875,326.95992,2027-06-15 03:59:00+00:00,249.79307482252315,False,False,sports_fees_v3,FC Barcelona,3682900,will-fc-barcelona-qualify-for-the-2027-28-uefa-champions-league
LaLiga,,Will Real Madrid qualify for the 2027-28 UEFA Champions League?,0.951,0.991,0.971,0.040000000000000036,0.0,63.0,438.9129,2027-06-15 03:59:00+00:00,249.79307482252315,False,False,sports_fees_v3,Real Madrid,3682901,will-real-madrid-qualify-for-the-2027-28-uefa-champions-league
LaLiga,,Will Athletic Club qualify for the 2027-28 UEFA Champions League?,0.21,0.22,0.215,0.010000000000000009,0.0,595.590696,5149.5542,2027-06-15 03:59:00+00:00,249.79307482252315,False,False,sports_fees_v3,Athletic Club,3682902,will-athletic-club-qualify-for-the-2027-28-uefa-champions-league
LaLiga,,Will Real Betis qualify for the 2027-28 UEFA Champions League?,0.59,0.61,0.6,0.020000000000000018,0.0,809.357987,6473.9729,2027-06-15 03:59:00+00:00,249.79307482252315,False,False,sports_fees_v3,Real Betis,3682903,will-real-betis-qualify-for-the-2027-28-uefa-champions-league
LaLiga,,Will Villarreal qualify for the 2027-28 UEFA Champions League?,0.121,0.179,0.15,0.057999999999999996,20.0,2149.763586,565.76057,2027-06-15 03:59:00+00:00,249.79307482252315,False,False,sports_fees_v3,Villarreal,3682904,will-villarreal-qualify-for-the-2027-28-uefa-champions-league
LaLiga,,Will Real Sociedad qualify for the 2027-28 UEFA Champions League?,0.13,0.21,0.16999999999999998,0.07999999999999999,0.0,44.0,1881.6277,2027-06-15 03:59:00+00:00,249.79307482252315,False,False,sports_fees_v3,Real Sociedad,3682905,will-real-sociedad-qualify-for-the-2027-28-uefa-champions-league
LaLiga,,Will Sevilla qualify for the 2027-28 UEFA Champions League?,0.13,0.2,0.165,0.07,0.0,1899.894762,2293.4171,2027-06-15 03:59:00+00:00,249.79307482252315,False,False,sports_fees_v3,Sevilla,3682906,will-sevilla-qualify-for-the-2027-28-uefa-champions-league
LaLiga,,Will Celta Vigo qualify for the 2027-28 UEFA Champions League?,0.05,0.12,0.08499999999999999,0.06999999999999999,0.0,0.0,2077.998,2027-06-15 03:59:00+00:00,249.79307482252315,False,False,sports_fees_v3,Celta Vigo,3682907,will-celta-vigo-qualify-for-the-2027-28-uefa-champions-league
LaLiga,,Will Rayo Vallecano qualify for the 2027-28 UEFA Champions League?,0.018,0.057,0.0375,0.03900000000000001,0.0,140.0,2483.46097,2027-06-15 03:59:00+00:00,249.79307482252315,False,False,sports_fees_v3,Rayo Vallecano,3682908,will-rayo-vallecano-qualify-for-the-2027-28-uefa-champions-league
LaLiga,,Will Getafe qualify for the 2027-28 UEFA Champions League?,0.03,0.075,0.0525,0.045,0.0,526.85,369.59822,2027-06-15 03:59:00+00:00,249.79307482252315,False,False,sports_fees_v3,Getafe,3682909,will-getafe-qualify-for-the-2027-28-uefa-champions-league
LaLiga,,Will Osasuna qualify for the 2027-28 UEFA Champions League?,0.05,0.08,0.065,0.03,0.0,21.0,2299.9477,2027-06-15 03:59:00+00:00,249.79307482252315,False,False,sports_fees_v3,Osasuna,3682910,will-osasuna-qualify-for-the-2027-28-uefa-champions-league
LaLiga,,Will Alavés qualify for the 2027-28 UEFA Champions League?,0.008,0.079,0.0435,0.07100000000000001,0.0,47.91,2274.12278,2027-06-15 03:59:00+00:00,249.79307482252315,False,False,sports_fees_v3,Alavés,3682911,will-alaves-qualify-for-the-2027-28-uefa-champions-league
LaLiga,,Will Levante qualify for the 2027-28 UEFA Champions League?,0.03,0.05,0.04,0.020000000000000004,0.0,102.0,3655.3156,2027-06-15 03:59:00+00:00,249.79307482252315,False,False,sports_fees_v3,Levante,3682912,will-levante-qualify-for-the-2027-28-uefa-champions-league
LaLiga,,Will Espanyol qualify for the 2027-28 UEFA Champions League?,0.03,0.08,0.055,0.05,0.0,210.94,599.4461,2027-06-15 03:59:00+00:00,249.79307482252315,False,False,sports_fees_v3,Espanyol,3682913,will-espanyol-qualify-for-the-2027-28-uefa-champions-league
LaLiga,,Will Atlético de Madrid qualify for the 2027-28 UEFA Europa League?,0.058,0.088,0.073,0.029999999999999992,0.0,1407.941923,343.9991,2027-06-15 03:59:00+00:00,249.79307482252315,False,False,sports_fees_v3,Atlético de Madrid,3682914,will-atletico-de-madrid-qualify-for-the-2027-28-uefa-europa-league
LaLiga,,Will Elche qualify for the 2027-28 UEFA Champions League?,0.04,0.09,0.065,0.049999999999999996,0.0,0.0,2264.6179,2027-06-15 03:59:00+00:00,249.79307482252315,False,False,sports_fees_v3,Elche,3682915,will-elche-qualify-for-the-2027-28-uefa-champions-league
LaLiga,,Will FC Barcelona qualify for the 2027-28 UEFA Europa League?,0.011,0.047,0.028999999999999998,0.036000000000000004,0.0,33.51,204.50363,2027-06-15 03:59:00+00:00,249.79307482252315,False,False,sports_fees_v3,FC Barcelona,3682916,will-fc-barcelona-qualify-for-the-2027-28-uefa-europa-league
LaLiga,,Will Valencia qualify for the 2027-28 UEFA Champions League?,0.018,0.059,0.0385,0.040999999999999995,0.0,101.0,3798.02687,2027-06-15 03:59:00+00:00,249.79307482252315,False,False,sports_fees_v3,Valencia,3682917,will-valencia-qualify-for-the-2027-28-uefa-champions-league
LaLiga,,Will Real Madrid qualify for the 2027-28 UEFA Europa League?,0.006,0.189,0.0975,0.183,0.0,38.58,185.92976,2027-06-15 03:59:00+00:00,249.79307482252315,False,False,sports_fees_v3,Real Madrid,3682918,will-real-madrid-qualify-for-the-2027-28-uefa-europa-league
LaLiga,,Will Racing Santander qualify for the 2027-28 UEFA Champions League?,0.01,0.089,0.049499999999999995,0.079,111.91999999999999,125.90999999999998,1874.22951,2027-06-15 03:59:00+00:00,249.79307482252315,False,False,sports_fees_v3,Racing Santander,3682919,will-racing-santander-qualify-for-the-2027-28-uefa-champions-league
LaLiga,,Will Athletic Club qualify for the 2027-28 UEFA Europa League?,0.31,0.32,0.315,0.010000000000000009,0.0,3103.4266390000003,900.9523,2027-06-15 03:59:00+00:00,249.79307482252315,False,False,sports_fees_v3,Athletic Club,3682920,will-athletic-club-qualify-for-the-2027-28-uefa-europa-league
LaLiga,,Will Deportivo La Coruña qualify for the 2027-28 UEFA Champions League?,0.022,0.075,0.0485,0.053,0.0,302.941284,3055.4886,2027-06-15 03:59:00+00:00,249.79307482252315,False,False,sports_fees_v3,Deportivo La Coruña,3682921,will-deportivo-la-coruna-qualify-for-the-2027-28-uefa-champions-league
LaLiga,,Will Málaga qualify for the 2027-28 UEFA Champions League?,0.011,0.037,0.024,0.026,0.0,872.13,261.53211,2027-06-15 03:59:00+00:00,249.79307482252315,False,False,sports_fees_v3,Málaga,3682922,will-malaga-qualify-for-the-2027-28-uefa-champions-league
LaLiga,,Will Real Betis qualify for the 2027-28 UEFA Europa League?,0.03,0.35,0.19,0.31999999999999995,0.0,0.0,30.0177,2027-06-15 03:59:00+00:00,249.79307482252315,False,False,sports_fees_v3,Real Betis,3682923,will-real-betis-qualify-for-the-2027-28-uefa-europa-league
LaLiga,,Will Villarreal qualify for the 2027-28 UEFA Europa League?,0.22,0.23,0.225,0.010000000000000009,0.0,2112.5598229999996,1751.4083,2027-06-15 03:59:00+00:00,249.79307482252315,False,False,sports_fees_v3,Villarreal,3682924,will-villarreal-qualify-for-the-2027-28-uefa-europa-league
LaLiga,,Will Real Sociedad qualify for the 2027-28 UEFA Europa League?,0.311,0.318,0.3145,0.007000000000000006,40.0,1959.264284,1127.13752,2027-06-15 03:59:00+00:00,249.79307482252315,False,False,sports_fees_v3,Real Sociedad,3682925,will-real-sociedad-qualify-for-the-2027-28-uefa-europa-league
LaLiga,,Will Sevilla qualify for the 2027-28 UEFA Europa League?,0.02,0.25,0.135,0.23,0.0,0.0,45.2078,2027-06-15 03:59:00+00:00,249.79307482252315,False,False,sports_fees_v3,Sevilla,3682926,will-sevilla-qualify-for-the-2027-28-uefa-europa-league
LaLiga,,Will Celta Vigo qualify for the 2027-28 UEFA Europa League?,0.23,0.24,0.235,0.009999999999999981,0.0,100.0,1570.7119,2027-06-15 03:59:00+00:00,249.79307482252315,False,False,sports_fees_v3,Celta Vigo,3682927,will-celta-vigo-qualify-for-the-2027-28-uefa-europa-league
LaLiga,,Will Rayo Vallecano qualify for the 2027-28 UEFA Europa League?,0.01,0.35,0.18,0.33999999999999997,0.0,0.0,175.7279,2027-06-15 03:59:00+00:00,249.79307482252315,False,False,sports_fees_v3,Rayo Vallecano,3682928,will-rayo-vallecano-qualify-for-the-2027-28-uefa-europa-league
LaLiga,,Will Getafe qualify for the 2027-28 UEFA Europa League?,0.01,0.2,0.10500000000000001,0.19,0.0,40.0,43.6679,2027-06-15 03:59:00+00:00,249.79307482252315,False,False,sports_fees_v3,Getafe,3682929,will-getafe-qualify-for-the-2027-28-uefa-europa-league
LaLiga,,Will Osasuna qualify for the 2027-28 UEFA Europa League?,0.02,0.3,0.16,0.27999999999999997,0.0,0.0,31.8977,2027-06-15 03:59:00+00:00,249.79307482252315,False,False,sports_fees_v3,Osasuna,3682930,will-osasuna-qualify-for-the-2027-28-uefa-europa-league
LaLiga,,Will Alavés qualify for the 2027-28 UEFA Europa League?,0.04,0.08,0.06,0.04,0.0,813.366512,251.1004,2027-06-15 03:59:00+00:00,249.79307482252315,False,False,sports_fees_v3,Alavés,3682931,will-alaves-qualify-for-the-2027-28-uefa-europa-league
LaLiga,,Will Levante qualify for the 2027-28 UEFA Europa League?,0.16,0.21,0.185,0.04999999999999999,0.0,0.0,50.5977,2027-06-15 03:59:00+00:00,249.79307482252315,False,False,sports_fees_v3,Levante,3682932,will-levante-qualify-for-the-2027-28-uefa-europa-league
LaLiga,,Will Espanyol qualify for the 2027-28 UEFA Europa League?,0.08,0.24,0.16,0.15999999999999998,0.0,364.48,77.0114,2027-06-15 03:59:00+00:00,249.79307482252315,False,False,sports_fees_v3,Espanyol,3682933,will-espanyol-qualify-for-the-2027-28-uefa-europa-league
LaLiga,,Will Elche qualify for the 2027-28 UEFA Europa League?,0.01,0.32,0.165,0.31,0.0,0.0,31.6579,2027-06-15 03:59:00+00:00,249.79307482252315,False,False,sports_fees_v3,Elche,3682934,will-elche-qualify-for-the-2027-28-uefa-europa-league
LaLiga,,Will Valencia qualify for the 2027-28 UEFA Europa League?,0.05,0.23,0.14,0.18,0.0,946.662352,52.8078,2027-06-15 03:59:00+00:00,249.79307482252315,False,False,sports_fees_v3,Valencia,3682935,will-valencia-qualify-for-the-2027-28-uefa-europa-league
LaLiga,,Will Racing Santander qualify for the 2027-28 UEFA Europa League?,0.08,0.1,0.09,0.020000000000000004,0.0,180.0,328.4512,2027-06-15 03:59:00+00:00,249.79307482252315,False,False,sports_fees_v3,Racing Santander,3682936,will-racing-santander-qualify-for-the-2027-28-uefa-europa-league
LaLiga,,Will Deportivo La Coruña qualify for the 2027-28 UEFA Europa League?,0.01,0.33,0.17,0.32,0.0,20.869564,157.3078,2027-06-15 03:59:00+00:00,249.79307482252315,False,False,sports_fees_v3,Deportivo La Coruña,3682937,will-deportivo-la-coruna-qualify-for-the-2027-28-uefa-europa-league
LaLiga,,Will Málaga qualify for the 2027-28 UEFA Europa League?,0.023,0.199,0.111,0.17600000000000002,0.0,120.0,200.10975,2027-06-15 03:59:00+00:00,249.79307482252315,False,False,sports_fees_v3,Málaga,3682938,will-malaga-qualify-for-the-2027-28-uefa-europa-league
LaLiga,,Will Atlético de Madrid qualify for the 2027-28 UEFA Conference League?,0.007,0.129,0.068,0.122,0.0,22.76,197.53305,2027-06-15 03:59:00+00:00,249.79307482252315,False,False,sports_fees_v3,Atlético de Madrid,3682939,will-atletico-de-madrid-qualify-for-the-2027-28-uefa-conference-league
LaLiga,,Will FC Barcelona qualify for the 2027-28 UEFA Conference League?,0.002,0.026,0.013999999999999999,0.024,0.0,1749.6799999999998,136.58194,2027-06-15 03:59:00+00:00,249.79307482252315,False,False,sports_fees_v3,FC Barcelona,3682940,will-fc-barcelona-qualify-for-the-2027-28-uefa-conference-league
LaLiga,,Will Real Madrid qualify for the 2027-28 UEFA Conference League?,0.012,0.064,0.038,0.052000000000000005,0.0,151.0,1173.11382,2027-06-15 03:59:00+00:00,249.79307482252315,False,False,sports_fees_v3,Real Madrid,3682941,will-real-madrid-qualify-for-the-2027-28-uefa-conference-league
LaLiga,,Will Athletic Club qualify for the 2027-28 UEFA Conference League?,0.01,0.25,0.13,0.24,0.0,52.956372,31.6143,2027-06-15 03:59:00+00:00,249.79307482252315,False,False,sports_fees_v3,Athletic Club,3682942,will-athletic-club-qualify-for-the-2027-28-uefa-conference-league
LaLiga,,Will Real Betis qualify for the 2027-28 UEFA Conference League?,0.08,0.13,0.10500000000000001,0.05,0.0,0.0,111.4772,2027-06-15 03:59:00+00:00,249.79307482252315,False,False,sports_fees_v3,Real Betis,3682943,will-real-betis-qualify-for-the-2027-28-uefa-conference-league
LaLiga,,Will Villarreal qualify for the 2027-28 UEFA Conference League?,0.01,0.34,0.17500000000000002,0.33,0.0,0.0,28.5679,2027-06-15 03:59:00+00:00,249.79307482252315,False,False,sports_fees_v3,Villarreal,3682944,will-villarreal-qualify-for-the-2027-28-uefa-conference-league
LaLiga,,Will Real Sociedad qualify for the 2027-28 UEFA Conference League?,0.01,0.31,0.16,0.3,0.0,0.0,36.0679,2027-06-15 03:59:00+00:00,249.79307482252315,False,False,sports_fees_v3,Real Sociedad,3682945,will-real-sociedad-qualify-for-the-2027-28-uefa-conference-league
LaLiga,,Will Sevilla qualify for the 2027-28 UEFA Conference League?,0.056,0.084,0.07,0.028000000000000004,0.0,531.72,209.04185,2027-06-15 03:59:00+00:00,249.79307482252315,False,False,sports_fees_v3,Sevilla,3682946,will-sevilla-qualify-for-the-2027-28-uefa-conference-league
LaLiga,,Will Celta Vigo qualify for the 2027-28 UEFA Conference League?,0.11,0.12,0.11499999999999999,0.009999999999999995,0.0,917.53,334.3235,2027-06-15 03:59:00+00:00,249.79307482252315,False,False,sports_fees_v3,Celta Vigo,3682947,will-celta-vigo-qualify-for-the-2027-28-uefa-conference-league
LaLiga,,Will Rayo Vallecano qualify for the 2027-28 UEFA Conference League?,0.2,0.25,0.225,0.04999999999999999,0.0,20.0,227.1676,2027-06-15 03:59:00+00:00,249.79307482252315,False,False,sports_fees_v3,Rayo Vallecano,3682948,will-rayo-vallecano-qualify-for-the-2027-28-uefa-conference-league
LaLiga,,Will Getafe qualify for the 2027-28 UEFA Conference League?,0.03,0.35,0.19,0.31999999999999995,0.0,42.0,34.068,2027-06-15 03:59:00+00:00,249.79307482252315,False,False,sports_fees_v3,Getafe,3682949,will-getafe-qualify-for-the-2027-28-uefa-conference-league
LaLiga,,Will Osasuna qualify for the 2027-28 UEFA Conference League?,0.02,0.34,0.18000000000000002,0.32,0.0,0.0,33.6075,2027-06-15 03:59:00+00:00,249.79307482252315,False,False,sports_fees_v3,Osasuna,3682950,will-osasuna-qualify-for-the-2027-28-uefa-conference-league
LaLiga,,Will Alavés qualify for the 2027-28 UEFA Conference League?,0.007,0.055,0.031,0.048,0.0,363.0,88.84592,2027-06-15 03:59:00+00:00,249.79307482252315,False,False,sports_fees_v3,Alavés,3682951,will-alaves-qualify-for-the-2027-28-uefa-conference-league
LaLiga,,Will Levante qualify for the 2027-28 UEFA Conference League?,0.14,0.21,0.175,0.06999999999999998,0.0,0.0,55.4678,2027-06-15 03:59:00+00:00,249.79307482252315,False,False,sports_fees_v3,Levante,3682952,will-levante-qualify-for-the-2027-28-uefa-conference-league
LaLiga,,Will Espanyol qualify for the 2027-28 UEFA Conference League?,0.05,0.33,0.19,0.28,0.0,0.0,54.3073,2027-06-15 03:59:00+00:00,249.79307482252315,False,False,sports_fees_v3,Espanyol,3682953,will-espanyol-qualify-for-the-2027-28-uefa-conference-league
LaLiga,,Will Elche qualify for the 2027-28 UEFA Conference League?,0.058,0.101,0.0795,0.043000000000000003,0.0,238.0,275.50539,2027-06-15 03:59:00+00:00,249.79307482252315,False,False,sports_fees_v3,Elche,3682954,will-elche-qualify-for-the-2027-28-uefa-conference-league
LaLiga,,Will Valencia qualify for the 2027-28 UEFA Conference League?,0.05,0.18,0.11499999999999999,0.13,0.0,0.0,55.2072,2027-06-15 03:59:00+00:00,249.79307482252315,False,False,sports_fees_v3,Valencia,3682955,will-valencia-qualify-for-the-2027-28-uefa-conference-league
LaLiga,,Will Racing Santander qualify for the 2027-28 UEFA Conference League?,0.07,0.09,0.08,0.01999999999999999,0.0,466.20000000000005,146.6505,2027-06-15 03:59:00+00:00,249.79307482252315,False,False,sports_fees_v3,Racing Santander,3682956,will-racing-santander-qualify-for-the-2027-28-uefa-conference-league
LIV Golf,,Will LIV Golf announce shutdown in 2026? ,0.339,0.34,0.3395,0.0010000000000000009,268.24,76608.975418,756.16749,2027-01-02 04:59:00+00:00,85.83474148918981,False,False,sports_fees_v2,,1992738,will-liv-golf-announce-shutdown-in-2026
LoL,,Will a team from LCK (South Korea) win LoL Worlds 2026?,0.68,0.69,0.685,0.009999999999999898,164.689131,132992.997341,30987.2254,2027-01-01 04:59:00+00:00,84.83474148918981,False,True,sports_fees_v2,LCK (South Korea),1059066,will-a-team-from-lck-south-korea-win-lol-worlds-2026-115
LoL,,Will a team from LPL (China) win LoL Worlds 2026?,0.24,0.25,0.245,0.010000000000000009,63.779999999999994,122484.04068600001,19651.2112,2027-01-01 04:59:00+00:00,84.83474148918981,False,True,sports_fees_v2,LPL (China),1059067,will-a-team-from-lpl-china-win-lol-worlds-2026-779
LoL,,Will a team from LEC (Europe / EMEA) win LoL Worlds 2026?,0.056,0.07,0.063,0.014000000000000005,0.0,56612.187945,7321.5183,2027-01-01 04:59:00+00:00,84.83474148918981,False,True,sports_fees_v2,LEC (Europe / EMEA),1059068,will-a-team-from-lec-europe-emea-win-lol-worlds-2026-944
LoL,,Will a team from LCP (Asia-Pacific) win LoL Worlds 2026?,0.002,0.003,0.0025,0.001,10.0,189506.47715100003,15197.06057,2027-01-01 04:59:00+00:00,84.83474148918981,False,True,sports_fees_v2,LCP (Asia-Pacific),1059069,will-a-team-from-lcp-asia-pacific-win-lol-worlds-2026
LoL,,Will a team from LCS (North America) win LoL Worlds 2026?,0.011,0.018,0.014499999999999999,0.006999999999999999,6.0,73937.72284799998,6373.58361,2027-01-01 04:59:00+00:00,84.83474148918981,False,True,sports_fees_v2,LCS (North America),1059070,will-a-team-from-lcs-north-america-win-lol-worlds-2026
LoL,,Will a team from CBLOL (Brazil) win LoL Worlds 2026?,0.001,0.002,0.0015,0.001,10.0,46290.08336100001,15844.26456,2027-01-01 04:59:00+00:00,84.83474148918981,False,True,sports_fees_v2,CBLOL (Brazil),1059071,will-a-team-from-cblol-brazil-win-lol-worlds-2026
LoL,moneyline,LoL: ZennIT vs The Bandits (BO3) - Road Of Legends Tier 1 Group,,1.0,,,0.0,112.9,0.0,2026-01-28 01:00:00+00:00,-253.33123073303238,False,False,,Match Winner,1259817,lol-znt-ban2-2026-01-27
LoL,child_moneyline,LoL: ZennIT vs The Bandits - Game 1 Winner,,1.0,,,0.0,0.0,0.0,2026-01-27 23:00:00+00:00,-253.41456406636573,False,False,,Game 1 Winner,1259818,lol-znt-ban2-2026-01-27-game1
LoL,child_moneyline,LoL: ZennIT vs The Bandits - Game 2 Winner,,1.0,,,0.0,0.0,0.0,2026-01-27 23:00:00+00:00,-253.41456406636573,False,False,,Game 2 Winner,1259819,lol-znt-ban2-2026-01-27-game2
LoL,map_handicap,Game Handicap: BAN (-1.5) vs ZennIT (+1.5),,1.0,,,0.0,0.0,0.0,2026-01-28 01:00:00+00:00,-253.33123073303238,False,False,,Game Handicap: BAN (-1.5) vs ZennIT (+1.5),1259822,lol-znt-ban2-2026-01-27-game-handicap-home-1pt5
LoL,,Will Grok AI beat T1 in 2026? ,0.021,0.022,0.0215,0.0009999999999999974,0.0,89358.791831,48608.06716,2027-01-01 04:59:00+00:00,84.83474148918981,False,False,sports_fees_v2,,1371094,will-t1-beat-grok-ai-in-2026
LoL,,Will Faker win a Finals MVP Award at an international event in 2026?,0.043,0.048,0.0455,0.0050000000000000044,0.0,108193.75428699999,20254.10686,2027-01-01 04:59:00+00:00,84.83474148918981,False,False,sports_fees_v2,,1494713,will-faker-win-a-finals-mvp-award-at-an-international-event-in-2026
LoL,lol_both_teams_baron,Game 1: Both Teams Slay Baron Nashor?,,1.0,,,0.0,0.0,0.0,2026-05-22 03:59:00+00:00,-139.20692517747685,False,False,sports_fees_v2,Both Teams Slay Baron Nashor,2203800,lol-myth-ban2-2026-05-14-game1-both-teams-slay-baron
LoL,lol_both_teams_dragon,Game 1: Both Teams Slay a Dragon?,,1.0,,,0.0,0.0,0.0,2026-05-22 03:59:00+00:00,-139.20692517747685,False,False,sports_fees_v2,Both Teams Slay a Dragon,2203801,lol-myth-ban2-2026-05-14-game1-both-teams-slay-dragon
LoL,lol_both_teams_inhibitors,Game 1: Both Teams Destroy Inhibitors?,,1.0,,,0.0,0.0,0.0,2026-05-22 03:59:00+00:00,-139.20692517747685,False,False,sports_fees_v2,Both Teams Destroy Inhibitors,2203802,lol-myth-ban2-2026-05-14-game1-both-teams-destroy-inhibitors
LoL,lol_quadra_kill,Game 1: Any Player Quadra Kill?,,1.0,,,0.0,0.0,0.0,2026-05-22 03:59:00+00:00,-139.20692517747685,False,False,sports_fees_v2,Any Player Quadra Kill,2203803,lol-myth-ban2-2026-05-14-game1-any-player-quadra-kill
LoL,lol_both_teams_dragon,Game 1: Both Teams Slay a Dragon?,,1.0,,,0.0,0.0,0.0,2026-05-23 00:00:00+00:00,-138.37289739969907,False,False,sports_fees_v2,Both Teams Slay a Dragon,2330286,lol-tos-drm-2026-05-22-game1-both-teams-slay-dragon
LoL,lol_both_teams_inhibitors,Game 1: Both Teams Destroy Inhibitors?,,1.0,,,0.0,0.0,0.0,2026-05-23 00:00:00+00:00,-138.37289739969907,False,False,sports_fees_v2,Both Teams Destroy Inhibitors,2330287,lol-tos-drm-2026-05-22-game1-both-teams-destroy-inhibitors
LoL,lol_quadra_kill,Game 1: Any Player Quadra Kill?,,1.0,,,0.0,0.0,0.0,2026-05-23 00:00:00+00:00,-138.37289739969907,False,False,sports_fees_v2,Any Player Quadra Kill,2330288,lol-tos-drm-2026-05-22-game1-any-player-quadra-kill
LoL,lol_penta_kill,Game 1: Any Player Penta Kill?,,1.0,,,0.0,0.0,0.0,2026-05-23 00:00:00+00:00,-138.37289739969907,False,False,sports_fees_v2,Any Player Penta Kill,2330289,lol-tos-drm-2026-05-22-game1-any-player-penta-kill
LoL,lol_odd_even_total_kills,Game 1: Odd/Even Total Kills?,,1.0,,,0.0,0.0,0.0,2026-05-23 00:00:00+00:00,-138.37289739969907,False,False,sports_fees_v2,Odd/Even Total Kills,2330290,lol-tos-drm-2026-05-22-game1-odd-even-total-kills
LoL,lol_quadra_kill,Game 2: Any Player Quadra Kill?,,1.0,,,0.0,0.0,0.0,2026-06-19 03:59:00+00:00,-111.20692517747685,False,False,sports_fees_v2,Any Player Quadra Kill,2494993,lol-blgj-ktc-2026-06-11-game2-any-player-quadra-kill
LoL,,Will Faker Win an International Title in 2026?,0.16,0.23,0.195,0.07,0.0,2079.7175840000004,366.1224,2027-01-01 04:59:00+00:00,84.83474148918981,False,False,sports_fees_v2,,2614032,will-faker-win-an-international-title-in-2026-20260620014711222
LoL,,Will a Player Pick Teemo in a Tier 1 League/Event this Year?,0.008,0.976,0.492,0.968,0.0,782.271958,50.67505,2027-01-02 04:59:00+00:00,85.83474148918981,False,False,sports_fees_v2,,2671128,will-a-player-pick-teemo-in-a-tier-1-leagueevent-this-year-20260624131200269
LoL,,Will FURIA Win CBLOL 2026 Split 2,0.41,0.45,0.43,0.040000000000000036,602.781698,35049.571576,2614.2476,,,False,True,sports_fees_v2,FURIA,2787006,will-furia-win-cblol-2026-split-2-20260703174223683
LoL,,Will LOS Win CBLOL 2026 Split 2,0.555,0.569,0.562,0.013999999999999901,147.07999999999998,34076.434697,2709.66476,,,False,True,sports_fees_v2,LOS,2787012,will-los-win-cblol-2026-split-2-20260703174223689
LoL,lol_both_teams_baron,Game 1: Both Teams Slay Baron Nashor?,,1.0,,,0.0,0.0,0.0,2026-08-05 03:59:00+00:00,-64.20692517747685,False,False,sports_fees_v3,Both Teams Slay Baron Nashor,3134415,lol-rb-g2h-2026-07-28-game1-both-teams-slay-baron
LoL,lol_both_teams_baron,Game 2: Both Teams Slay Baron Nashor?,,1.0,,,0.0,0.0,0.0,2026-08-05 03:59:00+00:00,-64.20692517747685,False,False,sports_fees_v3,Both Teams Slay Baron Nashor,3134424,lol-rb-g2h-2026-07-28-game2-both-teams-slay-baron
LoL,lol_both_teams_dragon,Game 1: Both Teams Slay a Dragon?,,1.0,,,0.0,0.0,0.0,2026-08-05 03:59:00+00:00,-64.20692517747685,False,False,sports_fees_v3,Both Teams Slay a Dragon,3134585,lol-mr-etr-2026-07-28-game1-both-teams-slay-dragon
LoL,lol_quadra_kill,Game 1: Any Player Quadra Kill?,,1.0,,,0.0,0.0,0.0,2026-08-05 03:59:00+00:00,-64.20692517747685,False,False,sports_fees_v3,Any Player Quadra Kill,3134587,lol-mr-etr-2026-07-28-game1-any-player-quadra-kill
LoL,lol_penta_kill,Game 1: Any Player Penta Kill?,,1.0,,,0.0,0.0,0.0,2026-08-05 03:59:00+00:00,-64.20692517747685,False,False,sports_fees_v3,Any Player Penta Kill,3134588,lol-mr-etr-2026-07-28-game1-any-player-penta-kill
LoL,lol_both_teams_inhibitors,Game 2: Both Teams Destroy Inhibitors?,,1.0,,,0.0,0.0,0.0,2026-08-05 03:59:00+00:00,-64.20692517747685,False,False,sports_fees_v3,Both Teams Destroy Inhibitors,3134592,lol-mr-etr-2026-07-28-game2-both-teams-destroy-inhibitors
LoL,lol_quadra_kill,Game 2: Any Player Quadra Kill?,,1.0,,,0.0,0.0,0.0,2026-08-05 03:59:00+00:00,-64.20692517747685,False,False,sports_fees_v3,Any Player Quadra Kill,3134593,lol-mr-etr-2026-07-28-game2-any-player-quadra-kill
LoL,lol_penta_kill,Game 2: Any Player Penta Kill?,,1.0,,,0.0,0.0,0.0,2026-08-05 03:59:00+00:00,-64.20692517747685,False,False,sports_fees_v3,Any Player Penta Kill,3134594,lol-mr-etr-2026-07-28-game2-any-player-penta-kill
LoL,lol_both_teams_inhibitors,Game 3: Both Teams Destroy Inhibitors?,,1.0,,,0.0,0.0,0.0,2026-08-05 03:59:00+00:00,-64.20692517747685,False,False,sports_fees_v3,Both Teams Destroy Inhibitors,3134598,lol-mr-etr-2026-07-28-game3-both-teams-destroy-inhibitors
LoL,lol_quadra_kill,Game 3: Any Player Quadra Kill?,,1.0,,,0.0,0.0,0.0,2026-08-05 03:59:00+00:00,-64.20692517747685,False,False,sports_fees_v3,Any Player Quadra Kill,3134599,lol-mr-etr-2026-07-28-game3-any-player-quadra-kill
LoL,lol_penta_kill,Game 3: Any Player Penta Kill?,,1.0,,,0.0,0.0,0.0,2026-08-05 03:59:00+00:00,-64.20692517747685,False,False,sports_fees_v3,Any Player Penta Kill,3134600,lol-mr-etr-2026-07-28-game3-any-player-penta-kill
LoL,lol_quadra_kill,Game 3: Any Player Quadra Kill?,,1.0,,,0.0,0.0,0.0,2026-08-06 03:59:00+00:00,-63.206925177476855,False,False,sports_fees_v3,Any Player Quadra Kill,3134768,lol-hool-spk-2026-07-29-game3-any-player-quadra-kill
LoL,,Will Hanwha Life Esports Qualify for Worlds 2026?,0.998,1.0,0.999,0.0020000000000000018,0.0,16.0101,19.39996,,,False,False,sports_fees_v3,Hanwha Life Esports,3195455,will-hanwha-life-esports-qualify-for-worlds-2026-20260728162208112
LoL,,Will BILIBILI GAMING Qualify for Worlds 2026?,0.99,1.0,0.995,0.010000000000000009,0.0,193.705,23.61484,,,False,False,sports_fees_v3,BILIBILI GAMING,3195456,will-bilibili-gaming-qualify-for-worlds-2026-20260728162208113
LoL,,Will Gen.G Esports Qualify for Worlds 2026?,0.999,1.0,0.9995,0.0010000000000000009,0.0,1015.182,483.19742,,,False,False,sports_fees_v3,Gen.G Esports,3195457,will-genptg-esports-qualify-for-worlds-2026-20260728162208114
LoL,,Will T1 Qualify for Worlds 2026?,0.98,1.0,0.99,0.020000000000000018,0.0,891.3100000000002,42.91237,,,False,False,sports_fees_v3,T1,3195458,will-t1-qualify-for-worlds-2026-20260728162208115
LoL,,Will G2 Esports Qualify for Worlds 2026?,0.999,1.0,0.9995,0.0010000000000000009,0.0,554.0,752.33495,,,False,False,sports_fees_v3,G2 Esports,3195459,will-g2-esports-qualify-for-worlds-2026-20260728162208116
LoL,,Will LYON Qualify for Worlds 2026?,0.991,0.999,0.995,0.008000000000000007,0.0,762.05,61.50975,,,False,False,sports_fees_v3,LYON,3195460,will-lyon-qualify-for-worlds-2026-20260728162208117
LoL,,Will TOP ESPORTS Qualify for Worlds 2026?,0.99,0.998,0.994,0.008000000000000007,0.0,170.1,75.82523,,,False,False,sports_fees_v3,TOP ESPORTS,3195461,will-top-esports-qualify-for-worlds-2026-20260728162208118
LoL,,Will Karmine Corp Qualify for Worlds 2026?,0.991,1.0,0.9955,0.009000000000000008,0.0,758.867351,71.31783,,,False,False,sports_fees_v3,Karmine Corp,3195462,will-karmine-corp-qualify-for-worlds-2026-20260728162208119
LoL,,Will Anyone's Legend Qualify for Worlds 2026?,0.981,1.0,0.9904999999999999,0.019000000000000017,0.0,656.2,101.18278,2026-10-30 03:59:00+00:00,21.79307482252315,False,False,sports_fees_v3,Anyone's Legend,3195463,will-anyones-legend-qualify-for-worlds-2026-20260728162208120
LoL,,Will kt Rolster Qualify for Worlds 2026?,,0.001,,,0.0,2969.381534,547.2486,2026-10-30 03:59:00+00:00,21.79307482252315,False,False,sports_fees_v3,kt Rolster,3195464,will-kt-rolster-qualify-for-worlds-2026-20260728162208121
LoL,,Will FlyQuest Qualify for Worlds 2026?,0.002,0.019,0.010499999999999999,0.017,0.0,691.5889030000001,58.12695,,,False,False,sports_fees_v3,FlyQuest,3195465,will-flyquest-qualify-for-worlds-2026-20260728162208122
LoL,,Will Beijing JDG Esports Qualify for Worlds 2026?,,0.001,,,0.0,504.87262,329.20325,2026-10-30 03:59:00+00:00,21.79307482252315,False,False,sports_fees_v3,Beijing JDG Esports,3195466,will-beijing-jdg-esports-qualify-for-worlds-2026-20260728162208123
LoL,,Will Dplus KIA Qualify for Worlds 2026?,0.981,0.998,0.9895,0.017000000000000015,0.0,999.34,168.21584,,,False,False,sports_fees_v3,Dplus KIA,3195467,will-dplus-kia-qualify-for-worlds-2026-20260728162208124
LoL,,Will Team Liquid Alienware Qualify for Worlds 2026?,0.991,0.999,0.995,0.008000000000000007,0.0,359.0309,248.7474,,,False,False,sports_fees_v3,Team Liquid Alienware,3195468,will-team-liquid-alienware-qualify-for-worlds-2026-20260728162208125
LoL,,Will WeiboGaming Qualify for Worlds 2026?,,0.001,,,20.0,562.58,1005.34264,,,False,False,sports_fees_v3,WeiboGaming,3195469,will-weibogaming-qualify-for-worlds-2026-20260728162208126
LoL,,Will Team Secret Whales Qualify for Worlds 2026?,0.999,1.0,0.9995,0.0010000000000000009,0.0,80.0,30.1,,,False,False,sports_fees_v3,Team Secret Whales,3195470,will-team-secret-whales-qualify-for-worlds-2026-20260728162208127
LoL,,Will CTBC Flying Oyster Qualify for Worlds 2026?,0.998,0.999,0.9984999999999999,0.0010000000000000009,0.0,400.49122800000004,55.67875,,,False,False,sports_fees_v3,CTBC Flying Oyster,3195471,will-ctbc-flying-oyster-qualify-for-worlds-2026-20260728162208128
LoL,,Will Cloud9 Kia Qualify for Worlds 2026?,0.991,0.999,0.995,0.008000000000000007,0.0,1021.4,151.7034,2026-10-30 03:59:00+00:00,21.79307482252315,False,False,sports_fees_v3,Cloud9 Kia,3195472,will-cloud9-kia-qualify-for-worlds-2026-20260728162208129
LoL,,Will Shenzhen NINJAS IN PYJAMAS Qualify for Worlds 2026?,,0.001,,,0.0,245.46076799999997,256.83632,2026-10-30 03:59:00+00:00,21.79307482252315,False,False,sports_fees_v3,Shenzhen NINJAS IN PYJAMAS,3195473,will-shenzhen-ninjas-in-pyjamas-qualify-for-worlds-2026-20260728162208130
LoL,,Will Movistar KOI Qualify for Worlds 2026?,0.991,0.999,0.995,0.008000000000000007,0.0,565.6320000000001,52.49704,2026-10-30 03:59:00+00:00,21.79307482252315,False,False,sports_fees_v3,Movistar KOI,3195474,will-movistar-koi-qualify-for-worlds-2026-20260728162208131
LoL,,Will Xi'an Team WE Qualify for Worlds 2026?,0.002,0.009,0.0055,0.006999999999999999,0.0,1247.713,224.49287,2026-10-30 03:59:00+00:00,21.79307482252315,False,False,sports_fees_v3,Xi'an Team WE,3195475,will-xian-team-we-qualify-for-worlds-2026-20260728162208132
LoL,,Will Invictus Gaming Qualify for Worlds 2026?,0.991,0.999,0.995,0.008000000000000007,0.0,1059.444289,99.68302,2026-10-30 03:59:00+00:00,21.79307482252315,False,False,sports_fees_v3,Invictus Gaming,3195476,will-invictus-gaming-qualify-for-worlds-2026-20260728162208133
LoL,,Will GAM Esports Qualify for Worlds 2026?,0.001,0.01,0.0055,0.009000000000000001,0.0,305.0,131.49868,2026-10-30 03:59:00+00:00,21.79307482252315,False,False,sports_fees_v3,GAM Esports,3195477,will-gam-esports-qualify-for-worlds-2026-20260728162208134
LoL,,Will BNK FEARX Qualify for Worlds 2026?,,0.001,,,0.0,647.8204069999999,242.07662,2026-10-30 03:59:00+00:00,21.79307482252315,False,False,sports_fees_v3,BNK FEARX,3195478,will-bnk-fearx-qualify-for-worlds-2026-20260728162208135
LoL,,Will Relove Deep Cross Gaming Qualify for Worlds 2026?,0.003,0.009,0.006,0.005999999999999999,0.0,701.1882720000001,350.12425,2026-10-30 03:59:00+00:00,21.79307482252315,False,False,sports_fees_v3,Relove Deep Cross Gaming,3195479,will-relove-deep-cross-gaming-qualify-for-worlds-2026-20260728162208136
LoL,,Will MVK Esports Qualify for Worlds 2026?,0.98,1.0,0.99,0.020000000000000018,0.0,380.2919,34.75132,2026-10-30 03:59:00+00:00,21.79307482252315,False,False,sports_fees_v3,MVK Esports,3195480,will-mvk-esports-qualify-for-worlds-2026-20260728162208137
LoL,,Will Suzhou LNG Esports Qualify for Worlds 2026?,,0.001,,,20.0,585.0,513.33542,2026-10-30 03:59:00+00:00,21.79307482252315,False,False,sports_fees_v3,Suzhou LNG Esports,3195481,will-suzhou-lng-esports-qualify-for-worlds-2026-20260728162208138
LoL,,Will Team Vitality Qualify for Worlds 2026?,,0.001,,,0.0,532.9901,508.81962,2026-10-30 03:59:00+00:00,21.79307482252315,False,False,sports_fees_v3,Team Vitality,3195482,will-team-vitality-qualify-for-worlds-2026-20260728162208139
LoL,,Will Fnatic Qualify for Worlds 2026?,,0.001,,,0.0,773.0,601.04284,2026-10-30 03:59:00+00:00,21.79307482252315,False,False,sports_fees_v3,Fnatic,3195483,will-fnatic-qualify-for-worlds-2026-20260728162208140
LoL,,Will KIWOOM DRX Qualify for Worlds 2026?,,0.001,,,0.0,416.0,737.40591,2026-10-30 03:59:00+00:00,21.79307482252315,False,False,sports_fees_v3,KIWOOM DRX,3195484,will-kiwoom-drx-qualify-for-worlds-2026-20260728162208141
LoL,,Will GIANTX Qualify for Worlds 2026?,,0.001,,,0.0,291.34000000000003,390.93233,2026-10-30 03:59:00+00:00,21.79307482252315,False,False,sports_fees_v3,GIANTX,3195485,will-giantx-qualify-for-worlds-2026-20260728162208142
LoL,,Will Sentinels Qualify for Worlds 2026?,0.001,0.01,0.0055,0.009000000000000001,0.0,0.0,102.73595,2026-10-30 03:59:00+00:00,21.79307482252315,False,False,sports_fees_v3,Sentinels,3195486,will-sentinels-qualify-for-worlds-2026-20260728162208143
LoL,,Will THUNDER TALK GAMING Qualify for Worlds 2026?,0.001,0.01,0.0055,0.009000000000000001,0.0,25.0,103.53695,2026-10-30 03:59:00+00:00,21.79307482252315,False,False,sports_fees_v3,THUNDER TALK GAMING,3195487,will-thunder-talk-gaming-qualify-for-worlds-2026-20260728162208144
LoL,,Will HANJIN BRION Qualify for Worlds 2026?,,0.001,,,120.99,861.0,970.92844,2026-10-30 03:59:00+00:00,21.79307482252315,False,False,sports_fees_v3,HANJIN BRION,3195488,will-hanjin-brion-qualify-for-worlds-2026-20260728162208145
LoL,,Will NONGSHIM RED FORCE Qualify for Worlds 2026?,0.001,0.01,0.0055,0.009000000000000001,0.0,175.0,162.57393,2026-10-30 03:59:00+00:00,21.79307482252315,False,False,sports_fees_v3,NONGSHIM RED FORCE,3195489,will-nongshim-red-force-qualify-for-worlds-2026-20260728162208146
LoL,,Will Shopify Rebellion Qualify for Worlds 2026?,,0.001,,,43.18,849.575116,488.11006,2026-10-30 03:59:00+00:00,21.79307482252315,False,False,sports_fees_v3,Shopify Rebellion,3195490,will-shopify-rebellion-qualify-for-worlds-2026-20260728162208147
LoL,,Will Fukuoka SoftBank HAWKS gaming Qualify for Worlds 2026?,0.002,0.009,0.0055,0.006999999999999999,0.0,415.06888499999997,135.34175,2026-10-30 03:59:00+00:00,21.79307482252315,False,False,sports_fees_v3,Fukuoka SoftBank HAWKS gaming,3195491,will-fukuoka-softbank-hawks-gaming-qualify-for-worlds-2026-20260728162208148
LoL,,Will FURIA Qualify for Worlds 2026?,0.991,1.0,0.9955,0.009000000000000008,0.0,583.6,80.16326,2026-10-30 03:59:00+00:00,21.79307482252315,False,False,sports_fees_v3,FURIA,3195492,will-furia-qualify-for-worlds-2026-20260728162208149
LoL,,Will EDWARD GAMING Qualify for Worlds 2026?,,0.001,,,0.0,351.0,672.32294,2026-10-30 03:59:00+00:00,21.79307482252315,False,False,sports_fees_v3,EDWARD GAMING,3195493,will-edward-gaming-qualify-for-worlds-2026-20260728162208150
LoL,,Will RED Kalunga Qualify for Worlds 2026?,0.002,0.019,0.010499999999999999,0.017,0.0,184.0,109.74287,2026-10-30 03:59:00+00:00,21.79307482252315,False,False,sports_fees_v3,RED Kalunga,3195494,will-red-kalunga-qualify-for-worlds-2026-20260728162208151
LoL,,Will Natus Vincere Qualify for Worlds 2026?,,0.001,,,4.02,636.02,555.91562,2026-10-30 03:59:00+00:00,21.79307482252315,False,False,sports_fees_v3,Natus Vincere,3195495,will-natus-vincere-qualify-for-worlds-2026-20260728162208152
LoL,,Will LGD GAMING Qualify for Worlds 2026?,,0.001,,,0.0,1853.9700000000003,1054.25614,2026-10-30 03:59:00+00:00,21.79307482252315,False,False,sports_fees_v3,LGD GAMING,3195496,will-lgd-gaming-qualify-for-worlds-2026-20260728162208153
LoL,,Will Disguised Qualify for Worlds 2026?,,0.001,,,0.0,2296.2300000000005,800.14678,2026-10-30 03:59:00+00:00,21.79307482252315,False,False,sports_fees_v3,Disguised,3195497,will-disguised-qualify-for-worlds-2026-20260728162208154
LoL,,Will Vivo Keyd Stars Qualify for Worlds 2026?,0.002,0.019,0.010499999999999999,0.017,0.0,170.0,50.85795,2026-10-30 03:59:00+00:00,21.79307482252315,False,False,sports_fees_v3,Vivo Keyd Stars,3195498,will-vivo-keyd-stars-qualify-for-worlds-2026-20260728162208155
LoL,,Will Shifters Qualify for Worlds 2026?,,0.001,,,0.0,265.0,674.33927,2026-10-30 03:59:00+00:00,21.79307482252315,False,False,sports_fees_v3,Shifters,3195499,will-shifters-qualify-for-worlds-2026-20260728162208156
LoL,,Will LOUD Qualify for Worlds 2026?,0.002,0.009,0.0055,0.006999999999999999,0.0,486.55857000000003,151.64268,2026-10-30 03:59:00+00:00,21.79307482252315,False,False,sports_fees_v3,LOUD,3195500,will-loud-qualify-for-worlds-2026-20260728162208157
LoL,,Will LOS Qualify for Worlds 2026?,0.995,0.999,0.997,0.0040000000000000036,0.0,1536.623332,40.00093,2026-10-30 03:59:00+00:00,21.79307482252315,False,False,sports_fees_v3,LOS,3195501,will-los-qualify-for-worlds-2026-20260728162208158
LoL,,Will Ground Zero Gaming Qualify for Worlds 2026?,0.002,0.01,0.006,0.008,0.0,270.28200000000004,137.88442,2026-10-30 03:59:00+00:00,21.79307482252315,False,False,sports_fees_v3,Ground Zero Gaming,3195502,will-ground-zero-gaming-qualify-for-worlds-2026-20260728162208159
LoL,,Will paiN Gaming Qualify for Worlds 2026?,0.002,0.019,0.010499999999999999,0.017,0.0,334.2,60.34489,2026-10-30 03:59:00+00:00,21.79307482252315,False,False,sports_fees_v3,paiN Gaming,3195503,will-pain-gaming-qualify-for-worlds-2026-20260728162208160
LoL,,Will Dignitas Qualify for Worlds 2026?,,0.001,,,0.0,2828.0200000000004,1294.06727,2026-10-30 03:59:00+00:00,21.79307482252315,False,False,sports_fees_v3,Dignitas,3195504,will-dignitas-qualify-for-worlds-2026-20260728162208161
LoL,,Will SK Gaming Qualify for Worlds 2026?,,0.001,,,0.0,2120.58,1228.61443,2026-10-30 03:59:00+00:00,21.79307482252315,False,False,sports_fees_v3,SK Gaming,3195505,will-sk-gaming-qualify-for-worlds-2026-20260728162208162
LoL,,Will Team Heretics Qualify for Worlds 2026?,,0.001,,,0.0,644.0,378.82894,2026-10-30 03:59:00+00:00,21.79307482252315,False,False,sports_fees_v3,Team Heretics,3195506,will-team-heretics-qualify-for-worlds-2026-20260728162208163
LoL,,Will DetonatioN FocusMe Qualify for Worlds 2026?,0.001,0.005,0.003,0.004,0.0,589.3,145.55995,2026-10-30 03:59:00+00:00,21.79307482252315,False,False,sports_fees_v3,DetonatioN FocusMe,3195507,will-detonation-focusme-qualify-for-worlds-2026-20260728162208164
LoL,,Will DN SOOPers Qualify for Worlds 2026?,,0.001,,,0.0,456.0,663.418,2026-10-30 03:59:00+00:00,21.79307482252315,False,False,sports_fees_v3,DN SOOPers,3195508,will-dn-soopers-qualify-for-worlds-2026-20260728162208165
LoL,,Will Fluxo W7M Qualify for Worlds 2026?,,0.001,,,0.0,321.0,427.53793,2026-10-30 03:59:00+00:00,21.79307482252315,False,False,sports_fees_v3,Fluxo W7M,3195509,will-fluxo-w7m-qualify-for-worlds-2026-20260728162208166
LoL,,Will LEVIATÁN Qualify for Worlds 2026?,,0.001,,,0.0,686.454236,470.93334,2026-10-30 03:59:00+00:00,21.79307482252315,False,False,sports_fees_v3,LEVIATÁN,3195510,will-leviatan-qualify-for-worlds-2026-20260728162208167
LoL,lol_quadra_kill,Game 1: Any Player Quadra Kill?,,1.0,,,0.0,0.0,0.0,2026-08-06 03:59:00+00:00,-63.206925177476855,False,False,sports_fees_v3,Any Player Quadra Kill,3199752,lol-azre-bceb-2026-07-29-game1-any-player-quadra-kill
LoL,lol_penta_kill,Game 1: Any Player Penta Kill?,,1.0,,,0.0,0.0,0.0,2026-08-06 03:59:00+00:00,-63.206925177476855,False,False,sports_fees_v3,Any Player Penta Kill,3199753,lol-azre-bceb-2026-07-29-game1-any-player-penta-kill
LoL,lol_quadra_kill,Game 2: Any Player Quadra Kill?,,1.0,,,0.0,0.0,0.0,2026-08-06 03:59:00+00:00,-63.206925177476855,False,False,sports_fees_v3,Any Player Quadra Kill,3199758,lol-azre-bceb-2026-07-29-game2-any-player-quadra-kill
LoL,lol_penta_kill,Game 2: Any Player Penta Kill?,,1.0,,,0.0,0.0,0.0,2026-08-06 03:59:00+00:00,-63.206925177476855,False,False,sports_fees_v3,Any Player Penta Kill,3199759,lol-azre-bceb-2026-07-29-game2-any-player-penta-kill
LoL,lol_quadra_kill,Game 1: Any Player Quadra Kill?,,1.0,,,0.0,0.0,0.0,2026-08-12 03:59:00+00:00,-57.206925177476855,False,False,sports_fees_v3,Any Player Quadra Kill,3232347,lol-genga-hle-2026-08-04-game1-any-player-quadra-kill
LoL,,Will HLE be number 1 on the end of year Global Power Rankings?,0.24,0.25,0.245,0.010000000000000009,0.0,7267.799928000001,6089.8506,2026-12-31 23:59:00+00:00,84.62640815585648,False,True,sports_fees_v3,HLE,3236055,will-hle-be-number-1-on-the-end-of-year-global-power-rankings-20260729165154425
Liga Mexicana de Béisbol,moneyline,Pericos de Puebla vs. Olmecas de Tabasco,0.02,0.98,0.5,0.96,0.0,171.649352,1.7198,2026-09-09 01:00:00+00:00,-29.33123073303241,False,False,sports_fees_v3,,4049894,lmb-per-olm-2026-09-01
Veikkausliiga,soccer_first_corner,Seinajoen JK vs. HJK Helsinki: Team to Take First Corner,,1.0,,,0.0,0.0,0.0,2026-08-03 16:00:00+00:00,-65.70623073303241,False,False,sports_fees_v3,Team to Take First Corner,3162536,fin1-sei-hjk-2026-08-03-first-corner
Veikkausliiga,soccer_first_corner,AC Oulu vs. Tampereen Ilves: Team to Take First Corner,,1.0,,,0.0,0.0,0.0,2026-08-02 14:00:00+00:00,-66.78956406636574,False,False,sports_fees_v3,Team to Take First Corner,3162559,fin1-aco-ilv-2026-08-02-first-corner
Veikkausliiga,soccer_first_corner,Vaasan Palloseura vs. FC Inter Turku: Team to Take First Corner,,1.0,,,0.0,0.0,0.0,2026-08-02 12:00:00+00:00,-66.87289739969907,False,False,sports_fees_v3,Team to Take First Corner,3162582,fin1-vps-int-2026-08-02-first-corner
Veikkausliiga,soccer_first_corner,Kuopion Palloseura vs. Turun Palloseura: Team to Take First Corner,0.001,0.999,0.5,0.998,0.0,0.0,0.01,2026-08-09 12:00:00+00:00,-59.87289739969908,False,False,sports_fees_v3,Team to Take First Corner,3308135,fin1-kups-tps-2026-08-09-first-corner
Veikkausliiga,soccer_first_corner,FF Jaro vs. Vaasan Palloseura: Team to Take First Corner,0.001,0.999,0.5,0.998,0.0,0.0,0.01,2026-08-08 16:00:00+00:00,-60.706230733032406,False,False,sports_fees_v3,Team to Take First Corner,3308158,fin1-jar-vps-2026-08-08-first-corner
Veikkausliiga,soccer_first_corner,Tampereen Ilves vs. IFK Mariehamn: Team to Take First Corner,0.001,0.999,0.5,0.998,0.0,0.0,0.01,2026-08-09 15:00:00+00:00,-59.74789739969908,False,False,sports_fees_v3,Team to Take First Corner,3340348,fin1-ilv-mar-2026-08-09-first-corner
Veikkausliiga,soccer_first_corner,FC Inter Turku vs. FC Lahti: Team to Take First Corner,0.001,0.999,0.5,0.998,0.0,0.0,0.01,2026-08-09 14:00:00+00:00,-59.78956406636574,False,False,sports_fees_v3,Team to Take First Corner,3340371,fin1-int-lah-2026-08-09-first-corner
Veikkausliiga,soccer_first_corner,IFK Mariehamn vs. Seinajoen JK: Team to Take First Corner,0.001,0.999,0.5,0.998,0.0,0.0,0.01,2026-08-15 16:00:00+00:00,-53.706230733032406,False,False,sports_fees_v3,Team to Take First Corner,3485292,fin1-mar-sei-2026-08-15-first-corner
Veikkausliiga,,Will HJK Helsinki win the 2026 Veikkausliiga (Finland)?,0.02,0.96,0.49,0.94,0.0,0.0,4.6392,2027-01-01 04:59:00+00:00,84.83474148918981,False,True,sports_fees_v3,HJK Helsinki,3530091,2026-soccer-veikkausliiga-finland-winner-hjk-helsinki
Veikkausliiga,,Will KuPS win the 2026 Veikkausliiga (Finland)?,0.02,0.94,0.48,0.9199999999999999,0.0,0.0,3.3286,2027-01-01 04:59:00+00:00,84.83474148918981,False,True,sports_fees_v3,KuPS,3530092,2026-soccer-veikkausliiga-finland-winner-kups
Veikkausliiga,,Will Inter Turku win the 2026 Veikkausliiga (Finland)?,0.03,0.98,0.505,0.95,0.0,0.0,2.829,2027-01-01 04:59:00+00:00,84.83474148918981,False,True,sports_fees_v3,Inter Turku,3530094,2026-soccer-veikkausliiga-finland-winner-inter-turku
Veikkausliiga,,Will VPS win the 2026 Veikkausliiga (Finland)?,0.01,0.82,0.415,0.8099999999999999,0.0,74.0,8.3687,2027-01-01 04:59:00+00:00,84.83474148918981,False,True,sports_fees_v3,VPS,3530095,2026-soccer-veikkausliiga-finland-winner-vps
Veikkausliiga,,Will AC Oulu win the 2026 Veikkausliiga (Finland)?,0.01,0.83,0.42,0.82,0.0,74.0,10.1291,2027-01-01 04:59:00+00:00,84.83474148918981,False,True,sports_fees_v3,AC Oulu,3530096,2026-soccer-veikkausliiga-finland-winner-ac-oulu
Veikkausliiga,,Will IF Gnistan win the 2026 Veikkausliiga (Finland)?,0.03,0.97,0.5,0.94,0.0,0.0,4.7089,2027-01-01 04:59:00+00:00,84.83474148918981,False,True,sports_fees_v3,IF Gnistan,3530098,2026-soccer-veikkausliiga-finland-winner-if-gnistan
Veikkausliiga,,Will HJK Helsinki be runner-up in the 2026 Veikkausliiga (Finland)?,0.03,0.97,0.5,0.94,0.0,0.0,3.5025,2027-01-01 04:59:00+00:00,84.83474148918981,False,True,sports_fees_v3,HJK Helsinki,3544599,2026-soccer-veikkausliiga-finland-runner-up-hjk-helsinki
Veikkausliiga,,Will KuPS be runner-up in the 2026 Veikkausliiga (Finland)?,0.02,0.98,0.5,0.96,0.0,0.0,2.9392,2027-01-01 04:59:00+00:00,84.83474148918981,False,True,sports_fees_v3,KuPS,3544600,2026-soccer-veikkausliiga-finland-runner-up-kups
Veikkausliiga,,Will Inter Turku be runner-up in the 2026 Veikkausliiga (Finland)?,0.02,0.94,0.48,0.9199999999999999,0.0,0.0,4.3305,2027-01-01 04:59:00+00:00,84.83474148918981,False,True,sports_fees_v3,Inter Turku,3544602,2026-soccer-veikkausliiga-finland-runner-up-inter-turku
Veikkausliiga,,Will VPS be runner-up in the 2026 Veikkausliiga (Finland)?,0.02,0.95,0.485,0.9299999999999999,0.0,0.0,6.2331,2027-01-01 04:59:00+00:00,84.83474148918981,False,True,sports_fees_v3,VPS,3544603,2026-soccer-veikkausliiga-finland-runner-up-vps
Veikkausliiga,,Will AC Oulu be runner-up in the 2026 Veikkausliiga (Finland)?,0.02,0.98,0.5,0.96,0.0,0.0,3.3292,2027-01-01 04:59:00+00:00,84.83474148918981,False,True,sports_fees_v3,AC Oulu,3544604,2026-soccer-veikkausliiga-finland-runner-up-ac-oulu
Veikkausliiga,,Will IF Gnistan be runner-up in the 2026 Veikkausliiga (Finland)?,0.02,0.98,0.5,0.96,0.0,0.0,3.3291,2027-01-01 04:59:00+00:00,84.83474148918981,False,True,sports_fees_v3,IF Gnistan,3544606,2026-soccer-veikkausliiga-finland-runner-up-if-gnistan
Veikkausliiga,soccer_game_corners_odd_even,Turun Palloseura vs. FC Inter Turku: Total Corners Odd or Even?,0.001,0.999,0.5,0.998,0.0,0.0,0.01,2026-08-23 15:00:00+00:00,-45.74789739969908,False,False,sports_fees_v3,Total Corners: Odd or Even,3659387,fin1-tps-int-2026-08-23-corners-odd-even
Veikkausliiga,total_corners,Kuopion Palloseura vs. IFK Mariehamn: O/U 13.5 Total Corners,0.001,0.999,0.5,0.998,0.0,2.409634,0.01,2026-08-23 12:00:00+00:00,-45.87289739969908,False,False,sports_fees_v3,Total Corners: O/U 13.5,3659395,fin1-kups-mar-2026-08-23-corners-total-13pt5
Veikkausliiga,soccer_second_half_total_corners,Kuopion Palloseura vs. IFK Mariehamn: 2nd Half O/U 5.5 Total Corners,,1.0,,,0.0,0.0,0.0,2026-08-23 12:00:00+00:00,-45.87289739969908,False,False,sports_fees_v3,2nd Half Total Corners: O/U 5.5,3659401,fin1-kups-mar-2026-08-23-corners-second-half-total-5pt5
Veikkausliiga,soccer_team_total_corners,Kuopion Palloseura vs. IFK Mariehamn: IFK Mariehamn O/U 3.5 Corners,0.001,0.999,0.5,0.998,0.0,0.0,0.01,2026-08-23 12:00:00+00:00,-45.87289739969908,False,False,sports_fees_v3,IFK Mariehamn Corners: O/U 3.5,3659407,fin1-kups-mar-2026-08-23-corners-team-away-3pt5
Veikkausliiga,soccer_game_corners_odd_even,Kuopion Palloseura vs. IFK Mariehamn: Total Corners Odd or Even?,0.001,0.999,0.5,0.998,0.0,0.0,0.01,2026-08-23 12:00:00+00:00,-45.87289739969908,False,False,sports_fees_v3,Total Corners: Odd or Even,3659410,fin1-kups-mar-2026-08-23-corners-odd-even
Veikkausliiga,soccer_first_half_total_corners,Tampereen Ilves vs. Vaasan Palloseura: 1st Half O/U 4.5 Total Corners,0.99,0.999,0.9944999999999999,0.009000000000000008,0.0,0.0,5.95,2026-08-22 14:00:00+00:00,-46.78956406636574,False,False,sports_fees_v3,1st Half Total Corners: O/U 4.5,3671044,fin1-ilv-vps-2026-08-22-corners-first-half-total-4pt5
Veikkausliiga,soccer_first_half_total_corners,Tampereen Ilves vs. Vaasan Palloseura: 1st Half O/U 5.5 Total Corners,0.001,0.01,0.0055,0.009000000000000001,0.0,0.0,5.95,2026-08-22 14:00:00+00:00,-46.78956406636574,False,False,sports_fees_v3,1st Half Total Corners: O/U 5.5,3671045,fin1-ilv-vps-2026-08-22-corners-first-half-total-5pt5
Veikkausliiga,soccer_second_half_total_corners,Tampereen Ilves vs. Vaasan Palloseura: 2nd Half O/U 5.5 Total Corners,,1.0,,,0.0,0.0,0.0,2026-08-22 14:00:00+00:00,-46.78956406636574,False,False,sports_fees_v3,2nd Half Total Corners: O/U 5.5,3671048,fin1-ilv-vps-2026-08-22-corners-second-half-total-5pt5
Veikkausliiga,soccer_team_total_corners,Tampereen Ilves vs. Vaasan Palloseura: Vaasan Palloseura O/U 2.5 Corners,0.001,0.01,0.0055,0.009000000000000001,0.0,0.0,5.95,2026-08-22 14:00:00+00:00,-46.78956406636574,False,False,sports_fees_v3,Vaasan Palloseura Corners: O/U 2.5,3671053,fin1-ilv-vps-2026-08-22-corners-team-away-2pt5
Veikkausliiga,soccer_game_corners_odd_even,Tampereen Ilves vs. Vaasan Palloseura: Total Corners Odd or Even?,0.99,0.999,0.9944999999999999,0.009000000000000008,0.0,0.0,5.95,2026-08-22 14:00:00+00:00,-46.78956406636574,False,False,sports_fees_v3,Total Corners: Odd or Even,3671057,fin1-ilv-vps-2026-08-22-corners-odd-even
Veikkausliiga,soccer_first_corner,Tampereen Ilves vs. Vaasan Palloseura: Team to Take First Corner,0.001,0.999,0.5,0.998,0.0,0.0,0.01,2026-08-22 14:00:00+00:00,-46.78956406636574,False,False,sports_fees_v3,Team to Take First Corner,3671058,fin1-ilv-vps-2026-08-22-first-corner
Veikkausliiga,,Will HJK Helsinki be relegated from the 2026 Veikkausliiga (Finland)?,0.003,0.033,0.018000000000000002,0.030000000000000002,0.0,703.5,131.61438,2027-01-01 04:59:00+00:00,84.83474148918981,False,False,sports_fees_v3,HJK Helsinki,3913475,will-hjk-helsinki-be-relegated-from-veikkausliiga-finland-2026
Veikkausliiga,,Will KuPS be relegated from the 2026 Veikkausliiga (Finland)?,0.002,0.006,0.004,0.004,4.11,609.1278570000001,316.37422,2027-01-01 04:59:00+00:00,84.83474148918981,False,False,sports_fees_v3,KuPS,3913476,will-kups-be-relegated-from-veikkausliiga-finland-2026
Veikkausliiga,,Will Ilves be relegated from the 2026 Veikkausliiga (Finland)?,0.001,0.005,0.003,0.004,0.0,670.376333,329.9444,2027-01-01 04:59:00+00:00,84.83474148918981,False,False,sports_fees_v3,Ilves,3913477,will-ilves-be-relegated-from-veikkausliiga-finland-2026
Veikkausliiga,,Will Inter Turku be relegated from the 2026 Veikkausliiga (Finland)?,0.001,0.058,0.029500000000000002,0.057,0.0,450.95369999999997,107.05972,2027-01-01 04:59:00+00:00,84.83474148918981,False,False,sports_fees_v3,Inter Turku,3913478,will-inter-turku-be-relegated-from-veikkausliiga-finland-2026
Veikkausliiga,,Will VPS be relegated from the 2026 Veikkausliiga (Finland)?,0.01,0.25,0.13,0.24,0.0,66.0,58.84498,2027-01-01 04:59:00+00:00,84.83474148918981,False,False,sports_fees_v3,VPS,3913479,will-vps-be-relegated-from-veikkausliiga-finland-2026
Veikkausliiga,,Will AC Oulu be relegated from the 2026 Veikkausliiga (Finland)?,0.001,0.002,0.0015,0.001,0.0,1238.97432,580.28625,2027-01-01 04:59:00+00:00,84.83474148918981,False,False,sports_fees_v3,AC Oulu,3913480,will-ac-oulu-be-relegated-from-veikkausliiga-finland-2026
Veikkausliiga,,Will SJK be relegated from the 2026 Veikkausliiga (Finland)?,0.002,0.06,0.031,0.057999999999999996,0.0,325.0,275.05396,2027-01-01 04:59:00+00:00,84.83474148918981,False,False,sports_fees_v3,SJK,3913481,will-sjk-be-relegated-from-veikkausliiga-finland-2026
Veikkausliiga,,Will IF Gnistan be relegated from the 2026 Veikkausliiga (Finland)?,0.001,0.37,0.1855,0.369,0.0,66.0,50.19998,2027-01-01 04:59:00+00:00,84.83474148918981,False,False,sports_fees_v3,IF Gnistan,3913483,will-if-gnistan-be-relegated-from-veikkausliiga-finland-2026
Veikkausliiga,,Will FF Jaro be relegated from the 2026 Veikkausliiga (Finland)?,0.61,0.66,0.635,0.050000000000000044,80.0,938.1,196.6237,2027-01-01 04:59:00+00:00,84.83474148918981,False,False,sports_fees_v3,FF Jaro,3913485,will-ff-jaro-be-relegated-from-veikkausliiga-finland-2026
Veikkausliiga,,Will FC Lahti be relegated from the 2026 Veikkausliiga (Finland)?,0.003,0.01,0.006500000000000001,0.007,0.0,811.9539000000001,77.68469,2027-01-01 04:59:00+00:00,84.83474148918981,False,False,sports_fees_v3,FC Lahti,3913487,will-fc-lahti-be-relegated-from-veikkausliiga-finland-2026
Veikkausliiga,,Will TPS be relegated from the 2026 Veikkausliiga (Finland)?,0.001,0.046,0.0235,0.045,0.0,147.0,41.76999,2027-01-01 04:59:00+00:00,84.83474148918981,False,False,sports_fees_v3,TPS,3913489,will-tps-be-relegated-from-veikkausliiga-finland-2026
Veikkausliiga,,Will IFK Mariehamn be relegated from the 2026 Veikkausliiga (Finland)?,0.75,0.77,0.76,0.020000000000000018,20.0,201.851852,707.9768,2027-01-01 04:59:00+00:00,84.83474148918981,False,False,sports_fees_v3,IFK Mariehamn,3913491,will-ifk-mariehamn-be-relegated-from-veikkausliiga-finland-2026
Veikkausliiga,,Will SJK finish 10th in the 2026 Veikkausliiga (Finland)?,0.43,0.99,0.71,0.56,0.0,181.8,54.3633,2027-01-01 04:59:00+00:00,84.83474148918981,False,True,sports_fees_v3,SJK,3913784,will-sjk-finish-10th-in-veikkausliiga-finland-2026
Veikkausliiga,,Will HJK Helsinki keep the most clean sheets in the 2026 Veikkausliiga (Finland),0.02,0.9,0.46,0.88,0.0,0.0,12.504,2027-01-01 04:59:00+00:00,84.83474148918981,False,True,sports_fees_v3,HJK Helsinki,3914289,will-hjk-helsinki-keep-the-most-clean-sheets-in-veikkausliiga-finland-2026
Veikkausliiga,,Will KuPS keep the most clean sheets in the 2026 Veikkausliiga (Finland)?,0.03,0.91,0.47000000000000003,0.88,0.0,0.0,5.1953,2027-01-01 04:59:00+00:00,84.83474148918981,False,True,sports_fees_v3,KuPS,3914291,will-kups-keep-the-most-clean-sheets-in-veikkausliiga-finland-2026
Veikkausliiga,,Will Inter Turku keep the most clean sheets in the 2026 Veikkausliiga (Finland)?,0.04,0.93,0.48500000000000004,0.89,0.0,0.0,7.3013,2027-01-01 04:59:00+00:00,84.83474148918981,False,True,sports_fees_v3,Inter Turku,3914295,will-inter-turku-keep-the-most-clean-sheets-in-veikkausliiga-finland-2026
Veikkausliiga,,Will VPS keep the most clean sheets in the 2026 Veikkausliiga (Finland)?,0.02,0.9,0.46,0.88,0.0,0.0,4.3234,2027-01-01 04:59:00+00:00,84.83474148918981,False,True,sports_fees_v3,VPS,3914297,will-vps-keep-the-most-clean-sheets-in-veikkausliiga-finland-2026
Veikkausliiga,,Will AC Oulu keep the most clean sheets in the 2026 Veikkausliiga (Finland)?,0.03,0.97,0.5,0.94,0.0,0.0,5.4513,2027-01-01 04:59:00+00:00,84.83474148918981,False,True,sports_fees_v3,AC Oulu,3914299,will-ac-oulu-keep-the-most-clean-sheets-in-veikkausliiga-finland-2026
Veikkausliiga,total_corners,FC Lahti vs. IFK Mariehamn: O/U 10.5 Total Corners,,1.0,,,0.0,0.0,0.0,2026-09-08 15:00:00+00:00,-29.747897399699077,False,False,sports_fees_v3,Total Corners: O/U 10.5,4176819,fin1-lah-mar-2026-09-08-corners-total-10pt5
Veikkausliiga,soccer_second_half_total_corners,FC Lahti vs. IFK Mariehamn: 2nd Half O/U 3.5 Total Corners,,1.0,,,0.0,0.0,0.0,2026-09-08 15:00:00+00:00,-29.747897399699077,False,False,sports_fees_v3,2nd Half Total Corners: O/U 3.5,4176826,fin1-lah-mar-2026-09-08-corners-second-half-total-3pt5
Veikkausliiga,soccer_game_corners_odd_even,FC Lahti vs. IFK Mariehamn: Total Corners Odd or Even?,,1.0,,,0.0,0.0,0.0,2026-09-08 15:00:00+00:00,-29.747897399699077,False,False,sports_fees_v3,Total Corners: Odd or Even,4176837,fin1-lah-mar-2026-09-08-corners-odd-even
Veikkausliiga,soccer_first_corner,FC Lahti vs. IFK Mariehamn: Team to Take First Corner,,1.0,,,0.0,0.0,0.0,2026-09-08 15:00:00+00:00,-29.747897399699077,False,False,sports_fees_v3,Team to Take First Corner,4176838,fin1-lah-mar-2026-09-08-first-corner
Veikkausliiga,soccer_second_half_total_corners,AC Oulu vs. IF Gnistan: 2nd Half O/U 3.5 Total Corners,,1.0,,,0.0,0.0,0.0,2026-09-12 16:00:00+00:00,-25.70623073303241,False,False,sports_fees_v3,2nd Half Total Corners: O/U 3.5,4376677,fin1-aco-gni-2026-09-12-corners-second-half-total-3pt5
Veikkausliiga,soccer_second_half_total_corners,AC Oulu vs. IF Gnistan: 2nd Half O/U 4.5 Total Corners,,1.0,,,0.0,0.0,0.0,2026-09-12 16:00:00+00:00,-25.70623073303241,False,False,sports_fees_v3,2nd Half Total Corners: O/U 4.5,4376678,fin1-aco-gni-2026-09-12-corners-second-half-total-4pt5
Veikkausliiga,soccer_game_corners_odd_even,AC Oulu vs. IF Gnistan: Total Corners Odd or Even?,,1.0,,,0.0,0.0,0.0,2026-09-12 16:00:00+00:00,-25.70623073303241,False,False,sports_fees_v3,Total Corners: Odd or Even,4376688,fin1-aco-gni-2026-09-12-corners-odd-even
Veikkausliiga,soccer_first_corner,AC Oulu vs. IF Gnistan: Team to Take First Corner,,1.0,,,0.0,0.0,0.0,2026-09-12 16:00:00+00:00,-25.70623073303241,False,False,sports_fees_v3,Team to Take First Corner,4376689,fin1-aco-gni-2026-09-12-first-corner
Veikkausliiga,soccer_second_half_total_corners,IFK Mariehamn vs. Turun Palloseura: 2nd Half O/U 4.5 Total Corners,,1.0,,,0.0,0.0,0.0,2026-09-12 14:00:00+00:00,-25.78956406636574,False,False,sports_fees_v3,2nd Half Total Corners: O/U 4.5,4417201,fin1-mar-tps-2026-09-12-corners-second-half-total-4pt5
Veikkausliiga,soccer_game_corners_odd_even,IFK Mariehamn vs. Turun Palloseura: Total Corners Odd or Even?,,1.0,,,0.0,0.0,0.0,2026-09-12 14:00:00+00:00,-25.78956406636574,False,False,sports_fees_v3,Total Corners: Odd or Even,4417211,fin1-mar-tps-2026-09-12-corners-odd-even
Veikkausliiga,total_corners,Kuopion Palloseura vs. HJK Helsinki: O/U 10.5 Total Corners,,1.0,,,0.0,2.733334,0.0,2026-09-13 12:00:00+00:00,-24.872897399699077,False,False,sports_fees_v3,Total Corners: O/U 10.5,4450904,fin1-kups-hjk-2026-09-13-corners-total-10pt5
Veikkausliiga,soccer_game_corners_odd_even,Kuopion Palloseura vs. HJK Helsinki: Total Corners Odd or Even?,,1.0,,,0.0,0.0,0.0,2026-09-13 12:00:00+00:00,-24.872897399699077,False,False,sports_fees_v3,Total Corners: Odd or Even,4450922,fin1-kups-hjk-2026-09-13-corners-odd-even
Veikkausliiga,moneyline,Will Kuopion Palloseura win on 2026-10-08?,0.66,0.67,0.665,0.010000000000000009,4934.660633,6169.498583999999,61454.2237,2026-10-08 16:00:00+00:00,0.2937692669675926,False,True,sports_fees_v3,Kuopion Palloseura,5180062,fin1-kups-aco-2026-10-08-kups
Veikkausliiga,moneyline,Will Kuopion Palloseura vs. AC Oulu end in a draw?,0.21,0.22,0.215,0.010000000000000009,1310.5641,1310.5641,125150.0739,2026-10-08 16:00:00+00:00,0.2937692669675926,False,True,sports_fees_v3,Draw (Kuopion Palloseura vs. AC Oulu),5180063,fin1-kups-aco-2026-10-08-draw
Veikkausliiga,moneyline,Will AC Oulu win on 2026-10-08?,0.13,0.14,0.135,0.010000000000000009,4021.8522269999994,4021.8522269999994,84115.9001,2026-10-08 16:00:00+00:00,0.2937692669675926,False,True,sports_fees_v3,AC Oulu,5180064,fin1-kups-aco-2026-10-08-aco
Veikkausliiga,soccer_halftime_result,Kuopion Palloseura leading at halftime?,0.46,0.48,0.47,0.019999999999999962,0.0,0.0,51231.6355,2026-10-08 16:00:00+00:00,0.2937692669675926,False,True,sports_fees_v3,Kuopion Palloseura,5180066,fin1-kups-aco-2026-10-08-halftime-result-home
Veikkausliiga,soccer_halftime_result,Kuopion Palloseura vs. AC Oulu: Draw at halftime?,0.38,0.4,0.39,0.020000000000000018,0.0,0.0,24194.1468,2026-10-08 16:00:00+00:00,0.2937692669675926,False,True,sports_fees_v3,Draw,5180067,fin1-kups-aco-2026-10-08-halftime-result-draw
Veikkausliiga,soccer_halftime_result,AC Oulu leading at halftime?,0.13,0.14,0.135,0.010000000000000009,0.0,0.0,36826.5047,2026-10-08 16:00:00+00:00,0.2937692669675926,False,True,sports_fees_v3,AC Oulu,5180068,fin1-kups-aco-2026-10-08-halftime-result-away
Veikkausliiga,soccer_second_half_result,Kuopion Palloseura to win the second half?,0.46,0.59,0.525,0.12999999999999995,0.0,0.0,9.5696,2026-10-08 16:00:00+00:00,0.2937692669675926,False,True,sports_fees_v3,Kuopion Palloseura,5180069,fin1-kups-aco-2026-10-08-second-half-result-home
Veikkausliiga,soccer_second_half_result,Kuopion Palloseura vs. AC Oulu: Second half draw?,0.26,0.39,0.325,0.13,0.0,0.0,30.2098,2026-10-08 16:00:00+00:00,0.2937692669675926,False,True,sports_fees_v3,Draw,5180070,fin1-kups-aco-2026-10-08-second-half-result-draw
Veikkausliiga,soccer_second_half_result,AC Oulu to win the second half?,0.1,0.22,0.16,0.12,0.0,0.0,9.62,2026-10-08 16:00:00+00:00,0.2937692669675926,False,True,sports_fees_v3,AC Oulu,5180071,fin1-kups-aco-2026-10-08-second-half-result-away
Veikkausliiga,soccer_exact_score,Exact Score: Kuopion Palloseura 0 - 0 AC Oulu?,0.05,0.07,0.060000000000000005,0.020000000000000004,105.61052,105.61052,64499.9131,2026-10-08 16:00:00+00:00,0.2937692669675926,False,True,sports_fees_v3,Kuopion Palloseura 0 - 0 AC Oulu,5180072,fin1-kups-aco-2026-10-08-exact-score-0-0
Veikkausliiga,soccer_exact_score,Exact Score: Kuopion Palloseura 0 - 1 AC Oulu?,0.042,0.045,0.0435,0.0029999999999999957,0.0,0.0,81067.1611,2026-10-08 16:00:00+00:00,0.2937692669675926,False,True,sports_fees_v3,Kuopion Palloseura 0 - 1 AC Oulu,5180073,fin1-kups-aco-2026-10-08-exact-score-0-1
Veikkausliiga,soccer_exact_score,Exact Score: Kuopion Palloseura 1 - 0 AC Oulu?,0.12,0.13,0.125,0.010000000000000009,86.443077,86.443077,46296.3783,2026-10-08 16:00:00+00:00,0.2937692669675926,False,True,sports_fees_v3,Kuopion Palloseura 1 - 0 AC Oulu,5180074,fin1-kups-aco-2026-10-08-exact-score-1-0
Veikkausliiga,soccer_exact_score,Exact Score: Kuopion Palloseura 0 - 2 AC Oulu?,0.015,0.019,0.017,0.004,3675.40815,3675.40815,69564.04738,2026-10-08 16:00:00+00:00,0.2937692669675926,False,True,sports_fees_v3,Kuopion Palloseura 0 - 2 AC Oulu,5180075,fin1-kups-aco-2026-10-08-exact-score-0-2
Veikkausliiga,soccer_exact_score,Exact Score: Kuopion Palloseura 1 - 1 AC Oulu?,0.09,0.11,0.1,0.020000000000000004,0.0,0.0,49885.3081,2026-10-08 16:00:00+00:00,0.2937692669675926,False,True,sports_fees_v3,Kuopion Palloseura 1 - 1 AC Oulu,5180076,fin1-kups-aco-2026-10-08-exact-score-1-1
Veikkausliiga,soccer_exact_score,Exact Score: Kuopion Palloseura 2 - 0 AC Oulu?,0.11,0.13,0.12,0.020000000000000004,83.333334,83.333334,46448.5962,2026-10-08 16:00:00+00:00,0.2937692669675926,False,True,sports_fees_v3,Kuopion Palloseura 2 - 0 AC Oulu,5180077,fin1-kups-aco-2026-10-08-exact-score-2-0
Veikkausliiga,soccer_exact_score,Exact Score: Kuopion Palloseura 0 - 3 AC Oulu?,0.004,0.006,0.005,0.002,50.20075,60.19055,109801.44026,2026-10-08 16:00:00+00:00,0.2937692669675926,False,True,sports_fees_v3,Kuopion Palloseura 0 - 3 AC Oulu,5180078,fin1-kups-aco-2026-10-08-exact-score-0-3
Veikkausliiga,soccer_exact_score,Exact Score: Kuopion Palloseura 1 - 2 AC Oulu?,0.036,0.041,0.0385,0.0050000000000000044,0.0,0.0,70549.5722,2026-10-08 16:00:00+00:00,0.2937692669675926,False,True,sports_fees_v3,Kuopion Palloseura 1 - 2 AC Oulu,5180079,fin1-kups-aco-2026-10-08-exact-score-1-2
Veikkausliiga,soccer_exact_score,Exact Score: Kuopion Palloseura 2 - 1 AC Oulu?,0.1,0.11,0.10500000000000001,0.009999999999999995,95.304691,95.304691,42673.0482,2026-10-08 16:00:00+00:00,0.2937692669675926,False,True,sports_fees_v3,Kuopion Palloseura 2 - 1 AC Oulu,5180080,fin1-kups-aco-2026-10-08-exact-score-2-1
Veikkausliiga,soccer_exact_score,Exact Score: Kuopion Palloseura 3 - 0 AC Oulu?,0.075,0.082,0.0785,0.007000000000000006,14.246576,14.246576,62853.01415,2026-10-08 16:00:00+00:00,0.2937692669675926,False,True,sports_fees_v3,Kuopion Palloseura 3 - 0 AC Oulu,5180081,fin1-kups-aco-2026-10-08-exact-score-3-0
Veikkausliiga,soccer_exact_score,Exact Score: Kuopion Palloseura 0 - 4 AC Oulu?,,0.685,,,0.0,9.9898,3168.02512,2026-10-08 16:00:00+00:00,0.2937692669675926,False,True,sports_fees_v3,Kuopion Palloseura 0 - 4 AC Oulu,5180082,fin1-kups-aco-2026-10-08-exact-score-0-4
Veikkausliiga,soccer_exact_score,Exact Score: Kuopion Palloseura 1 - 3 AC Oulu?,0.008,0.013,0.010499999999999999,0.004999999999999999,0.0,0.0,110837.55988,2026-10-08 16:00:00+00:00,0.2937692669675926,False,True,sports_fees_v3,Kuopion Palloseura 1 - 3 AC Oulu,5180083,fin1-kups-aco-2026-10-08-exact-score-1-3
Veikkausliiga,soccer_exact_score,Exact Score: Kuopion Palloseura 2 - 2 AC Oulu?,0.041,0.046,0.0435,0.0049999999999999975,0.0,0.0,71799.50771,2026-10-08 16:00:00+00:00,0.2937692669675926,False,True,sports_fees_v3,Kuopion Palloseura 2 - 2 AC Oulu,5180084,fin1-kups-aco-2026-10-08-exact-score-2-2
Veikkausliiga,soccer_exact_score,Exact Score: Kuopion Palloseura 3 - 1 AC Oulu?,0.063,0.068,0.0655,0.0050000000000000044,720.3644879999999,720.3644879999999,64538.49455,2026-10-08 16:00:00+00:00,0.2937692669675926,False,True,sports_fees_v3,Kuopion Palloseura 3 - 1 AC Oulu,5180085,fin1-kups-aco-2026-10-08-exact-score-3-1
Veikkausliiga,soccer_exact_score,Exact Score: Kuopion Palloseura 4 - 0 AC Oulu?,0.035,0.042,0.038500000000000006,0.006999999999999999,0.0,0.0,18836.8905,2026-10-08 16:00:00+00:00,0.2937692669675926,False,True,sports_fees_v3,Kuopion Palloseura 4 - 0 AC Oulu,5180086,fin1-kups-aco-2026-10-08-exact-score-4-0
Veikkausliiga,soccer_exact_score,Exact Score: Kuopion Palloseura 0 - 5 AC Oulu?,,0.749,,,0.0,9.9898,2944.49951,2026-10-08 16:00:00+00:00,0.2937692669675926,False,True,sports_fees_v3,Kuopion Palloseura 0 - 5 AC Oulu,5180087,fin1-kups-aco-2026-10-08-exact-score-0-5
Veikkausliiga,soccer_exact_score,Exact Score: Kuopion Palloseura 1 - 4 AC Oulu?,,0.685,,,0.0,9.9898,3168.2757,2026-10-08 16:00:00+00:00,0.2937692669675926,False,True,sports_fees_v3,Kuopion Palloseura 1 - 4 AC Oulu,5180088,fin1-kups-aco-2026-10-08-exact-score-1-4
Veikkausliiga,soccer_exact_score,Exact Score: Kuopion Palloseura 2 - 3 AC Oulu?,0.009,0.013,0.011,0.004,80.0,80.0,60460.75155,2026-10-08 16:00:00+00:00,0.2937692669675926,False,True,sports_fees_v3,Kuopion Palloseura 2 - 3 AC Oulu,5180089,fin1-kups-aco-2026-10-08-exact-score-2-3
Veikkausliiga,soccer_exact_score,Exact Score: Kuopion Palloseura 3 - 2 AC Oulu?,0.027,0.031,0.028999999999999998,0.004,33.548388,33.548388,45529.15623,2026-10-08 16:00:00+00:00,0.2937692669675926,False,True,sports_fees_v3,Kuopion Palloseura 3 - 2 AC Oulu,5180090,fin1-kups-aco-2026-10-08-exact-score-3-2
Veikkausliiga,soccer_exact_score,Exact Score: Kuopion Palloseura 4 - 1 AC Oulu?,0.029,0.033,0.031,0.004,0.0,0.0,18102.21505,2026-10-08 16:00:00+00:00,0.2937692669675926,False,True,sports_fees_v3,Kuopion Palloseura 4 - 1 AC Oulu,5180091,fin1-kups-aco-2026-10-08-exact-score-4-1
Veikkausliiga,soccer_exact_score,Exact Score: Kuopion Palloseura 5 - 0 AC Oulu?,0.012,0.023,0.0175,0.011,0.0,0.0,7632.79961,2026-10-08 16:00:00+00:00,0.2937692669675926,False,True,sports_fees_v3,Kuopion Palloseura 5 - 0 AC Oulu,5180092,fin1-kups-aco-2026-10-08-exact-score-5-0
Veikkausliiga,soccer_exact_score,Exact Score: Kuopion Palloseura 1 - 5 AC Oulu?,,0.749,,,0.0,9.9898,2944.01512,2026-10-08 16:00:00+00:00,0.2937692669675926,False,True,sports_fees_v3,Kuopion Palloseura 1 - 5 AC Oulu,5180093,fin1-kups-aco-2026-10-08-exact-score-1-5
Veikkausliiga,soccer_exact_score,Exact Score: Kuopion Palloseura 2 - 4 AC Oulu?,,0.684,,,0.0,9.9898,3170.9771,2026-10-08 16:00:00+00:00,0.2937692669675926,False,True,sports_fees_v3,Kuopion Palloseura 2 - 4 AC Oulu,5180094,fin1-kups-aco-2026-10-08-exact-score-2-4
Veikkausliiga,soccer_exact_score,Exact Score: Kuopion Palloseura 3 - 3 AC Oulu?,0.005,0.009,0.006999999999999999,0.003999999999999999,1007.049285,1017.039085,16768.02549,2026-10-08 16:00:00+00:00,0.2937692669675926,False,True,sports_fees_v3,Kuopion Palloseura 3 - 3 AC Oulu,5180095,fin1-kups-aco-2026-10-08-exact-score-3-3
Veikkausliiga,soccer_exact_score,Exact Score: Kuopion Palloseura 4 - 2 AC Oulu?,0.01,0.022,0.016,0.011999999999999999,0.0,0.0,15754.05972,2026-10-08 16:00:00+00:00,0.2937692669675926,False,True,sports_fees_v3,Kuopion Palloseura 4 - 2 AC Oulu,5180096,fin1-kups-aco-2026-10-08-exact-score-4-2
Veikkausliiga,soccer_exact_score,Exact Score: Kuopion Palloseura 5 - 1 AC Oulu?,0.009,0.071,0.039999999999999994,0.06199999999999999,0.0,0.0,5937.56255,2026-10-08 16:00:00+00:00,0.2937692669675926,False,True,sports_fees_v3,Kuopion Palloseura 5 - 1 AC Oulu,5180097,fin1-kups-aco-2026-10-08-exact-score-5-1
Veikkausliiga,soccer_exact_score,Exact Score: Kuopion Palloseura 2 - 5 AC Oulu?,,0.749,,,0.0,9.9898,2960.71532,2026-10-08 16:00:00+00:00,0.2937692669675926,False,True,sports_fees_v3,Kuopion Palloseura 2 - 5 AC Oulu,5180098,fin1-kups-aco-2026-10-08-exact-score-2-5
Veikkausliiga,soccer_exact_score,Exact Score: Kuopion Palloseura 3 - 4 AC Oulu?,,0.749,,,0.0,9.9898,54.76993,2026-10-08 16:00:00+00:00,0.2937692669675926,False,True,sports_fees_v3,Kuopion Palloseura 3 - 4 AC Oulu,5180099,fin1-kups-aco-2026-10-08-exact-score-3-4
Veikkausliiga,soccer_exact_score,Exact Score: Kuopion Palloseura 4 - 3 AC Oulu?,0.003,0.041,0.022000000000000002,0.038,0.0,9.9898,12398.83484,2026-10-08 16:00:00+00:00,0.2937692669675926,False,True,sports_fees_v3,Kuopion Palloseura 4 - 3 AC Oulu,5180100,fin1-kups-aco-2026-10-08-exact-score-4-3
Veikkausliiga,soccer_exact_score,Exact Score: Kuopion Palloseura 5 - 2 AC Oulu?,,0.499,,,0.0,9.9898,3818.68916,2026-10-08 16:00:00+00:00,0.2937692669675926,False,True,sports_fees_v3,Kuopion Palloseura 5 - 2 AC Oulu,5180101,fin1-kups-aco-2026-10-08-exact-score-5-2
Besta deild karla,soccer_first_half_total_corners,KA Akureyri vs. Thor Akureyri: 1st Half O/U 3.5 Total Corners,,1.0,,,0.0,0.0,0.0,2026-07-27 19:15:00+00:00,-72.57081406636574,False,False,sports_fees_v3,1st Half Total Corners: O/U 3.5,3060582,isl1-aku-tha-2026-07-27-corners-first-half-total-3pt5
Besta deild karla,soccer_second_half_total_corners,KA Akureyri vs. Thor Akureyri: 2nd Half O/U 3.5 Total Corners,,1.0,,,0.0,0.0,0.0,2026-07-27 19:15:00+00:00,-72.57081406636574,False,False,sports_fees_v3,2nd Half Total Corners: O/U 3.5,3060585,isl1-aku-tha-2026-07-27-corners-second-half-total-3pt5
Besta deild karla,soccer_team_total_corners,KA Akureyri vs. Thor Akureyri: KA Akureyri O/U 4.5 Corners,,1.0,,,0.0,0.0,0.0,2026-07-27 19:15:00+00:00,-72.57081406636574,False,False,sports_fees_v3,KA Akureyri Corners: O/U 4.5,3060590,isl1-aku-tha-2026-07-27-corners-team-home-4pt5
Besta deild karla,soccer_game_corners_odd_even,KA Akureyri vs. Thor Akureyri: Total Corners Odd or Even?,,1.0,,,0.0,0.0,0.0,2026-07-27 19:15:00+00:00,-72.57081406636574,False,False,sports_fees_v3,Total Corners: Odd or Even,3060596,isl1-aku-tha-2026-07-27-corners-odd-even
Besta deild karla,total_corners,Thor Akureyri vs. Breidablik Kopavogur: O/U 7.5 Total Corners,0.001,0.999,0.5,0.998,0.0,0.0,0.01,2026-08-04 18:30:00+00:00,-64.60206406636574,False,False,sports_fees_v3,Total Corners: O/U 7.5,3203920,isl1-tha-kop-2026-08-04-corners-total-7pt5
Besta deild karla,total_corners,Thor Akureyri vs. Breidablik Kopavogur: O/U 8.5 Total Corners,0.001,0.999,0.5,0.998,0.0,0.0,0.01,2026-08-04 18:30:00+00:00,-64.60206406636574,False,False,sports_fees_v3,Total Corners: O/U 8.5,3203921,isl1-tha-kop-2026-08-04-corners-total-8pt5
Besta deild karla,total_corners,Thor Akureyri vs. Breidablik Kopavogur: O/U 9.5 Total Corners,0.001,0.999,0.5,0.998,0.0,0.0,0.01,2026-08-04 18:30:00+00:00,-64.60206406636574,False,False,sports_fees_v3,Total Corners: O/U 9.5,3203922,isl1-tha-kop-2026-08-04-corners-total-9pt5
Besta deild karla,total_corners,Thor Akureyri vs. Breidablik Kopavogur: O/U 10.5 Total Corners,0.001,0.999,0.5,0.998,0.0,0.0,0.01,2026-08-04 18:30:00+00:00,-64.60206406636574,False,False,sports_fees_v3,Total Corners: O/U 10.5,3203923,isl1-tha-kop-2026-08-04-corners-total-10pt5
Besta deild karla,total_corners,Thor Akureyri vs. Breidablik Kopavogur: O/U 11.5 Total Corners,0.001,0.999,0.5,0.998,0.0,0.0,0.01,2026-08-04 18:30:00+00:00,-64.60206406636574,False,False,sports_fees_v3,Total Corners: O/U 11.5,3203924,isl1-tha-kop-2026-08-04-corners-total-11pt5
Besta deild karla,total_corners,Thor Akureyri vs. Breidablik Kopavogur: O/U 12.5 Total Corners,0.001,0.999,0.5,0.998,0.0,0.0,0.01,2026-08-04 18:30:00+00:00,-64.60206406636574,False,False,sports_fees_v3,Total Corners: O/U 12.5,3203925,isl1-tha-kop-2026-08-04-corners-total-12pt5
Besta deild karla,total_corners,Thor Akureyri vs. Breidablik Kopavogur: O/U 13.5 Total Corners,,1.0,,,0.0,0.0,0.0,2026-08-04 18:30:00+00:00,-64.60206406636574,False,False,sports_fees_v3,Total Corners: O/U 13.5,3203926,isl1-tha-kop-2026-08-04-corners-total-13pt5
Besta deild karla,soccer_first_half_total_corners,Thor Akureyri vs. Breidablik Kopavogur: 1st Half O/U 3.5 Total Corners,,1.0,,,0.0,0.0,0.0,2026-08-04 18:30:00+00:00,-64.60206406636574,False,False,sports_fees_v3,1st Half Total Corners: O/U 3.5,3203927,isl1-tha-kop-2026-08-04-corners-first-half-total-3pt5
Besta deild karla,soccer_first_half_total_corners,Thor Akureyri vs. Breidablik Kopavogur: 1st Half O/U 4.5 Total Corners,,1.0,,,0.0,0.0,0.0,2026-08-04 18:30:00+00:00,-64.60206406636574,False,False,sports_fees_v3,1st Half Total Corners: O/U 4.5,3203928,isl1-tha-kop-2026-08-04-corners-first-half-total-4pt5
Besta deild karla,soccer_first_half_total_corners,Thor Akureyri vs. Breidablik Kopavogur: 1st Half O/U 5.5 Total Corners,,1.0,,,0.0,0.0,0.0,2026-08-04 18:30:00+00:00,-64.60206406636574,False,False,sports_fees_v3,1st Half Total Corners: O/U 5.5,3203929,isl1-tha-kop-2026-08-04-corners-first-half-total-5pt5
Besta deild karla,soccer_second_half_total_corners,Thor Akureyri vs. Breidablik Kopavogur: 2nd Half O/U 3.5 Total Corners,,1.0,,,0.0,0.0,0.0,2026-08-04 18:30:00+00:00,-64.60206406636574,False,False,sports_fees_v3,2nd Half Total Corners: O/U 3.5,3203930,isl1-tha-kop-2026-08-04-corners-second-half-total-3pt5
Besta deild karla,soccer_second_half_total_corners,Thor Akureyri vs. Breidablik Kopavogur: 2nd Half O/U 4.5 Total Corners,,1.0,,,0.0,0.0,0.0,2026-08-04 18:30:00+00:00,-64.60206406636574,False,False,sports_fees_v3,2nd Half Total Corners: O/U 4.5,3203931,isl1-tha-kop-2026-08-04-corners-second-half-total-4pt5
Besta deild karla,soccer_second_half_total_corners,Thor Akureyri vs. Breidablik Kopavogur: 2nd Half O/U 5.5 Total Corners,,1.0,,,0.0,0.0,0.0,2026-08-04 18:30:00+00:00,-64.60206406636574,False,False,sports_fees_v3,2nd Half Total Corners: O/U 5.5,3203932,isl1-tha-kop-2026-08-04-corners-second-half-total-5pt5
Besta deild karla,soccer_team_total_corners,Thor Akureyri vs. Breidablik Kopavogur: Thor Akureyri O/U 2.5 Corners,,1.0,,,0.0,0.0,0.0,2026-08-04 18:30:00+00:00,-64.60206406636574,False,False,sports_fees_v3,Thor Akureyri Corners: O/U 2.5,3203933,isl1-tha-kop-2026-08-04-corners-team-home-2pt5
Besta deild karla,soccer_team_total_corners,Thor Akureyri vs. Breidablik Kopavogur: Thor Akureyri O/U 3.5 Corners,,1.0,,,0.0,0.0,0.0,2026-08-04 18:30:00+00:00,-64.60206406636574,False,False,sports_fees_v3,Thor Akureyri Corners: O/U 3.5,3203934,isl1-tha-kop-2026-08-04-corners-team-home-3pt5
Besta deild karla,soccer_team_total_corners,Thor Akureyri vs. Breidablik Kopavogur: Thor Akureyri O/U 4.5 Corners,,1.0,,,0.0,0.0,0.0,2026-08-04 18:30:00+00:00,-64.60206406636574,False,False,sports_fees_v3,Thor Akureyri Corners: O/U 4.5,3203935,isl1-tha-kop-2026-08-04-corners-team-home-4pt5
Besta deild karla,soccer_team_total_corners,Thor Akureyri vs. Breidablik Kopavogur: Thor Akureyri O/U 5.5 Corners,,1.0,,,0.0,0.0,0.0,2026-08-04 18:30:00+00:00,-64.60206406636574,False,False,sports_fees_v3,Thor Akureyri Corners: O/U 5.5,3203936,isl1-tha-kop-2026-08-04-corners-team-home-5pt5
Besta deild karla,soccer_team_total_corners,Thor Akureyri vs. Breidablik Kopavogur: Breidablik Kopavogur O/U 2.5 Corners,,1.0,,,0.0,0.0,0.0,2026-08-04 18:30:00+00:00,-64.60206406636574,False,False,sports_fees_v3,Breidablik Kopavogur Corners: O/U 2.5,3203937,isl1-tha-kop-2026-08-04-corners-team-away-2pt5
Besta deild karla,soccer_team_total_corners,Thor Akureyri vs. Breidablik Kopavogur: Breidablik Kopavogur O/U 3.5 Corners,,1.0,,,0.0,0.0,0.0,2026-08-04 18:30:00+00:00,-64.60206406636574,False,False,sports_fees_v3,Breidablik Kopavogur Corners: O/U 3.5,3203938,isl1-tha-kop-2026-08-04-corners-team-away-3pt5
Besta deild karla,soccer_team_total_corners,Thor Akureyri vs. Breidablik Kopavogur: Breidablik Kopavogur O/U 4.5 Corners,,1.0,,,0.0,0.0,0.0,2026-08-04 18:30:00+00:00,-64.60206406636574,False,False,sports_fees_v3,Breidablik Kopavogur Corners: O/U 4.5,3203939,isl1-tha-kop-2026-08-04-corners-team-away-4pt5
Besta deild karla,soccer_team_total_corners,Thor Akureyri vs. Breidablik Kopavogur: Breidablik Kopavogur O/U 5.5 Corners,,1.0,,,0.0,0.0,0.0,2026-08-04 18:30:00+00:00,-64.60206406636574,False,False,sports_fees_v3,Breidablik Kopavogur Corners: O/U 5.5,3203940,isl1-tha-kop-2026-08-04-corners-team-away-5pt5
Besta deild karla,soccer_game_corners_odd_even,Thor Akureyri vs. Breidablik Kopavogur: Total Corners Odd or Even?,,1.0,,,0.0,0.0,0.0,2026-08-04 18:30:00+00:00,-64.60206406636574,False,False,sports_fees_v3,Total Corners: Odd or Even,3203941,isl1-tha-kop-2026-08-04-corners-odd-even
Besta deild karla,soccer_first_corner,Thor Akureyri vs. Breidablik Kopavogur: Team to Take First Corner,,1.0,,,0.0,0.0,0.0,2026-08-04 18:30:00+00:00,-64.60206406636574,False,False,sports_fees_v3,Team to Take First Corner,3203942,isl1-tha-kop-2026-08-04-first-corner
Besta deild karla,total_corners,FH Hafnarfjordur vs. KR Reykjavik: O/U 12.5 Total Corners,0.001,0.999,0.5,0.998,0.0,0.0,0.01,2026-08-05 19:15:00+00:00,-63.57081406636574,False,False,sports_fees_v3,Total Corners: O/U 12.5,3224354,isl1-haf-krr-2026-08-05-corners-total-12pt5
Besta deild karla,soccer_game_corners_odd_even,FH Hafnarfjordur vs. KR Reykjavik: Total Corners Odd or Even?,0.001,0.999,0.5,0.998,0.0,0.0,0.01,2026-08-05 19:15:00+00:00,-63.57081406636574,False,False,sports_fees_v3,Total Corners: Odd or Even,3224370,isl1-haf-krr-2026-08-05-corners-odd-even
Besta deild karla,soccer_first_corner,FH Hafnarfjordur vs. KR Reykjavik: Team to Take First Corner,0.001,0.999,0.5,0.998,0.0,0.0,0.01,2026-08-05 19:15:00+00:00,-63.57081406636574,False,False,sports_fees_v3,Team to Take First Corner,3224371,isl1-haf-krr-2026-08-05-first-corner
Besta deild karla,soccer_game_corners_odd_even,Keflavik IF vs. KA Akureyri: Total Corners Odd or Even?,0.001,0.999,0.5,0.998,0.0,0.0,0.01,2026-08-05 18:00:00+00:00,-63.62289739969908,False,False,sports_fees_v3,Total Corners: Odd or Even,3224393,isl1-kef-aku-2026-08-05-corners-odd-even
Besta deild karla,soccer_first_corner,Keflavik IF vs. KA Akureyri: Team to Take First Corner,0.001,0.999,0.5,0.998,0.0,0.0,0.01,2026-08-05 18:00:00+00:00,-63.62289739969908,False,False,sports_fees_v3,Team to Take First Corner,3224394,isl1-kef-aku-2026-08-05-first-corner
Besta deild karla,soccer_first_corner,Vikingur Reykjavik vs. IBV Vestmannaeyjar: Team to Take First Corner,,1.0,,,0.0,0.0,0.0,2026-08-09 18:00:00+00:00,-59.62289739969908,False,False,sports_fees_v3,Team to Take First Corner,3308181,isl1-rey-ves-2026-08-09-first-corner
Besta deild karla,,Will Víkingur Reykjavík win the 2026 Besta deild karla (Iceland)?,0.065,0.999,0.532,0.9339999999999999,0.0,286.39,10.83942,2027-01-01 04:59:00+00:00,84.83474148918981,False,True,sports_fees_v3,Víkingur Reykjavík,3530011,2026-soccer-besta-deild-karla-iceland-winner-vkingur-reykjavk
Besta deild karla,,Will KR Reykjavík be runner-up in the 2026 Besta deild karla (Iceland)?,0.02,0.98,0.5,0.96,0.0,0.0,3.3518,2027-01-01 04:59:00+00:00,84.83474148918981,False,True,sports_fees_v3,KR Reykjavík,3544520,2026-soccer-besta-deild-karla-iceland-runner-up-kr-reykjavk
Besta deild karla,,Will Fram Reykjavík be runner-up in the 2026 Besta deild karla (Iceland)?,0.02,0.98,0.5,0.96,0.0,0.0,3.3517,2027-01-01 04:59:00+00:00,84.83474148918981,False,True,sports_fees_v3,Fram Reykjavík,3544521,2026-soccer-besta-deild-karla-iceland-runner-up-fram-reykjavk
Besta deild karla,,Will KR Reykjavík finish 3rd in the 2026 Besta deild karla (Iceland)?,0.04,0.97,0.505,0.9299999999999999,0.0,0.0,6.2316,2027-01-01 04:59:00+00:00,84.83474148918981,False,True,sports_fees_v3,KR Reykjavík,3849401,will-kr-reykjavik-finish-3rd-in-besta-deild-karla-iceland-2026
Besta deild karla,,Will Fram Reykjavík finish 3rd in the 2026 Besta deild karla (Iceland)?,0.03,0.94,0.485,0.9099999999999999,0.0,0.0,6.2317,2027-01-01 04:59:00+00:00,84.83474148918981,False,True,sports_fees_v3,Fram Reykjavík,3849403,will-fram-reykjavik-finish-3rd-in-besta-deild-karla-iceland-2026
Besta deild karla,,Will Víkingur Reykjavík be relegated from the 2026 Besta deild karla (Iceland)?,0.006,0.503,0.2545,0.497,0.0,36.0,21.928,2027-01-01 04:59:00+00:00,84.83474148918981,False,False,sports_fees_v3,Víkingur Reykjavík,3913438,will-vikingur-reykjavik-be-relegated-from-besta-deild-karla-iceland-2026
Besta deild karla,,Will KR Reykjavík be relegated from the 2026 Besta deild karla (Iceland)?,0.001,0.06,0.0305,0.059,0.0,458.30999999999995,39.16987,2027-01-01 04:59:00+00:00,84.83474148918981,False,False,sports_fees_v3,KR Reykjavík,3913440,will-kr-reykjavik-be-relegated-from-besta-deild-karla-iceland-2026
Besta deild karla,,Will Fram Reykjavík be relegated from the 2026 Besta deild karla (Iceland)?,0.002,0.015,0.0085,0.013,0.0,291.1,117.86844,2027-01-01 04:59:00+00:00,84.83474148918981,False,False,sports_fees_v3,Fram Reykjavík,3913442,will-fram-reykjavik-be-relegated-from-besta-deild-karla-iceland-2026
Besta deild karla,,Will Breiðablik be relegated from the 2026 Besta deild karla (Iceland)?,0.001,0.021,0.011000000000000001,0.02,0.0,112.0,55.33397,2027-01-01 04:59:00+00:00,84.83474148918981,False,False,sports_fees_v3,Breiðablik,3913444,will-brei-ablik-be-relegated-from-besta-deild-karla-iceland-2026
Besta deild karla,,Will Valur Reykjavík be relegated from the 2026 Besta deild karla (Iceland)?,0.002,0.015,0.0085,0.013,20.0,635.19,218.34176,2027-01-01 04:59:00+00:00,84.83474148918981,False,False,sports_fees_v3,Valur Reykjavík,3913446,will-valur-reykjavik-be-relegated-from-besta-deild-karla-iceland-2026
Besta deild karla,,Will Keflavík be relegated from the 2026 Besta deild karla (Iceland)?,,0.017,,,0.0,1029.85,482.07333,2027-01-01 04:59:00+00:00,84.83474148918981,False,False,sports_fees_v3,Keflavík,3913447,will-keflavik-be-relegated-from-besta-deild-karla-iceland-2026
Besta deild karla,,Will ÍA Akranes be relegated from the 2026 Besta deild karla (Iceland)?,0.002,0.012,0.007,0.01,0.0,328.0,18.53193,2027-01-01 04:59:00+00:00,84.83474148918981,False,False,sports_fees_v3,ÍA Akranes,3913448,will-ia-akranes-be-relegated-from-besta-deild-karla-iceland-2026
Besta deild karla,,Will ÍBV Vestmannaeyjar be relegated from the 2026 Besta deild karla (Iceland)?,0.92,0.93,0.925,0.010000000000000009,0.0,537.978022,456.4264,2027-01-01 04:59:00+00:00,84.83474148918981,False,False,sports_fees_v3,ÍBV Vestmannaeyjar,3913449,will-ibv-vestmannaeyjar-be-relegated-from-besta-deild-karla-iceland-2026
Besta deild karla,,Will Stjarnan be relegated from the 2026 Besta deild karla (Iceland)?,0.002,0.062,0.032,0.06,0.0,394.0,325.58099,2027-01-01 04:59:00+00:00,84.83474148918981,False,False,sports_fees_v3,Stjarnan,3913450,will-stjarnan-be-relegated-from-besta-deild-karla-iceland-2026
Besta deild karla,,Will KA Akureyri be relegated from the 2026 Besta deild karla (Iceland)?,0.39,0.57,0.48,0.17999999999999994,0.0,1761.4056759999999,99.2896,2027-01-01 04:59:00+00:00,84.83474148918981,False,False,sports_fees_v3,KA Akureyri,3913451,will-ka-akureyri-be-relegated-from-besta-deild-karla-iceland-2026
Besta deild karla,,Will FH Hafnarfjörður be relegated from the 2026 Besta deild karla (Iceland)?,0.11,0.16,0.135,0.05,0.0,1234.243332,242.6959,2027-01-01 04:59:00+00:00,84.83474148918981,False,False,sports_fees_v3,FH Hafnarfjörður,3913452,will-fh-hafnarfjor-ur-be-relegated-from-besta-deild-karla-iceland-2026
Besta deild karla,,Will Þór Akureyri be relegated from the 2026 Besta deild karla (Iceland)?,0.28,0.89,0.585,0.61,0.0,1700.274168,74.8702,2027-01-01 04:59:00+00:00,84.83474148918981,False,False,sports_fees_v3,Þór Akureyri,3913453,will-or-akureyri-be-relegated-from-besta-deild-karla-iceland-2026
Besta deild karla,,Will Breiðablik finish 10th in the 2026 Besta deild karla (Iceland)?,0.007,0.902,0.4545,0.895,0.0,64.69,12.99424,2027-01-01 04:59:00+00:00,84.83474148918981,False,True,sports_fees_v3,Breiðablik,3913750,will-brei-ablik-finish-10th-in-besta-deild-karla-iceland-2026
Besta deild karla,,Will Valur Reykjavík finish 10th in the 2026 Besta deild karla (Iceland)?,0.02,0.97,0.495,0.95,0.0,0.0,4.1422,2027-01-01 04:59:00+00:00,84.83474148918981,False,True,sports_fees_v3,Valur Reykjavík,3913751,will-valur-reykjavik-finish-10th-in-besta-deild-karla-iceland-2026
Besta deild karla,,Will Keflavík finish 10th in the 2026 Besta deild karla (Iceland)?,0.006,0.919,0.4625,0.913,0.0,57.34,12.4695,2027-01-01 04:59:00+00:00,84.83474148918981,False,True,sports_fees_v3,Keflavík,3913752,will-keflavik-finish-10th-in-besta-deild-karla-iceland-2026
Besta deild karla,,Will ÍA Akranes finish 10th in the 2026 Besta deild karla (Iceland)?,0.009,0.839,0.424,0.83,0.0,64.69,14.81439,2027-01-01 04:59:00+00:00,84.83474148918981,False,True,sports_fees_v3,ÍA Akranes,3913754,will-ia-akranes-finish-10th-in-besta-deild-karla-iceland-2026
Besta deild karla,,Will ÍBV Vestmannaeyjar finish 10th in the 2026 Besta deild karla (Iceland)?,0.01,0.95,0.48,0.94,0.0,0.0,4.622,2027-01-01 04:59:00+00:00,84.83474148918981,False,True,sports_fees_v3,ÍBV Vestmannaeyjar,3913756,will-ibv-vestmannaeyjar-finish-10th-in-besta-deild-karla-iceland-2026
Besta deild karla,,Will Stjarnan finish 10th in the 2026 Besta deild karla (Iceland)?,0.01,0.98,0.495,0.97,0.0,0.0,3.9022,2027-01-01 04:59:00+00:00,84.83474148918981,False,True,sports_fees_v3,Stjarnan,3913759,will-stjarnan-finish-10th-in-besta-deild-karla-iceland-2026
Besta deild karla,,Will KA Akureyri finish 10th in the 2026 Besta deild karla (Iceland)?,0.02,0.97,0.495,0.95,0.0,0.0,5.8031,2027-01-01 04:59:00+00:00,84.83474148918981,False,True,sports_fees_v3,KA Akureyri,3913761,will-ka-akureyri-finish-10th-in-besta-deild-karla-iceland-2026
Besta deild karla,,Will FH Hafnarfjörður finish 10th in the 2026 Besta deild karla (Iceland)?,0.02,0.98,0.5,0.96,0.0,0.0,4.2422,2027-01-01 04:59:00+00:00,84.83474148918981,False,True,sports_fees_v3,FH Hafnarfjörður,3913763,will-fh-hafnarfjor-ur-finish-10th-in-besta-deild-karla-iceland-2026
Besta deild karla,,Will Þór Akureyri finish 10th in the 2026 Besta deild karla (Iceland)?,0.02,0.98,0.5,0.96,0.0,0.0,3.2421,2027-01-01 04:59:00+00:00,84.83474148918981,False,True,sports_fees_v3,Þór Akureyri,3913765,will-or-akureyri-finish-10th-in-besta-deild-karla-iceland-2026
Besta deild karla,,Will Víkingur Reykjavík keep the most clean sheets in the 2026 Besta deild karla,0.03,0.93,0.48000000000000004,0.9,0.0,0.0,9.5323,2027-01-01 04:59:00+00:00,84.83474148918981,False,True,sports_fees_v3,Víkingur Reykjavík,3914260,will-vikingur-reykjavik-keep-the-most-clean-sheets-in-besta-deild-karla-iceland-2026
Besta deild karla,,Will Breiðablik keep the most clean sheets in the 2026 Besta deild karla (Icelan,0.02,0.97,0.495,0.95,0.0,0.0,3.9253,2027-01-01 04:59:00+00:00,84.83474148918981,False,True,sports_fees_v3,Breiðablik,3914263,will-brei-ablik-keep-the-most-clean-sheets-in-besta-deild-karla-iceland-2026
Besta deild karla,,Will Keflavík keep the most clean sheets in the 2026 Besta deild karla (Iceland),0.04,0.95,0.495,0.9099999999999999,0.0,0.0,7.456,2027-01-01 04:59:00+00:00,84.83474148918981,False,True,sports_fees_v3,Keflavík,3914265,will-keflavik-keep-the-most-clean-sheets-in-besta-deild-karla-iceland-2026
Besta deild karla,,Will FH Hafnarfjörður keep the most clean sheets in the 2026 Besta deild karla (,0.03,0.98,0.505,0.95,0.0,0.0,4.1815,2027-01-01 04:59:00+00:00,84.83474148918981,False,True,sports_fees_v3,FH Hafnarfjörður,3914274,will-fh-hafnarfjor-ur-keep-the-most-clean-sheets-in-besta-deild-karla-iceland-2026
Besta deild karla,,Will Þór Akureyri keep the most clean sheets in the 2026 Besta deild karla (Icel,0.03,0.97,0.5,0.94,0.0,0.0,6.0111,2027-01-01 04:59:00+00:00,84.83474148918981,False,True,sports_fees_v3,Þór Akureyri,3914276,will-or-akureyri-keep-the-most-clean-sheets-in-besta-deild-karla-iceland-2026
Besta deild karla,moneyline,Will Stjarnan Gardabae win on 2026-10-10?,0.51,0.55,0.53,0.040000000000000036,0.0,0.0,2518.2492,2026-10-10 14:00:00+00:00,2.210435933634259,False,True,sports_fees_v3,Stjarnan Gardabae,5241139,isl1-stj-aku-2026-10-10-stj
Besta deild karla,moneyline,Will Stjarnan Gardabae vs. KA Akureyri end in a draw?,0.17,0.2,0.185,0.03,0.0,0.0,2659.5906,2026-10-10 14:00:00+00:00,2.210435933634259,False,True,sports_fees_v3,Draw (Stjarnan Gardabae vs. KA Akureyri),5241140,isl1-stj-aku-2026-10-10-draw
Besta deild karla,moneyline,Will KA Akureyri win on 2026-10-10?,0.26,0.3,0.28,0.03999999999999998,0.0,14.996757,2593.3722,2026-10-10 14:00:00+00:00,2.210435933634259,False,True,sports_fees_v3,KA Akureyri,5241141,isl1-stj-aku-2026-10-10-aku
Besta deild karla,moneyline,Will Valur Reykjavik win on 2026-10-10?,0.42,0.45,0.435,0.030000000000000027,0.0,0.0,2730.7416,2026-10-10 14:00:00+00:00,2.210435933634259,False,True,sports_fees_v3,Valur Reykjavik,5241142,isl1-val-haf-2026-10-10-val
Besta deild karla,moneyline,Will Valur Reykjavik vs. FH Hafnarfjordur end in a draw?,0.22,0.25,0.235,0.03,0.0,0.0,2664.8201,2026-10-10 14:00:00+00:00,2.210435933634259,False,True,sports_fees_v3,Draw (Valur Reykjavik vs. FH Hafnarfjordur),5241143,isl1-val-haf-2026-10-10-draw
Besta deild karla,moneyline,Will FH Hafnarfjordur win on 2026-10-10?,0.32,0.35,0.33499999999999996,0.02999999999999997,0.0,0.0,2558.3568,2026-10-10 14:00:00+00:00,2.210435933634259,False,True,sports_fees_v3,FH Hafnarfjordur,5241144,isl1-val-haf-2026-10-10-haf
Besta deild karla,moneyline,Will Thor Akureyri win on 2026-10-10?,0.31,0.34,0.325,0.030000000000000027,0.0,0.0,3287.7067,2026-10-10 14:00:00+00:00,2.210435933634259,False,True,sports_fees_v3,Thor Akureyri,5241145,isl1-tha-ves-2026-10-10-tha
Besta deild karla,moneyline,Will Thor Akureyri vs. IBV Vestmannaeyjar end in a draw?,0.24,0.27,0.255,0.030000000000000027,0.0,0.0,3621.814,2026-10-10 14:00:00+00:00,2.210435933634259,False,True,sports_fees_v3,Draw (Thor Akureyri vs. IBV Vestmannaeyjar),5241146,isl1-tha-ves-2026-10-10-draw
Besta deild karla,moneyline,Will IBV Vestmannaeyjar win on 2026-10-10?,0.4,0.43,0.41500000000000004,0.02999999999999997,0.0,85.000001,3358.8502,2026-10-10 14:00:00+00:00,2.210435933634259,False,True,sports_fees_v3,IBV Vestmannaeyjar,5241147,isl1-tha-ves-2026-10-10-ves
Besta deild karla,soccer_halftime_result,Stjarnan Gardabae leading at halftime?,0.38,0.44,0.41000000000000003,0.06,0.0,0.0,1121.8305,2026-10-10 14:00:00+00:00,2.210435933634259,False,True,sports_fees_v3,Stjarnan Gardabae,5241148,isl1-stj-aku-2026-10-10-halftime-result-home
Besta deild karla,soccer_halftime_result,Stjarnan Gardabae vs. KA Akureyri: Draw at halftime?,0.27,0.33,0.30000000000000004,0.06,0.0,0.0,1049.4092,2026-10-10 14:00:00+00:00,2.210435933634259,False,True,sports_fees_v3,Draw,5241149,isl1-stj-aku-2026-10-10-halftime-result-draw
Besta deild karla,soccer_halftime_result,KA Akureyri leading at halftime?,0.22,0.28,0.25,0.060000000000000026,0.0,0.0,969.4513,2026-10-10 14:00:00+00:00,2.210435933634259,False,True,sports_fees_v3,KA Akureyri,5241150,isl1-stj-aku-2026-10-10-halftime-result-away
Besta deild karla,soccer_second_half_result,Stjarnan Gardabae to win the second half?,0.38,0.53,0.455,0.15000000000000002,0.0,0.0,9.4698,2026-10-10 14:00:00+00:00,2.210435933634259,False,True,sports_fees_v3,Stjarnan Gardabae,5241151,isl1-stj-aku-2026-10-10-second-half-result-home
Besta deild karla,soccer_second_half_result,Stjarnan Gardabae vs. KA Akureyri: Second half draw?,0.2,0.35,0.275,0.14999999999999997,0.0,0.0,30.0273,2026-10-10 14:00:00+00:00,2.210435933634259,False,True,sports_fees_v3,Draw,5241152,isl1-stj-aku-2026-10-10-second-half-result-draw
Besta deild karla,soccer_second_half_result,KA Akureyri to win the second half?,0.2,0.35,0.275,0.14999999999999997,0.0,0.0,9.4698,2026-10-10 14:00:00+00:00,2.210435933634259,False,True,sports_fees_v3,KA Akureyri,5241153,isl1-stj-aku-2026-10-10-second-half-result-away
Besta deild karla,soccer_exact_score,Exact Score: Stjarnan Gardabae 0 - 0 KA Akureyri?,0.004,0.033,0.018500000000000003,0.029,0.0,0.0,3575.85602,2026-10-10 14:00:00+00:00,2.210435933634259,False,True,sports_fees_v3,Stjarnan Gardabae 0 - 0 KA Akureyri,5241154,isl1-stj-aku-2026-10-10-exact-score-0-0
Besta deild karla,soccer_exact_score,Exact Score: Stjarnan Gardabae 0 - 1 KA Akureyri?,0.019,0.042,0.0305,0.023000000000000003,0.0,0.0,3515.84864,2026-10-10 14:00:00+00:00,2.210435933634259,False,True,sports_fees_v3,Stjarnan Gardabae 0 - 1 KA Akureyri,5241155,isl1-stj-aku-2026-10-10-exact-score-0-1
Besta deild karla,soccer_exact_score,Exact Score: Stjarnan Gardabae 1 - 0 KA Akureyri?,0.026,0.054,0.04,0.028,0.0,0.0,3420.30007,2026-10-10 14:00:00+00:00,2.210435933634259,False,True,sports_fees_v3,Stjarnan Gardabae 1 - 0 KA Akureyri,5241156,isl1-stj-aku-2026-10-10-exact-score-1-0
Besta deild karla,soccer_exact_score,Exact Score: Stjarnan Gardabae 0 - 2 KA Akureyri?,0.016,0.042,0.029,0.026000000000000002,0.0,0.0,3516.67592,2026-10-10 14:00:00+00:00,2.210435933634259,False,True,sports_fees_v3,Stjarnan Gardabae 0 - 2 KA Akureyri,5241157,isl1-stj-aku-2026-10-10-exact-score-0-2
Besta deild karla,soccer_exact_score,Exact Score: Stjarnan Gardabae 1 - 1 KA Akureyri?,0.05,0.08,0.065,0.03,0.0,0.0,3445.785,2026-10-10 14:00:00+00:00,2.210435933634259,False,True,sports_fees_v3,Stjarnan Gardabae 1 - 1 KA Akureyri,5241158,isl1-stj-aku-2026-10-10-exact-score-1-1
Besta deild karla,soccer_exact_score,Exact Score: Stjarnan Gardabae 2 - 0 KA Akureyri?,0.032,0.064,0.048,0.032,0.0,0.0,3414.40081,2026-10-10 14:00:00+00:00,2.210435933634259,False,True,sports_fees_v3,Stjarnan Gardabae 2 - 0 KA Akureyri,5241159,isl1-stj-aku-2026-10-10-exact-score-2-0
Besta deild karla,soccer_exact_score,Exact Score: Stjarnan Gardabae 0 - 3 KA Akureyri?,,0.499,,,0.0,0.0,59.86195,2026-10-10 14:00:00+00:00,2.210435933634259,False,True,sports_fees_v3,Stjarnan Gardabae 0 - 3 KA Akureyri,5241160,isl1-stj-aku-2026-10-10-exact-score-0-3
Besta deild karla,soccer_exact_score,Exact Score: Stjarnan Gardabae 1 - 2 KA Akureyri?,0.04,0.07,0.05500000000000001,0.030000000000000006,0.0,0.0,3420.6018,2026-10-10 14:00:00+00:00,2.210435933634259,False,True,sports_fees_v3,Stjarnan Gardabae 1 - 2 KA Akureyri,5241161,isl1-stj-aku-2026-10-10-exact-score-1-2
Besta deild karla,soccer_exact_score,Exact Score: Stjarnan Gardabae 2 - 1 KA Akureyri?,0.06,0.09,0.075,0.03,0.0,0.0,3455.784,2026-10-10 14:00:00+00:00,2.210435933634259,False,True,sports_fees_v3,Stjarnan Gardabae 2 - 1 KA Akureyri,5241162,isl1-stj-aku-2026-10-10-exact-score-2-1
Besta deild karla,soccer_exact_score,Exact Score: Stjarnan Gardabae 3 - 0 KA Akureyri?,0.002,0.045,0.0235,0.043,0.0,0.0,2569.02528,2026-10-10 14:00:00+00:00,2.210435933634259,False,True,sports_fees_v3,Stjarnan Gardabae 3 - 0 KA Akureyri,5241163,isl1-stj-aku-2026-10-10-exact-score-3-0
Besta deild karla,soccer_exact_score,Exact Score: Stjarnan Gardabae 0 - 4 KA Akureyri?,,0.741,,,0.0,9.9898,114.06193,2026-10-10 14:00:00+00:00,2.210435933634259,False,True,sports_fees_v3,Stjarnan Gardabae 0 - 4 KA Akureyri,5241164,isl1-stj-aku-2026-10-10-exact-score-0-4
Besta deild karla,soccer_exact_score,Exact Score: Stjarnan Gardabae 1 - 3 KA Akureyri?,0.002,0.047,0.0245,0.045,0.0,0.0,2571.28276,2026-10-10 14:00:00+00:00,2.210435933634259,False,True,sports_fees_v3,Stjarnan Gardabae 1 - 3 KA Akureyri,5241165,isl1-stj-aku-2026-10-10-exact-score-1-3
Besta deild karla,soccer_exact_score,Exact Score: Stjarnan Gardabae 2 - 2 KA Akureyri?,0.05,0.08,0.065,0.03,0.0,0.0,3446.1986,2026-10-10 14:00:00+00:00,2.210435933634259,False,True,sports_fees_v3,Stjarnan Gardabae 2 - 2 KA Akureyri,5241166,isl1-stj-aku-2026-10-10-exact-score-2-2
Besta deild karla,soccer_exact_score,Exact Score: Stjarnan Gardabae 3 - 1 KA Akureyri?,0.03,0.07,0.05,0.04000000000000001,0.0,0.0,2482.042,2026-10-10 14:00:00+00:00,2.210435933634259,False,True,sports_fees_v3,Stjarnan Gardabae 3 - 1 KA Akureyri,5241167,isl1-stj-aku-2026-10-10-exact-score-3-1
Besta deild karla,soccer_exact_score,Exact Score: Stjarnan Gardabae 4 - 0 KA Akureyri?,0.002,0.04,0.021,0.038,0.0,0.0,2565.1104,2026-10-10 14:00:00+00:00,2.210435933634259,False,True,sports_fees_v3,Stjarnan Gardabae 4 - 0 KA Akureyri,5241168,isl1-stj-aku-2026-10-10-exact-score-4-0
Besta deild karla,soccer_exact_score,Exact Score: Stjarnan Gardabae 0 - 5 KA Akureyri?,,0.75,,,0.0,9.9898,66.5096,2026-10-10 14:00:00+00:00,2.210435933634259,False,True,sports_fees_v3,Stjarnan Gardabae 0 - 5 KA Akureyri,5241169,isl1-stj-aku-2026-10-10-exact-score-0-5
Besta deild karla,soccer_exact_score,Exact Score: Stjarnan Gardabae 1 - 4 KA Akureyri?,0.002,0.035,0.018500000000000003,0.033,0.0,0.0,2634.38511,2026-10-10 14:00:00+00:00,2.210435933634259,False,True,sports_fees_v3,Stjarnan Gardabae 1 - 4 KA Akureyri,5241170,isl1-stj-aku-2026-10-10-exact-score-1-4
Besta deild karla,soccer_exact_score,Exact Score: Stjarnan Gardabae 2 - 3 KA Akureyri?,0.002,0.049,0.025500000000000002,0.047,0.0,0.0,2574.25878,2026-10-10 14:00:00+00:00,2.210435933634259,False,True,sports_fees_v3,Stjarnan Gardabae 2 - 3 KA Akureyri,5241171,isl1-stj-aku-2026-10-10-exact-score-2-3
Besta deild karla,soccer_exact_score,Exact Score: Stjarnan Gardabae 3 - 2 KA Akureyri?,0.016,0.07,0.043000000000000003,0.054000000000000006,0.0,0.0,2492.22604,2026-10-10 14:00:00+00:00,2.210435933634259,False,True,sports_fees_v3,Stjarnan Gardabae 3 - 2 KA Akureyri,5241172,isl1-stj-aku-2026-10-10-exact-score-3-2
Besta deild karla,soccer_exact_score,Exact Score: Stjarnan Gardabae 4 - 1 KA Akureyri?,0.002,0.047,0.0245,0.045,0.0,0.0,2570.96062,2026-10-10 14:00:00+00:00,2.210435933634259,False,True,sports_fees_v3,Stjarnan Gardabae 4 - 1 KA Akureyri,5241173,isl1-stj-aku-2026-10-10-exact-score-4-1
Besta deild karla,soccer_exact_score,Exact Score: Stjarnan Gardabae 5 - 0 KA Akureyri?,,0.74,,,0.0,0.0,52.4596,2026-10-10 14:00:00+00:00,2.210435933634259,False,True,sports_fees_v3,Stjarnan Gardabae 5 - 0 KA Akureyri,5241174,isl1-stj-aku-2026-10-10-exact-score-5-0
League of Ireland Premier Division,soccer_first_half_total_corners,Galway United FC vs. Waterford FC: 1st Half O/U 3.5 Total Corners,,1.0,,,0.0,0.0,0.0,2026-07-25 16:00:00+00:00,-74.70623073303241,False,False,sports_fees_v3,1st Half Total Corners: O/U 3.5,3060720,irl1-gal-wat-2026-07-25-corners-first-half-total-3pt5
League of Ireland Premier Division,soccer_first_half_total_corners,Galway United FC vs. Waterford FC: 1st Half O/U 4.5 Total Corners,,1.0,,,0.0,12.0,0.0,2026-07-25 16:00:00+00:00,-74.70623073303241,False,False,sports_fees_v3,1st Half Total Corners: O/U 4.5,3060721,irl1-gal-wat-2026-07-25-corners-first-half-total-4pt5
League of Ireland Premier Division,soccer_first_half_total_corners,Galway United FC vs. Waterford FC: 1st Half O/U 5.5 Total Corners,,1.0,,,0.0,12.0,0.0,2026-07-25 16:00:00+00:00,-74.70623073303241,False,False,sports_fees_v3,1st Half Total Corners: O/U 5.5,3060722,irl1-gal-wat-2026-07-25-corners-first-half-total-5pt5
League of Ireland Premier Division,soccer_second_half_total_corners,Galway United FC vs. Waterford FC: 2nd Half O/U 3.5 Total Corners,,1.0,,,0.0,0.0,0.0,2026-07-25 16:00:00+00:00,-74.70623073303241,False,False,sports_fees_v3,2nd Half Total Corners: O/U 3.5,3060723,irl1-gal-wat-2026-07-25-corners-second-half-total-3pt5
League of Ireland Premier Division,soccer_second_half_total_corners,Galway United FC vs. Waterford FC: 2nd Half O/U 4.5 Total Corners,,1.0,,,0.0,0.0,0.0,2026-07-25 16:00:00+00:00,-74.70623073303241,False,False,sports_fees_v3,2nd Half Total Corners: O/U 4.5,3060724,irl1-gal-wat-2026-07-25-corners-second-half-total-4pt5
League of Ireland Premier Division,soccer_second_half_total_corners,Galway United FC vs. Waterford FC: 2nd Half O/U 5.5 Total Corners,,1.0,,,0.0,0.0,0.0,2026-07-25 16:00:00+00:00,-74.70623073303241,False,False,sports_fees_v3,2nd Half Total Corners: O/U 5.5,3060725,irl1-gal-wat-2026-07-25-corners-second-half-total-5pt5
League of Ireland Premier Division,soccer_first_corner,Galway United FC vs. Waterford FC: Team to Take First Corner,,1.0,,,0.0,0.0,0.0,2026-07-25 16:00:00+00:00,-74.70623073303241,False,False,sports_fees_v3,Team to Take First Corner,3060735,irl1-gal-wat-2026-07-25-first-corner
League of Ireland Premier Division,soccer_team_total_corners,Saint Patrick´s Athletic FC vs. Dundalk FC: Dundalk FC O/U 3.5 Corners,,1.0,,,0.0,0.0,0.0,2026-07-24 19:00:00+00:00,-75.58123073303241,False,False,sports_fees_v3,Dundalk FC Corners: O/U 3.5,3060754,irl1-stp-dun-2026-07-24-corners-team-away-3pt5
League of Ireland Premier Division,soccer_first_corner,Bohemians Dublin FC vs. Galway United FC: Team to Take First Corner,,1.0,,,0.0,0.0,0.0,2026-08-02 18:00:00+00:00,-66.62289739969907,False,False,sports_fees_v3,Team to Take First Corner,3162699,irl1-boh-gal-2026-08-02-first-corner
League of Ireland Premier Division,soccer_first_corner,Saint Patrick´s Athletic FC vs. Derry City FC: Team to Take First Corner,,1.0,,,0.0,0.0,0.0,2026-08-02 16:00:00+00:00,-66.70623073303241,False,False,sports_fees_v3,Team to Take First Corner,3162722,irl1-stp-der-2026-08-02-first-corner
League of Ireland Premier Division,soccer_first_corner,Waterford FC vs. Shelbourne FC: Team to Take First Corner,,1.0,,,0.0,0.0,0.0,2026-08-02 14:00:00+00:00,-66.78956406636574,False,False,sports_fees_v3,Team to Take First Corner,3162745,irl1-wat-she-2026-08-02-first-corner
League of Ireland Premier Division,,Will Shamrock Rovers win the 2026 League of Ireland Premier Division?,0.02,0.97,0.495,0.95,0.0,0.0,4.1294,2027-01-01 04:59:00+00:00,84.83474148918981,False,True,sports_fees_v3,Shamrock Rovers,3530488,2026-soccer-league-of-ireland-premier-division-winner-shamrock-rovers
League of Ireland Premier Division,,Will Bohemians win the 2026 League of Ireland Premier Division?,0.02,0.98,0.5,0.96,0.0,0.0,3.0905,2027-01-01 04:59:00+00:00,84.83474148918981,False,True,sports_fees_v3,Bohemians,3530490,2026-soccer-league-of-ireland-premier-division-winner-bohemians
League of Ireland Premier Division,,Will St Patrick's Athletic win the 2026 League of Ireland Premier Division?,0.02,0.98,0.5,0.96,0.0,0.0,3.0904,2027-01-01 04:59:00+00:00,84.83474148918981,False,True,sports_fees_v3,St Patrick's Athletic,3530491,2026-soccer-league-of-ireland-premier-division-winner-st-patricks-athletic
League of Ireland Premier Division,,Will Shamrock Rovers be runner-up in the 2026 League of Ireland Premier Division,0.02,0.74,0.38,0.72,0.0,0.0,7.2804,2027-01-01 04:59:00+00:00,84.83474148918981,False,True,sports_fees_v3,Shamrock Rovers,3545030,2026-soccer-league-of-ireland-premier-division-runner-up-shamrock-rovers
League of Ireland Premier Division,,Will Bohemians be runner-up in the 2026 League of Ireland Premier Division?,0.02,0.97,0.495,0.95,0.0,0.0,4.0518,2027-01-01 04:59:00+00:00,84.83474148918981,False,True,sports_fees_v3,Bohemians,3545032,2026-soccer-league-of-ireland-premier-division-runner-up-bohemians
League of Ireland Premier Division,,Will St Patrick's Athletic be runner-up in the 2026 League of Ireland Premier Di,0.02,0.98,0.5,0.96,0.0,0.0,3.0906,2027-01-01 04:59:00+00:00,84.83474148918981,False,True,sports_fees_v3,St Patrick's Athletic,3545033,2026-soccer-league-of-ireland-premier-division-runner-up-st-patricks-athletic
League of Ireland Premier Division,total_corners,Shamrock Rovers vs. Shelbourne FC: O/U 7.5 Total Corners,,1.0,,,0.0,0.0,0.0,2026-08-21 19:00:00+00:00,-47.581230733032406,False,False,sports_fees_v3,Total Corners: O/U 7.5,3613762,irl1-sha-she-2026-08-21-corners-total-7pt5
League of Ireland Premier Division,total_corners,Shamrock Rovers vs. Shelbourne FC: O/U 8.5 Total Corners,,1.0,,,0.0,0.0,0.0,2026-08-21 19:00:00+00:00,-47.581230733032406,False,False,sports_fees_v3,Total Corners: O/U 8.5,3613763,irl1-sha-she-2026-08-21-corners-total-8pt5
League of Ireland Premier Division,total_corners,Shamrock Rovers vs. Shelbourne FC: O/U 9.5 Total Corners,,1.0,,,0.0,0.0,0.0,2026-08-21 19:00:00+00:00,-47.581230733032406,False,False,sports_fees_v3,Total Corners: O/U 9.5,3613764,irl1-sha-she-2026-08-21-corners-total-9pt5
League of Ireland Premier Division,total_corners,Shamrock Rovers vs. Shelbourne FC: O/U 10.5 Total Corners,,1.0,,,0.0,0.0,0.0,2026-08-21 19:00:00+00:00,-47.581230733032406,False,False,sports_fees_v3,Total Corners: O/U 10.5,3613765,irl1-sha-she-2026-08-21-corners-total-10pt5
League of Ireland Premier Division,total_corners,Shamrock Rovers vs. Shelbourne FC: O/U 11.5 Total Corners,,1.0,,,0.0,0.0,0.0,2026-08-21 19:00:00+00:00,-47.581230733032406,False,False,sports_fees_v3,Total Corners: O/U 11.5,3613766,irl1-sha-she-2026-08-21-corners-total-11pt5
League of Ireland Premier Division,total_corners,Shamrock Rovers vs. Shelbourne FC: O/U 12.5 Total Corners,,1.0,,,0.0,0.0,0.0,2026-08-21 19:00:00+00:00,-47.581230733032406,False,False,sports_fees_v3,Total Corners: O/U 12.5,3613767,irl1-sha-she-2026-08-21-corners-total-12pt5
League of Ireland Premier Division,total_corners,Shamrock Rovers vs. Shelbourne FC: O/U 13.5 Total Corners,,1.0,,,0.0,0.0,0.0,2026-08-21 19:00:00+00:00,-47.581230733032406,False,False,sports_fees_v3,Total Corners: O/U 13.5,3613768,irl1-sha-she-2026-08-21-corners-total-13pt5
League of Ireland Premier Division,soccer_first_half_total_corners,Shamrock Rovers vs. Shelbourne FC: 1st Half O/U 3.5 Total Corners,,1.0,,,0.0,0.0,0.0,2026-08-21 19:00:00+00:00,-47.581230733032406,False,False,sports_fees_v3,1st Half Total Corners: O/U 3.5,3613769,irl1-sha-she-2026-08-21-corners-first-half-total-3pt5
League of Ireland Premier Division,soccer_first_half_total_corners,Shamrock Rovers vs. Shelbourne FC: 1st Half O/U 4.5 Total Corners,,1.0,,,0.0,0.0,0.0,2026-08-21 19:00:00+00:00,-47.581230733032406,False,False,sports_fees_v3,1st Half Total Corners: O/U 4.5,3613770,irl1-sha-she-2026-08-21-corners-first-half-total-4pt5
League of Ireland Premier Division,soccer_first_half_total_corners,Shamrock Rovers vs. Shelbourne FC: 1st Half O/U 5.5 Total Corners,,1.0,,,0.0,0.0,0.0,2026-08-21 19:00:00+00:00,-47.581230733032406,False,False,sports_fees_v3,1st Half Total Corners: O/U 5.5,3613771,irl1-sha-she-2026-08-21-corners-first-half-total-5pt5
League of Ireland Premier Division,soccer_second_half_total_corners,Shamrock Rovers vs. Shelbourne FC: 2nd Half O/U 3.5 Total Corners,,1.0,,,0.0,0.0,0.0,2026-08-21 19:00:00+00:00,-47.581230733032406,False,False,sports_fees_v3,2nd Half Total Corners: O/U 3.5,3613772,irl1-sha-she-2026-08-21-corners-second-half-total-3pt5
League of Ireland Premier Division,soccer_second_half_total_corners,Shamrock Rovers vs. Shelbourne FC: 2nd Half O/U 4.5 Total Corners,,1.0,,,0.0,0.0,0.0,2026-08-21 19:00:00+00:00,-47.581230733032406,False,False,sports_fees_v3,2nd Half Total Corners: O/U 4.5,3613773,irl1-sha-she-2026-08-21-corners-second-half-total-4pt5
League of Ireland Premier Division,soccer_second_half_total_corners,Shamrock Rovers vs. Shelbourne FC: 2nd Half O/U 5.5 Total Corners,,1.0,,,0.0,0.0,0.0,2026-08-21 19:00:00+00:00,-47.581230733032406,False,False,sports_fees_v3,2nd Half Total Corners: O/U 5.5,3613774,irl1-sha-she-2026-08-21-corners-second-half-total-5pt5
League of Ireland Premier Division,soccer_team_total_corners,Shamrock Rovers vs. Shelbourne FC: Shamrock Rovers O/U 2.5 Corners,,1.0,,,0.0,0.0,0.0,2026-08-21 19:00:00+00:00,-47.581230733032406,False,False,sports_fees_v3,Shamrock Rovers Corners: O/U 2.5,3613775,irl1-sha-she-2026-08-21-corners-team-home-2pt5
League of Ireland Premier Division,soccer_team_total_corners,Shamrock Rovers vs. Shelbourne FC: Shamrock Rovers O/U 3.5 Corners,,1.0,,,0.0,0.0,0.0,2026-08-21 19:00:00+00:00,-47.581230733032406,False,False,sports_fees_v3,Shamrock Rovers Corners: O/U 3.5,3613776,irl1-sha-she-2026-08-21-corners-team-home-3pt5
League of Ireland Premier Division,soccer_team_total_corners,Shamrock Rovers vs. Shelbourne FC: Shamrock Rovers O/U 4.5 Corners,,1.0,,,0.0,0.0,0.0,2026-08-21 19:00:00+00:00,-47.581230733032406,False,False,sports_fees_v3,Shamrock Rovers Corners: O/U 4.5,3613777,irl1-sha-she-2026-08-21-corners-team-home-4pt5
League of Ireland Premier Division,soccer_team_total_corners,Shamrock Rovers vs. Shelbourne FC: Shamrock Rovers O/U 5.5 Corners,,1.0,,,0.0,0.0,0.0,2026-08-21 19:00:00+00:00,-47.581230733032406,False,False,sports_fees_v3,Shamrock Rovers Corners: O/U 5.5,3613778,irl1-sha-she-2026-08-21-corners-team-home-5pt5
League of Ireland Premier Division,soccer_team_total_corners,Shamrock Rovers vs. Shelbourne FC: Shelbourne FC O/U 2.5 Corners,,1.0,,,0.0,0.0,0.0,2026-08-21 19:00:00+00:00,-47.581230733032406,False,False,sports_fees_v3,Shelbourne FC Corners: O/U 2.5,3613779,irl1-sha-she-2026-08-21-corners-team-away-2pt5
League of Ireland Premier Division,soccer_team_total_corners,Shamrock Rovers vs. Shelbourne FC: Shelbourne FC O/U 3.5 Corners,,1.0,,,0.0,0.0,0.0,2026-08-21 19:00:00+00:00,-47.581230733032406,False,False,sports_fees_v3,Shelbourne FC Corners: O/U 3.5,3613780,irl1-sha-she-2026-08-21-corners-team-away-3pt5
League of Ireland Premier Division,soccer_team_total_corners,Shamrock Rovers vs. Shelbourne FC: Shelbourne FC O/U 4.5 Corners,,1.0,,,0.0,0.0,0.0,2026-08-21 19:00:00+00:00,-47.581230733032406,False,False,sports_fees_v3,Shelbourne FC Corners: O/U 4.5,3613781,irl1-sha-she-2026-08-21-corners-team-away-4pt5
League of Ireland Premier Division,soccer_team_total_corners,Shamrock Rovers vs. Shelbourne FC: Shelbourne FC O/U 5.5 Corners,,1.0,,,0.0,0.0,0.0,2026-08-21 19:00:00+00:00,-47.581230733032406,False,False,sports_fees_v3,Shelbourne FC Corners: O/U 5.5,3613782,irl1-sha-she-2026-08-21-corners-team-away-5pt5
League of Ireland Premier Division,soccer_game_corners_odd_even,Shamrock Rovers vs. Shelbourne FC: Total Corners Odd or Even?,,1.0,,,0.0,0.0,0.0,2026-08-21 19:00:00+00:00,-47.581230733032406,False,False,sports_fees_v3,Total Corners: Odd or Even,3613783,irl1-sha-she-2026-08-21-corners-odd-even
League of Ireland Premier Division,soccer_first_corner,Shamrock Rovers vs. Shelbourne FC: Team to Take First Corner,,1.0,,,0.0,0.0,0.0,2026-08-21 19:00:00+00:00,-47.581230733032406,False,False,sports_fees_v3,Team to Take First Corner,3613784,irl1-sha-she-2026-08-21-first-corner
League of Ireland Premier Division,total_corners,Sligo Rovers FC vs. Waterford FC: O/U 12.5 Total Corners,0.001,0.999,0.5,0.998,0.0,0.0,0.01,2026-08-21 19:00:00+00:00,-47.581230733032406,False,False,sports_fees_v3,Total Corners: O/U 12.5,3734214,irl1-slr-wat-2026-08-21-corners-total-12pt5
League of Ireland Premier Division,soccer_first_half_total_corners,Sligo Rovers FC vs. Waterford FC: 1st Half O/U 5.5 Total Corners,0.001,0.999,0.5,0.998,0.0,0.0,0.01,2026-08-21 19:00:00+00:00,-47.581230733032406,False,False,sports_fees_v3,1st Half Total Corners: O/U 5.5,3734218,irl1-slr-wat-2026-08-21-corners-first-half-total-5pt5
League of Ireland Premier Division,soccer_game_corners_odd_even,Sligo Rovers FC vs. Waterford FC: Total Corners Odd or Even?,0.001,0.999,0.5,0.998,0.0,0.0,0.01,2026-08-21 19:00:00+00:00,-47.581230733032406,False,False,sports_fees_v3,Total Corners: Odd or Even,3734230,irl1-slr-wat-2026-08-21-corners-odd-even
League of Ireland Premier Division,soccer_first_corner,Sligo Rovers FC vs. Waterford FC: Team to Take First Corner,0.001,0.999,0.5,0.998,0.0,0.0,0.01,2026-08-21 19:00:00+00:00,-47.581230733032406,False,False,sports_fees_v3,Team to Take First Corner,3734231,irl1-slr-wat-2026-08-21-first-corner
League of Ireland Premier Division,,Will Shamrock Rovers be relegated from the 2026 League of Ireland Premier Divisi,0.002,0.009,0.0055,0.006999999999999999,0.0,1204.12285,179.27898,2027-01-01 04:59:00+00:00,84.83474148918981,False,False,sports_fees_v3,Shamrock Rovers,3913657,will-shamrock-rovers-be-relegated-from-league-of-ireland-premier-division-2026
League of Ireland Premier Division,,Will Shelbourne be relegated from the 2026 League of Ireland Premier Division?,0.09,0.12,0.105,0.03,0.0,798.551429,557.3858,2027-01-01 04:59:00+00:00,84.83474148918981,False,False,sports_fees_v3,Shelbourne,3913658,will-shelbourne-be-relegated-from-league-of-ireland-premier-division-2026
League of Ireland Premier Division,,Will Bohemians be relegated from the 2026 League of Ireland Premier Division?,0.002,0.051,0.0265,0.048999999999999995,0.0,120.0,50.66522,2027-01-01 04:59:00+00:00,84.83474148918981,False,False,sports_fees_v3,Bohemians,3913659,will-bohemians-be-relegated-from-league-of-ireland-premier-division-2026
League of Ireland Premier Division,,Will St Patrick's Athletic be relegated from the 2026 League of Ireland Premier ,0.015,0.061,0.038,0.046,0.0,197.97,305.96463,2027-01-01 04:59:00+00:00,84.83474148918981,False,False,sports_fees_v3,St Patrick's Athletic,3913660,will-st-patrick-s-athletic-be-relegated-from-league-of-ireland-premier-division-2026
League of Ireland Premier Division,,Will Drogheda United be relegated from the 2026 League of Ireland Premier Divisi,0.1,0.53,0.315,0.43000000000000005,0.0,385.98,29.0339,2027-01-01 04:59:00+00:00,84.83474148918981,False,False,sports_fees_v3,Drogheda United,3913661,will-drogheda-united-be-relegated-from-league-of-ireland-premier-division-2026
League of Ireland Premier Division,,Will Sligo Rovers be relegated from the 2026 League of Ireland Premier Division?,0.966,0.996,0.981,0.030000000000000027,0.0,2586.1757150000003,1113.61297,2027-01-01 04:59:00+00:00,84.83474148918981,False,False,sports_fees_v3,Sligo Rovers,3913662,will-sligo-rovers-be-relegated-from-league-of-ireland-premier-division-2026
League of Ireland Premier Division,,Will Derry City be relegated from the 2026 League of Ireland Premier Division?,0.01,0.036,0.023,0.025999999999999995,0.0,79.993511,23.82795,2027-01-01 04:59:00+00:00,84.83474148918981,False,False,sports_fees_v3,Derry City,3913663,will-derry-city-be-relegated-from-league-of-ireland-premier-division-2026
League of Ireland Premier Division,,Will Galway United be relegated from the 2026 League of Ireland Premier Division,0.02,0.27,0.14500000000000002,0.25,0.0,130.0,28.564,2027-01-01 04:59:00+00:00,84.83474148918981,False,False,sports_fees_v3,Galway United,3913664,will-galway-united-be-relegated-from-league-of-ireland-premier-division-2026
League of Ireland Premier Division,,Will Waterford be relegated from the 2026 League of Ireland Premier Division?,0.21,0.23,0.22,0.020000000000000018,0.0,60.0,778.2989,2027-01-01 04:59:00+00:00,84.83474148918981,False,False,sports_fees_v3,Waterford,3913665,will-waterford-be-relegated-from-league-of-ireland-premier-division-2026
League of Ireland Premier Division,,Will Dundalk be relegated from the 2026 League of Ireland Premier Division?,0.01,0.07,0.04,0.060000000000000005,0.0,142.0,115.11399,2027-01-01 04:59:00+00:00,84.83474148918981,False,False,sports_fees_v3,Dundalk,3913666,will-dundalk-be-relegated-from-league-of-ireland-premier-division-2026
League of Ireland Premier Division,,Will Shelbourne finish 8th in the 2026 League of Ireland Premier Division?,0.02,0.98,0.5,0.96,0.0,7.84,3.7919,2027-01-01 04:59:00+00:00,84.83474148918981,False,True,sports_fees_v3,Shelbourne,3913977,will-shelbourne-finish-8th-in-league-of-ireland-premier-division-2026
League of Ireland Premier Division,,Will Drogheda United finish 8th in the 2026 League of Ireland Premier Division?,0.02,0.96,0.49,0.94,0.0,0.0,6.3319,2027-01-01 04:59:00+00:00,84.83474148918981,False,True,sports_fees_v3,Drogheda United,3913980,will-drogheda-united-finish-8th-in-league-of-ireland-premier-division-2026
League of Ireland Premier Division,,Will Sligo Rovers finish 8th in the 2026 League of Ireland Premier Division?,0.02,0.97,0.495,0.95,0.0,0.0,4.2116,2027-01-01 04:59:00+00:00,84.83474148918981,False,True,sports_fees_v3,Sligo Rovers,3913981,will-sligo-rovers-finish-8th-in-league-of-ireland-premier-division-2026
League of Ireland Premier Division,,Will Derry City finish 8th in the 2026 League of Ireland Premier Division?,0.01,0.97,0.49,0.96,0.0,7.84,3.4683,2027-01-01 04:59:00+00:00,84.83474148918981,False,True,sports_fees_v3,Derry City,3913982,will-derry-city-finish-8th-in-league-of-ireland-premier-division-2026
League of Ireland Premier Division,,Will Galway United finish 8th in the 2026 League of Ireland Premier Division?,0.01,0.97,0.49,0.96,0.0,7.84,4.7903,2027-01-01 04:59:00+00:00,84.83474148918981,False,True,sports_fees_v3,Galway United,3913983,will-galway-united-finish-8th-in-league-of-ireland-premier-division-2026
League of Ireland Premier Division,,Will Waterford finish 8th in the 2026 League of Ireland Premier Division?,0.04,0.97,0.505,0.9299999999999999,0.0,0.0,6.2318,2027-01-01 04:59:00+00:00,84.83474148918981,False,True,sports_fees_v3,Waterford,3913984,will-waterford-finish-8th-in-league-of-ireland-premier-division-2026
League of Ireland Premier Division,,Will Dundalk finish 8th in the 2026 League of Ireland Premier Division?,0.03,0.97,0.5,0.94,0.0,0.0,6.2717,2027-01-01 04:59:00+00:00,84.83474148918981,False,True,sports_fees_v3,Dundalk,3913985,will-dundalk-finish-8th-in-league-of-ireland-premier-division-2026
League of Ireland Premier Division,,Will Shamrock Rovers finish 3rd in the 2026 League of Ireland Premier Division?,0.03,0.97,0.5,0.94,0.0,0.0,6.0702,2027-01-01 04:59:00+00:00,84.83474148918981,False,True,sports_fees_v3,Shamrock Rovers,3914049,will-shamrock-rovers-finish-3rd-in-league-of-ireland-premier-division-2026
League of Ireland Premier Division,,Will Bohemians finish 3rd in the 2026 League of Ireland Premier Division?,0.02,0.98,0.5,0.96,0.0,0.0,3.0905,2027-01-01 04:59:00+00:00,84.83474148918981,False,True,sports_fees_v3,Bohemians,3914051,will-bohemians-finish-3rd-in-league-of-ireland-premier-division-2026
League of Ireland Premier Division,,Will St Patrick's Athletic finish 3rd in the 2026 League of Ireland Premier Divi,0.02,0.98,0.5,0.96,0.0,0.0,3.0905,2027-01-01 04:59:00+00:00,84.83474148918981,False,True,sports_fees_v3,St Patrick's Athletic,3914052,will-st-patrick-s-athletic-finish-3rd-in-league-of-ireland-premier-division-2026
League of Ireland Premier Division,,Will Shamrock Rovers keep the most clean sheets in the 2026 League of Ireland Pr,0.01,0.94,0.475,0.9299999999999999,0.0,0.0,8.5045,2027-01-01 04:59:00+00:00,84.83474148918981,False,True,sports_fees_v3,Shamrock Rovers,3914532,will-shamrock-rovers-keep-the-most-clean-sheets-in-league-of-ireland-premier-division-2026
League of Ireland Premier Division,,Will Bohemians keep the most clean sheets in the 2026 League of Ireland Premier ,0.04,0.96,0.5,0.9199999999999999,0.0,0.0,4.0412,2027-01-01 04:59:00+00:00,84.83474148918981,False,True,sports_fees_v3,Bohemians,3914536,will-bohemians-keep-the-most-clean-sheets-in-league-of-ireland-premier-division-2026
League of Ireland Premier Division,,Will St Patrick's Athletic keep the most clean sheets in the 2026 League of Irel,0.03,0.97,0.5,0.94,0.0,0.0,4.0411,2027-01-01 04:59:00+00:00,84.83474148918981,False,True,sports_fees_v3,St Patrick's Athletic,3914538,will-st-patrick-s-athletic-keep-the-most-clean-sheets-in-league-of-ireland-premier-division-2026
League of Ireland Premier Division,,Will Drogheda United keep the most clean sheets in the 2026 League of Ireland Pr,0.02,0.98,0.5,0.96,0.0,0.0,3.3248,2027-01-01 04:59:00+00:00,84.83474148918981,False,True,sports_fees_v3,Drogheda United,3914540,will-drogheda-united-keep-the-most-clean-sheets-in-league-of-ireland-premier-division-2026
League of Ireland Premier Division,,Will Derry City keep the most clean sheets in the 2026 League of Ireland Premier,0.02,0.95,0.485,0.9299999999999999,0.0,0.0,3.0414,2027-01-01 04:59:00+00:00,84.83474148918981,False,True,sports_fees_v3,Derry City,3914542,will-derry-city-keep-the-most-clean-sheets-in-league-of-ireland-premier-division-2026
League of Ireland Premier Division,total_corners,Sligo Rovers FC vs. Saint Patrick´s Athletic FC: O/U 8.5 Total Corners,,1.0,,,0.0,0.0,0.0,2026-09-19 18:45:00+00:00,-18.591647399699074,False,False,sports_fees_v3,Total Corners: O/U 8.5,4570214,irl1-slr-stp-2026-09-19-corners-total-8pt5
League of Ireland Premier Division,total_corners,Sligo Rovers FC vs. Saint Patrick´s Athletic FC: O/U 9.5 Total Corners,,1.0,,,0.0,0.0,0.0,2026-09-19 18:45:00+00:00,-18.591647399699074,False,False,sports_fees_v3,Total Corners: O/U 9.5,4570215,irl1-slr-stp-2026-09-19-corners-total-9pt5
League of Ireland Premier Division,soccer_first_half_total_corners,Sligo Rovers FC vs. Saint Patrick´s Athletic FC: 1st Half O/U 4.5 Total Corners,,1.0,,,0.0,0.0,0.0,2026-09-19 18:45:00+00:00,-18.591647399699074,False,False,sports_fees_v3,1st Half Total Corners: O/U 4.5,4570221,irl1-slr-stp-2026-09-19-corners-first-half-total-4pt5
League of Ireland Premier Division,soccer_first_half_total_corners,Sligo Rovers FC vs. Saint Patrick´s Athletic FC: 1st Half O/U 5.5 Total Corners,,1.0,,,0.0,0.0,0.0,2026-09-19 18:45:00+00:00,-18.591647399699074,False,False,sports_fees_v3,1st Half Total Corners: O/U 5.5,4570222,irl1-slr-stp-2026-09-19-corners-first-half-total-5pt5
League of Ireland Premier Division,soccer_second_half_total_corners,Sligo Rovers FC vs. Saint Patrick´s Athletic FC: 2nd Half O/U 3.5 Total Corners,,1.0,,,0.0,0.0,0.0,2026-09-19 18:45:00+00:00,-18.591647399699074,False,False,sports_fees_v3,2nd Half Total Corners: O/U 3.5,4570223,irl1-slr-stp-2026-09-19-corners-second-half-total-3pt5
League of Ireland Premier Division,soccer_second_half_total_corners,Sligo Rovers FC vs. Saint Patrick´s Athletic FC: 2nd Half O/U 4.5 Total Corners,,1.0,,,0.0,0.0,0.0,2026-09-19 18:45:00+00:00,-18.591647399699074,False,False,sports_fees_v3,2nd Half Total Corners: O/U 4.5,4570224,irl1-slr-stp-2026-09-19-corners-second-half-total-4pt5
League of Ireland Premier Division,soccer_team_total_corners,Sligo Rovers FC vs. Saint Patrick´s Athletic FC: Sligo Rovers FC O/U 2.5 Corners,,1.0,,,0.0,0.0,0.0,2026-09-19 18:45:00+00:00,-18.591647399699074,False,False,sports_fees_v3,Sligo Rovers FC Corners: O/U 2.5,4570226,irl1-slr-stp-2026-09-19-corners-team-home-2pt5
League of Ireland Premier Division,soccer_team_total_corners,Sligo Rovers FC vs. Saint Patrick´s Athletic FC: Sligo Rovers FC O/U 3.5 Corners,,1.0,,,0.0,0.0,0.0,2026-09-19 18:45:00+00:00,-18.591647399699074,False,False,sports_fees_v3,Sligo Rovers FC Corners: O/U 3.5,4570227,irl1-slr-stp-2026-09-19-corners-team-home-3pt5
League of Ireland Premier Division,soccer_team_total_corners,Sligo Rovers FC vs. Saint Patrick´s Athletic FC: Saint Patrick´s Athletic FC O/U,,1.0,,,0.0,0.0,0.0,2026-09-19 18:45:00+00:00,-18.591647399699074,False,False,sports_fees_v3,Saint Patrick´s Athletic FC Corners: O/U 5.5,4570233,irl1-slr-stp-2026-09-19-corners-team-away-5pt5
League of Ireland Premier Division,soccer_game_corners_odd_even,Sligo Rovers FC vs. Saint Patrick´s Athletic FC: Total Corners Odd or Even?,,1.0,,,0.0,0.0,0.0,2026-09-19 18:45:00+00:00,-18.591647399699074,False,False,sports_fees_v3,Total Corners: Odd or Even,4570234,irl1-slr-stp-2026-09-19-corners-odd-even
League of Ireland Premier Division,soccer_first_corner,Sligo Rovers FC vs. Saint Patrick´s Athletic FC: Team to Take First Corner,,1.0,,,0.0,0.0,0.0,2026-09-19 18:45:00+00:00,-18.591647399699074,False,False,sports_fees_v3,Team to Take First Corner,4570235,irl1-slr-stp-2026-09-19-first-corner
League of Ireland Premier Division,moneyline,Will Shamrock Rovers win on 2026-10-08?,0.71,0.72,0.715,0.010000000000000009,6589.964113000001,7048.600982,58197.2647,2026-10-08 19:00:00+00:00,0.41876926696759253,False,True,sports_fees_v3,Shamrock Rovers,5256611,irl1-sha-dro-2026-10-08-sha
League of Ireland Premier Division,moneyline,Will Shamrock Rovers vs. Drogheda United FC end in a draw?,0.18,0.19,0.185,0.010000000000000009,150.0,154.761905,110955.5184,2026-10-08 19:00:00+00:00,0.41876926696759253,False,True,sports_fees_v3,Draw (Shamrock Rovers vs. Drogheda United FC),5256612,irl1-sha-dro-2026-10-08-draw
League of Ireland Premier Division,moneyline,Will Drogheda United FC win on 2026-10-08?,0.09,0.1,0.095,0.010000000000000009,423.910291,583.461786,69648.4594,2026-10-08 19:00:00+00:00,0.41876926696759253,False,True,sports_fees_v3,Drogheda United FC,5256613,irl1-sha-dro-2026-10-08-dro
League of Ireland Premier Division,moneyline,Will Shelbourne FC win on 2026-10-09?,0.7,0.72,0.71,0.020000000000000018,47.55,445.384101,9764.303,2026-10-09 18:45:00+00:00,1.408352600300926,False,True,sports_fees_v3,Shelbourne FC,5256626,irl1-she-slr-2026-10-09-she
League of Ireland Premier Division,moneyline,Will Shelbourne FC vs. Sligo Rovers FC end in a draw?,0.18,0.19,0.185,0.010000000000000009,0.0,1.219511,11625.927,2026-10-09 18:45:00+00:00,1.408352600300926,False,True,sports_fees_v3,Draw (Shelbourne FC vs. Sligo Rovers FC),5256628,irl1-she-slr-2026-10-09-draw
League of Ireland Premier Division,moneyline,Will Sligo Rovers FC win on 2026-10-09?,0.1,0.11,0.10500000000000001,0.009999999999999995,24.5,328.83333400000004,14455.2615,2026-10-09 18:45:00+00:00,1.408352600300926,False,True,sports_fees_v3,Sligo Rovers FC,5256630,irl1-she-slr-2026-10-09-slr
League of Ireland Premier Division,soccer_halftime_result,Shamrock Rovers leading at halftime?,0.52,0.53,0.525,0.010000000000000009,0.0,0.0,20408.0176,2026-10-08 19:00:00+00:00,0.41876926696759253,False,True,sports_fees_v3,Shamrock Rovers,5256636,irl1-sha-dro-2026-10-08-halftime-result-home
League of Ireland Premier Division,soccer_halftime_result,Shamrock Rovers vs. Drogheda United FC: Draw at halftime?,0.35,0.36,0.355,0.010000000000000009,0.0,0.0,65390.4542,2026-10-08 19:00:00+00:00,0.41876926696759253,False,True,sports_fees_v3,Draw,5256638,irl1-sha-dro-2026-10-08-halftime-result-draw
League of Ireland Premier Division,soccer_halftime_result,Drogheda United FC leading at halftime?,0.11,0.12,0.11499999999999999,0.009999999999999995,0.0,0.0,58108.0463,2026-10-08 19:00:00+00:00,0.41876926696759253,False,True,sports_fees_v3,Drogheda United FC,5256639,irl1-sha-dro-2026-10-08-halftime-result-away
League of Ireland Premier Division,soccer_second_half_result,Shamrock Rovers to win the second half?,0.51,0.63,0.5700000000000001,0.12,0.0,0.0,8.56,2026-10-08 19:00:00+00:00,0.41876926696759253,False,True,sports_fees_v3,Shamrock Rovers,5256644,irl1-sha-dro-2026-10-08-second-half-result-home
League of Ireland Premier Division,soccer_second_half_result,Shamrock Rovers vs. Drogheda United FC: Second half draw?,0.25,0.37,0.31,0.12,0.0,0.0,30.2597,2026-10-08 19:00:00+00:00,0.41876926696759253,False,True,sports_fees_v3,Draw,5256646,irl1-sha-dro-2026-10-08-second-half-result-draw
League of Ireland Premier Division,soccer_second_half_result,Drogheda United FC to win the second half?,0.06,0.18,0.12,0.12,0.0,0.0,9.4698,2026-10-08 19:00:00+00:00,0.41876926696759253,False,True,sports_fees_v3,Drogheda United FC,5256647,irl1-sha-dro-2026-10-08-second-half-result-away
League of Ireland Premier Division,soccer_exact_score,Exact Score: Shamrock Rovers 0 - 0 Drogheda United FC?,0.04,0.06,0.05,0.019999999999999997,105.26314,105.26314,74874.3847,2026-10-08 19:00:00+00:00,0.41876926696759253,False,True,sports_fees_v3,Shamrock Rovers 0 - 0 Drogheda United FC,5256652,irl1-sha-dro-2026-10-08-exact-score-0-0
League of Ireland Premier Division,soccer_exact_score,Exact Score: Shamrock Rovers 0 - 1 Drogheda United FC?,0.03,0.035,0.0325,0.0050000000000000044,0.0,0.0,79988.65012,2026-10-08 19:00:00+00:00,0.41876926696759253,False,True,sports_fees_v3,Shamrock Rovers 0 - 1 Drogheda United FC,5256653,irl1-sha-dro-2026-10-08-exact-score-0-1
League of Ireland Premier Division,soccer_exact_score,Exact Score: Shamrock Rovers 1 - 0 Drogheda United FC?,0.12,0.13,0.125,0.010000000000000009,0.0,0.0,75066.848,2026-10-08 19:00:00+00:00,0.41876926696759253,False,True,sports_fees_v3,Shamrock Rovers 1 - 0 Drogheda United FC,5256655,irl1-sha-dro-2026-10-08-exact-score-1-0
League of Ireland Premier Division,soccer_exact_score,Exact Score: Shamrock Rovers 0 - 2 Drogheda United FC?,0.01,0.013,0.0115,0.002999999999999999,0.0,0.0,32763.23624,2026-10-08 19:00:00+00:00,0.41876926696759253,False,True,sports_fees_v3,Shamrock Rovers 0 - 2 Drogheda United FC,5256656,irl1-sha-dro-2026-10-08-exact-score-0-2
League of Ireland Premier Division,soccer_exact_score,Exact Score: Shamrock Rovers 1 - 1 Drogheda United FC?,0.08,0.09,0.08499999999999999,0.009999999999999995,0.0,0.0,28439.5741,2026-10-08 19:00:00+00:00,0.41876926696759253,False,True,sports_fees_v3,Shamrock Rovers 1 - 1 Drogheda United FC,5256658,irl1-sha-dro-2026-10-08-exact-score-1-1
League of Ireland Premier Division,soccer_exact_score,Exact Score: Shamrock Rovers 2 - 0 Drogheda United FC?,0.12,0.14,0.13,0.020000000000000018,7.692308,7.692308,67956.2204,2026-10-08 19:00:00+00:00,0.41876926696759253,False,True,sports_fees_v3,Shamrock Rovers 2 - 0 Drogheda United FC,5256659,irl1-sha-dro-2026-10-08-exact-score-2-0
League of Ireland Premier Division,soccer_exact_score,Exact Score: Shamrock Rovers 0 - 3 Drogheda United FC?,0.002,0.005,0.0035,0.003,0.0,9.9898,61812.63878,2026-10-08 19:00:00+00:00,0.41876926696759253,False,True,sports_fees_v3,Shamrock Rovers 0 - 3 Drogheda United FC,5256661,irl1-sha-dro-2026-10-08-exact-score-0-3
League of Ireland Premier Division,soccer_exact_score,Exact Score: Shamrock Rovers 1 - 2 Drogheda United FC?,0.026,0.03,0.027999999999999997,0.004,0.0,0.0,38694.12106,2026-10-08 19:00:00+00:00,0.41876926696759253,False,True,sports_fees_v3,Shamrock Rovers 1 - 2 Drogheda United FC,5256662,irl1-sha-dro-2026-10-08-exact-score-1-2
Boxing,,Will Jake Paul announce a run for public office in 2026?,0.06,0.5,0.28,0.44,0.0,16335.381299,71.1472,2027-01-01 04:59:00+00:00,84.83474148918981,False,False,politics_fees,,1562758,will-jake-paul-announce-a-run-for-public-office-in-2026
Boxing,moneyline,Alex Bray vs. Antraveous Ingram,0.003,0.999,0.501,0.996,0.0,288.7,1.81275,2026-09-12 03:59:00+00:00,-26.206925177476855,False,False,sports_fees_v3,,3940505,boxing-bray-ingram-2026-08-28
Boxing,moneyline,Mauricio Lara vs. Carlos Ornelas,0.05,0.98,0.515,0.9299999999999999,0.0,113.6,35.8413,2026-09-14 03:59:00+00:00,-24.20692517747685,False,False,sports_fees_v3,,3940509,boxing-lara-ornela-2026-08-30
Boxing,moneyline,Jhon Orobio vs. Antonio Moran,0.52,1.0,0.76,0.48,0.0,238.01870699999998,40.8147,2026-09-18 03:59:00+00:00,-20.20692517747685,False,False,sports_fees_v3,,3940510,boxing-orobio-moran-2026-09-03
Boxing,moneyline,Lenar Perez vs. Thabiso Mchunu,0.011,0.999,0.505,0.988,0.0,907.3328329999999,12.94115,2026-09-18 03:59:00+00:00,-20.20692517747685,False,False,sports_fees_v3,,3940512,boxing-perez1-mchunu-2026-09-03
Boxing,moneyline,Wyatt Sanford vs. Costin Ion,0.55,1.0,0.775,0.44999999999999996,0.0,1293.1863990000002,1121.8803,2026-09-18 03:59:00+00:00,-20.20692517747685,False,False,sports_fees_v3,,3940513,boxing-sanfor-ion-2026-09-03
Boxing,moneyline,Brandon Mejia Mosqueda vs. Edwin Palomares,0.011,0.989,0.5,0.978,0.0,310.40016099999997,1.50881,2026-09-13 03:59:00+00:00,-25.206925177476855,False,False,sports_fees_v3,,3961876,boxing-mosque-paloma-2026-08-29
Boxing,moneyline,Joe Mcgrail vs. Matthew Boreland,0.53,1.0,0.765,0.47,0.0,108.330832,83.8977,2026-09-20 03:59:00+00:00,-18.20692517747685,False,False,sports_fees_v3,,3985875,boxing-mcgrai-borela-2026-09-05
Boxing,moneyline,Dennis Thompson vs. Jose Casillas,0.511,0.99,0.7505,0.479,0.0,288.027107,53.40175,2026-09-05 03:59:59.999000+00:00,-33.20623074460648,False,False,sports_fees_v3,,4199503,boxing-thomps-casill-2026-09-04
Boxing,moneyline,Kieron Conway vs. Mark Jeffers,0.001,0.398,0.1995,0.397,0.0,2364.504599,940.41268,2026-09-20 03:59:59.999000+00:00,-18.206230744606483,False,False,sports_fees_v3,,4510892,boxing-conway-jeffer-2026-09-19
Boxing,moneyline,"Zuffa Boxing 11: Hughes vs. Stephenson (Light Heavyweight, Main)",0.4,0.7,0.55,0.29999999999999993,0.0,7037.168787000002,133.3918,2026-09-27 03:59:59.999000+00:00,-11.206230744606481,False,False,sports_fees_v3,Hughes vs. Stephenson,4599926,zuffa-hughe-steph-2026-09-26
Boxing,moneyline,"Zuffa Boxing 11: Allen vs. Mronsz (Women's Super Lightweight, Main)",0.01,0.99,0.5,0.98,0.0,0.0,1.1198,2026-09-27 03:59:59.999000+00:00,-11.206230744606481,False,False,sports_fees_v3,Allen vs. Mronsz,4599929,zuffa-allen-mrons-2026-09-26
Boxing,moneyline,Omari Jones vs. Alan Sanchez,0.01,1.0,0.505,0.99,0.0,226.933404,1.1198,2026-10-03 03:59:59.999000+00:00,-5.206230744606481,False,False,sports_fees_v3,,5143131,boxing-jones-sanche-2026-10-02
Boxing,moneyline,Donte Layne vs. Keithland King,0.998,0.999,0.9984999999999999,0.0010000000000000009,0.0,308.07537899999994,998.61621,2026-10-03 03:59:59.999000+00:00,-5.206230744606481,False,False,sports_fees_v3,,5165515,boxing-layne-king-2026-10-02
Boxing,moneyline,Jordan Orozco Hernandez vs. Yusniel Abrahante,0.99,0.999,0.9944999999999999,0.009000000000000008,0.0,121.392466,990.56508,2026-10-03 03:59:59.999000+00:00,-5.206230744606481,False,False,sports_fees_v3,,5165516,boxing-hernan1-abraha-2026-10-02
Boxing,moneyline,Aaron Alhambra vs. Anas Messaoudi,0.003,0.999,0.501,0.996,0.0,85.55,1.37397,2026-10-04 03:59:59.999000+00:00,-4.206230744606481,False,False,sports_fees_v3,,5165518,boxing-alhamb-messao-2026-10-03
Boxing,moneyline,Harvey Smith vs. Joshua John,0.998,0.999,0.9984999999999999,0.0010000000000000009,0.0,83.8546,998.67197,2026-10-03 03:59:59.999000+00:00,-5.206230744606481,False,False,sports_fees_v3,,5194081,boxing-smith-john-2026-10-02
Boxing,moneyline,Jose Luis Navarro Jr. vs. Damian Biacho,0.41,0.99,0.7,0.5800000000000001,0.0,3295.6867280000006,29.1565,2026-10-04 03:59:59.999000+00:00,-4.206230744606481,False,False,sports_fees_v3,,5194083,boxing-navarr-biacho-2026-10-03
Boxing,moneyline,Jose Luis Russell Regalado vs. Rene Calixto Bibiano,0.001,0.999,0.5,0.998,0.0,189.276628,1.11998,2026-10-04 03:59:59.999000+00:00,-4.206230744606481,False,False,sports_fees_v3,,5194084,boxing-regala-bibian-2026-10-03
Boxing,moneyline,Luis Santana vs. Dzmitry Asanau,0.08,0.3,0.19,0.21999999999999997,0.0,118.35816100000001,730.8755,2026-10-09 03:59:59.999000+00:00,0.7937692553935184,False,False,sports_fees_v3,,5194085,boxing-santan-asanau-2026-10-08
Boxing,moneyline,Osleys Iglesias vs. Oliver Zaren,0.87,0.95,0.9099999999999999,0.07999999999999996,0.0,55.030167000000006,565.0434,2026-10-09 03:59:59.999000+00:00,0.7937692553935184,False,False,sports_fees_v3,,5194086,boxing-iglesi-zaren-2026-10-08
Boxing,moneyline,Imam Khataev vs. Padraig McCrory,0.92,0.96,0.94,0.039999999999999925,20.845,141.237119,6663.2326,2026-10-09 03:59:59.999000+00:00,0.7937692553935184,False,False,sports_fees_v3,,5194087,boxing-khatae-mccror-2026-10-08
Boxing,moneyline,Wilkens Mathieu vs. Vladimir Shishkin,0.85,0.92,0.885,0.07000000000000006,0.0,43.661429,658.1171,2026-10-09 03:59:59.999000+00:00,0.7937692553935184,False,False,sports_fees_v3,,5194088,boxing-mathie-shishk-2026-10-08
Boxing,moneyline,Zaur Abdullaev vs. Khariton Agrba,0.13,0.88,0.505,0.75,0.0,0.0,366.7083,2026-10-11 03:59:59.999000+00:00,2.7937692553935185,False,False,sports_fees_v3,,5256178,boxing-abdull-agrba-2026-10-10
Boxing,moneyline,Floyd Schofield vs. Lucas Bahdi,0.78,0.89,0.835,0.10999999999999999,0.0,28.05,1040.8503,2026-10-11 03:59:59.999000+00:00,2.7937692553935185,False,False,sports_fees_v3,,5256179,boxing-schofi-bahdi-2026-10-10
Boxing,moneyline,Thomas Chabot vs. Jose Antonio Sanchez Romero,0.92,0.96,0.94,0.039999999999999925,110.666667,110.666667,4324.3421,2026-10-09 03:59:59.999000+00:00,0.7937692553935184,False,False,sports_fees_v3,,5346442,boxing-chabot-romero-2026-10-08
Boxing,moneyline,Leila Beaudoin vs. Brisa Alfonzo,0.9,0.94,0.9199999999999999,0.039999999999999925,0.0,0.0,4471.1502,2026-10-09 03:59:59.999000+00:00,0.7937692553935184,False,False,sports_fees_v3,,5418294,boxing-beaudo-alfonz-2026-10-08
Kazakhstan Premier League,soccer_first_corner,FC Kairat Almaty vs. FC Ordabasy: Team to Take First Corner,,1.0,,,0.0,0.0,0.0,2026-07-26 14:00:00+00:00,-73.78956406636574,False,False,sports_fees_v3,Team to Take First Corner,3060781,kaz1-alm-ord-2026-07-26-first-corner
Kazakhstan Premier League,soccer_second_half_total_corners,Tobol Kostanay vs. FK Atyrau: 2nd Half O/U 4.5 Total Corners,,1.0,,,0.0,0.0,0.0,2026-07-26 12:00:00+00:00,-73.87289739969907,False,False,sports_fees_v3,2nd Half Total Corners: O/U 4.5,3060839,kaz1-tob-aty-2026-07-26-corners-second-half-total-4pt5
Kazakhstan Premier League,soccer_first_corner,Tobol Kostanay vs. FK Atyrau: Team to Take First Corner,,1.0,,,0.0,0.0,0.0,2026-07-26 12:00:00+00:00,-73.87289739969907,False,False,sports_fees_v3,Team to Take First Corner,3060850,kaz1-tob-aty-2026-07-26-first-corner
Kazakhstan Premier League,soccer_first_corner,FC Aktobe vs. FC Okzhetpes: Team to Take First Corner,,1.0,,,0.0,0.0,0.0,2026-07-25 15:00:00+00:00,-74.74789739969907,False,False,sports_fees_v3,Team to Take First Corner,3060873,kaz1-akt-okz-2026-07-25-first-corner
Kazakhstan Premier League,total_corners,Ulytau FC vs. FC Irtysh Pavlodar: O/U 12.5 Total Corners,,1.0,,,0.0,0.0,0.0,2026-07-25 13:00:00+00:00,-74.83123073303241,False,False,sports_fees_v3,Total Corners: O/U 12.5,3060879,kaz1-uly-irt-2026-07-25-corners-total-12pt5
Kazakhstan Premier League,soccer_first_half_total_corners,Ulytau FC vs. FC Irtysh Pavlodar: 1st Half O/U 3.5 Total Corners,,1.0,,,0.0,0.0,0.0,2026-07-25 13:00:00+00:00,-74.83123073303241,False,False,sports_fees_v3,1st Half Total Corners: O/U 3.5,3060881,kaz1-uly-irt-2026-07-25-corners-first-half-total-3pt5
Kazakhstan Premier League,soccer_team_total_corners,Ulytau FC vs. FC Irtysh Pavlodar: FC Irtysh Pavlodar O/U 5.5 Corners,,1.0,,,0.0,0.0,0.0,2026-07-25 13:00:00+00:00,-74.83123073303241,False,False,sports_fees_v3,FC Irtysh Pavlodar Corners: O/U 5.5,3060894,kaz1-uly-irt-2026-07-25-corners-team-away-5pt5
Kazakhstan Premier League,soccer_game_corners_odd_even,Ulytau FC vs. FC Irtysh Pavlodar: Total Corners Odd or Even?,,1.0,,,0.0,0.0,0.0,2026-07-25 13:00:00+00:00,-74.83123073303241,False,False,sports_fees_v3,Total Corners: Odd or Even,3060895,kaz1-uly-irt-2026-07-25-corners-odd-even
Kazakhstan Premier League,soccer_first_corner,Ulytau FC vs. FC Irtysh Pavlodar: Team to Take First Corner,,1.0,,,0.0,0.0,0.0,2026-07-25 13:00:00+00:00,-74.83123073303241,False,False,sports_fees_v3,Team to Take First Corner,3060896,kaz1-uly-irt-2026-07-25-first-corner
Kazakhstan Premier League,soccer_first_corner,Zhetysu Taldykorgan vs. FC Kyzylzhar SK: Team to Take First Corner,,1.0,,,0.0,0.0,0.0,2026-07-25 13:00:00+00:00,-74.83123073303241,False,False,sports_fees_v3,Team to Take First Corner,3060919,kaz1-zhe-kyz-2026-07-25-first-corner
Kazakhstan Premier League,total_corners,FC Kaspiy Aktau vs. FC Zhenis: O/U 13.5 Total Corners,,1.0,,,0.0,0.0,0.0,2026-07-26 15:00:00+00:00,-73.74789739969907,False,False,sports_fees_v3,Total Corners: O/U 13.5,3084092,kaz1-kaa-zns-2026-07-26-corners-total-13pt5
Kazakhstan Premier League,soccer_second_half_total_corners,FC Kaspiy Aktau vs. FC Zhenis: 2nd Half O/U 3.5 Total Corners,,1.0,,,0.0,0.0,0.0,2026-07-26 15:00:00+00:00,-73.74789739969907,False,False,sports_fees_v3,2nd Half Total Corners: O/U 3.5,3084096,kaz1-kaa-zns-2026-07-26-corners-second-half-total-3pt5
Kazakhstan Premier League,soccer_second_half_total_corners,FC Kaspiy Aktau vs. FC Zhenis: 2nd Half O/U 4.5 Total Corners,,1.0,,,0.0,0.0,0.0,2026-07-26 15:00:00+00:00,-73.74789739969907,False,False,sports_fees_v3,2nd Half Total Corners: O/U 4.5,3084097,kaz1-kaa-zns-2026-07-26-corners-second-half-total-4pt5
Kazakhstan Premier League,soccer_second_half_total_corners,FC Kaspiy Aktau vs. FC Zhenis: 2nd Half O/U 5.5 Total Corners,,1.0,,,0.0,0.0,0.0,2026-07-26 15:00:00+00:00,-73.74789739969907,False,False,sports_fees_v3,2nd Half Total Corners: O/U 5.5,3084098,kaz1-kaa-zns-2026-07-26-corners-second-half-total-5pt5
Kazakhstan Premier League,soccer_game_corners_odd_even,FC Kaspiy Aktau vs. FC Zhenis: Total Corners Odd or Even?,,1.0,,,0.0,0.0,0.0,2026-07-26 15:00:00+00:00,-73.74789739969907,False,False,sports_fees_v3,Total Corners: Odd or Even,3084107,kaz1-kaa-zns-2026-07-26-corners-odd-even
Kazakhstan Premier League,soccer_first_corner,FC Kaspiy Aktau vs. FC Zhenis: Team to Take First Corner,,1.0,,,0.0,0.0,0.0,2026-07-26 15:00:00+00:00,-73.74789739969907,False,False,sports_fees_v3,Team to Take First Corner,3084108,kaz1-kaa-zns-2026-07-26-first-corner
Kazakhstan Premier League,soccer_first_corner,Ulytau FC vs. FC Astana: Team to Take First Corner,,1.0,,,0.0,0.0,0.0,2026-08-02 13:00:00+00:00,-66.83123073303241,False,False,sports_fees_v3,Team to Take First Corner,3224417,kaz1-uly-fca-2026-08-02-first-corner
Kazakhstan Premier League,soccer_first_corner,FK Atyrau vs. Zhetysu Taldykorgan: Team to Take First Corner,,1.0,,,0.0,0.0,0.0,2026-08-01 15:00:00+00:00,-67.74789739969907,False,False,sports_fees_v3,Team to Take First Corner,3224463,kaz1-aty-zhe-2026-08-01-first-corner
Kazakhstan Premier League,soccer_first_corner,FC Ordabasy vs. Tobol Kostanay: Team to Take First Corner,,1.0,,,0.0,0.0,0.0,2026-08-02 15:00:00+00:00,-66.74789739969907,False,False,sports_fees_v3,Team to Take First Corner,3264448,kaz1-ord-tob-2026-08-02-first-corner
Kazakhstan Premier League,total_corners,FC Kairat Almaty vs. FC Zhenis: O/U 7.5 Total Corners,,1.0,,,0.0,0.0,0.0,2026-08-08 14:00:00+00:00,-60.78956406636574,False,False,sports_fees_v3,Total Corners: O/U 7.5,3362559,kaz1-alm-zns-2026-08-08-corners-total-7pt5
Kazakhstan Premier League,total_corners,FC Kairat Almaty vs. FC Zhenis: O/U 8.5 Total Corners,,1.0,,,0.0,0.0,0.0,2026-08-08 14:00:00+00:00,-60.78956406636574,False,False,sports_fees_v3,Total Corners: O/U 8.5,3362560,kaz1-alm-zns-2026-08-08-corners-total-8pt5
Kazakhstan Premier League,total_corners,FC Kairat Almaty vs. FC Zhenis: O/U 9.5 Total Corners,,1.0,,,0.0,0.0,0.0,2026-08-08 14:00:00+00:00,-60.78956406636574,False,False,sports_fees_v3,Total Corners: O/U 9.5,3362561,kaz1-alm-zns-2026-08-08-corners-total-9pt5
Kazakhstan Premier League,total_corners,FC Kairat Almaty vs. FC Zhenis: O/U 10.5 Total Corners,,1.0,,,0.0,0.0,0.0,2026-08-08 14:00:00+00:00,-60.78956406636574,False,False,sports_fees_v3,Total Corners: O/U 10.5,3362562,kaz1-alm-zns-2026-08-08-corners-total-10pt5
Kazakhstan Premier League,total_corners,FC Kairat Almaty vs. FC Zhenis: O/U 11.5 Total Corners,,1.0,,,0.0,0.0,0.0,2026-08-08 14:00:00+00:00,-60.78956406636574,False,False,sports_fees_v3,Total Corners: O/U 11.5,3362563,kaz1-alm-zns-2026-08-08-corners-total-11pt5
Kazakhstan Premier League,total_corners,FC Kairat Almaty vs. FC Zhenis: O/U 12.5 Total Corners,,1.0,,,0.0,0.0,0.0,2026-08-08 14:00:00+00:00,-60.78956406636574,False,False,sports_fees_v3,Total Corners: O/U 12.5,3362564,kaz1-alm-zns-2026-08-08-corners-total-12pt5
Kazakhstan Premier League,total_corners,FC Kairat Almaty vs. FC Zhenis: O/U 13.5 Total Corners,,1.0,,,0.0,0.0,0.0,2026-08-08 14:00:00+00:00,-60.78956406636574,False,False,sports_fees_v3,Total Corners: O/U 13.5,3362565,kaz1-alm-zns-2026-08-08-corners-total-13pt5
Kazakhstan Premier League,soccer_first_half_total_corners,FC Kairat Almaty vs. FC Zhenis: 1st Half O/U 3.5 Total Corners,,1.0,,,0.0,0.0,0.0,2026-08-08 14:00:00+00:00,-60.78956406636574,False,False,sports_fees_v3,1st Half Total Corners: O/U 3.5,3362566,kaz1-alm-zns-2026-08-08-corners-first-half-total-3pt5
Kazakhstan Premier League,soccer_first_half_total_corners,FC Kairat Almaty vs. FC Zhenis: 1st Half O/U 4.5 Total Corners,,1.0,,,0.0,0.0,0.0,2026-08-08 14:00:00+00:00,-60.78956406636574,False,False,sports_fees_v3,1st Half Total Corners: O/U 4.5,3362567,kaz1-alm-zns-2026-08-08-corners-first-half-total-4pt5
Kazakhstan Premier League,soccer_first_half_total_corners,FC Kairat Almaty vs. FC Zhenis: 1st Half O/U 5.5 Total Corners,,1.0,,,0.0,0.0,0.0,2026-08-08 14:00:00+00:00,-60.78956406636574,False,False,sports_fees_v3,1st Half Total Corners: O/U 5.5,3362568,kaz1-alm-zns-2026-08-08-corners-first-half-total-5pt5
Kazakhstan Premier League,soccer_second_half_total_corners,FC Kairat Almaty vs. FC Zhenis: 2nd Half O/U 3.5 Total Corners,,1.0,,,0.0,0.0,0.0,2026-08-08 14:00:00+00:00,-60.78956406636574,False,False,sports_fees_v3,2nd Half Total Corners: O/U 3.5,3362569,kaz1-alm-zns-2026-08-08-corners-second-half-total-3pt5
Kazakhstan Premier League,soccer_second_half_total_corners,FC Kairat Almaty vs. FC Zhenis: 2nd Half O/U 4.5 Total Corners,,1.0,,,0.0,0.0,0.0,2026-08-08 14:00:00+00:00,-60.78956406636574,False,False,sports_fees_v3,2nd Half Total Corners: O/U 4.5,3362570,kaz1-alm-zns-2026-08-08-corners-second-half-total-4pt5
Kazakhstan Premier League,soccer_second_half_total_corners,FC Kairat Almaty vs. FC Zhenis: 2nd Half O/U 5.5 Total Corners,,1.0,,,0.0,0.0,0.0,2026-08-08 14:00:00+00:00,-60.78956406636574,False,False,sports_fees_v3,2nd Half Total Corners: O/U 5.5,3362571,kaz1-alm-zns-2026-08-08-corners-second-half-total-5pt5
Kazakhstan Premier League,soccer_team_total_corners,FC Kairat Almaty vs. FC Zhenis: FC Kairat Almaty O/U 2.5 Corners,,1.0,,,0.0,0.0,0.0,2026-08-08 14:00:00+00:00,-60.78956406636574,False,False,sports_fees_v3,FC Kairat Almaty Corners: O/U 2.5,3362572,kaz1-alm-zns-2026-08-08-corners-team-home-2pt5
Kazakhstan Premier League,soccer_team_total_corners,FC Kairat Almaty vs. FC Zhenis: FC Kairat Almaty O/U 3.5 Corners,,1.0,,,0.0,0.0,0.0,2026-08-08 14:00:00+00:00,-60.78956406636574,False,False,sports_fees_v3,FC Kairat Almaty Corners: O/U 3.5,3362573,kaz1-alm-zns-2026-08-08-corners-team-home-3pt5
Kazakhstan Premier League,soccer_team_total_corners,FC Kairat Almaty vs. FC Zhenis: FC Kairat Almaty O/U 4.5 Corners,,1.0,,,0.0,0.0,0.0,2026-08-08 14:00:00+00:00,-60.78956406636574,False,False,sports_fees_v3,FC Kairat Almaty Corners: O/U 4.5,3362574,kaz1-alm-zns-2026-08-08-corners-team-home-4pt5
Kazakhstan Premier League,soccer_team_total_corners,FC Kairat Almaty vs. FC Zhenis: FC Kairat Almaty O/U 5.5 Corners,,1.0,,,0.0,0.0,0.0,2026-08-08 14:00:00+00:00,-60.78956406636574,False,False,sports_fees_v3,FC Kairat Almaty Corners: O/U 5.5,3362575,kaz1-alm-zns-2026-08-08-corners-team-home-5pt5
Kazakhstan Premier League,soccer_team_total_corners,FC Kairat Almaty vs. FC Zhenis: FC Zhenis O/U 2.5 Corners,,1.0,,,0.0,0.0,0.0,2026-08-08 14:00:00+00:00,-60.78956406636574,False,False,sports_fees_v3,FC Zhenis Corners: O/U 2.5,3362576,kaz1-alm-zns-2026-08-08-corners-team-away-2pt5
Kazakhstan Premier League,soccer_team_total_corners,FC Kairat Almaty vs. FC Zhenis: FC Zhenis O/U 3.5 Corners,,1.0,,,0.0,0.0,0.0,2026-08-08 14:00:00+00:00,-60.78956406636574,False,False,sports_fees_v3,FC Zhenis Corners: O/U 3.5,3362577,kaz1-alm-zns-2026-08-08-corners-team-away-3pt5
Kazakhstan Premier League,soccer_team_total_corners,FC Kairat Almaty vs. FC Zhenis: FC Zhenis O/U 4.5 Corners,,1.0,,,0.0,0.0,0.0,2026-08-08 14:00:00+00:00,-60.78956406636574,False,False,sports_fees_v3,FC Zhenis Corners: O/U 4.5,3362578,kaz1-alm-zns-2026-08-08-corners-team-away-4pt5
Kazakhstan Premier League,soccer_team_total_corners,FC Kairat Almaty vs. FC Zhenis: FC Zhenis O/U 5.5 Corners,,1.0,,,0.0,0.0,0.0,2026-08-08 14:00:00+00:00,-60.78956406636574,False,False,sports_fees_v3,FC Zhenis Corners: O/U 5.5,3362579,kaz1-alm-zns-2026-08-08-corners-team-away-5pt5
Kazakhstan Premier League,soccer_game_corners_odd_even,FC Kairat Almaty vs. FC Zhenis: Total Corners Odd or Even?,,1.0,,,0.0,0.0,0.0,2026-08-08 14:00:00+00:00,-60.78956406636574,False,False,sports_fees_v3,Total Corners: Odd or Even,3362580,kaz1-alm-zns-2026-08-08-corners-odd-even
Kazakhstan Premier League,soccer_first_corner,FC Kairat Almaty vs. FC Zhenis: Team to Take First Corner,,1.0,,,0.0,0.0,0.0,2026-08-08 14:00:00+00:00,-60.78956406636574,False,False,sports_fees_v3,Team to Take First Corner,3362581,kaz1-alm-zns-2026-08-08-first-corner
Kazakhstan Premier League,total_corners,Zhetysu Taldykorgan vs. FC Ordabasy: O/U 7.5 Total Corners,0.001,0.999,0.5,0.998,0.0,0.0,0.01,2026-08-08 13:00:00+00:00,-60.831230733032406,False,False,sports_fees_v3,Total Corners: O/U 7.5,3362582,kaz1-zhe-ord-2026-08-08-corners-total-7pt5
Kazakhstan Premier League,total_corners,Zhetysu Taldykorgan vs. FC Ordabasy: O/U 8.5 Total Corners,0.001,0.999,0.5,0.998,0.0,0.0,0.01,2026-08-08 13:00:00+00:00,-60.831230733032406,False,False,sports_fees_v3,Total Corners: O/U 8.5,3362584,kaz1-zhe-ord-2026-08-08-corners-total-8pt5
Kazakhstan Premier League,total_corners,Zhetysu Taldykorgan vs. FC Ordabasy: O/U 9.5 Total Corners,0.001,0.999,0.5,0.998,0.0,0.0,0.01,2026-08-08 13:00:00+00:00,-60.831230733032406,False,False,sports_fees_v3,Total Corners: O/U 9.5,3362585,kaz1-zhe-ord-2026-08-08-corners-total-9pt5
Kazakhstan Premier League,total_corners,Zhetysu Taldykorgan vs. FC Ordabasy: O/U 10.5 Total Corners,0.001,0.999,0.5,0.998,0.0,0.0,0.01,2026-08-08 13:00:00+00:00,-60.831230733032406,False,False,sports_fees_v3,Total Corners: O/U 10.5,3362587,kaz1-zhe-ord-2026-08-08-corners-total-10pt5
Kazakhstan Premier League,total_corners,Zhetysu Taldykorgan vs. FC Ordabasy: O/U 11.5 Total Corners,0.001,0.999,0.5,0.998,0.0,0.0,0.01,2026-08-08 13:00:00+00:00,-60.831230733032406,False,False,sports_fees_v3,Total Corners: O/U 11.5,3362588,kaz1-zhe-ord-2026-08-08-corners-total-11pt5
Kazakhstan Premier League,total_corners,Zhetysu Taldykorgan vs. FC Ordabasy: O/U 12.5 Total Corners,0.001,0.999,0.5,0.998,0.0,0.0,0.01,2026-08-08 13:00:00+00:00,-60.831230733032406,False,False,sports_fees_v3,Total Corners: O/U 12.5,3362589,kaz1-zhe-ord-2026-08-08-corners-total-12pt5
Kazakhstan Premier League,total_corners,Zhetysu Taldykorgan vs. FC Ordabasy: O/U 13.5 Total Corners,0.001,0.999,0.5,0.998,0.0,0.0,0.01,2026-08-08 13:00:00+00:00,-60.831230733032406,False,False,sports_fees_v3,Total Corners: O/U 13.5,3362590,kaz1-zhe-ord-2026-08-08-corners-total-13pt5
Kazakhstan Premier League,soccer_first_half_total_corners,Zhetysu Taldykorgan vs. FC Ordabasy: 1st Half O/U 3.5 Total Corners,0.001,0.999,0.5,0.998,0.0,0.0,0.01,2026-08-08 13:00:00+00:00,-60.831230733032406,False,False,sports_fees_v3,1st Half Total Corners: O/U 3.5,3362592,kaz1-zhe-ord-2026-08-08-corners-first-half-total-3pt5
Kazakhstan Premier League,soccer_first_half_total_corners,Zhetysu Taldykorgan vs. FC Ordabasy: 1st Half O/U 4.5 Total Corners,0.001,0.999,0.5,0.998,0.0,0.0,0.01,2026-08-08 13:00:00+00:00,-60.831230733032406,False,False,sports_fees_v3,1st Half Total Corners: O/U 4.5,3362593,kaz1-zhe-ord-2026-08-08-corners-first-half-total-4pt5
Kazakhstan Premier League,soccer_first_half_total_corners,Zhetysu Taldykorgan vs. FC Ordabasy: 1st Half O/U 5.5 Total Corners,0.001,0.999,0.5,0.998,0.0,0.0,0.01,2026-08-08 13:00:00+00:00,-60.831230733032406,False,False,sports_fees_v3,1st Half Total Corners: O/U 5.5,3362594,kaz1-zhe-ord-2026-08-08-corners-first-half-total-5pt5
Kazakhstan Premier League,soccer_second_half_total_corners,Zhetysu Taldykorgan vs. FC Ordabasy: 2nd Half O/U 3.5 Total Corners,0.001,0.999,0.5,0.998,0.0,0.0,0.01,2026-08-08 13:00:00+00:00,-60.831230733032406,False,False,sports_fees_v3,2nd Half Total Corners: O/U 3.5,3362595,kaz1-zhe-ord-2026-08-08-corners-second-half-total-3pt5
Kazakhstan Premier League,soccer_second_half_total_corners,Zhetysu Taldykorgan vs. FC Ordabasy: 2nd Half O/U 4.5 Total Corners,0.001,0.999,0.5,0.998,0.0,0.0,0.01,2026-08-08 13:00:00+00:00,-60.831230733032406,False,False,sports_fees_v3,2nd Half Total Corners: O/U 4.5,3362596,kaz1-zhe-ord-2026-08-08-corners-second-half-total-4pt5
Kazakhstan Premier League,soccer_second_half_total_corners,Zhetysu Taldykorgan vs. FC Ordabasy: 2nd Half O/U 5.5 Total Corners,0.001,0.999,0.5,0.998,0.0,0.0,0.01,2026-08-08 13:00:00+00:00,-60.831230733032406,False,False,sports_fees_v3,2nd Half Total Corners: O/U 5.5,3362597,kaz1-zhe-ord-2026-08-08-corners-second-half-total-5pt5
Kazakhstan Premier League,soccer_team_total_corners,Zhetysu Taldykorgan vs. FC Ordabasy: Zhetysu Taldykorgan O/U 2.5 Corners,0.001,0.999,0.5,0.998,0.0,0.0,0.01,2026-08-08 13:00:00+00:00,-60.831230733032406,False,False,sports_fees_v3,Zhetysu Taldykorgan Corners: O/U 2.5,3362598,kaz1-zhe-ord-2026-08-08-corners-team-home-2pt5
Kazakhstan Premier League,soccer_team_total_corners,Zhetysu Taldykorgan vs. FC Ordabasy: Zhetysu Taldykorgan O/U 3.5 Corners,0.001,0.999,0.5,0.998,0.0,0.0,0.01,2026-08-08 13:00:00+00:00,-60.831230733032406,False,False,sports_fees_v3,Zhetysu Taldykorgan Corners: O/U 3.5,3362599,kaz1-zhe-ord-2026-08-08-corners-team-home-3pt5
Kazakhstan Premier League,soccer_team_total_corners,Zhetysu Taldykorgan vs. FC Ordabasy: Zhetysu Taldykorgan O/U 4.5 Corners,0.001,0.999,0.5,0.998,0.0,0.0,0.01,2026-08-08 13:00:00+00:00,-60.831230733032406,False,False,sports_fees_v3,Zhetysu Taldykorgan Corners: O/U 4.5,3362600,kaz1-zhe-ord-2026-08-08-corners-team-home-4pt5
Kazakhstan Premier League,soccer_team_total_corners,Zhetysu Taldykorgan vs. FC Ordabasy: Zhetysu Taldykorgan O/U 5.5 Corners,0.001,0.999,0.5,0.998,0.0,0.0,0.01,2026-08-08 13:00:00+00:00,-60.831230733032406,False,False,sports_fees_v3,Zhetysu Taldykorgan Corners: O/U 5.5,3362601,kaz1-zhe-ord-2026-08-08-corners-team-home-5pt5
Kazakhstan Premier League,soccer_team_total_corners,Zhetysu Taldykorgan vs. FC Ordabasy: FC Ordabasy O/U 2.5 Corners,0.001,0.999,0.5,0.998,0.0,0.0,0.01,2026-08-08 13:00:00+00:00,-60.831230733032406,False,False,sports_fees_v3,FC Ordabasy Corners: O/U 2.5,3362602,kaz1-zhe-ord-2026-08-08-corners-team-away-2pt5
Kazakhstan Premier League,soccer_team_total_corners,Zhetysu Taldykorgan vs. FC Ordabasy: FC Ordabasy O/U 3.5 Corners,0.001,0.999,0.5,0.998,0.0,0.0,0.01,2026-08-08 13:00:00+00:00,-60.831230733032406,False,False,sports_fees_v3,FC Ordabasy Corners: O/U 3.5,3362603,kaz1-zhe-ord-2026-08-08-corners-team-away-3pt5
Kazakhstan Premier League,soccer_team_total_corners,Zhetysu Taldykorgan vs. FC Ordabasy: FC Ordabasy O/U 4.5 Corners,0.001,0.999,0.5,0.998,0.0,0.0,0.01,2026-08-08 13:00:00+00:00,-60.831230733032406,False,False,sports_fees_v3,FC Ordabasy Corners: O/U 4.5,3362604,kaz1-zhe-ord-2026-08-08-corners-team-away-4pt5
Kazakhstan Premier League,soccer_team_total_corners,Zhetysu Taldykorgan vs. FC Ordabasy: FC Ordabasy O/U 5.5 Corners,0.001,0.999,0.5,0.998,0.0,0.0,0.01,2026-08-08 13:00:00+00:00,-60.831230733032406,False,False,sports_fees_v3,FC Ordabasy Corners: O/U 5.5,3362605,kaz1-zhe-ord-2026-08-08-corners-team-away-5pt5
Kazakhstan Premier League,soccer_game_corners_odd_even,Zhetysu Taldykorgan vs. FC Ordabasy: Total Corners Odd or Even?,0.001,0.999,0.5,0.998,0.0,0.0,0.01,2026-08-08 13:00:00+00:00,-60.831230733032406,False,False,sports_fees_v3,Total Corners: Odd or Even,3362606,kaz1-zhe-ord-2026-08-08-corners-odd-even
Kazakhstan Premier League,soccer_first_corner,Zhetysu Taldykorgan vs. FC Ordabasy: Team to Take First Corner,0.001,0.999,0.5,0.998,0.0,0.0,0.01,2026-08-08 13:00:00+00:00,-60.831230733032406,False,False,sports_fees_v3,Team to Take First Corner,3362607,kaz1-zhe-ord-2026-08-08-first-corner
Kazakhstan Premier League,soccer_first_corner,FC Yelimai vs. FC Irtysh Pavlodar: Team to Take First Corner,0.001,0.999,0.5,0.998,0.0,0.0,0.01,2026-08-09 14:00:00+00:00,-59.78956406636574,False,False,sports_fees_v3,Team to Take First Corner,3383267,kaz1-yel-irt-2026-08-09-first-corner
Kazakhstan Premier League,total_corners,Tobol Kostanay vs. Kaisar Kyzylorda: O/U 7.5 Total Corners,,1.0,,,0.0,0.0,0.0,2026-08-09 15:00:00+00:00,-59.74789739969908,False,False,sports_fees_v3,Total Corners: O/U 7.5,3383268,kaz1-tob-kky-2026-08-09-corners-total-7pt5
Kazakhstan Premier League,total_corners,Tobol Kostanay vs. Kaisar Kyzylorda: O/U 8.5 Total Corners,,1.0,,,0.0,0.0,0.0,2026-08-09 15:00:00+00:00,-59.74789739969908,False,False,sports_fees_v3,Total Corners: O/U 8.5,3383269,kaz1-tob-kky-2026-08-09-corners-total-8pt5
Kazakhstan Premier League,total_corners,Tobol Kostanay vs. Kaisar Kyzylorda: O/U 9.5 Total Corners,,1.0,,,0.0,0.0,0.0,2026-08-09 15:00:00+00:00,-59.74789739969908,False,False,sports_fees_v3,Total Corners: O/U 9.5,3383270,kaz1-tob-kky-2026-08-09-corners-total-9pt5
Kazakhstan Premier League,total_corners,Tobol Kostanay vs. Kaisar Kyzylorda: O/U 10.5 Total Corners,,1.0,,,0.0,0.0,0.0,2026-08-09 15:00:00+00:00,-59.74789739969908,False,False,sports_fees_v3,Total Corners: O/U 10.5,3383271,kaz1-tob-kky-2026-08-09-corners-total-10pt5
Kazakhstan Premier League,total_corners,Tobol Kostanay vs. Kaisar Kyzylorda: O/U 11.5 Total Corners,,1.0,,,0.0,0.0,0.0,2026-08-09 15:00:00+00:00,-59.74789739969908,False,False,sports_fees_v3,Total Corners: O/U 11.5,3383272,kaz1-tob-kky-2026-08-09-corners-total-11pt5
Kazakhstan Premier League,total_corners,Tobol Kostanay vs. Kaisar Kyzylorda: O/U 12.5 Total Corners,,1.0,,,0.0,0.0,0.0,2026-08-09 15:00:00+00:00,-59.74789739969908,False,False,sports_fees_v3,Total Corners: O/U 12.5,3383273,kaz1-tob-kky-2026-08-09-corners-total-12pt5
Kazakhstan Premier League,total_corners,Tobol Kostanay vs. Kaisar Kyzylorda: O/U 13.5 Total Corners,,1.0,,,0.0,0.0,0.0,2026-08-09 15:00:00+00:00,-59.74789739969908,False,False,sports_fees_v3,Total Corners: O/U 13.5,3383274,kaz1-tob-kky-2026-08-09-corners-total-13pt5
Kazakhstan Premier League,soccer_first_half_total_corners,Tobol Kostanay vs. Kaisar Kyzylorda: 1st Half O/U 3.5 Total Corners,,1.0,,,0.0,0.0,0.0,2026-08-09 15:00:00+00:00,-59.74789739969908,False,False,sports_fees_v3,1st Half Total Corners: O/U 3.5,3383275,kaz1-tob-kky-2026-08-09-corners-first-half-total-3pt5
Kazakhstan Premier League,soccer_first_half_total_corners,Tobol Kostanay vs. Kaisar Kyzylorda: 1st Half O/U 4.5 Total Corners,,1.0,,,0.0,0.0,0.0,2026-08-09 15:00:00+00:00,-59.74789739969908,False,False,sports_fees_v3,1st Half Total Corners: O/U 4.5,3383276,kaz1-tob-kky-2026-08-09-corners-first-half-total-4pt5
Kazakhstan Premier League,soccer_first_half_total_corners,Tobol Kostanay vs. Kaisar Kyzylorda: 1st Half O/U 5.5 Total Corners,,1.0,,,0.0,0.0,0.0,2026-08-09 15:00:00+00:00,-59.74789739969908,False,False,sports_fees_v3,1st Half Total Corners: O/U 5.5,3383277,kaz1-tob-kky-2026-08-09-corners-first-half-total-5pt5
Kazakhstan Premier League,soccer_second_half_total_corners,Tobol Kostanay vs. Kaisar Kyzylorda: 2nd Half O/U 3.5 Total Corners,,1.0,,,0.0,0.0,0.0,2026-08-09 15:00:00+00:00,-59.74789739969908,False,False,sports_fees_v3,2nd Half Total Corners: O/U 3.5,3383278,kaz1-tob-kky-2026-08-09-corners-second-half-total-3pt5
Kazakhstan Premier League,soccer_second_half_total_corners,Tobol Kostanay vs. Kaisar Kyzylorda: 2nd Half O/U 4.5 Total Corners,,1.0,,,0.0,0.0,0.0,2026-08-09 15:00:00+00:00,-59.74789739969908,False,False,sports_fees_v3,2nd Half Total Corners: O/U 4.5,3383279,kaz1-tob-kky-2026-08-09-corners-second-half-total-4pt5
Kazakhstan Premier League,soccer_second_half_total_corners,Tobol Kostanay vs. Kaisar Kyzylorda: 2nd Half O/U 5.5 Total Corners,,1.0,,,0.0,0.0,0.0,2026-08-09 15:00:00+00:00,-59.74789739969908,False,False,sports_fees_v3,2nd Half Total Corners: O/U 5.5,3383280,kaz1-tob-kky-2026-08-09-corners-second-half-total-5pt5
Kazakhstan Premier League,soccer_team_total_corners,Tobol Kostanay vs. Kaisar Kyzylorda: Tobol Kostanay O/U 2.5 Corners,,1.0,,,0.0,0.0,0.0,2026-08-09 15:00:00+00:00,-59.74789739969908,False,False,sports_fees_v3,Tobol Kostanay Corners: O/U 2.5,3383281,kaz1-tob-kky-2026-08-09-corners-team-home-2pt5
Kazakhstan Premier League,soccer_team_total_corners,Tobol Kostanay vs. Kaisar Kyzylorda: Tobol Kostanay O/U 3.5 Corners,,1.0,,,0.0,0.0,0.0,2026-08-09 15:00:00+00:00,-59.74789739969908,False,False,sports_fees_v3,Tobol Kostanay Corners: O/U 3.5,3383282,kaz1-tob-kky-2026-08-09-corners-team-home-3pt5
Kazakhstan Premier League,soccer_team_total_corners,Tobol Kostanay vs. Kaisar Kyzylorda: Tobol Kostanay O/U 4.5 Corners,,1.0,,,0.0,0.0,0.0,2026-08-09 15:00:00+00:00,-59.74789739969908,False,False,sports_fees_v3,Tobol Kostanay Corners: O/U 4.5,3383283,kaz1-tob-kky-2026-08-09-corners-team-home-4pt5
Kazakhstan Premier League,soccer_team_total_corners,Tobol Kostanay vs. Kaisar Kyzylorda: Tobol Kostanay O/U 5.5 Corners,,1.0,,,0.0,0.0,0.0,2026-08-09 15:00:00+00:00,-59.74789739969908,False,False,sports_fees_v3,Tobol Kostanay Corners: O/U 5.5,3383284,kaz1-tob-kky-2026-08-09-corners-team-home-5pt5
Kazakhstan Premier League,soccer_team_total_corners,Tobol Kostanay vs. Kaisar Kyzylorda: Kaisar Kyzylorda O/U 2.5 Corners,,1.0,,,0.0,0.0,0.0,2026-08-09 15:00:00+00:00,-59.74789739969908,False,False,sports_fees_v3,Kaisar Kyzylorda Corners: O/U 2.5,3383285,kaz1-tob-kky-2026-08-09-corners-team-away-2pt5
Kazakhstan Premier League,soccer_team_total_corners,Tobol Kostanay vs. Kaisar Kyzylorda: Kaisar Kyzylorda O/U 3.5 Corners,,1.0,,,0.0,0.0,0.0,2026-08-09 15:00:00+00:00,-59.74789739969908,False,False,sports_fees_v3,Kaisar Kyzylorda Corners: O/U 3.5,3383286,kaz1-tob-kky-2026-08-09-corners-team-away-3pt5
Kazakhstan Premier League,soccer_team_total_corners,Tobol Kostanay vs. Kaisar Kyzylorda: Kaisar Kyzylorda O/U 4.5 Corners,,1.0,,,0.0,0.0,0.0,2026-08-09 15:00:00+00:00,-59.74789739969908,False,False,sports_fees_v3,Kaisar Kyzylorda Corners: O/U 4.5,3383287,kaz1-tob-kky-2026-08-09-corners-team-away-4pt5
Kazakhstan Premier League,soccer_team_total_corners,Tobol Kostanay vs. Kaisar Kyzylorda: Kaisar Kyzylorda O/U 5.5 Corners,,1.0,,,0.0,0.0,0.0,2026-08-09 15:00:00+00:00,-59.74789739969908,False,False,sports_fees_v3,Kaisar Kyzylorda Corners: O/U 5.5,3383288,kaz1-tob-kky-2026-08-09-corners-team-away-5pt5
Kazakhstan Premier League,soccer_game_corners_odd_even,Tobol Kostanay vs. Kaisar Kyzylorda: Total Corners Odd or Even?,,1.0,,,0.0,0.0,0.0,2026-08-09 15:00:00+00:00,-59.74789739969908,False,False,sports_fees_v3,Total Corners: Odd or Even,3383289,kaz1-tob-kky-2026-08-09-corners-odd-even
Kazakhstan Premier League,soccer_first_corner,Tobol Kostanay vs. Kaisar Kyzylorda: Team to Take First Corner,,1.0,,,0.0,0.0,0.0,2026-08-09 15:00:00+00:00,-59.74789739969908,False,False,sports_fees_v3,Team to Take First Corner,3383290,kaz1-tob-kky-2026-08-09-first-corner
Kazakhstan Premier League,soccer_first_corner,FC Astana vs. FC Okzhetpes: Team to Take First Corner,0.001,0.999,0.5,0.998,0.0,0.0,0.01,2026-08-09 13:00:00+00:00,-59.831230733032406,False,False,sports_fees_v3,Team to Take First Corner,3383313,kaz1-fca-okz-2026-08-09-first-corner
Kazakhstan Premier League,soccer_first_corner,FC Kaspiy Aktau vs. Ulytau FC: Team to Take First Corner,0.001,0.999,0.5,0.998,0.0,0.0,0.01,2026-08-08 15:00:00+00:00,-60.74789739969908,False,False,sports_fees_v3,Team to Take First Corner,3383336,kaz1-kaa-uly-2026-08-08-first-corner
Kazakhstan Premier League,soccer_first_corner,FC Altai Oskemen vs. FC Kyzylzhar SK: Team to Take First Corner,0.001,0.999,0.5,0.998,0.0,0.0,0.01,2026-08-08 12:00:00+00:00,-60.87289739969908,False,False,sports_fees_v3,Team to Take First Corner,3413147,kaz1-alt-kyz-2026-08-08-first-corner
Kazakhstan Premier League,,Will FC Kairat win the 2026 Kazakhstan Premier League?,0.02,0.98,0.5,0.96,0.0,0.0,3.0906,2027-01-01 04:59:00+00:00,84.83474148918981,False,True,sports_fees_v3,FC Kairat,3529799,2026-soccer-kazakhstan-premier-league-winner-fc-kairat
Kazakhstan Premier League,,Will FC Astana win the 2026 Kazakhstan Premier League?,0.02,0.98,0.5,0.96,0.0,0.0,3.0906,2027-01-01 04:59:00+00:00,84.83474148918981,False,True,sports_fees_v3,FC Astana,3529800,2026-soccer-kazakhstan-premier-league-winner-fc-astana
Kazakhstan Premier League,,Will FC Ordabasy win the 2026 Kazakhstan Premier League?,0.02,0.97,0.495,0.95,0.0,0.0,4.1308,2027-01-01 04:59:00+00:00,84.83474148918981,False,True,sports_fees_v3,FC Ordabasy,3529801,2026-soccer-kazakhstan-premier-league-winner-fc-ordabasy
Kazakhstan Premier League,,Will FC Kairat be runner-up in the 2026 Kazakhstan Premier League?,0.02,0.98,0.5,0.96,0.0,0.0,2.96,2027-01-01 04:59:00+00:00,84.83474148918981,False,True,sports_fees_v3,FC Kairat,3544407,2026-soccer-kazakhstan-premier-league-runner-up-fc-kairat
Kazakhstan Premier League,,Will FC Astana be runner-up in the 2026 Kazakhstan Premier League?,0.02,0.98,0.5,0.96,0.0,0.0,2.96,2027-01-01 04:59:00+00:00,84.83474148918981,False,True,sports_fees_v3,FC Astana,3544408,2026-soccer-kazakhstan-premier-league-runner-up-fc-astana
Kazakhstan Premier League,,Will FC Ordabasy be runner-up in the 2026 Kazakhstan Premier League?,0.02,0.97,0.495,0.95,0.0,0.0,4.0065,2027-01-01 04:59:00+00:00,84.83474148918981,False,True,sports_fees_v3,FC Ordabasy,3544409,2026-soccer-kazakhstan-premier-league-runner-up-fc-ordabasy
Kazakhstan Premier League,,Will FC Okzhetpes be runner-up in the 2026 Kazakhstan Premier League?,0.006,0.756,0.381,0.75,0.0,99.75,20.3633,2027-01-01 04:59:00+00:00,84.83474148918981,False,True,sports_fees_v3,FC Okzhetpes,3544412,2026-soccer-kazakhstan-premier-league-runner-up-fc-okzhetpes
Kazakhstan Premier League,total_corners,FC Kairat Almaty vs. Ulytau FC: O/U 7.5 Total Corners,0.001,0.999,0.5,0.998,0.0,0.0,0.01,2026-08-15 13:00:00+00:00,-53.831230733032406,False,False,sports_fees_v3,Total Corners: O/U 7.5,3580596,kaz1-alm-uly-2026-08-15-corners-total-7pt5
MODUS Super Series,moneyline,MODUS Super Series: Andreas Harrysson vs Danny Ayres,0.06,0.19,0.125,0.13,0.0,0.0,6.4699,2026-10-15 12:10:00+00:00,7.134047044745371,False,False,sports_fees_v3,,5407632,modus-harryss-ayres-2026-10-08-75392886
MODUS Super Series,moneyline,MODUS Super Series: Alex Spellman vs Harrison Leigh,0.48,0.98,0.73,0.5,74.849535,74.849535,563.2099,2026-10-15 12:30:00+00:00,7.14793593363426,False,False,sports_fees_v3,,5407633,modus-spellma-leigh-2026-10-08-75392888
MODUS Super Series,moneyline,MODUS Super Series: Conor Heneghan vs Oliver Mitchell,0.28,0.42,0.35,0.13999999999999996,0.0,0.0,6.4198,2026-10-15 12:45:00+00:00,7.158352600300926,False,False,sports_fees_v3,,5407634,modus-henegha-mitchel-2026-10-08-75392890
MODUS Super Series,moneyline,MODUS Super Series: Harrison Leigh vs Andreas Harrysson,0.6,0.74,0.6699999999999999,0.14,0.0,0.0,6.4199,2026-10-15 13:05:00+00:00,7.172241489189815,False,False,sports_fees_v3,,5407635,modus-leigh-harryss-2026-10-08-75392892
MODUS Super Series,moneyline,MODUS Super Series: Danny Ayres vs Conor Heneghan,0.56,0.7,0.63,0.1399999999999999,0.0,0.0,6.42,2026-10-15 13:20:00+00:00,7.182658155856482,False,False,sports_fees_v3,,5407636,modus-ayres-henegha-2026-10-08-75392894
MODUS Super Series,moneyline,MODUS Super Series: Oliver Mitchell vs Alex Spellman,0.57,0.63,0.6,0.06000000000000005,0.0,0.0,331.7703,2026-10-15 13:40:00+00:00,7.196547044745371,False,False,sports_fees_v3,,5407637,modus-mitchel-spellma-2026-10-08-75392896
MODUS Super Series,moneyline,MODUS Super Series: Conor Heneghan vs Andreas Harrysson,0.64,0.78,0.71,0.14,0.0,0.0,6.4199,2026-10-15 13:55:00+00:00,7.206963711412038,False,False,sports_fees_v3,,5407638,modus-henegha-harryss-2026-10-08-75392898
MODUS Super Series,moneyline,MODUS Super Series: Oliver Mitchell vs Harrison Leigh,0.53,0.67,0.6000000000000001,0.14,0.0,0.0,6.2503,2026-10-15 14:15:00+00:00,7.220852600300926,False,False,sports_fees_v3,,5407639,modus-mitchel-leigh-2026-10-08-75392900
MODUS Super Series,moneyline,MODUS Super Series: Alex Spellman vs Danny Ayres,0.24,0.31,0.275,0.07,0.0,0.0,27.2194,2026-10-15 14:30:00+00:00,7.231269266967593,False,False,sports_fees_v3,,5407640,modus-spellma-ayres-2026-10-08-75392902
MODUS Super Series,moneyline,MODUS Super Series: Harrison Leigh vs Conor Heneghan,0.37,0.51,0.44,0.14,0.0,0.0,87.0187,2026-10-15 14:50:00+00:00,7.245158155856482,False,False,sports_fees_v3,,5407641,modus-leigh-henegha-2026-10-08-75392904
MODUS Super Series,moneyline,MODUS Super Series: Andreas Harrysson vs Alex Spellman,0.17,0.58,0.375,0.4099999999999999,291.37224399999997,291.372244,338.8057,2026-10-15 15:05:00+00:00,7.2555748225231484,False,False,sports_fees_v3,,5407642,modus-harryss-spellma-2026-10-08-75392906
MODUS Super Series,moneyline,MODUS Super Series: Danny Ayres vs Oliver Mitchell,0.47,0.61,0.54,0.14,0.0,0.0,387.6879,2026-10-15 15:25:00+00:00,7.269463711412038,False,False,sports_fees_v3,,5407643,modus-ayres-mitchel-2026-10-08-75392908
MODUS Super Series,moneyline,MODUS Super Series: Conor Heneghan vs Alex Spellman,0.35,0.49,0.42,0.14,386.793958,386.7939579999999,1711.6674,2026-10-15 15:40:00+00:00,7.279880378078705,False,False,sports_fees_v3,,5407644,modus-henegha-spellma-2026-10-08-75392910
MODUS Super Series,moneyline,MODUS Super Series: Harrison Leigh vs Danny Ayres,0.21,0.34,0.275,0.13000000000000003,0.0,0.0,6.4699,2026-10-15 16:00:00+00:00,7.293769266967593,False,False,sports_fees_v3,,5407645,modus-leigh-ayres-2026-10-08-75392912
MODUS Super Series,moneyline,MODUS Super Series: Oliver Mitchell vs Andreas Harrysson,0.75,0.89,0.8200000000000001,0.14,0.0,0.0,6.42,2026-10-15 16:20:00+00:00,7.307658155856482,False,False,sports_fees_v3,,5407646,modus-mitchel-harryss-2026-10-08-75392914
MODUS Super Series,moneyline,MODUS Super Series: Danny Trueman vs Danny Lauby,0.57,0.71,0.6399999999999999,0.14,0.0,0.0,6.4198,2026-10-15 21:10:00+00:00,7.509047044745371,False,False,sports_fees_v3,,5407647,modus-trueman-lauby-2026-10-08-75392916
MODUS Super Series,moneyline,MODUS Super Series: Niek Tuik vs Lee Cocks,0.38,0.53,0.455,0.15000000000000002,0.0,0.0,317.7258,2026-10-15 21:30:00+00:00,7.52293593363426,False,False,sports_fees_v3,,5407648,modus-tuik-cocks-2026-10-08-75392918
MODUS Super Series,moneyline,MODUS Super Series: Danny Lauby vs William Borland,0.22,0.34,0.28,0.12000000000000002,0.0,0.0,17.4199,2026-10-15 21:45:00+00:00,7.533352600300926,False,False,sports_fees_v3,,5407649,modus-lauby-borland-2026-10-08-75392920
MODUS Super Series,moneyline,MODUS Super Series: Lee Cocks vs Danny Trueman,0.43,0.57,0.5,0.13999999999999996,0.0,0.0,353.3976,2026-10-15 22:05:00+00:00,7.547241489189815,False,False,sports_fees_v3,,5407650,modus-cocks-trueman-2026-10-08-75392922
MODUS Super Series,moneyline,MODUS Super Series: William Borland vs Niek Tuik,0.5,0.53,0.515,0.030000000000000027,142.18,142.18,426.854,2026-10-15 22:20:00+00:00,7.557658155856482,False,False,sports_fees_v3,,5407651,modus-borland-tuik-2026-10-08-75392924
MODUS Super Series,moneyline,MODUS Super Series: Lee Cocks vs Danny Lauby,0.59,0.72,0.655,0.13,0.0,0.0,20.4198,2026-10-15 22:40:00+00:00,7.571547044745371,False,False,sports_fees_v3,,5407652,modus-cocks-lauby-2026-10-08-75392926
MODUS Super Series,moneyline,MODUS Super Series: Niek Tuik vs Danny Trueman,0.41,0.48,0.44499999999999995,0.07,356.996364,356.996364,359.9331,2026-10-15 22:55:00+00:00,7.581963711412038,False,False,sports_fees_v3,,5407653,modus-tuik-trueman-2026-10-08-75392928
MODUS Super Series,moneyline,MODUS Super Series: William Borland vs Lee Cocks,0.39,0.53,0.46,0.14,0.0,0.0,298.7755,2026-10-15 23:15:00+00:00,7.595852600300926,False,False,sports_fees_v3,,5407654,modus-borland-cocks-2026-10-08-75392930
MODUS Super Series,moneyline,MODUS Super Series: Danny Lauby vs Niek Tuik,0.32,0.34,0.33,0.020000000000000018,254.251174,254.251174,418.3487,2026-10-15 23:30:00+00:00,7.606269266967593,False,False,sports_fees_v3,,5407655,modus-lauby-tuik-2026-10-08-75392932
MODUS Super Series,moneyline,MODUS Super Series: Danny Trueman vs William Borland,0.44,0.51,0.475,0.07,0.0,0.0,405.0454,2026-10-15 23:50:00+00:00,7.620158155856482,False,False,sports_fees_v3,,5407656,modus-trueman-borland-2026-10-08-75392934
MODUS Super Series,moneyline,MODUS Super Series: Andreas Harrysson vs Oliver Mitchell,0.09,0.32,0.20500000000000002,0.23,0.0,0.0,58.5998,2026-10-16 12:10:00+00:00,8.13404704474537,False,False,sports_fees_v3,,5419977,modus-harryss-mitchel-2026-10-09-75392936
MODUS Super Series,moneyline,MODUS Super Series: Danny Ayres vs Harrison Leigh,0.57,0.8,0.685,0.2300000000000001,0.0,0.0,58.5397,2026-10-16 12:30:00+00:00,8.14793593363426,False,False,sports_fees_v3,,5419978,modus-ayres-leigh-2026-10-09-75392938
MODUS Super Series,moneyline,MODUS Super Series: Alex Spellman vs Conor Heneghan,0.02,0.66,0.34,0.64,0.0,0.0,32.0198,2026-10-16 12:45:00+00:00,8.158352600300926,False,False,sports_fees_v3,,5419979,modus-spellma-henegha-2026-10-09-75392940
MODUS Super Series,moneyline,MODUS Super Series: Oliver Mitchell vs Danny Ayres,0.28,0.98,0.63,0.7,0.0,0.0,29.0399,2026-10-16 13:05:00+00:00,8.172241489189815,False,False,sports_fees_v3,,5419980,modus-mitchel-ayres-2026-10-09-75392942
MODUS Super Series,moneyline,MODUS Super Series: Alex Spellman vs Andreas Harrysson,0.61,0.83,0.72,0.21999999999999997,0.0,0.0,59.0395,2026-10-16 13:20:00+00:00,8.182658155856481,False,False,sports_fees_v3,,5419981,modus-spellma-harryss-2026-10-09-75392944
MODUS Super Series,moneyline,MODUS Super Series: Conor Heneghan vs Harrison Leigh,0.31,0.98,0.645,0.6699999999999999,0.0,0.0,30.5199,2026-10-16 13:40:00+00:00,8.19654704474537,False,False,sports_fees_v3,,5419982,modus-henegha-leigh-2026-10-09-75392946
MODUS Super Series,moneyline,MODUS Super Series: Danny Ayres vs Alex Spellman,0.6,0.82,0.71,0.21999999999999997,0.0,0.0,59.0398,2026-10-16 13:55:00+00:00,8.206963711412037,False,False,sports_fees_v3,,5419983,modus-ayres-spellma-2026-10-09-75392948
MODUS Super Series,moneyline,MODUS Super Series: Harrison Leigh vs Oliver Mitchell,0.02,0.98,0.5,0.96,0.0,0.0,10.0798,2026-10-16 14:15:00+00:00,8.220852600300926,False,False,sports_fees_v3,,5419984,modus-leigh-mitchel-2026-10-09-75392950
MODUS Super Series,moneyline,MODUS Super Series: Andreas Harrysson vs Conor Heneghan,0.02,0.98,0.5,0.96,0.0,0.0,10.0798,2026-10-16 14:30:00+00:00,8.231269266967594,False,False,sports_fees_v3,,5419985,modus-harryss-henegha-2026-10-09-75392952
MODUS Super Series,moneyline,MODUS Super Series: Alex Spellman vs Oliver Mitchell,0.02,0.98,0.5,0.96,0.0,0.0,10.0794,2026-10-16 14:50:00+00:00,8.245158155856481,False,False,sports_fees_v3,,5419986,modus-spellma-mitchel-2026-10-09-75392954
MODUS Super Series,moneyline,MODUS Super Series: Conor Heneghan vs Danny Ayres,0.12,0.35,0.235,0.22999999999999998,0.0,0.0,58.5797,2026-10-16 15:05:00+00:00,8.25557482252315,False,False,sports_fees_v3,,5419987,modus-henegha-ayres-2026-10-09-75392956
MODUS Super Series,moneyline,MODUS Super Series: Andreas Harrysson vs Harrison Leigh,0.15,0.36,0.255,0.21,0.0,0.0,59.5795,2026-10-16 15:25:00+00:00,8.269463711412037,False,False,sports_fees_v3,,5419988,modus-harryss-leigh-2026-10-09-75392958
MODUS Super Series,moneyline,MODUS Super Series: Oliver Mitchell vs Conor Heneghan,0.02,0.78,0.4,0.76,0.0,0.0,26.0398,2026-10-16 15:40:00+00:00,8.279880378078705,False,False,sports_fees_v3,,5419989,modus-mitchel-henegha-2026-10-09-75392960
MODUS Super Series,moneyline,MODUS Super Series: Harrison Leigh vs Alex Spellman,0.02,0.98,0.5,0.96,0.0,0.0,10.0799,2026-10-16 16:00:00+00:00,8.293769266967594,False,False,sports_fees_v3,,5419990,modus-leigh-spellma-2026-10-09-75392962
MODUS Super Series,moneyline,MODUS Super Series: Danny Ayres vs Andreas Harrysson,0.02,0.96,0.49,0.94,0.0,0.0,16.6193,2026-10-16 16:20:00+00:00,8.307658155856481,False,False,sports_fees_v3,,5419991,modus-ayres-harryss-2026-10-09-75392964
MODUS Super Series,moneyline,MODUS Super Series: William Borland vs Danny Trueman,0.02,0.98,0.5,0.96,0.0,0.0,10.0798,2026-10-16 21:10:00+00:00,8.50904704474537,False,False,sports_fees_v3,,5419992,modus-borland-trueman-2026-10-09-75392966
MODUS Super Series,moneyline,MODUS Super Series: Niek Tuik vs Danny Lauby,0.02,0.98,0.5,0.96,0.0,0.0,10.0798,2026-10-16 21:30:00+00:00,8.52293593363426,False,False,sports_fees_v3,,5419993,modus-tuik-lauby-2026-10-09-75392968
MODUS Super Series,moneyline,MODUS Super Series: Lee Cocks vs William Borland,0.02,0.98,0.5,0.96,0.0,0.0,10.0798,2026-10-16 21:45:00+00:00,8.533352600300926,False,False,sports_fees_v3,,5419994,modus-cocks-borland-2026-10-09-75392970
MODUS Super Series,moneyline,MODUS Super Series: Danny Trueman vs Niek Tuik,0.02,0.98,0.5,0.96,0.0,0.0,10.0798,2026-10-16 22:05:00+00:00,8.547241489189815,False,False,sports_fees_v3,,5419995,modus-trueman-tuik-2026-10-09-75392972
MODUS Super Series,moneyline,MODUS Super Series: Danny Lauby vs Lee Cocks,0.02,0.98,0.5,0.96,0.0,0.0,10.0798,2026-10-16 22:20:00+00:00,8.557658155856481,False,False,sports_fees_v3,,5419996,modus-lauby-cocks-2026-10-09-75392974
MODUS Super Series,moneyline,MODUS Super Series: Niek Tuik vs William Borland,0.02,0.98,0.5,0.96,0.0,0.0,10.0798,2026-10-16 22:40:00+00:00,8.57154704474537,False,False,sports_fees_v3,,5419997,modus-tuik-borland-2026-10-09-75392976
MODUS Super Series,moneyline,MODUS Super Series: Danny Trueman vs Lee Cocks,0.02,0.98,0.5,0.96,0.0,0.0,10.0797,2026-10-16 22:55:00+00:00,8.581963711412037,False,False,sports_fees_v3,,5419998,modus-trueman-cocks-2026-10-09-75392978
MODUS Super Series,moneyline,MODUS Super Series: William Borland vs Danny Lauby,0.02,0.98,0.5,0.96,0.0,0.0,10.0798,2026-10-16 23:15:00+00:00,8.595852600300926,False,False,sports_fees_v3,,5419999,modus-borland-lauby-2026-10-09-75392980
MODUS Super Series,moneyline,MODUS Super Series: Lee Cocks vs Niek Tuik,0.02,0.98,0.5,0.96,0.0,0.0,10.0798,2026-10-16 23:30:00+00:00,8.606269266967594,False,False,sports_fees_v3,,5420000,modus-cocks-tuik-2026-10-09-75392982
MODUS Super Series,moneyline,MODUS Super Series: Danny Lauby vs Danny Trueman,0.02,0.98,0.5,0.96,0.0,0.0,10.0798,2026-10-16 23:50:00+00:00,8.620158155856481,False,False,sports_fees_v3,,5420001,modus-lauby-trueman-2026-10-09-75392984
Brasileirão Série C,soccer_first_corner,SER Caxias do Sul vs. Botafogo FC PB: Team to Take First Corner,,1.0,,,0.0,0.0,0.0,2026-07-26 21:30:00+00:00,-73.47706406636574,False,False,sports_fees_v3,Team to Take First Corner,3084154,bra3-cax-bot-2026-07-26-first-corner
Brasileirão Série C,soccer_first_corner,Brusque FC SC vs. Ituano FC SP: Team to Take First Corner,,1.0,,,0.0,0.0,0.0,2026-07-26 19:00:00+00:00,-73.58123073303241,False,False,sports_fees_v3,Team to Take First Corner,3084200,bra3-bru-itu-2026-07-26-first-corner
Brasileirão Série C,soccer_first_corner,Ferroviaria Araraquara SP vs. Maranhao AC MA: Team to Take First Corner,,1.0,,,0.0,0.0,0.0,2026-07-25 20:00:00+00:00,-74.53956406636574,False,False,sports_fees_v3,Team to Take First Corner,3084292,bra3-ara-mar-2026-07-25-first-corner
Brasileirão Série C,soccer_first_corner,Floresta EC CE vs. Maringa FC PR: Team to Take First Corner,,1.0,,,0.0,0.0,0.0,2026-07-27 23:00:00+00:00,-72.41456406636574,False,False,sports_fees_v3,Team to Take First Corner,3102317,bra3-flo-mp-2026-07-27-first-corner
Brasileirão Série C,soccer_first_corner,Guarani FC SP vs. AA Internacional Limeira SP: Team to Take First Corner,,1.0,,,0.0,0.0,0.0,2026-07-27 23:00:00+00:00,-72.41456406636574,False,False,sports_fees_v3,Team to Take First Corner,3102340,bra3-gua-int-2026-07-27-first-corner
Brasileirão Série C,,Will Botafogo-PB win the 2026 Brasileirão Série C?,0.01,0.98,0.495,0.97,0.0,0.0,2.764,2027-01-01 04:59:00+00:00,84.83474148918981,False,True,sports_fees_v3,Botafogo-PB,3530905,2026-soccer-brasileiro-srie-c-winner-botafogo-pb
Brasileirão Série C,,Will Brusque win the 2026 Brasileirão Série C?,0.02,0.98,0.5,0.96,0.0,0.0,3.264,2027-01-01 04:59:00+00:00,84.83474148918981,False,True,sports_fees_v3,Brusque,3530906,2026-soccer-brasileiro-srie-c-winner-brusque
Brasileirão Série C,,Will Ferroviária win the 2026 Brasileirão Série C?,0.02,0.94,0.48,0.9199999999999999,0.0,0.0,8.1087,2027-01-01 04:59:00+00:00,84.83474148918981,False,True,sports_fees_v3,Ferroviária,3530909,2026-soccer-brasileiro-srie-c-winner-ferroviria
Brasileirão Série C,,Will Floresta win the 2026 Brasileirão Série C?,0.02,0.98,0.5,0.96,0.0,0.0,3.2639,2027-01-01 04:59:00+00:00,84.83474148918981,False,True,sports_fees_v3,Floresta,3530911,2026-soccer-brasileiro-srie-c-winner-floresta
Brasileirão Série C,,Will Inter de Limeira win the 2026 Brasileirão Série C?,0.01,0.98,0.495,0.97,0.0,0.0,2.7639,2027-01-01 04:59:00+00:00,84.83474148918981,False,True,sports_fees_v3,Inter de Limeira,3530913,2026-soccer-brasileiro-srie-c-winner-inter-de-limeira
Brasileirão Série C,,Will Maringá win the 2026 Brasileirão Série C?,0.02,0.96,0.49,0.94,0.0,0.0,6.6851,2027-01-01 04:59:00+00:00,84.83474148918981,False,True,sports_fees_v3,Maringá,3530917,2026-soccer-brasileiro-srie-c-winner-maring
Brasileirão Série C,,Will Paysandu win the 2026 Brasileirão Série C?,0.01,0.98,0.495,0.97,0.0,0.0,2.7639,2027-01-01 04:59:00+00:00,84.83474148918981,False,True,sports_fees_v3,Paysandu,3530918,2026-soccer-brasileiro-srie-c-winner-paysandu
Brasileirão Série C,,Will Santa Cruz win the 2026 Brasileirão Série C?,0.01,0.97,0.49,0.96,0.0,0.0,2.764,2027-01-01 04:59:00+00:00,84.83474148918981,False,True,sports_fees_v3,Santa Cruz,3530919,2026-soccer-brasileiro-srie-c-winner-santa-cruz
Brasileirão Série C,,Will Botafogo-PB be runner-up in the 2026 Brasileirão Série C?,0.02,0.74,0.38,0.72,0.0,0.0,6.004,2027-01-01 04:59:00+00:00,84.83474148918981,False,True,sports_fees_v3,Botafogo-PB,3545469,2026-soccer-brasileiro-srie-c-runner-up-botafogo-pb
Brasileirão Série C,,Will Brusque be runner-up in the 2026 Brasileirão Série C?,0.02,0.74,0.38,0.72,0.0,0.0,6.0339,2027-01-01 04:59:00+00:00,84.83474148918981,False,True,sports_fees_v3,Brusque,3545470,2026-soccer-brasileiro-srie-c-runner-up-brusque
Brasileirão Série C,,Will Ferroviária be runner-up in the 2026 Brasileirão Série C?,0.02,0.74,0.38,0.72,0.0,0.0,5.1055,2027-01-01 04:59:00+00:00,84.83474148918981,False,True,sports_fees_v3,Ferroviária,3545473,2026-soccer-brasileiro-srie-c-runner-up-ferroviria
Brasileirão Série C,,Will Floresta be runner-up in the 2026 Brasileirão Série C?,0.02,0.74,0.38,0.72,0.0,0.0,5.8381,2027-01-01 04:59:00+00:00,84.83474148918981,False,True,sports_fees_v3,Floresta,3545475,2026-soccer-brasileiro-srie-c-runner-up-floresta
Brasileirão Série C,,Will Inter de Limeira be runner-up in the 2026 Brasileirão Série C?,0.02,0.74,0.38,0.72,0.0,0.0,6.044,2027-01-01 04:59:00+00:00,84.83474148918981,False,True,sports_fees_v3,Inter de Limeira,3545477,2026-soccer-brasileiro-srie-c-runner-up-inter-de-limeira
Brasileirão Série C,,Will Maringá be runner-up in the 2026 Brasileirão Série C?,0.02,0.74,0.38,0.72,0.0,0.0,6.0439,2027-01-01 04:59:00+00:00,84.83474148918981,False,True,sports_fees_v3,Maringá,3545481,2026-soccer-brasileiro-srie-c-runner-up-maring
Brasileirão Série C,,Will Paysandu be runner-up in the 2026 Brasileirão Série C?,0.02,0.74,0.38,0.72,0.0,0.0,6.0038,2027-01-01 04:59:00+00:00,84.83474148918981,False,True,sports_fees_v3,Paysandu,3545482,2026-soccer-brasileiro-srie-c-runner-up-paysandu
Brasileirão Série C,,Will Santa Cruz be runner-up in the 2026 Brasileirão Série C?,0.02,0.74,0.38,0.72,0.0,0.0,9.8835,2027-01-01 04:59:00+00:00,84.83474148918981,False,True,sports_fees_v3,Santa Cruz,3545483,2026-soccer-brasileiro-srie-c-runner-up-santa-cruz
DEL,moneyline,DEL: Löwen Frankfurt vs. Krefeld Pinguine,0.54,0.57,0.5549999999999999,0.029999999999999916,0.0,0.0,1377.0271,2026-10-08 17:30:00+00:00,0.3562692669675926,False,False,sports_fees_v3,,5206753,dehl-loe-kre-2026-10-08
DEL,moneyline,DEL: Augsburger Panther vs. Bremerhaven,0.54,0.57,0.5549999999999999,0.029999999999999916,0.0,0.0,949.7994,2026-10-09 17:30:00+00:00,1.3562692669675926,False,False,sports_fees_v3,,5237463,dehl-aug-bre-2026-10-09
DEL,moneyline,DEL: Eisbären Berlin vs. Grizzlys Wolfsburg,0.68,0.71,0.6950000000000001,0.029999999999999916,0.0,0.0,1002.4078,2026-10-09 17:30:00+00:00,1.3562692669675926,False,False,sports_fees_v3,,5237469,dehl-eis-gri-2026-10-09
DEL,moneyline,DEL: Kölner Haie vs. Schwenninger Wild Wings,0.75,0.77,0.76,0.020000000000000018,0.0,0.0,1082.3483,2026-10-09 17:30:00+00:00,1.3562692669675926,False,False,sports_fees_v3,,5237473,dehl-koe-sch-2026-10-09
DEL,moneyline,DEL: EHC Red Bull München vs. ERC Ingolstadt,0.66,0.68,0.67,0.020000000000000018,0.0,0.0,1083.8205,2026-10-09 17:30:00+00:00,1.3562692669675926,False,False,sports_fees_v3,,5237480,dehl-ehc-erc-2026-10-09
DEL,moneyline,DEL: Nürnberg Ice Tigers vs. Adler Mannheim,0.42,0.44,0.43,0.020000000000000018,0.0,0.0,961.1653,2026-10-09 17:30:00+00:00,1.3562692669675926,False,False,sports_fees_v3,,5237487,dehl-nur-adl-2026-10-09
DEL,moneyline,DEL: Straubing Tigers vs. Iserlohn Roosters,0.75,0.78,0.765,0.030000000000000027,0.0,0.0,1010.768,2026-10-09 17:30:00+00:00,1.3562692669675926,False,False,sports_fees_v3,,5237497,dehl-str-ise-2026-10-09
DEL,moneyline,DEL: ERC Ingolstadt vs. Löwen Frankfurt,0.02,0.98,0.5,0.96,0.0,0.0,14.1198,2026-10-11 12:00:00+00:00,3.1271026003009257,False,False,sports_fees_v3,,5329718,dehl-erc-loe-2026-10-11
DEL,moneyline,DEL: Krefeld Pinguine vs. Augsburger Panther,0.02,0.98,0.5,0.96,0.0,0.0,14.1197,2026-10-11 12:00:00+00:00,3.1271026003009257,False,False,sports_fees_v3,,5329722,dehl-kre-aug-2026-10-11
DEL,moneyline,DEL: Bremerhaven vs. Eisbären Berlin,0.02,0.98,0.5,0.96,0.0,0.0,14.1196,2026-10-11 14:30:00+00:00,3.2312692669675926,False,False,sports_fees_v3,,5329726,dehl-bre-eis-2026-10-11
DEL,moneyline,DEL: Iserlohn Roosters vs. Grizzlys Wolfsburg,0.02,0.98,0.5,0.96,0.0,0.0,14.1197,2026-10-11 14:30:00+00:00,3.2312692669675926,False,False,sports_fees_v3,,5329729,dehl-ise-gri-2026-10-11
DEL,moneyline,DEL: Kölner Haie vs. Nürnberg Ice Tigers,0.02,0.98,0.5,0.96,0.0,0.0,14.1196,2026-10-11 14:30:00+00:00,3.2312692669675926,False,False,sports_fees_v3,,5329732,dehl-koe-nur-2026-10-11
DEL,moneyline,DEL: Schwenninger Wild Wings vs. EHC Red Bull München,0.02,0.98,0.5,0.96,0.0,0.0,14.1197,2026-10-11 14:30:00+00:00,3.2312692669675926,False,False,sports_fees_v3,,5329735,dehl-sch-ehc-2026-10-11
DEL,moneyline,DEL: Adler Mannheim vs. Straubing Tigers,0.02,0.98,0.5,0.96,0.0,0.0,14.1196,2026-10-11 17:00:00+00:00,3.335435933634259,False,False,sports_fees_v3,,5329737,dehl-adl-str-2026-10-11
Danish Superliga,soccer_first_corner,FC Midtjylland vs. AC Horsens: Team to Take First Corner,0.001,0.999,0.5,0.998,0.0,0.0,0.04,2026-08-02 12:00:00+00:00,-66.87289739969907,False,False,sports_fees_v3,Team to Take First Corner,3040379,den-mid-hor-2026-08-02-first-corner
Danish Superliga,soccer_first_corner,AC Horsens vs. FC Nordsjælland: Team to Take First Corner,,1.0,,,0.0,0.0,0.0,2026-07-26 16:00:00+00:00,-73.70623073303241,False,False,sports_fees_v3,Team to Take First Corner,3040761,den-hor-nor-2026-07-26-first-corner
Danish Superliga,soccer_first_corner,Sønderjyske Fodbold vs. FC Nordsjælland: Team to Take First Corner,0.001,0.999,0.5,0.998,0.0,0.0,0.01,2026-08-23 10:00:00+00:00,-45.956230733032406,False,False,sports_fees_v3,Team to Take First Corner,3469068,den-sjs-nor-2026-08-23-first-corner
Danish Superliga,total_corners,Brøndby IF vs. Silkeborg IF: O/U 13.5 Total Corners,0.001,0.999,0.5,0.998,0.0,7.4096340000000005,0.01,2026-08-24 17:00:00+00:00,-44.66456406636574,False,False,sports_fees_v3,Total Corners: O/U 13.5,3499687,den-bro-sif-2026-08-24-corners-total-13pt5
Danish Superliga,soccer_second_half_total_corners,Brøndby IF vs. Silkeborg IF: 2nd Half O/U 5.5 Total Corners,0.001,0.999,0.5,0.998,0.0,0.0,0.01,2026-08-24 17:00:00+00:00,-44.66456406636574,False,False,sports_fees_v3,2nd Half Total Corners: O/U 5.5,3499694,den-bro-sif-2026-08-24-corners-second-half-total-5pt5
Danish Superliga,soccer_team_total_corners,Brøndby IF vs. Silkeborg IF: Silkeborg IF O/U 4.5 Corners,0.001,0.999,0.5,0.998,0.0,0.0,0.01,2026-08-24 17:00:00+00:00,-44.66456406636574,False,False,sports_fees_v3,Silkeborg IF Corners: O/U 4.5,3499703,den-bro-sif-2026-08-24-corners-team-away-4pt5
Danish Superliga,soccer_game_corners_odd_even,Brøndby IF vs. Silkeborg IF: Total Corners Odd or Even?,0.001,0.999,0.5,0.998,0.0,0.0,0.01,2026-08-24 17:00:00+00:00,-44.66456406636574,False,False,sports_fees_v3,Total Corners: Odd or Even,3499705,den-bro-sif-2026-08-24-corners-odd-even
Danish Superliga,,Will AGF win the 2026-27 Denmark Superliga?,0.01,0.99,0.5,0.98,0.0,0.0,1.6985,2027-08-01 03:59:00+00:00,296.7930748225232,False,True,sports_fees_v3,AGF,3529421,2027-soccer-denmark-superliga-winner-agf
Danish Superliga,,Will Midtjylland win the 2026-27 Denmark Superliga?,0.01,0.98,0.495,0.97,0.0,0.0,3.3085,2027-08-01 03:59:00+00:00,296.7930748225232,False,True,sports_fees_v3,Midtjylland,3529422,2027-soccer-denmark-superliga-winner-midtjylland
Danish Superliga,,Will Sønderjyske win the 2026-27 Denmark Superliga?,,0.99,,,0.0,14.7,1.715,2027-08-01 03:59:00+00:00,296.7930748225232,False,True,sports_fees_v3,Sønderjyske,3529423,2027-soccer-denmark-superliga-winner-snderjyske
Danish Superliga,,Will Brøndby win the 2026-27 Denmark Superliga?,0.01,0.99,0.5,0.98,0.0,0.0,1.6985,2027-08-01 03:59:00+00:00,296.7930748225232,False,True,sports_fees_v3,Brøndby,3529424,2027-soccer-denmark-superliga-winner-brndby
Danish Superliga,,Will Viborg win the 2026-27 Denmark Superliga?,0.01,0.99,0.5,0.98,0.0,0.0,1.6986,2027-08-01 03:59:00+00:00,296.7930748225232,False,True,sports_fees_v3,Viborg,3529425,2027-soccer-denmark-superliga-winner-viborg
Danish Superliga,,Will Nordsjælland win the 2026-27 Denmark Superliga?,0.01,0.99,0.5,0.98,0.0,0.0,1.6986,2027-08-01 03:59:00+00:00,296.7930748225232,False,True,sports_fees_v3,Nordsjælland,3529426,2027-soccer-denmark-superliga-winner-nordsjlland
Danish Superliga,,Will Copenhagen win the 2026-27 Denmark Superliga?,0.02,0.99,0.505,0.97,0.0,0.0,5.6985,2027-08-01 03:59:00+00:00,296.7930748225232,False,True,sports_fees_v3,Copenhagen,3529427,2027-soccer-denmark-superliga-winner-copenhagen
Danish Superliga,,Will OB win the 2026-27 Denmark Superliga?,0.01,0.99,0.5,0.98,0.0,0.0,1.6985,2027-08-01 03:59:00+00:00,296.7930748225232,False,True,sports_fees_v3,OB,3529428,2027-soccer-denmark-superliga-winner-ob
Danish Superliga,,Will Randers win the 2026-27 Denmark Superliga?,0.01,0.99,0.5,0.98,0.0,0.0,1.6986,2027-08-01 03:59:00+00:00,296.7930748225232,False,True,sports_fees_v3,Randers,3529429,2027-soccer-denmark-superliga-winner-randers
Danish Superliga,,Will Silkeborg win the 2026-27 Denmark Superliga?,0.01,0.99,0.5,0.98,0.0,0.0,1.6986,2027-08-01 03:59:00+00:00,296.7930748225232,False,True,sports_fees_v3,Silkeborg,3529430,2027-soccer-denmark-superliga-winner-silkeborg
Danish Superliga,,Will Lyngby win the 2026-27 Denmark Superliga?,0.01,0.99,0.5,0.98,0.0,0.0,1.6986,2027-08-01 03:59:00+00:00,296.7930748225232,False,True,sports_fees_v3,Lyngby,3529431,2027-soccer-denmark-superliga-winner-lyngby
Danish Superliga,,Will AC Horsens win the 2026-27 Denmark Superliga?,0.01,0.99,0.5,0.98,0.0,0.0,1.6986,2027-08-01 03:59:00+00:00,296.7930748225232,False,True,sports_fees_v3,AC Horsens,3529432,2027-soccer-denmark-superliga-winner-ac-horsens
Danish Superliga,,Will AGF be runner-up in the 2026-27 Denmark Superliga?,0.01,0.99,0.5,0.98,0.0,0.0,1.6986,2027-08-01 03:59:00+00:00,296.7930748225232,False,True,sports_fees_v3,AGF,3543649,2027-soccer-denmark-superliga-runner-up-agf
Danish Superliga,,Will Midtjylland be runner-up in the 2026-27 Denmark Superliga?,0.01,0.99,0.5,0.98,0.0,0.0,1.6985,2027-08-01 03:59:00+00:00,296.7930748225232,False,True,sports_fees_v3,Midtjylland,3543650,2027-soccer-denmark-superliga-runner-up-midtjylland
Danish Superliga,,Will Sønderjyske be runner-up in the 2026-27 Denmark Superliga?,0.01,0.99,0.5,0.98,0.0,0.0,1.6986,2027-08-01 03:59:00+00:00,296.7930748225232,False,True,sports_fees_v3,Sønderjyske,3543651,2027-soccer-denmark-superliga-runner-up-snderjyske
Danish Superliga,,Will Brøndby be runner-up in the 2026-27 Denmark Superliga?,0.01,0.99,0.5,0.98,0.0,0.0,1.6986,2027-08-01 03:59:00+00:00,296.7930748225232,False,True,sports_fees_v3,Brøndby,3543652,2027-soccer-denmark-superliga-runner-up-brndby
Danish Superliga,,Will Viborg be runner-up in the 2026-27 Denmark Superliga?,0.01,0.99,0.5,0.98,0.0,0.0,1.6986,2027-08-01 03:59:00+00:00,296.7930748225232,False,True,sports_fees_v3,Viborg,3543653,2027-soccer-denmark-superliga-runner-up-viborg
Danish Superliga,,Will Nordsjælland be runner-up in the 2026-27 Denmark Superliga?,0.01,0.99,0.5,0.98,0.0,0.0,1.6986,2027-08-01 03:59:00+00:00,296.7930748225232,False,True,sports_fees_v3,Nordsjælland,3543654,2027-soccer-denmark-superliga-runner-up-nordsjlland
Danish Superliga,,Will Copenhagen be runner-up in the 2026-27 Denmark Superliga?,0.01,0.99,0.5,0.98,0.0,0.0,1.6986,2027-08-01 03:59:00+00:00,296.7930748225232,False,True,sports_fees_v3,Copenhagen,3543655,2027-soccer-denmark-superliga-runner-up-copenhagen
Danish Superliga,,Will OB be runner-up in the 2026-27 Denmark Superliga?,0.01,0.99,0.5,0.98,0.0,0.0,1.6986,2027-08-01 03:59:00+00:00,296.7930748225232,False,True,sports_fees_v3,OB,3543656,2027-soccer-denmark-superliga-runner-up-ob
Danish Superliga,,Will Randers be runner-up in the 2026-27 Denmark Superliga?,0.01,0.99,0.5,0.98,0.0,0.0,1.6986,2027-08-01 03:59:00+00:00,296.7930748225232,False,True,sports_fees_v3,Randers,3543657,2027-soccer-denmark-superliga-runner-up-randers
Danish Superliga,,Will Silkeborg be runner-up in the 2026-27 Denmark Superliga?,0.01,0.99,0.5,0.98,0.0,0.0,1.6986,2027-08-01 03:59:00+00:00,296.7930748225232,False,True,sports_fees_v3,Silkeborg,3543658,2027-soccer-denmark-superliga-runner-up-silkeborg
Danish Superliga,,Will Lyngby be runner-up in the 2026-27 Denmark Superliga?,0.01,0.99,0.5,0.98,0.0,0.0,1.6986,2027-08-01 03:59:00+00:00,296.7930748225232,False,True,sports_fees_v3,Lyngby,3543659,2027-soccer-denmark-superliga-runner-up-lyngby
Danish Superliga,,Will AC Horsens be runner-up in the 2026-27 Denmark Superliga?,0.01,0.99,0.5,0.98,0.0,0.0,1.6986,2027-08-01 03:59:00+00:00,296.7930748225232,False,True,sports_fees_v3,AC Horsens,3543660,2027-soccer-denmark-superliga-runner-up-ac-horsens
Danish Superliga,soccer_first_corner,Sønderjyske Fodbold vs. AC Horsens: Team to Take First Corner,,1.0,,,0.0,0.0,0.0,2026-09-06 12:00:00+00:00,-31.872897399699077,False,False,sports_fees_v3,Team to Take First Corner,3821681,den-sjs-hor-2026-09-06-first-corner
Danish Superliga,,Will AGF be relegated from the 2026-27 Denmark Superliga?,0.25,0.55,0.4,0.30000000000000004,0.0,310.0,21.2337,2027-07-01 03:59:00+00:00,265.7930748225232,False,False,sports_fees_v3,AGF,3848160,will-agf-be-relegated-from-denmark-superliga-2026-27
Danish Superliga,,Will Midtjylland be relegated from the 2026-27 Denmark Superliga?,0.011,0.341,0.17600000000000002,0.33,0.0,0.0,25.15793,2027-07-01 03:59:00+00:00,265.7930748225232,False,False,sports_fees_v3,Midtjylland,3848161,will-midtjylland-be-relegated-from-denmark-superliga-2026-27
Danish Superliga,,Will Sønderjyske be relegated from the 2026-27 Denmark Superliga?,0.52,0.53,0.525,0.010000000000000009,5.42,2866.7246769999997,842.7859,2027-07-01 03:59:00+00:00,265.7930748225232,False,False,sports_fees_v3,Sønderjyske,3848162,will-s-nderjyske-be-relegated-from-denmark-superliga-2026-27
Danish Superliga,,Will Brøndby be relegated from the 2026-27 Denmark Superliga?,0.227,0.294,0.2605,0.06699999999999998,0.0,0.0,299.9765,2027-07-01 03:59:00+00:00,265.7930748225232,False,False,sports_fees_v3,Brøndby,3848164,will-br-ndby-be-relegated-from-denmark-superliga-2026-27
Danish Superliga,,Will Viborg be relegated from the 2026-27 Denmark Superliga?,0.02,0.05,0.035,0.030000000000000002,0.0,41.0,1405.1111,2027-07-01 03:59:00+00:00,265.7930748225232,False,False,sports_fees_v3,Viborg,3848166,will-viborg-be-relegated-from-denmark-superliga-2026-27
Danish Superliga,,Will Nordsjælland be relegated from the 2026-27 Denmark Superliga?,0.009,0.055,0.032,0.046,0.0,811.0,133.08799,2027-07-01 03:59:00+00:00,265.7930748225232,False,False,sports_fees_v3,Nordsjælland,3848168,will-nordsj-lland-be-relegated-from-denmark-superliga-2026-27
Danish Superliga,,Will Copenhagen be relegated from the 2026-27 Denmark Superliga?,0.015,0.343,0.17900000000000002,0.328,0.0,66.0,30.1619,2027-07-01 03:59:00+00:00,265.7930748225232,False,False,sports_fees_v3,Copenhagen,3848170,will-copenhagen-be-relegated-from-denmark-superliga-2026-27
Danish Superliga,,Will OB be relegated from the 2026-27 Denmark Superliga?,0.09,0.15,0.12,0.06,83.35,1170.5700000000002,65.2645,2027-07-01 03:59:00+00:00,265.7930748225232,False,False,sports_fees_v3,OB,3848172,will-ob-be-relegated-from-denmark-superliga-2026-27
Danish Superliga,,Will Randers be relegated from the 2026-27 Denmark Superliga?,0.01,0.31,0.16,0.3,0.0,0.0,40.6639,2027-07-01 03:59:00+00:00,265.7930748225232,False,False,sports_fees_v3,Randers,3848173,will-randers-be-relegated-from-denmark-superliga-2026-27
Danish Superliga,,Will Silkeborg be relegated from the 2026-27 Denmark Superliga?,0.45,0.46,0.455,0.010000000000000009,466.66,3900.4810530000004,153.8199,2027-07-01 03:59:00+00:00,265.7930748225232,False,False,sports_fees_v3,Silkeborg,3848175,will-silkeborg-be-relegated-from-denmark-superliga-2026-27
Danish Superliga,,Will Lyngby be relegated from the 2026-27 Denmark Superliga?,0.4,0.42,0.41000000000000003,0.019999999999999962,0.0,1599.9166670000002,993.3199,2027-07-01 03:59:00+00:00,265.7930748225232,False,False,sports_fees_v3,Lyngby,3848177,will-lyngby-be-relegated-from-denmark-superliga-2026-27
Danish Superliga,,Will AC Horsens be relegated from the 2026-27 Denmark Superliga?,0.2,0.38,0.29000000000000004,0.18,0.0,552.78521,54.0729,2027-07-01 03:59:00+00:00,265.7930748225232,False,False,sports_fees_v3,AC Horsens,3848179,will-ac-horsens-be-relegated-from-denmark-superliga-2026-27
Danish Superliga,,Will AGF finish 10th in the 2026-27 Denmark Superliga?,0.01,0.99,0.5,0.98,0.0,0.0,1.7985,2027-07-01 03:59:00+00:00,265.7930748225232,False,True,sports_fees_v3,AGF,3848575,will-agf-finish-10th-in-denmark-superliga-2026-27
Danish Superliga,,Will Midtjylland finish 10th in the 2026-27 Denmark Superliga?,0.01,0.99,0.5,0.98,0.0,0.0,1.7985,2027-07-01 03:59:00+00:00,265.7930748225232,False,True,sports_fees_v3,Midtjylland,3848577,will-midtjylland-finish-10th-in-denmark-superliga-2026-27
Danish Superliga,,Will Sønderjyske finish 10th in the 2026-27 Denmark Superliga?,0.01,0.99,0.5,0.98,0.0,0.0,1.7986,2027-07-01 03:59:00+00:00,265.7930748225232,False,True,sports_fees_v3,Sønderjyske,3848579,will-s-nderjyske-finish-10th-in-denmark-superliga-2026-27
Danish Superliga,,Will Brøndby finish 10th in the 2026-27 Denmark Superliga?,0.01,0.99,0.5,0.98,0.0,0.0,1.7985,2027-07-01 03:59:00+00:00,265.7930748225232,False,True,sports_fees_v3,Brøndby,3848581,will-br-ndby-finish-10th-in-denmark-superliga-2026-27
Danish Superliga,,Will Viborg finish 10th in the 2026-27 Denmark Superliga?,0.01,0.99,0.5,0.98,0.0,0.0,1.7986,2027-07-01 03:59:00+00:00,265.7930748225232,False,True,sports_fees_v3,Viborg,3848583,will-viborg-finish-10th-in-denmark-superliga-2026-27
Danish Superliga,,Will Nordsjælland finish 10th in the 2026-27 Denmark Superliga?,0.01,0.99,0.5,0.98,0.0,0.0,1.7986,2027-07-01 03:59:00+00:00,265.7930748225232,False,True,sports_fees_v3,Nordsjælland,3848585,will-nordsj-lland-finish-10th-in-denmark-superliga-2026-27
Danish Superliga,,Will Copenhagen finish 10th in the 2026-27 Denmark Superliga?,0.01,0.99,0.5,0.98,0.0,0.0,1.7486,2027-07-01 03:59:00+00:00,265.7930748225232,False,True,sports_fees_v3,Copenhagen,3848587,will-copenhagen-finish-10th-in-denmark-superliga-2026-27
Danish Superliga,,Will OB finish 10th in the 2026-27 Denmark Superliga?,0.01,0.99,0.5,0.98,0.0,0.0,1.7486,2027-07-01 03:59:00+00:00,265.7930748225232,False,True,sports_fees_v3,OB,3848589,will-ob-finish-10th-in-denmark-superliga-2026-27
Danish Superliga,,Will Randers finish 10th in the 2026-27 Denmark Superliga?,0.01,0.99,0.5,0.98,0.0,0.0,1.7486,2027-07-01 03:59:00+00:00,265.7930748225232,False,True,sports_fees_v3,Randers,3848591,will-randers-finish-10th-in-denmark-superliga-2026-27
Danish Superliga,,Will Silkeborg finish 10th in the 2026-27 Denmark Superliga?,0.01,0.99,0.5,0.98,0.0,0.0,1.7986,2027-07-01 03:59:00+00:00,265.7930748225232,False,True,sports_fees_v3,Silkeborg,3848593,will-silkeborg-finish-10th-in-denmark-superliga-2026-27
Danish Superliga,,Will Lyngby finish 10th in the 2026-27 Denmark Superliga?,0.01,0.99,0.5,0.98,0.0,0.0,1.7985,2027-07-01 03:59:00+00:00,265.7930748225232,False,True,sports_fees_v3,Lyngby,3848595,will-lyngby-finish-10th-in-denmark-superliga-2026-27
Danish Superliga,,Will AC Horsens finish 10th in the 2026-27 Denmark Superliga?,0.01,0.99,0.5,0.98,0.0,0.0,1.7986,2027-07-01 03:59:00+00:00,265.7930748225232,False,True,sports_fees_v3,AC Horsens,3848597,will-ac-horsens-finish-10th-in-denmark-superliga-2026-27
Danish Superliga,,Will AGF keep the most clean sheets in the 2026-27 Denmark Superliga?,0.02,0.88,0.45,0.86,0.0,0.0,11.0877,2027-07-01 03:59:00+00:00,265.7930748225232,False,True,sports_fees_v3,AGF,3849557,will-agf-keep-the-most-clean-sheets-in-denmark-superliga-2026-27
Danish Superliga,,Will Midtjylland keep the most clean sheets in the 2026-27 Denmark Superliga?,0.02,0.95,0.485,0.9299999999999999,0.0,0.0,7.6852,2027-07-01 03:59:00+00:00,265.7930748225232,False,True,sports_fees_v3,Midtjylland,3849560,will-midtjylland-keep-the-most-clean-sheets-in-denmark-superliga-2026-27
Danish Superliga,,Will Sønderjyske keep the most clean sheets in the 2026-27 Denmark Superliga?,0.02,0.89,0.455,0.87,0.0,0.0,8.1184,2027-07-01 03:59:00+00:00,265.7930748225232,False,True,sports_fees_v3,Sønderjyske,3849564,will-s-nderjyske-keep-the-most-clean-sheets-in-denmark-superliga-2026-27
Danish Superliga,,Will Brøndby keep the most clean sheets in the 2026-27 Denmark Superliga?,0.02,0.96,0.49,0.94,0.0,0.0,8.3685,2027-07-01 03:59:00+00:00,265.7930748225232,False,True,sports_fees_v3,Brøndby,3849568,will-br-ndby-keep-the-most-clean-sheets-in-denmark-superliga-2026-27
Danish Superliga,,Will Viborg keep the most clean sheets in the 2026-27 Denmark Superliga?,0.02,0.95,0.485,0.9299999999999999,0.0,0.0,7.1983,2027-07-01 03:59:00+00:00,265.7930748225232,False,True,sports_fees_v3,Viborg,3849571,will-viborg-keep-the-most-clean-sheets-in-denmark-superliga-2026-27
Danish Superliga,,Will Nordsjælland keep the most clean sheets in the 2026-27 Denmark Superliga?,0.02,0.88,0.45,0.86,0.0,0.0,7.1783,2027-07-01 03:59:00+00:00,265.7930748225232,False,True,sports_fees_v3,Nordsjælland,3849575,will-nordsj-lland-keep-the-most-clean-sheets-in-denmark-superliga-2026-27
Danish Superliga,,Will Copenhagen keep the most clean sheets in the 2026-27 Denmark Superliga?,0.02,0.96,0.49,0.94,0.0,0.0,5.2984,2027-07-01 03:59:00+00:00,265.7930748225232,False,True,sports_fees_v3,Copenhagen,3849578,will-copenhagen-keep-the-most-clean-sheets-in-denmark-superliga-2026-27
Danish Superliga,,Will OB keep the most clean sheets in the 2026-27 Denmark Superliga?,0.02,0.88,0.45,0.86,0.0,0.0,7.2786,2027-07-01 03:59:00+00:00,265.7930748225232,False,True,sports_fees_v3,OB,3849582,will-ob-keep-the-most-clean-sheets-in-denmark-superliga-2026-27
Danish Superliga,,Will Randers keep the most clean sheets in the 2026-27 Denmark Superliga?,0.02,0.9,0.46,0.88,0.0,0.0,12.7785,2027-07-01 03:59:00+00:00,265.7930748225232,False,True,sports_fees_v3,Randers,3849586,will-randers-keep-the-most-clean-sheets-in-denmark-superliga-2026-27
Danish Superliga,,Will Silkeborg keep the most clean sheets in the 2026-27 Denmark Superliga?,0.02,0.88,0.45,0.86,0.0,0.0,7.3686,2027-07-01 03:59:00+00:00,265.7930748225232,False,True,sports_fees_v3,Silkeborg,3849588,will-silkeborg-keep-the-most-clean-sheets-in-denmark-superliga-2026-27
Danish Superliga,,Will Lyngby keep the most clean sheets in the 2026-27 Denmark Superliga?,0.02,0.91,0.465,0.89,0.0,0.0,10.3686,2027-07-01 03:59:00+00:00,265.7930748225232,False,True,sports_fees_v3,Lyngby,3849593,will-lyngby-keep-the-most-clean-sheets-in-denmark-superliga-2026-27
Danish Superliga,,Will AC Horsens keep the most clean sheets in the 2026-27 Denmark Superliga?,0.02,0.88,0.45,0.86,0.0,0.0,12.1182,2027-07-01 03:59:00+00:00,265.7930748225232,False,True,sports_fees_v3,AC Horsens,3849595,will-ac-horsens-keep-the-most-clean-sheets-in-denmark-superliga-2026-27
Danish Superliga,moneyline,Will FC Nordsjælland win on 2026-10-09?,0.65,0.66,0.655,0.010000000000000009,91.630529,91.630529,9082.1322,2026-10-09 17:00:00+00:00,1.3354359336342592,False,True,sports_fees_v3,FC Nordsjælland,4959047,den-nor-ode-2026-10-09-nor
Danish Superliga,moneyline,Will FC Nordsjælland vs. Odense BK end in a draw?,0.19,0.2,0.195,0.010000000000000009,0.0,0.0,9996.4087,2026-10-09 17:00:00+00:00,1.3354359336342592,False,True,sports_fees_v3,Draw (FC Nordsjælland vs. Odense BK),4959048,den-nor-ode-2026-10-09-draw
Danish Superliga,moneyline,Will Odense BK win on 2026-10-09?,0.15,0.17,0.16,0.020000000000000018,126.75278399999999,126.752784,7763.4746,2026-10-09 17:00:00+00:00,1.3354359336342592,False,True,sports_fees_v3,Odense BK,4959049,den-nor-ode-2026-10-09-ode
Danish Superliga,soccer_halftime_result,FC Nordsjælland leading at halftime?,0.49,0.52,0.505,0.030000000000000027,0.0,0.0,2725.6459,2026-10-09 17:00:00+00:00,1.3354359336342592,False,True,sports_fees_v3,FC Nordsjælland,4959051,den-nor-ode-2026-10-09-halftime-result-home
Danish Superliga,soccer_halftime_result,FC Nordsjælland vs. Odense BK: Draw at halftime?,0.31,0.34,0.325,0.030000000000000027,0.0,0.0,2818.4747,2026-10-09 17:00:00+00:00,1.3354359336342592,False,True,sports_fees_v3,Draw,4959052,den-nor-ode-2026-10-09-halftime-result-draw
Danish Superliga,soccer_halftime_result,Odense BK leading at halftime?,0.14,0.17,0.15500000000000003,0.03,0.0,0.0,2790.0335,2026-10-09 17:00:00+00:00,1.3354359336342592,False,True,sports_fees_v3,Odense BK,4959053,den-nor-ode-2026-10-09-halftime-result-away
Danish Superliga,soccer_second_half_result,FC Nordsjælland to win the second half?,0.46,0.6,0.53,0.13999999999999996,0.0,0.0,9.5199,2026-10-09 17:00:00+00:00,1.3354359336342592,False,True,sports_fees_v3,FC Nordsjælland,4959055,den-nor-ode-2026-10-09-second-half-result-home
Danish Superliga,soccer_second_half_result,FC Nordsjælland vs. Odense BK: Second half draw?,0.22,0.36,0.29,0.13999999999999999,0.0,0.0,30.1597,2026-10-09 17:00:00+00:00,1.3354359336342592,False,True,sports_fees_v3,Draw,4959056,den-nor-ode-2026-10-09-second-half-result-draw
Danish Superliga,soccer_second_half_result,Odense BK to win the second half?,0.11,0.25,0.18,0.14,0.0,0.0,9.52,2026-10-09 17:00:00+00:00,1.3354359336342592,False,True,sports_fees_v3,Odense BK,4959057,den-nor-ode-2026-10-09-second-half-result-away
Danish Superliga,soccer_exact_score,Exact Score: FC Nordsjælland 0 - 0 Odense BK?,0.021,0.038,0.0295,0.016999999999999998,0.0,0.0,4159.81748,2026-10-09 17:00:00+00:00,1.3354359336342592,False,True,sports_fees_v3,FC Nordsjælland 0 - 0 Odense BK,4959058,den-nor-ode-2026-10-09-exact-score-0-0
Danish Superliga,soccer_exact_score,Exact Score: FC Nordsjælland 0 - 1 Odense BK?,0.024,0.038,0.031,0.013999999999999999,0.0,0.0,4122.78507,2026-10-09 17:00:00+00:00,1.3354359336342592,False,True,sports_fees_v3,FC Nordsjælland 0 - 1 Odense BK,4959059,den-nor-ode-2026-10-09-exact-score-0-1
Danish Superliga,soccer_exact_score,Exact Score: FC Nordsjælland 1 - 0 Odense BK?,0.05,0.08,0.065,0.03,0.0,0.0,3703.195,2026-10-09 17:00:00+00:00,1.3354359336342592,False,True,sports_fees_v3,FC Nordsjælland 1 - 0 Odense BK,4959060,den-nor-ode-2026-10-09-exact-score-1-0
Danish Superliga,soccer_exact_score,Exact Score: FC Nordsjælland 0 - 2 Odense BK?,0.013,0.022,0.017499999999999998,0.009,0.0,0.0,4290.16785,2026-10-09 17:00:00+00:00,1.3354359336342592,False,True,sports_fees_v3,FC Nordsjælland 0 - 2 Odense BK,4959062,den-nor-ode-2026-10-09-exact-score-0-2
Danish Superliga,soccer_exact_score,Exact Score: FC Nordsjælland 1 - 1 Odense BK?,0.08,0.09,0.08499999999999999,0.009999999999999995,0.0,0.0,4008.528,2026-10-09 17:00:00+00:00,1.3354359336342592,False,True,sports_fees_v3,FC Nordsjælland 1 - 1 Odense BK,4959063,den-nor-ode-2026-10-09-exact-score-1-1
Danish Superliga,soccer_exact_score,Exact Score: FC Nordsjælland 2 - 0 Odense BK?,0.08,0.09,0.08499999999999999,0.009999999999999995,0.0,0.0,3746.7539,2026-10-09 17:00:00+00:00,1.3354359336342592,False,True,sports_fees_v3,FC Nordsjælland 2 - 0 Odense BK,4959064,den-nor-ode-2026-10-09-exact-score-2-0
Danish Superliga,soccer_exact_score,Exact Score: FC Nordsjælland 0 - 3 Odense BK?,0.002,0.043,0.0225,0.040999999999999995,0.0,0.0,2368.51561,2026-10-09 17:00:00+00:00,1.3354359336342592,False,True,sports_fees_v3,FC Nordsjælland 0 - 3 Odense BK,4959065,den-nor-ode-2026-10-09-exact-score-0-3
Danish Superliga,soccer_exact_score,Exact Score: FC Nordsjælland 1 - 2 Odense BK?,0.039,0.055,0.047,0.016,0.0,0.0,4100.81636,2026-10-09 17:00:00+00:00,1.3354359336342592,False,True,sports_fees_v3,FC Nordsjælland 1 - 2 Odense BK,4959066,den-nor-ode-2026-10-09-exact-score-1-2
Danish Superliga,soccer_exact_score,Exact Score: FC Nordsjælland 2 - 1 Odense BK?,0.09,0.11,0.1,0.020000000000000004,0.0,0.0,3423.379,2026-10-09 17:00:00+00:00,1.3354359336342592,False,True,sports_fees_v3,FC Nordsjælland 2 - 1 Odense BK,4959067,den-nor-ode-2026-10-09-exact-score-2-1
Danish Superliga,soccer_exact_score,Exact Score: FC Nordsjælland 3 - 0 Odense BK?,0.06,0.08,0.07,0.020000000000000004,0.0,0.0,2709.9088,2026-10-09 17:00:00+00:00,1.3354359336342592,False,True,sports_fees_v3,FC Nordsjælland 3 - 0 Odense BK,4959068,den-nor-ode-2026-10-09-exact-score-3-0
Danish Superliga,soccer_exact_score,Exact Score: FC Nordsjælland 0 - 4 Odense BK?,,0.417,,,0.0,0.0,109.35193,2026-10-09 17:00:00+00:00,1.3354359336342592,False,True,sports_fees_v3,FC Nordsjælland 0 - 4 Odense BK,4959069,den-nor-ode-2026-10-09-exact-score-0-4
Danish Superliga,soccer_exact_score,Exact Score: FC Nordsjælland 1 - 3 Odense BK?,0.007,0.021,0.014,0.014000000000000002,0.0,0.0,3234.94121,2026-10-09 17:00:00+00:00,1.3354359336342592,False,True,sports_fees_v3,FC Nordsjælland 1 - 3 Odense BK,4959070,den-nor-ode-2026-10-09-exact-score-1-3
Danish Superliga,soccer_exact_score,Exact Score: FC Nordsjælland 2 - 2 Odense BK?,0.052,0.064,0.057999999999999996,0.012000000000000004,0.0,0.0,4034.6701,2026-10-09 17:00:00+00:00,1.3354359336342592,False,True,sports_fees_v3,FC Nordsjælland 2 - 2 Odense BK,4959071,den-nor-ode-2026-10-09-exact-score-2-2
Danish Superliga,soccer_exact_score,Exact Score: FC Nordsjælland 3 - 1 Odense BK?,0.07,0.09,0.08,0.01999999999999999,0.0,0.0,2706.7134,2026-10-09 17:00:00+00:00,1.3354359336342592,False,True,sports_fees_v3,FC Nordsjælland 3 - 1 Odense BK,4959072,den-nor-ode-2026-10-09-exact-score-3-1
Danish Superliga,soccer_exact_score,Exact Score: FC Nordsjælland 4 - 0 Odense BK?,0.01,0.052,0.031,0.041999999999999996,0.0,0.0,2544.02462,2026-10-09 17:00:00+00:00,1.3354359336342592,False,True,sports_fees_v3,FC Nordsjælland 4 - 0 Odense BK,4959073,den-nor-ode-2026-10-09-exact-score-4-0
Danish Superliga,soccer_exact_score,Exact Score: FC Nordsjælland 0 - 5 Odense BK?,,0.51,,,0.0,0.0,78.4898,2026-10-09 17:00:00+00:00,1.3354359336342592,False,True,sports_fees_v3,FC Nordsjælland 0 - 5 Odense BK,4959074,den-nor-ode-2026-10-09-exact-score-0-5
Danish Superliga,soccer_exact_score,Exact Score: FC Nordsjælland 1 - 4 Odense BK?,,0.416,,,0.0,0.0,109.64393,2026-10-09 17:00:00+00:00,1.3354359336342592,False,True,sports_fees_v3,FC Nordsjælland 1 - 4 Odense BK,4959075,den-nor-ode-2026-10-09-exact-score-1-4
Danish Superliga,soccer_exact_score,Exact Score: FC Nordsjælland 2 - 3 Odense BK?,0.012,0.026,0.019,0.013999999999999999,0.0,0.0,3205.32961,2026-10-09 17:00:00+00:00,1.3354359336342592,False,True,sports_fees_v3,FC Nordsjælland 2 - 3 Odense BK,4959076,den-nor-ode-2026-10-09-exact-score-2-3
Danish Superliga,soccer_exact_score,Exact Score: FC Nordsjælland 3 - 2 Odense BK?,0.035,0.054,0.0445,0.018999999999999996,0.0,0.0,3152.94665,2026-10-09 17:00:00+00:00,1.3354359336342592,False,True,sports_fees_v3,FC Nordsjælland 3 - 2 Odense BK,4959077,den-nor-ode-2026-10-09-exact-score-3-2
Danish Superliga,soccer_exact_score,Exact Score: FC Nordsjælland 4 - 1 Odense BK?,0.016,0.057,0.036500000000000005,0.041,0.0,0.0,2699.88096,2026-10-09 17:00:00+00:00,1.3354359336342592,False,True,sports_fees_v3,FC Nordsjælland 4 - 1 Odense BK,4959078,den-nor-ode-2026-10-09-exact-score-4-1
Danish Superliga,soccer_exact_score,Exact Score: FC Nordsjælland 5 - 0 Odense BK?,,0.43,,,0.0,0.0,137.8597,2026-10-09 17:00:00+00:00,1.3354359336342592,False,True,sports_fees_v3,FC Nordsjælland 5 - 0 Odense BK,4959080,den-nor-ode-2026-10-09-exact-score-5-0
Danish Superliga,soccer_exact_score,Exact Score: FC Nordsjælland 1 - 5 Odense BK?,,0.61,,,0.0,0.0,53.1599,2026-10-09 17:00:00+00:00,1.3354359336342592,False,True,sports_fees_v3,FC Nordsjælland 1 - 5 Odense BK,4959081,den-nor-ode-2026-10-09-exact-score-1-5
Danish Superliga,soccer_exact_score,Exact Score: FC Nordsjælland 2 - 4 Odense BK?,,0.415,,,0.0,0.0,124.01793,2026-10-09 17:00:00+00:00,1.3354359336342592,False,True,sports_fees_v3,FC Nordsjælland 2 - 4 Odense BK,4959082,den-nor-ode-2026-10-09-exact-score-2-4
OBOS-ligaen,soccer_first_corner,Aasane Fotball vs. Egersunds IK: Team to Take First Corner,,1.0,,,0.0,0.0,0.0,2026-07-26 15:00:00+00:00,-73.74789739969907,False,False,sports_fees_v3,Team to Take First Corner,3060965,nor2-asa-eik-2026-07-26-first-corner
OBOS-ligaen,soccer_game_corners_odd_even,Sogndal Fotball vs. Ranheim: Total Corners Odd or Even?,,1.0,,,0.0,0.0,0.0,2026-07-26 15:00:00+00:00,-73.74789739969907,False,False,sports_fees_v3,Total Corners: Odd or Even,3061010,nor2-sog-ran-2026-07-26-corners-odd-even
OBOS-ligaen,soccer_first_corner,Sogndal Fotball vs. Ranheim: Team to Take First Corner,,1.0,,,0.0,0.0,0.0,2026-07-26 15:00:00+00:00,-73.74789739969907,False,False,sports_fees_v3,Team to Take First Corner,3061011,nor2-sog-ran-2026-07-26-first-corner
OBOS-ligaen,soccer_first_corner,Sandnes Ulf vs. Kongsvinger IL Toppfotball: Team to Take First Corner,,1.0,,,0.0,0.0,0.0,2026-07-26 15:00:00+00:00,-73.74789739969907,False,False,sports_fees_v3,Team to Take First Corner,3061034,nor2-san-kil-2026-07-26-first-corner
OBOS-ligaen,soccer_first_corner,Moss FK vs. Raufoss IL: Team to Take First Corner,,1.0,,,0.0,0.0,0.0,2026-07-26 15:00:00+00:00,-73.74789739969907,False,False,sports_fees_v3,Team to Take First Corner,3061057,nor2-mfk-rau-2026-07-26-first-corner
OBOS-ligaen,soccer_first_corner,FK Haugesund vs. Bryne FK: Team to Take First Corner,,1.0,,,0.0,0.0,0.0,2026-07-25 18:00:00+00:00,-74.62289739969907,False,False,sports_fees_v3,Team to Take First Corner,3061080,nor2-hau-bry-2026-07-25-first-corner
OBOS-ligaen,soccer_first_corner,Stroemsgodset IF vs. Lyn 1896 FK: Team to Take First Corner,,1.0,,,0.0,0.0,0.0,2026-07-25 16:00:00+00:00,-74.70623073303241,False,False,sports_fees_v3,Team to Take First Corner,3061103,nor2-sif-lyn-2026-07-25-first-corner
OBOS-ligaen,soccer_first_corner,Raufoss IL vs. Stabaek IF: Team to Take First Corner,,1.0,,,0.0,0.0,0.0,2026-08-02 15:00:00+00:00,-66.74789739969907,False,False,sports_fees_v3,Team to Take First Corner,3162837,nor2-rau-sta-2026-08-02-first-corner
OBOS-ligaen,soccer_first_corner,Odds BK vs. Aasane Fotball: Team to Take First Corner,,1.0,,,0.0,0.0,0.0,2026-08-02 15:00:00+00:00,-66.74789739969907,False,False,sports_fees_v3,Team to Take First Corner,3162860,nor2-odd-asa-2026-08-02-first-corner
OBOS-ligaen,soccer_first_corner,Lyn 1896 FK vs. Sogndal Fotball: Team to Take First Corner,,1.0,,,0.0,0.0,0.0,2026-08-02 15:00:00+00:00,-66.74789739969907,False,False,sports_fees_v3,Team to Take First Corner,3162884,nor2-lyn-sog-2026-08-02-first-corner
OBOS-ligaen,soccer_first_corner,Kongsvinger IL Toppfotball vs. Stroemmen IF: Team to Take First Corner,,1.0,,,0.0,0.0,0.0,2026-08-02 15:00:00+00:00,-66.74789739969907,False,False,sports_fees_v3,Team to Take First Corner,3162907,nor2-kil-str-2026-08-02-first-corner
OBOS-ligaen,soccer_first_corner,Hoedd IL vs. Moss FK: Team to Take First Corner,,1.0,,,0.0,0.0,0.0,2026-08-02 15:00:00+00:00,-66.74789739969907,False,False,sports_fees_v3,Team to Take First Corner,3162930,nor2-hod-mfk-2026-08-02-first-corner
OBOS-ligaen,soccer_first_corner,Egersunds IK vs. Sandnes Ulf: Team to Take First Corner,,1.0,,,0.0,0.0,0.0,2026-08-02 15:00:00+00:00,-66.74789739969907,False,False,sports_fees_v3,Team to Take First Corner,3162953,nor2-eik-san-2026-08-02-first-corner
OBOS-ligaen,soccer_first_corner,Bryne FK vs. Stroemsgodset IF: Team to Take First Corner,,1.0,,,0.0,0.0,0.0,2026-08-01 15:00:00+00:00,-67.74789739969907,False,False,sports_fees_v3,Team to Take First Corner,3162976,nor2-bry-sif-2026-08-01-first-corner
OBOS-ligaen,soccer_first_corner,Ranheim vs. FK Haugesund: Team to Take First Corner,,1.0,,,0.0,0.0,0.0,2026-08-03 17:00:00+00:00,-65.66456406636574,False,False,sports_fees_v3,Team to Take First Corner,3203989,nor2-ran-hau-2026-08-03-first-corner
OBOS-ligaen,soccer_first_corner,Aasane Fotball vs. Kongsvinger IL Toppfotball: Team to Take First Corner,0.001,0.999,0.5,0.998,0.0,0.0,0.01,2026-08-09 15:00:00+00:00,-59.74789739969908,False,False,sports_fees_v3,Team to Take First Corner,3308296,nor2-asa-kil-2026-08-09-first-corner
OBOS-ligaen,soccer_first_corner,Stroemsgodset IF vs. Egersunds IK: Team to Take First Corner,0.001,0.999,0.5,0.998,0.0,0.0,0.01,2026-08-09 15:00:00+00:00,-59.74789739969908,False,False,sports_fees_v3,Team to Take First Corner,3308319,nor2-sif-eik-2026-08-09-first-corner
OBOS-ligaen,soccer_first_corner,Sogndal Fotball vs. Bryne FK: Team to Take First Corner,0.001,0.999,0.5,0.998,0.0,0.0,0.01,2026-08-09 15:00:00+00:00,-59.74789739969908,False,False,sports_fees_v3,Team to Take First Corner,3308342,nor2-sog-bry-2026-08-09-first-corner
OBOS-ligaen,soccer_first_corner,Stabaek IF vs. Lyn 1896 FK: Team to Take First Corner,,1.0,,,0.0,0.0,0.0,2026-08-08 14:00:00+00:00,-60.78956406636574,False,False,sports_fees_v3,Team to Take First Corner,3308388,nor2-sta-lyn-2026-08-08-first-corner
OBOS-ligaen,,Will Bryne win the 2026 OBOS-ligaen (Norway)?,0.01,0.98,0.495,0.97,0.0,8.01,2.7919,2027-01-01 04:59:00+00:00,84.83474148918981,False,True,sports_fees_v3,Bryne,3530838,2026-soccer-obos-ligaen-norway-winner-bryne
OBOS-ligaen,,Will Haugesund win the 2026 OBOS-ligaen (Norway)?,0.03,0.98,0.505,0.95,0.0,0.0,2.7919,2027-01-01 04:59:00+00:00,84.83474148918981,False,True,sports_fees_v3,Haugesund,3530840,2026-soccer-obos-ligaen-norway-winner-haugesund
OBOS-ligaen,,Will Hødd win the 2026 OBOS-ligaen (Norway)?,,0.99,,,0.0,16.02,1.7282,2027-01-01 04:59:00+00:00,84.83474148918981,False,True,sports_fees_v3,Hødd,3530841,2026-soccer-obos-ligaen-norway-winner-hdd
OBOS-ligaen,,Will Kongsvinger win the 2026 OBOS-ligaen (Norway)?,0.02,0.93,0.47500000000000003,0.91,0.0,0.0,3.2918,2027-01-01 04:59:00+00:00,84.83474148918981,False,True,sports_fees_v3,Kongsvinger,3530842,2026-soccer-obos-ligaen-norway-winner-kongsvinger
OBOS-ligaen,,Will Odd win the 2026 OBOS-ligaen (Norway)?,0.01,0.93,0.47000000000000003,0.92,0.0,8.01,6.7734,2027-01-01 04:59:00+00:00,84.83474148918981,False,True,sports_fees_v3,Odd,3530845,2026-soccer-obos-ligaen-norway-winner-odd
OBOS-ligaen,,Will Stabæk win the 2026 OBOS-ligaen (Norway)?,0.03,0.94,0.485,0.9099999999999999,0.0,0.0,3.9937,2027-01-01 04:59:00+00:00,84.83474148918981,False,True,sports_fees_v3,Stabæk,3530850,2026-soccer-obos-ligaen-norway-winner-stabk
OBOS-ligaen,,Will Strømsgodset win the 2026 OBOS-ligaen (Norway)?,0.02,0.98,0.5,0.96,0.0,0.0,3.292,2027-01-01 04:59:00+00:00,84.83474148918981,False,True,sports_fees_v3,Strømsgodset,3530852,2026-soccer-obos-ligaen-norway-winner-strmsgodset
OBOS-ligaen,,Will Bryne be runner-up in the 2026 OBOS-ligaen (Norway)?,0.02,0.74,0.38,0.72,0.0,0.0,4.9539,2027-01-01 04:59:00+00:00,84.83474148918981,False,True,sports_fees_v3,Bryne,3545402,2026-soccer-obos-ligaen-norway-runner-up-bryne
OBOS-ligaen,,Will Egersund be runner-up in the 2026 OBOS-ligaen (Norway)?,,0.72,,,0.0,57.34,21.0021,2027-01-01 04:59:00+00:00,84.83474148918981,False,True,sports_fees_v3,Egersund,3545403,2026-soccer-obos-ligaen-norway-runner-up-egersund
OBOS-ligaen,,Will Haugesund be runner-up in the 2026 OBOS-ligaen (Norway)?,0.02,0.74,0.38,0.72,0.0,0.0,6.8338,2027-01-01 04:59:00+00:00,84.83474148918981,False,True,sports_fees_v3,Haugesund,3545404,2026-soccer-obos-ligaen-norway-runner-up-haugesund
OBOS-ligaen,,Will Hødd be runner-up in the 2026 OBOS-ligaen (Norway)?,0.02,0.74,0.38,0.72,0.0,0.0,4.994,2027-01-01 04:59:00+00:00,84.83474148918981,False,True,sports_fees_v3,Hødd,3545405,2026-soccer-obos-ligaen-norway-runner-up-hdd
OBOS-ligaen,,Will Kongsvinger be runner-up in the 2026 OBOS-ligaen (Norway)?,0.02,0.93,0.47500000000000003,0.91,0.0,0.0,4.4298,2027-01-01 04:59:00+00:00,84.83474148918981,False,True,sports_fees_v3,Kongsvinger,3545406,2026-soccer-obos-ligaen-norway-runner-up-kongsvinger
OBOS-ligaen,,Will Odd be runner-up in the 2026 OBOS-ligaen (Norway)?,0.02,0.74,0.38,0.72,0.0,0.0,4.9939,2027-01-01 04:59:00+00:00,84.83474148918981,False,True,sports_fees_v3,Odd,3545409,2026-soccer-obos-ligaen-norway-runner-up-odd
OBOS-ligaen,,Will Stabæk be runner-up in the 2026 OBOS-ligaen (Norway)?,0.02,0.93,0.47500000000000003,0.91,0.0,0.0,6.465,2027-01-01 04:59:00+00:00,84.83474148918981,False,True,sports_fees_v3,Stabæk,3545414,2026-soccer-obos-ligaen-norway-runner-up-stabk
OBOS-ligaen,,Will Strømsgodset be runner-up in the 2026 OBOS-ligaen (Norway)?,0.02,0.74,0.38,0.72,0.0,0.0,4.9939,2027-01-01 04:59:00+00:00,84.83474148918981,False,True,sports_fees_v3,Strømsgodset,3545416,2026-soccer-obos-ligaen-norway-runner-up-strmsgodset
OBOS-ligaen,,Will Bryne be promoted to Norway Eliteserien?,0.01,0.98,0.495,0.97,0.0,0.0,2.8838,2027-01-01 04:59:00+00:00,84.83474148918981,False,False,sports_fees_v3,Bryne,3847911,will-bryne-be-promoted-to-norway-eliteserien-2026
OBOS-ligaen,,Will Egersund be promoted to Norway Eliteserien?,0.01,0.98,0.495,0.97,0.0,0.0,2.8838,2027-01-01 04:59:00+00:00,84.83474148918981,False,False,sports_fees_v3,Egersund,3847912,will-egersund-be-promoted-to-norway-eliteserien-2026
OBOS-ligaen,,Will Haugesund be promoted to Norway Eliteserien?,0.01,0.98,0.495,0.97,0.0,0.0,2.8838,2027-01-01 04:59:00+00:00,84.83474148918981,False,False,sports_fees_v3,Haugesund,3847913,will-haugesund-be-promoted-to-norway-eliteserien-2026
OBOS-ligaen,,Will Hødd be promoted to Norway Eliteserien?,0.01,0.98,0.495,0.97,0.0,0.0,1.884,2027-01-01 04:59:00+00:00,84.83474148918981,False,False,sports_fees_v3,Hødd,3847914,will-h-dd-be-promoted-to-norway-eliteserien-2026
OBOS-ligaen,,Will Kongsvinger be promoted to Norway Eliteserien?,0.01,0.98,0.495,0.97,0.0,0.0,2.8838,2027-01-01 04:59:00+00:00,84.83474148918981,False,False,sports_fees_v3,Kongsvinger,3847915,will-kongsvinger-be-promoted-to-norway-eliteserien-2026
OBOS-ligaen,,Will Lyn be promoted to Norway Eliteserien?,0.01,0.98,0.495,0.97,0.0,0.0,2.8838,2027-01-01 04:59:00+00:00,84.83474148918981,False,False,sports_fees_v3,Lyn,3847916,will-lyn-be-promoted-to-norway-eliteserien-2026
OBOS-ligaen,,Will Moss be promoted to Norway Eliteserien?,0.01,0.98,0.495,0.97,0.0,0.0,2.8839,2027-01-01 04:59:00+00:00,84.83474148918981,False,False,sports_fees_v3,Moss,3847917,will-moss-be-promoted-to-norway-eliteserien-2026
OBOS-ligaen,,Will Odd be promoted to Norway Eliteserien?,0.01,0.98,0.495,0.97,0.0,0.0,2.8839,2027-01-01 04:59:00+00:00,84.83474148918981,False,False,sports_fees_v3,Odd,3847918,will-odd-be-promoted-to-norway-eliteserien-2026
OBOS-ligaen,,Will Ranheim be promoted to Norway Eliteserien?,0.01,0.98,0.495,0.97,0.0,0.0,2.884,2027-01-01 04:59:00+00:00,84.83474148918981,False,False,sports_fees_v3,Ranheim,3847920,will-ranheim-be-promoted-to-norway-eliteserien-2026
OBOS-ligaen,,Will Raufoss be promoted to Norway Eliteserien?,,0.95,,,0.0,105.0,4.8335,2027-01-01 04:59:00+00:00,84.83474148918981,False,False,sports_fees_v3,Raufoss,3847922,will-raufoss-be-promoted-to-norway-eliteserien-2026
OBOS-ligaen,,Will Sandnes Ulf be promoted to Norway Eliteserien?,,0.98,,,0.0,55.0,1.2938,2027-01-01 04:59:00+00:00,84.83474148918981,False,False,sports_fees_v3,Sandnes Ulf,3847924,will-sandnes-ulf-be-promoted-to-norway-eliteserien-2026
OBOS-ligaen,,Will Sogndal be promoted to Norway Eliteserien?,,0.95,,,0.0,105.0,4.8336,2027-01-01 04:59:00+00:00,84.83474148918981,False,False,sports_fees_v3,Sogndal,3847927,will-sogndal-be-promoted-to-norway-eliteserien-2026
OBOS-ligaen,,Will Stabæk be promoted to Norway Eliteserien?,0.01,0.98,0.495,0.97,0.0,0.0,2.8839,2027-01-01 04:59:00+00:00,84.83474148918981,False,False,sports_fees_v3,Stabæk,3847928,will-stab-k-be-promoted-to-norway-eliteserien-2026
OBOS-ligaen,,Will Strømmen be promoted to Norway Eliteserien?,,0.99,,,0.0,0.0,0.7839,2027-01-01 04:59:00+00:00,84.83474148918981,False,False,sports_fees_v3,Strømmen,3847930,will-str-mmen-be-promoted-to-norway-eliteserien-2026
OBOS-ligaen,,Will Strømsgodset be promoted to Norway Eliteserien?,0.01,0.98,0.495,0.97,0.0,0.0,2.8838,2027-01-01 04:59:00+00:00,84.83474148918981,False,False,sports_fees_v3,Strømsgodset,3847932,will-str-msgodset-be-promoted-to-norway-eliteserien-2026
OBOS-ligaen,,Will Åsane be promoted to Norway Eliteserien?,0.001,0.959,0.48,0.958,0.0,110.0,4.85889,2027-01-01 04:59:00+00:00,84.83474148918981,False,False,sports_fees_v3,Åsane,3847934,will-asane-be-promoted-to-norway-eliteserien-2026
OBOS-ligaen,,Will Bryne finish 3rd in the 2026 OBOS-ligaen (Norway)?,0.02,0.98,0.5,0.96,0.0,0.0,4.2104,2027-01-01 04:59:00+00:00,84.83474148918981,False,True,sports_fees_v3,Bryne,3914132,will-bryne-finish-3rd-in-obos-ligaen-norway-2026
OBOS-ligaen,,Will Egersund finish 3rd in the 2026 OBOS-ligaen (Norway)?,,0.9,,,0.0,56.3,9.6151,2027-01-01 04:59:00+00:00,84.83474148918981,False,True,sports_fees_v3,Egersund,3914134,will-egersund-finish-3rd-in-obos-ligaen-norway-2026
OBOS-ligaen,,Will Haugesund finish 3rd in the 2026 OBOS-ligaen (Norway)?,0.02,0.98,0.5,0.96,0.0,0.0,3.2102,2027-01-01 04:59:00+00:00,84.83474148918981,False,True,sports_fees_v3,Haugesund,3914135,will-haugesund-finish-3rd-in-obos-ligaen-norway-2026
OBOS-ligaen,,Will Hødd finish 3rd in the 2026 OBOS-ligaen (Norway)?,0.02,0.98,0.5,0.96,0.0,0.0,3.7104,2027-01-01 04:59:00+00:00,84.83474148918981,False,True,sports_fees_v3,Hødd,3914136,will-h-dd-finish-3rd-in-obos-ligaen-norway-2026
OBOS-ligaen,,Will Kongsvinger finish 3rd in the 2026 OBOS-ligaen (Norway)?,0.02,0.98,0.5,0.96,0.0,0.0,3.7105,2027-01-01 04:59:00+00:00,84.83474148918981,False,True,sports_fees_v3,Kongsvinger,3914137,will-kongsvinger-finish-3rd-in-obos-ligaen-norway-2026
OBOS-ligaen,,Will Lyn finish 3rd in the 2026 OBOS-ligaen (Norway)?,0.02,0.78,0.4,0.76,0.0,62.6,11.2199,2027-01-01 04:59:00+00:00,84.83474148918981,False,True,sports_fees_v3,Lyn,3914138,will-lyn-finish-3rd-in-obos-ligaen-norway-2026
OBOS-ligaen,,Will Odd finish 3rd in the 2026 OBOS-ligaen (Norway)?,0.02,0.98,0.5,0.96,0.0,0.0,3.7103,2027-01-01 04:59:00+00:00,84.83474148918981,False,True,sports_fees_v3,Odd,3914140,will-odd-finish-3rd-in-obos-ligaen-norway-2026
OBOS-ligaen,,Will Ranheim finish 3rd in the 2026 OBOS-ligaen (Norway)?,0.01,0.79,0.4,0.78,0.0,62.6,21.757,2027-01-01 04:59:00+00:00,84.83474148918981,False,True,sports_fees_v3,Ranheim,3914141,will-ranheim-finish-3rd-in-obos-ligaen-norway-2026
OBOS-ligaen,,Will Sandnes Ulf finish 3rd in the 2026 OBOS-ligaen (Norway)?,0.02,0.79,0.405,0.77,0.0,62.6,12.2336,2027-01-01 04:59:00+00:00,84.83474148918981,False,True,sports_fees_v3,Sandnes Ulf,3914143,will-sandnes-ulf-finish-3rd-in-obos-ligaen-norway-2026
OBOS-ligaen,,Will Stabæk finish 3rd in the 2026 OBOS-ligaen (Norway)?,0.02,0.98,0.5,0.96,0.0,0.0,3.7104,2027-01-01 04:59:00+00:00,84.83474148918981,False,True,sports_fees_v3,Stabæk,3914145,will-stab-k-finish-3rd-in-obos-ligaen-norway-2026
OBOS-ligaen,,Will Strømsgodset finish 3rd in the 2026 OBOS-ligaen (Norway)?,0.02,0.98,0.5,0.96,0.0,0.0,4.2103,2027-01-01 04:59:00+00:00,84.83474148918981,False,True,sports_fees_v3,Strømsgodset,3914147,will-str-msgodset-finish-3rd-in-obos-ligaen-norway-2026
OBOS-ligaen,moneyline,Will Egersunds IK win on 2026-10-11?,0.56,0.58,0.5700000000000001,0.019999999999999907,0.0,0.0,3160.4969,2026-10-11 15:00:00+00:00,3.2521026003009257,False,True,sports_fees_v3,Egersunds IK,5291218,nor2-eik-hod-2026-10-11-eik
OBOS-ligaen,moneyline,Will Egersunds IK vs. Hoedd IL end in a draw?,0.2,0.22,0.21000000000000002,0.01999999999999999,0.0,0.0,3008.1346,2026-10-11 15:00:00+00:00,3.2521026003009257,False,True,sports_fees_v3,Draw (Egersunds IK vs. Hoedd IL),5291219,nor2-eik-hod-2026-10-11-draw
OBOS-ligaen,moneyline,Will Hoedd IL win on 2026-10-11?,0.21,0.23,0.22,0.020000000000000018,0.0,0.0,2994.7163,2026-10-11 15:00:00+00:00,3.2521026003009257,False,True,sports_fees_v3,Hoedd IL,5291220,nor2-eik-hod-2026-10-11-hod
OBOS-ligaen,moneyline,Will Lyn 1896 FK win on 2026-10-11?,0.19,0.23,0.21000000000000002,0.04000000000000001,0.0,0.0,2856.3477,2026-10-11 15:00:00+00:00,3.2521026003009257,False,True,sports_fees_v3,Lyn 1896 FK,5291221,nor2-lyn-sif-2026-10-11-lyn
OBOS-ligaen,moneyline,Will Lyn 1896 FK vs. Stroemsgodset IF end in a draw?,0.19,0.21,0.2,0.01999999999999999,0.0,0.0,2670.7787,2026-10-11 15:00:00+00:00,3.2521026003009257,False,True,sports_fees_v3,Draw (Lyn 1896 FK vs. Stroemsgodset IF),5291222,nor2-lyn-sif-2026-10-11-draw
OBOS-ligaen,moneyline,Will Stroemsgodset IF win on 2026-10-11?,0.56,0.62,0.5900000000000001,0.05999999999999994,0.0,0.0,2773.9295,2026-10-11 15:00:00+00:00,3.2521026003009257,False,True,sports_fees_v3,Stroemsgodset IF,5291223,nor2-lyn-sif-2026-10-11-sif
OBOS-ligaen,moneyline,Will Odds BK win on 2026-10-11?,0.47,0.49,0.48,0.020000000000000018,0.0,0.0,3333.0971,2026-10-11 15:00:00+00:00,3.2521026003009257,False,True,sports_fees_v3,Odds BK,5291224,nor2-odd-bry-2026-10-11-odd
OBOS-ligaen,moneyline,Will Odds BK vs. Bryne FK end in a draw?,0.23,0.25,0.24,0.01999999999999999,0.0,0.0,3269.11,2026-10-11 15:00:00+00:00,3.2521026003009257,False,True,sports_fees_v3,Draw (Odds BK vs. Bryne FK),5291225,nor2-odd-bry-2026-10-11-draw
OBOS-ligaen,moneyline,Will Bryne FK win on 2026-10-11?,0.27,0.29,0.28,0.019999999999999962,0.0,0.0,3322.2882,2026-10-11 15:00:00+00:00,3.2521026003009257,False,True,sports_fees_v3,Bryne FK,5291226,nor2-odd-bry-2026-10-11-bry
OBOS-ligaen,moneyline,Will Sandnes Ulf win on 2026-10-11?,0.18,0.2,0.19,0.020000000000000018,0.0,0.0,3346.5895,2026-10-11 15:00:00+00:00,3.2521026003009257,False,True,sports_fees_v3,Sandnes Ulf,5291227,nor2-san-hau-2026-10-11-san
OBOS-ligaen,moneyline,Will Sandnes Ulf vs. FK Haugesund end in a draw?,0.18,0.2,0.19,0.020000000000000018,0.0,0.0,2554.4865,2026-10-11 15:00:00+00:00,3.2521026003009257,False,True,sports_fees_v3,Draw (Sandnes Ulf vs. FK Haugesund),5291228,nor2-san-hau-2026-10-11-draw
OBOS-ligaen,moneyline,Will FK Haugesund win on 2026-10-11?,0.6,0.63,0.615,0.030000000000000027,0.0,0.0,3091.0208,2026-10-11 15:00:00+00:00,3.2521026003009257,False,True,sports_fees_v3,FK Haugesund,5291229,nor2-san-hau-2026-10-11-hau
OBOS-ligaen,moneyline,Will Stabaek IF win on 2026-10-11?,0.65,0.71,0.6799999999999999,0.05999999999999994,0.0,0.0,2668.4407,2026-10-11 15:00:00+00:00,3.2521026003009257,False,True,sports_fees_v3,Stabaek IF,5291230,nor2-sta-str-2026-10-11-sta
OBOS-ligaen,moneyline,Will Stabaek IF vs. Stroemmen IF end in a draw?,0.16,0.18,0.16999999999999998,0.01999999999999999,0.0,0.0,2809.6976,2026-10-11 15:00:00+00:00,3.2521026003009257,False,True,sports_fees_v3,Draw (Stabaek IF vs. Stroemmen IF),5291231,nor2-sta-str-2026-10-11-draw
OBOS-ligaen,moneyline,Will Stroemmen IF win on 2026-10-11?,0.13,0.16,0.14500000000000002,0.03,0.0,0.0,2378.8482,2026-10-11 15:00:00+00:00,3.2521026003009257,False,True,sports_fees_v3,Stroemmen IF,5291232,nor2-sta-str-2026-10-11-str
OBOS-ligaen,soccer_halftime_result,Egersunds IK leading at halftime?,0.4,0.46,0.43000000000000005,0.06,0.0,0.0,1271.4013,2026-10-11 15:00:00+00:00,3.2521026003009257,False,True,sports_fees_v3,Egersunds IK,5291233,nor2-eik-hod-2026-10-11-halftime-result-home
OBOS-ligaen,soccer_halftime_result,Egersunds IK vs. Hoedd IL: Draw at halftime?,0.33,0.37,0.35,0.03999999999999998,0.0,0.0,1413.4458,2026-10-11 15:00:00+00:00,3.2521026003009257,False,True,sports_fees_v3,Draw,5291234,nor2-eik-hod-2026-10-11-halftime-result-draw
OBOS-ligaen,soccer_halftime_result,Hoedd IL leading at halftime?,0.19,0.22,0.20500000000000002,0.03,0.0,0.0,1218.4445,2026-10-11 15:00:00+00:00,3.2521026003009257,False,True,sports_fees_v3,Hoedd IL,5291235,nor2-eik-hod-2026-10-11-halftime-result-away
OBOS-ligaen,soccer_second_half_result,Egersunds IK to win the second half?,0.02,0.98,0.5,0.96,0.0,0.0,2.8599,2026-10-11 15:00:00+00:00,3.2521026003009257,False,True,sports_fees_v3,Egersunds IK,5291236,nor2-eik-hod-2026-10-11-second-half-result-home
OBOS-ligaen,soccer_second_half_result,Egersunds IK vs. Hoedd IL: Second half draw?,0.02,0.8,0.41000000000000003,0.78,0.0,0.0,19.8598,2026-10-11 15:00:00+00:00,3.2521026003009257,False,True,sports_fees_v3,Draw,5291237,nor2-eik-hod-2026-10-11-second-half-result-draw
OBOS-ligaen,soccer_second_half_result,Hoedd IL to win the second half?,0.02,0.98,0.5,0.96,0.0,0.0,2.8599,2026-10-11 15:00:00+00:00,3.2521026003009257,False,True,sports_fees_v3,Hoedd IL,5291238,nor2-eik-hod-2026-10-11-second-half-result-away
OBOS-ligaen,soccer_exact_score,Exact Score: Egersunds IK 0 - 0 Hoedd IL?,0.002,0.542,0.272,0.54,0.0,0.0,378.46003,2026-10-11 15:00:00+00:00,3.2521026003009257,False,True,sports_fees_v3,Egersunds IK 0 - 0 Hoedd IL,5291239,nor2-eik-hod-2026-10-11-exact-score-0-0
OBOS-ligaen,soccer_exact_score,Exact Score: Egersunds IK 0 - 1 Hoedd IL?,0.002,0.497,0.2495,0.495,0.0,0.0,395.6538,2026-10-11 15:00:00+00:00,3.2521026003009257,False,True,sports_fees_v3,Egersunds IK 0 - 1 Hoedd IL,5291240,nor2-eik-hod-2026-10-11-exact-score-0-1
OBOS-ligaen,soccer_exact_score,Exact Score: Egersunds IK 1 - 0 Hoedd IL?,0.01,0.46,0.23500000000000001,0.45,0.0,0.0,348.0759,2026-10-11 15:00:00+00:00,3.2521026003009257,False,True,sports_fees_v3,Egersunds IK 1 - 0 Hoedd IL,5291241,nor2-eik-hod-2026-10-11-exact-score-1-0
OBOS-ligaen,soccer_exact_score,Exact Score: Egersunds IK 0 - 2 Hoedd IL?,0.002,0.493,0.2475,0.491,0.0,0.0,395.97127,2026-10-11 15:00:00+00:00,3.2521026003009257,False,True,sports_fees_v3,Egersunds IK 0 - 2 Hoedd IL,5291242,nor2-eik-hod-2026-10-11-exact-score-0-2
OBOS-ligaen,soccer_exact_score,Exact Score: Egersunds IK 1 - 1 Hoedd IL?,0.01,0.46,0.23500000000000001,0.45,0.0,0.0,348.0748,2026-10-11 15:00:00+00:00,3.2521026003009257,False,True,sports_fees_v3,Egersunds IK 1 - 1 Hoedd IL,5291243,nor2-eik-hod-2026-10-11-exact-score-1-1
OBOS-ligaen,soccer_exact_score,Exact Score: Egersunds IK 2 - 0 Hoedd IL?,0.01,0.47,0.24,0.45999999999999996,0.0,0.0,347.4941,2026-10-11 15:00:00+00:00,3.2521026003009257,False,True,sports_fees_v3,Egersunds IK 2 - 0 Hoedd IL,5291244,nor2-eik-hod-2026-10-11-exact-score-2-0
OBOS-ligaen,soccer_exact_score,Exact Score: Egersunds IK 0 - 3 Hoedd IL?,,0.692,,,0.0,0.0,23.99884,2026-10-11 15:00:00+00:00,3.2521026003009257,False,True,sports_fees_v3,Egersunds IK 0 - 3 Hoedd IL,5291245,nor2-eik-hod-2026-10-11-exact-score-0-3
OBOS-ligaen,soccer_exact_score,Exact Score: Egersunds IK 1 - 2 Hoedd IL?,0.01,0.45,0.23,0.44,0.0,0.0,348.6221,2026-10-11 15:00:00+00:00,3.2521026003009257,False,True,sports_fees_v3,Egersunds IK 1 - 2 Hoedd IL,5291246,nor2-eik-hod-2026-10-11-exact-score-1-2
OBOS-ligaen,soccer_exact_score,Exact Score: Egersunds IK 2 - 1 Hoedd IL?,0.01,0.47,0.24,0.45999999999999996,0.0,0.0,347.4943,2026-10-11 15:00:00+00:00,3.2521026003009257,False,True,sports_fees_v3,Egersunds IK 2 - 1 Hoedd IL,5291247,nor2-eik-hod-2026-10-11-exact-score-2-1
OBOS-ligaen,soccer_exact_score,Exact Score: Egersunds IK 3 - 0 Hoedd IL?,0.002,0.472,0.237,0.47,0.0,0.0,377.2444,2026-10-11 15:00:00+00:00,3.2521026003009257,False,True,sports_fees_v3,Egersunds IK 3 - 0 Hoedd IL,5291248,nor2-eik-hod-2026-10-11-exact-score-3-0
OBOS-ligaen,soccer_exact_score,Exact Score: Egersunds IK 0 - 4 Hoedd IL?,,0.74,,,0.0,0.0,28.1698,2026-10-11 15:00:00+00:00,3.2521026003009257,False,True,sports_fees_v3,Egersunds IK 0 - 4 Hoedd IL,5291249,nor2-eik-hod-2026-10-11-exact-score-0-4
OBOS-ligaen,soccer_exact_score,Exact Score: Egersunds IK 1 - 3 Hoedd IL?,0.002,0.594,0.298,0.592,0.0,0.0,375.91144,2026-10-11 15:00:00+00:00,3.2521026003009257,False,True,sports_fees_v3,Egersunds IK 1 - 3 Hoedd IL,5291250,nor2-eik-hod-2026-10-11-exact-score-1-3
OBOS-ligaen,soccer_exact_score,Exact Score: Egersunds IK 2 - 2 Hoedd IL?,0.01,0.45,0.23,0.44,0.0,0.0,348.5932,2026-10-11 15:00:00+00:00,3.2521026003009257,False,True,sports_fees_v3,Egersunds IK 2 - 2 Hoedd IL,5291251,nor2-eik-hod-2026-10-11-exact-score-2-2
OBOS-ligaen,soccer_exact_score,Exact Score: Egersunds IK 3 - 1 Hoedd IL?,0.01,0.47,0.24,0.45999999999999996,0.0,0.0,347.4955,2026-10-11 15:00:00+00:00,3.2521026003009257,False,True,sports_fees_v3,Egersunds IK 3 - 1 Hoedd IL,5291252,nor2-eik-hod-2026-10-11-exact-score-3-1
OBOS-ligaen,soccer_exact_score,Exact Score: Egersunds IK 4 - 0 Hoedd IL?,0.002,0.493,0.2475,0.491,0.0,0.0,387.4343,2026-10-11 15:00:00+00:00,3.2521026003009257,False,True,sports_fees_v3,Egersunds IK 4 - 0 Hoedd IL,5291253,nor2-eik-hod-2026-10-11-exact-score-4-0
OBOS-ligaen,soccer_exact_score,Exact Score: Egersunds IK 0 - 5 Hoedd IL?,,0.75,,,0.0,0.0,19.8497,2026-10-11 15:00:00+00:00,3.2521026003009257,False,True,sports_fees_v3,Egersunds IK 0 - 5 Hoedd IL,5291254,nor2-eik-hod-2026-10-11-exact-score-0-5
OBOS-ligaen,soccer_exact_score,Exact Score: Egersunds IK 1 - 4 Hoedd IL?,,0.74,,,0.0,0.0,28.1698,2026-10-11 15:00:00+00:00,3.2521026003009257,False,True,sports_fees_v3,Egersunds IK 1 - 4 Hoedd IL,5291255,nor2-eik-hod-2026-10-11-exact-score-1-4
OBOS-ligaen,soccer_exact_score,Exact Score: Egersunds IK 2 - 3 Hoedd IL?,0.002,0.499,0.2505,0.497,0.0,0.0,372.64013,2026-10-11 15:00:00+00:00,3.2521026003009257,False,True,sports_fees_v3,Egersunds IK 2 - 3 Hoedd IL,5291256,nor2-eik-hod-2026-10-11-exact-score-2-3
International,moneyline,T20 Series Afghanistan vs Sri Lanka: Afghanistan vs Sri Lanka,0.004,0.3,0.152,0.296,0.0,70748.51453799999,1409.21834,2026-03-20 14:30:00+00:00,-201.76873073303238,False,False,sports_fees_v2,,1515749,crint-afg-lka-2026-03-13
International,cricket_toss_winner,T20 Series Afghanistan vs Sri Lanka: Afghanistan vs Sri Lanka - Who wins the tos,0.01,0.99,0.5,0.98,0.0,30.0,6.0,2026-03-20 14:30:00+00:00,-201.76873073303238,False,False,sports_fees_v2,,1515750,crint-afg-lka-2026-03-13-toss-winner
International,cricket_completed_match,T20 Series Afghanistan vs Sri Lanka: Afghanistan vs Sri Lanka - Completed match?,0.11,0.98,0.545,0.87,0.0,4063.5053690000004,7.9823,2026-03-20 14:30:00+00:00,-201.76873073303238,False,False,sports_fees_v2,,1515751,crint-afg-lka-2026-03-13-completed-match
International,cricket_toss_match_double,T20 Series Afghanistan vs Sri Lanka: Afghanistan vs Sri Lanka - Toss Match Doubl,0.01,0.99,0.5,0.98,0.0,76.12,1.0499,2026-03-20 14:30:00+00:00,-201.76873073303238,False,True,sports_fees_v2,AFG,1515752,crint-afg-lka-2026-03-13-toss-match-double-afg
International,cricket_toss_match_double,T20 Series Afghanistan vs Sri Lanka: Afghanistan vs Sri Lanka - Toss Match Doubl,0.02,0.998,0.509,0.978,0.0,104.46999999999998,3.543,2026-03-20 14:30:00+00:00,-201.76873073303238,False,True,sports_fees_v2,Draw,1515753,crint-afg-lka-2026-03-13-toss-match-double-draw
International,cricket_toss_match_double,T20 Series Afghanistan vs Sri Lanka: Afghanistan vs Sri Lanka - Toss Match Doubl,0.002,0.9,0.451,0.898,0.0,159.79262,7.52624,2026-03-20 14:30:00+00:00,-201.76873073303238,False,True,sports_fees_v2,LKA,1515754,crint-afg-lka-2026-03-13-toss-match-double-lka
International,cricket_most_sixes,T20 Series Afghanistan vs Sri Lanka: Afghanistan vs Sri Lanka - Most Sixes Afgha,0.01,1.0,0.505,0.99,0.0,50.0,1.0,2026-03-20 14:30:00+00:00,-201.76873073303238,False,True,sports_fees_v2,AFG,1515755,crint-afg-lka-2026-03-13-most-sixes-afg
International,cricket_most_sixes,T20 Series Afghanistan vs Sri Lanka: Afghanistan vs Sri Lanka - Most Sixes Draw,0.01,0.97,0.49,0.96,0.0,110.99000000000001,7.016,2026-03-20 14:30:00+00:00,-201.76873073303238,False,True,sports_fees_v2,Draw,1515756,crint-afg-lka-2026-03-13-most-sixes-draw
International,cricket_most_sixes,T20 Series Afghanistan vs Sri Lanka: Afghanistan vs Sri Lanka - Most Sixes Sri L,0.002,0.99,0.496,0.988,0.0,48.0,1.833,2026-03-20 14:30:00+00:00,-201.76873073303238,False,True,sports_fees_v2,LKA,1515757,crint-afg-lka-2026-03-13-most-sixes-lka
International,cricket_team_top_batter,T20 Series Afghanistan vs Sri Lanka: Afghanistan vs Sri Lanka - Team Top Batter ,0.002,0.99,0.496,0.988,0.0,43.970000000000006,1.61,2026-03-20 14:30:00+00:00,-201.76873073303238,False,True,sports_fees_v2,AFG,1515758,crint-afg-lka-2026-03-13-team-top-batter-afg
International,cricket_team_top_batter,T20 Series Afghanistan vs Sri Lanka: Afghanistan vs Sri Lanka - Team Top Batter ,0.005,0.99,0.4975,0.985,0.0,126.740478,7.53195,2026-03-20 14:30:00+00:00,-201.76873073303238,False,True,sports_fees_v2,Draw,1515759,crint-afg-lka-2026-03-13-team-top-batter-draw
International,cricket_team_top_batter,T20 Series Afghanistan vs Sri Lanka: Afghanistan vs Sri Lanka - Team Top Batter ,0.01,1.0,0.505,0.99,0.0,23.990000000000002,1.0,2026-03-20 14:30:00+00:00,-201.76873073303238,False,True,sports_fees_v2,LKA,1515760,crint-afg-lka-2026-03-13-team-top-batter-lka
International,moneyline,T20 Series Afghanistan vs Sri Lanka: Afghanistan vs Sri Lanka,0.02,0.98,0.5,0.96,0.0,4644.204862999999,4.747,2026-03-22 10:30:00+00:00,-199.93539739969907,False,False,sports_fees_v2,,1539645,crint-afg-lka-2026-03-15
International,cricket_toss_winner,T20 Series Afghanistan vs Sri Lanka: Afghanistan vs Sri Lanka - Who wins the tos,0.01,1.0,0.505,0.99,0.0,40.0,1.0,2026-03-22 10:30:00+00:00,-199.93539739969907,False,False,sports_fees_v2,,1539646,crint-afg-lka-2026-03-15-toss-winner
International,cricket_completed_match,T20 Series Afghanistan vs Sri Lanka: Afghanistan vs Sri Lanka - Completed match?,0.01,1.0,0.505,0.99,0.0,20.0,2.0,2026-03-22 10:30:00+00:00,-199.93539739969907,False,False,sports_fees_v2,,1539647,crint-afg-lka-2026-03-15-completed-match
International,cricket_toss_match_double,T20 Series Afghanistan vs Sri Lanka: Afghanistan vs Sri Lanka - Toss Match Doubl,,0.99,,,0.0,65.0,0.05,2026-03-22 10:30:00+00:00,-199.93539739969907,False,True,sports_fees_v2,AFG,1539648,crint-afg-lka-2026-03-15-toss-match-double-afg
International,cricket_toss_match_double,T20 Series Afghanistan vs Sri Lanka: Afghanistan vs Sri Lanka - Toss Match Doubl,,0.99,,,0.0,55.0,0.075,2026-03-22 10:30:00+00:00,-199.93539739969907,False,True,sports_fees_v2,Draw,1539649,crint-afg-lka-2026-03-15-toss-match-double-draw
International,cricket_toss_match_double,T20 Series Afghanistan vs Sri Lanka: Afghanistan vs Sri Lanka - Toss Match Doubl,,1.0,,,0.0,45.0,0.0,2026-03-22 10:30:00+00:00,-199.93539739969907,False,True,sports_fees_v2,LKA,1539650,crint-afg-lka-2026-03-15-toss-match-double-lka
International,cricket_most_sixes,T20 Series Afghanistan vs Sri Lanka: Afghanistan vs Sri Lanka - Most Sixes Afgha,,1.0,,,0.0,40.0,0.0,2026-03-22 10:30:00+00:00,-199.93539739969907,False,True,sports_fees_v2,AFG,1539651,crint-afg-lka-2026-03-15-most-sixes-afg
International,cricket_most_sixes,T20 Series Afghanistan vs Sri Lanka: Afghanistan vs Sri Lanka - Most Sixes Draw,,1.0,,,0.0,30.0,0.0,2026-03-22 10:30:00+00:00,-199.93539739969907,False,True,sports_fees_v2,Draw,1539652,crint-afg-lka-2026-03-15-most-sixes-draw
International,cricket_most_sixes,T20 Series Afghanistan vs Sri Lanka: Afghanistan vs Sri Lanka - Most Sixes Sri L,,1.0,,,0.0,40.0,0.0,2026-03-22 10:30:00+00:00,-199.93539739969907,False,True,sports_fees_v2,LKA,1539653,crint-afg-lka-2026-03-15-most-sixes-lka
International,cricket_team_top_batter,T20 Series Afghanistan vs Sri Lanka: Afghanistan vs Sri Lanka - Team Top Batter ,,0.99,,,0.0,45.0,0.05,2026-03-22 10:30:00+00:00,-199.93539739969907,False,True,sports_fees_v2,AFG,1539654,crint-afg-lka-2026-03-15-team-top-batter-afg
International,cricket_team_top_batter,T20 Series Afghanistan vs Sri Lanka: Afghanistan vs Sri Lanka - Team Top Batter ,,0.99,,,0.0,45.0,0.05,2026-03-22 10:30:00+00:00,-199.93539739969907,False,True,sports_fees_v2,Draw,1539655,crint-afg-lka-2026-03-15-team-top-batter-draw
International,cricket_team_top_batter,T20 Series Afghanistan vs Sri Lanka: Afghanistan vs Sri Lanka - Team Top Batter ,,0.99,,,0.0,20.0,0.05,2026-03-22 10:30:00+00:00,-199.93539739969907,False,True,sports_fees_v2,LKA,1539656,crint-afg-lka-2026-03-15-team-top-batter-lka
International,moneyline,T20 Series Afghanistan vs Sri Lanka: Afghanistan vs Sri Lanka,0.01,0.5,0.255,0.49,0.0,3664.6323920000004,9.41112,2026-03-24 10:30:00+00:00,-197.93539739969907,False,False,sports_fees_v2,,1552387,crint-afg-lka-2026-03-17
International,cricket_toss_winner,T20 Series Afghanistan vs Sri Lanka: Afghanistan vs Sri Lanka - Who wins the tos,0.01,0.99,0.5,0.98,0.0,500.5760849999999,2.0,2026-03-24 10:30:00+00:00,-197.93539739969907,False,False,sports_fees_v2,,1552388,crint-afg-lka-2026-03-17-toss-winner
International,cricket_completed_match,T20 Series Afghanistan vs Sri Lanka: Afghanistan vs Sri Lanka - Completed match?,0.001,0.99,0.4955,0.989,0.0,4142.38565,2.543,2026-03-24 10:30:00+00:00,-197.93539739969907,False,False,sports_fees_v2,,1552389,crint-afg-lka-2026-03-17-completed-match
International,cricket_toss_match_double,T20 Series Afghanistan vs Sri Lanka: Afghanistan vs Sri Lanka - Toss Match Doubl,0.001,0.98,0.4905,0.979,0.0,5033.082684999999,1.547,2026-03-24 10:30:00+00:00,-197.93539739969907,False,True,sports_fees_v2,AFG,1552390,crint-afg-lka-2026-03-17-toss-match-double-afg
International,cricket_toss_match_double,T20 Series Afghanistan vs Sri Lanka: Afghanistan vs Sri Lanka - Toss Match Doubl,0.005,0.5,0.2525,0.495,0.0,81.16,9.855,2026-03-24 10:30:00+00:00,-197.93539739969907,False,True,sports_fees_v2,Draw,1552391,crint-afg-lka-2026-03-17-toss-match-double-draw
International,cricket_toss_match_double,T20 Series Afghanistan vs Sri Lanka: Afghanistan vs Sri Lanka - Toss Match Doubl,0.001,0.98,0.4905,0.979,0.0,42.20165,1.645,2026-03-24 10:30:00+00:00,-197.93539739969907,False,True,sports_fees_v2,LKA,1552392,crint-afg-lka-2026-03-17-toss-match-double-lka
International,cricket_most_sixes,T20 Series Afghanistan vs Sri Lanka: Afghanistan vs Sri Lanka - Most Sixes Afgha,0.002,0.995,0.4985,0.993,0.0,9189.481,1.55812,2026-03-24 10:30:00+00:00,-197.93539739969907,False,True,sports_fees_v2,AFG,1552393,crint-afg-lka-2026-03-17-most-sixes-afg
International,cricket_most_sixes,T20 Series Afghanistan vs Sri Lanka: Afghanistan vs Sri Lanka - Most Sixes Draw,0.001,0.997,0.499,0.996,0.0,4003.47,3.58272,2026-03-24 10:30:00+00:00,-197.93539739969907,False,True,sports_fees_v2,Draw,1552394,crint-afg-lka-2026-03-17-most-sixes-draw
International,cricket_most_sixes,T20 Series Afghanistan vs Sri Lanka: Afghanistan vs Sri Lanka - Most Sixes Sri L,0.001,0.991,0.496,0.99,0.0,45.9,1.67491,2026-03-24 10:30:00+00:00,-197.93539739969907,False,True,sports_fees_v2,LKA,1552395,crint-afg-lka-2026-03-17-most-sixes-lka
International,cricket_team_top_batter,T20 Series Afghanistan vs Sri Lanka: Afghanistan vs Sri Lanka - Team Top Batter ,,0.99,,,0.0,41.502685,0.05,2026-03-24 10:30:00+00:00,-197.93539739969907,False,True,sports_fees_v2,AFG,1552396,crint-afg-lka-2026-03-17-team-top-batter-afg
International,cricket_team_top_batter,T20 Series Afghanistan vs Sri Lanka: Afghanistan vs Sri Lanka - Team Top Batter ,,0.99,,,0.0,20.0,0.05,2026-03-24 10:30:00+00:00,-197.93539739969907,False,True,sports_fees_v2,Draw,1552397,crint-afg-lka-2026-03-17-team-top-batter-draw
International,cricket_team_top_batter,T20 Series Afghanistan vs Sri Lanka: Afghanistan vs Sri Lanka - Team Top Batter ,,0.99,,,0.0,0.0,0.05,2026-03-24 10:30:00+00:00,-197.93539739969907,False,True,sports_fees_v2,LKA,1552398,crint-afg-lka-2026-03-17-team-top-batter-lka
International,moneyline,ODI Series Afghanistan vs Sri Lanka: Afghanistan vs Sri Lanka,0.02,1.0,0.51,0.98,0.0,12180.470187,1.9733,2026-03-27 01:00:00+00:00,-195.33123073303238,False,False,sports_fees_v2,,1588668,crint-afg-lka-2026-03-20
International,cricket_toss_winner,ODI Series Afghanistan vs Sri Lanka: Afghanistan vs Sri Lanka - Who wins the tos,,1.0,,,0.0,0.0,0.0,2026-03-27 01:00:00+00:00,-195.33123073303238,False,False,sports_fees_v2,,1588669,crint-afg-lka-2026-03-20-toss-winner
International,cricket_completed_match,ODI Series Afghanistan vs Sri Lanka: Afghanistan vs Sri Lanka - Completed match?,0.5,0.99,0.745,0.49,0.0,0.0,10.78,2026-03-27 01:00:00+00:00,-195.33123073303238,False,False,sports_fees_v2,,1588670,crint-afg-lka-2026-03-20-completed-match
International,cricket_team_top_batter,ODI Series Afghanistan vs Sri Lanka: Afghanistan vs Sri Lanka - Team Top Batter ,,1.0,,,0.0,20.0,0.0,2026-03-27 01:00:00+00:00,-195.33123073303238,False,True,sports_fees_v2,AFG,1588671,crint-afg-lka-2026-03-20-team-top-batter-afg
International,cricket_team_top_batter,ODI Series Afghanistan vs Sri Lanka: Afghanistan vs Sri Lanka - Team Top Batter ,0.01,1.0,0.505,0.99,0.0,0.0,2.0,2026-03-27 01:00:00+00:00,-195.33123073303238,False,True,sports_fees_v2,Draw,1588672,crint-afg-lka-2026-03-20-team-top-batter-draw
International,cricket_team_top_batter,ODI Series Afghanistan vs Sri Lanka: Afghanistan vs Sri Lanka - Team Top Batter ,,1.0,,,0.0,0.0,0.0,2026-03-27 01:00:00+00:00,-195.33123073303238,False,True,sports_fees_v2,LKA,1588673,crint-afg-lka-2026-03-20-team-top-batter-lka
International,moneyline,ODI Series Afghanistan vs Sri Lanka: Afghanistan vs Sri Lanka,0.01,1.0,0.505,0.99,0.0,630.3127489999999,1.0,2026-03-29 01:00:00+00:00,-193.33123073303238,False,False,sports_fees_v2,,1598935,crint-afg-lka-2026-03-22
International,cricket_toss_winner,ODI Series Afghanistan vs Sri Lanka: Afghanistan vs Sri Lanka - Who wins the tos,0.02,0.98,0.5,0.96,0.0,243.74170800000002,4.0,2026-03-29 01:00:00+00:00,-193.33123073303238,False,False,sports_fees_v2,,1598936,crint-afg-lka-2026-03-22-toss-winner
International,cricket_completed_match,ODI Series Afghanistan vs Sri Lanka: Afghanistan vs Sri Lanka - Completed match?,,1.0,,,0.0,0.0,0.0,2026-03-29 01:00:00+00:00,-193.33123073303238,False,False,sports_fees_v2,,1598937,crint-afg-lka-2026-03-22-completed-match
International,cricket_team_top_batter,ODI Series Afghanistan vs Sri Lanka: Afghanistan vs Sri Lanka - Team Top Batter ,,0.99,,,0.0,0.0,0.05,2026-03-29 01:00:00+00:00,-193.33123073303238,False,True,sports_fees_v2,AFG,1598938,crint-afg-lka-2026-03-22-team-top-batter-afg
International,cricket_team_top_batter,ODI Series Afghanistan vs Sri Lanka: Afghanistan vs Sri Lanka - Team Top Batter ,,0.99,,,0.0,0.0,0.05,2026-03-29 01:00:00+00:00,-193.33123073303238,False,True,sports_fees_v2,Draw,1598939,crint-afg-lka-2026-03-22-team-top-batter-draw
International,cricket_team_top_batter,ODI Series Afghanistan vs Sri Lanka: Afghanistan vs Sri Lanka - Team Top Batter ,,0.99,,,0.0,0.0,0.075,2026-03-29 01:00:00+00:00,-193.33123073303238,False,True,sports_fees_v2,LKA,1598940,crint-afg-lka-2026-03-22-team-top-batter-lka
International,moneyline,ODI Series Afghanistan vs Sri Lanka: Afghanistan vs Sri Lanka,0.04,0.99,0.515,0.95,0.0,298.478419,2.0,2026-04-01 01:00:00+00:00,-190.33123073303238,False,False,sports_fees_v2,,1640605,crint-afg-lka-2026-03-25
International,cricket_toss_winner,ODI Series Afghanistan vs Sri Lanka: Afghanistan vs Sri Lanka - Who wins the tos,,1.0,,,0.0,70.0,0.0,2026-04-01 01:00:00+00:00,-190.33123073303238,False,False,sports_fees_v2,,1640606,crint-afg-lka-2026-03-25-toss-winner
International,cricket_completed_match,ODI Series Afghanistan vs Sri Lanka: Afghanistan vs Sri Lanka - Completed match?,,1.0,,,0.0,10.0,0.0,2026-04-01 01:00:00+00:00,-190.33123073303238,False,False,sports_fees_v2,,1640607,crint-afg-lka-2026-03-25-completed-match
International,cricket_team_top_batter,ODI Series Afghanistan vs Sri Lanka: Afghanistan vs Sri Lanka - Team Top Batter ,,1.0,,,0.0,0.0,0.0,2026-04-01 01:00:00+00:00,-190.33123073303238,False,True,sports_fees_v2,AFG,1640608,crint-afg-lka-2026-03-25-team-top-batter-afg
International,cricket_team_top_batter,ODI Series Afghanistan vs Sri Lanka: Afghanistan vs Sri Lanka - Team Top Batter ,0.02,1.0,0.51,0.98,0.0,0.0,2.0,2026-04-01 01:00:00+00:00,-190.33123073303238,False,True,sports_fees_v2,Draw,1640609,crint-afg-lka-2026-03-25-team-top-batter-draw
International,cricket_team_top_batter,ODI Series Afghanistan vs Sri Lanka: Afghanistan vs Sri Lanka - Team Top Batter ,,1.0,,,0.0,0.0,0.0,2026-04-01 01:00:00+00:00,-190.33123073303238,False,True,sports_fees_v2,LKA,1640610,crint-afg-lka-2026-03-25-team-top-batter-lka
International,cricket_most_sixes,T20 Brisbane Champions League: Brisbane Napoleons vs Iconic Super Knights - Most,,1.0,,,0.0,0.0,0.0,2026-04-11 04:00:00+00:00,-180.20623073303238,False,True,sports_fees_v2,BRI,1846158,crint-bri-ico-2026-04-04-most-sixes-bri
International,cricket_most_sixes,T20 Brisbane Champions League: Brisbane Napoleons vs Iconic Super Knights - Most,,1.0,,,0.0,0.0,0.0,2026-04-11 04:00:00+00:00,-180.20623073303238,False,True,sports_fees_v2,Draw,1846159,crint-bri-ico-2026-04-04-most-sixes-draw
International,cricket_most_sixes,T20 Brisbane Champions League: Brisbane Napoleons vs Iconic Super Knights - Most,,1.0,,,0.0,0.0,0.0,2026-04-11 04:00:00+00:00,-180.20623073303238,False,True,sports_fees_v2,ICO,1846160,crint-bri-ico-2026-04-04-most-sixes-ico
International,cricket_most_sixes,T20 Series Jersey vs Scotland A: Jersey vs Scotland A - Most Sixes Jersey Winner,,1.0,,,0.0,40.24,0.0,2026-04-25 04:00:00+00:00,-166.20623073303238,False,True,sports_fees_v2,JER,1959722,crint-jer-sco-2026-04-18-most-sixes-jer
International,cricket_most_sixes,T20 Series Jersey vs Scotland A: Jersey vs Scotland A - Most Sixes Draw,,1.0,,,0.0,0.0,0.0,2026-04-25 04:00:00+00:00,-166.20623073303238,False,True,sports_fees_v2,Draw,1959723,crint-jer-sco-2026-04-18-most-sixes-draw
International,cricket_most_sixes,T20 Series Jersey vs Scotland A: Jersey vs Scotland A - Most Sixes Scotland A Wi,,1.0,,,0.0,40.540000000000006,0.0,2026-04-25 04:00:00+00:00,-166.20623073303238,False,True,sports_fees_v2,SCO,1959724,crint-jer-sco-2026-04-18-most-sixes-sco
International,cricket_team_top_batter,T20 Series Jersey vs Scotland A: Jersey vs Scotland A - Team Top Batter Draw,,1.0,,,0.0,1527.7,0.0,2026-04-25 04:00:00+00:00,-166.20623073303238,False,True,sports_fees_v2,Draw,1959726,crint-jer-sco-2026-04-18-team-top-batter-draw
International,cricket_team_top_batter,T20 Series Jersey vs Scotland A: Jersey vs Scotland A - Team Top Batter Scotland,,1.0,,,0.0,40.24,0.0,2026-04-25 04:00:00+00:00,-166.20623073303238,False,True,sports_fees_v2,SCO,1959727,crint-jer-sco-2026-04-18-team-top-batter-sco
International,cricket_team_top_batter,"T20 BIFA Cup, Women: Thunder Xi vs Kokrajhar - Team Top Batter Draw",,1.0,,,0.0,10.0,0.0,2026-04-29 04:00:00+00:00,-162.20623073303238,False,True,sports_fees_v2,Draw,2044747,crint-thu-kok-2026-04-22-team-top-batter-draw
International,cricket_team_top_batter,"T20 BIFA Cup, Women: Thunder Xi vs Kokrajhar - Team Top Batter Kokrajhar Winner",,1.0,,,0.0,10.0,0.0,2026-04-29 04:00:00+00:00,-162.20623073303238,False,True,sports_fees_v2,KOK,2044748,crint-thu-kok-2026-04-22-team-top-batter-kok
International,cricket_toss_match_double,T20 Series Cyprus vs Finland: Cyprus vs Finland - Toss Match Double Cyprus Winne,,1.0,,,0.0,2.0306,0.0,2026-05-15 07:30:00+00:00,-146.06039739969907,False,True,sports_fees_v2,CYP,2185303,crint-cyp-fin-2026-05-08-toss-match-double-cyp
International,cricket_toss_match_double,T20 Series Cyprus vs Finland: Cyprus vs Finland - Toss Match Double Draw,,1.0,,,0.0,0.0,0.0,2026-05-15 07:30:00+00:00,-146.06039739969907,False,True,sports_fees_v2,Draw,2185304,crint-cyp-fin-2026-05-08-toss-match-double-draw
International,cricket_toss_match_double,T20 Series Cyprus vs Finland: Cyprus vs Finland - Toss Match Double Finland Winn,,1.0,,,0.0,0.0,0.0,2026-05-15 07:30:00+00:00,-146.06039739969907,False,True,sports_fees_v2,FIN,2185305,crint-cyp-fin-2026-05-08-toss-match-double-fin
International,cricket_most_sixes,T20 Series Cyprus vs Finland: Cyprus vs Finland - Most Sixes Cyprus Winner,,1.0,,,0.0,0.0,0.0,2026-05-15 07:30:00+00:00,-146.06039739969907,False,True,sports_fees_v2,CYP,2185306,crint-cyp-fin-2026-05-08-most-sixes-cyp
International,cricket_most_sixes,T20 Series Cyprus vs Finland: Cyprus vs Finland - Most Sixes Draw,,1.0,,,0.0,0.0,0.0,2026-05-15 07:30:00+00:00,-146.06039739969907,False,True,sports_fees_v2,Draw,2185307,crint-cyp-fin-2026-05-08-most-sixes-draw
International,cricket_most_sixes,T20 Series Cyprus vs Finland: Cyprus vs Finland - Most Sixes Finland Winner,,1.0,,,0.0,0.0,0.0,2026-05-15 07:30:00+00:00,-146.06039739969907,False,True,sports_fees_v2,FIN,2185308,crint-cyp-fin-2026-05-08-most-sixes-fin
International,cricket_completed_match,Afghanistan Tour of India T20s: India vs Afghanistan - Completed match?,,1.0,,,0.0,53.320100000000004,0.0,2026-09-20 09:30:00+00:00,-17.97706406636574,False,False,sports_fees_v3,,4289128,crint-ind-afg-2026-09-13-completed-match
International,cricket_toss_match_double,Afghanistan Tour of India T20s: India vs Afghanistan - Toss Match Double India W,,1.0,,,0.0,0.0,0.0,2026-09-20 09:30:00+00:00,-17.97706406636574,False,True,sports_fees_v3,IND,4289129,crint-ind-afg-2026-09-13-toss-match-double-ind
International,cricket_toss_match_double,Afghanistan Tour of India T20s: India vs Afghanistan - Toss Match Double Draw,,1.0,,,0.0,0.0,0.0,2026-09-20 09:30:00+00:00,-17.97706406636574,False,True,sports_fees_v3,Draw,4289130,crint-ind-afg-2026-09-13-toss-match-double-draw
International,cricket_toss_match_double,Afghanistan Tour of India T20s: India vs Afghanistan - Toss Match Double Afghani,,1.0,,,0.0,0.0,0.0,2026-09-20 09:30:00+00:00,-17.97706406636574,False,True,sports_fees_v3,AFG,4289131,crint-ind-afg-2026-09-13-toss-match-double-afg
International,cricket_most_sixes,Afghanistan Tour of India T20s: India vs Afghanistan - Most Sixes India Winner,,1.0,,,0.0,0.0,0.0,2026-09-20 09:30:00+00:00,-17.97706406636574,False,True,sports_fees_v3,IND,4289132,crint-ind-afg-2026-09-13-most-sixes-ind
International,cricket_most_sixes,Afghanistan Tour of India T20s: India vs Afghanistan - Most Sixes Draw,,1.0,,,0.0,0.0,0.0,2026-09-20 09:30:00+00:00,-17.97706406636574,False,True,sports_fees_v3,Draw,4289133,crint-ind-afg-2026-09-13-most-sixes-draw
International,cricket_most_sixes,Afghanistan Tour of India T20s: India vs Afghanistan - Most Sixes Afghanistan Wi,,1.0,,,0.0,0.0,0.0,2026-09-20 09:30:00+00:00,-17.97706406636574,False,True,sports_fees_v3,AFG,4289134,crint-ind-afg-2026-09-13-most-sixes-afg
International,cricket_team_top_batter,Afghanistan Tour of India T20s: India vs Afghanistan - Team Top Batter India Win,,1.0,,,0.0,0.0,0.0,2026-09-20 09:30:00+00:00,-17.97706406636574,False,True,sports_fees_v3,IND,4289135,crint-ind-afg-2026-09-13-team-top-batter-ind
International,cricket_team_top_batter,Afghanistan Tour of India T20s: India vs Afghanistan - Team Top Batter Draw,,1.0,,,0.0,0.0,0.0,2026-09-20 09:30:00+00:00,-17.97706406636574,False,True,sports_fees_v3,Draw,4289136,crint-ind-afg-2026-09-13-team-top-batter-draw
International,cricket_team_top_batter,Afghanistan Tour of India T20s: India vs Afghanistan - Team Top Batter Afghanist,,1.0,,,0.0,0.0,0.0,2026-09-20 09:30:00+00:00,-17.97706406636574,False,True,sports_fees_v3,AFG,4289137,crint-ind-afg-2026-09-13-team-top-batter-afg
International,cricket_completed_match,T20 Afghanistan vs India: Afghanistan vs India - Completed match?,,1.0,,,0.0,0.0,0.0,2026-09-20 10:00:00+00:00,-17.956230733032406,False,False,sports_fees_v3,,4325802,crint-afg2-ind4-2026-09-13-completed-match
International,cricket_toss_match_double,T20 Afghanistan vs India: Afghanistan vs India - Toss Match Double Draw,,1.0,,,0.0,0.0,0.0,2026-09-20 10:00:00+00:00,-17.956230733032406,False,True,sports_fees_v3,Draw,4325804,crint-afg2-ind4-2026-09-13-toss-match-double-draw
International,cricket_toss_match_double,T20 Afghanistan vs India: Afghanistan vs India - Toss Match Double India Winner,,1.0,,,0.0,0.0,0.0,2026-09-20 10:00:00+00:00,-17.956230733032406,False,True,sports_fees_v3,IND4,4325805,crint-afg2-ind4-2026-09-13-toss-match-double-ind4
International,cricket_most_sixes,T20 Afghanistan vs India: Afghanistan vs India - Most Sixes Afghanistan Winner,,1.0,,,0.0,0.0,0.0,2026-09-20 10:00:00+00:00,-17.956230733032406,False,True,sports_fees_v3,AFG2,4325806,crint-afg2-ind4-2026-09-13-most-sixes-afg2
International,cricket_most_sixes,T20 Afghanistan vs India: Afghanistan vs India - Most Sixes Draw,,1.0,,,0.0,0.0,0.0,2026-09-20 10:00:00+00:00,-17.956230733032406,False,True,sports_fees_v3,Draw,4325807,crint-afg2-ind4-2026-09-13-most-sixes-draw
International,cricket_most_sixes,T20 Afghanistan vs India: Afghanistan vs India - Most Sixes India Winner,,1.0,,,0.0,0.0,0.0,2026-09-20 10:00:00+00:00,-17.956230733032406,False,True,sports_fees_v3,IND4,4325808,crint-afg2-ind4-2026-09-13-most-sixes-ind4
International,cricket_team_top_batter,T20 Afghanistan vs India: Afghanistan vs India - Team Top Batter Afghanistan Win,,1.0,,,0.0,0.0,0.0,2026-09-20 10:00:00+00:00,-17.956230733032406,False,True,sports_fees_v3,AFG2,4325809,crint-afg2-ind4-2026-09-13-team-top-batter-afg2
International,cricket_team_top_batter,T20 Afghanistan vs India: Afghanistan vs India - Team Top Batter Draw,,1.0,,,0.0,0.0,0.0,2026-09-20 10:00:00+00:00,-17.956230733032406,False,True,sports_fees_v3,Draw,4325810,crint-afg2-ind4-2026-09-13-team-top-batter-draw
International,cricket_team_top_batter,T20 Afghanistan vs India: Afghanistan vs India - Team Top Batter India Winner,,1.0,,,0.0,0.0,0.0,2026-09-20 10:00:00+00:00,-17.956230733032406,False,True,sports_fees_v3,IND4,4325811,crint-afg2-ind4-2026-09-13-team-top-batter-ind4
International,cricket_toss_match_double,"T20 Asia Cup, Women: A1 vs B2 - Toss Match Double A1 Winner",,1.0,,,0.0,0.0,0.0,2026-09-17 10:30:00+00:00,-20.935397399699074,False,True,sports_fees_v3,A12,4359360,crint-a12-b22-2026-09-10-toss-match-double-a12
International,cricket_toss_match_double,"T20 Asia Cup, Women: A1 vs B2 - Toss Match Double Draw",,1.0,,,0.0,0.0,0.0,2026-09-17 10:30:00+00:00,-20.935397399699074,False,True,sports_fees_v3,Draw,4359361,crint-a12-b22-2026-09-10-toss-match-double-draw
International,cricket_toss_match_double,"T20 Asia Cup, Women: A1 vs B2 - Toss Match Double B2 Winner",,1.0,,,0.0,0.0,0.0,2026-09-17 10:30:00+00:00,-20.935397399699074,False,True,sports_fees_v3,B22,4359362,crint-a12-b22-2026-09-10-toss-match-double-b22
International,cricket_most_sixes,"T20 Asia Cup, Women: A1 vs B2 - Most Sixes A1 Winner",,1.0,,,0.0,0.0,0.0,2026-09-17 10:30:00+00:00,-20.935397399699074,False,True,sports_fees_v3,A12,4359363,crint-a12-b22-2026-09-10-most-sixes-a12
International,cricket_most_sixes,"T20 Asia Cup, Women: A1 vs B2 - Most Sixes Draw",,1.0,,,0.0,0.0,0.0,2026-09-17 10:30:00+00:00,-20.935397399699074,False,True,sports_fees_v3,Draw,4359364,crint-a12-b22-2026-09-10-most-sixes-draw
International,cricket_most_sixes,"T20 Asia Cup, Women: A1 vs B2 - Most Sixes B2 Winner",,1.0,,,0.0,0.0,0.0,2026-09-17 10:30:00+00:00,-20.935397399699074,False,True,sports_fees_v3,B22,4359365,crint-a12-b22-2026-09-10-most-sixes-b22
International,cricket_team_top_batter,"T20 Asia Cup, Women: A1 vs B2 - Team Top Batter A1 Winner",,1.0,,,0.0,0.0,0.0,2026-09-17 10:30:00+00:00,-20.935397399699074,False,True,sports_fees_v3,A12,4359366,crint-a12-b22-2026-09-10-team-top-batter-a12
International,cricket_team_top_batter,"T20 Asia Cup, Women: A1 vs B2 - Team Top Batter Draw",,1.0,,,0.0,0.0,0.0,2026-09-17 10:30:00+00:00,-20.935397399699074,False,True,sports_fees_v3,Draw,4359367,crint-a12-b22-2026-09-10-team-top-batter-draw
International,cricket_team_top_batter,"T20 Asia Cup, Women: A1 vs B2 - Team Top Batter B2 Winner",,1.0,,,0.0,0.0,0.0,2026-09-17 10:30:00+00:00,-20.935397399699074,False,True,sports_fees_v3,B22,4359368,crint-a12-b22-2026-09-10-team-top-batter-b22
International,moneyline,Malaysia Women Tour of Japan T20s: Japan Women vs Malaysia Women,,1.0,,,0.0,0.0,0.0,2026-09-18 21:00:00+00:00,-19.497897399699074,False,False,sports_fees_v3,,4402417,crint-jpnw-mysw-2026-09-11
International,cricket_toss_winner,Malaysia Women Tour of Japan T20s: Japan Women vs Malaysia Women - Who wins the ,,1.0,,,0.0,0.0,0.0,2026-09-18 21:00:00+00:00,-19.497897399699074,False,False,sports_fees_v3,,4402418,crint-jpnw-mysw-2026-09-11-toss-winner
Uzbekistan Super League,soccer_first_corner,PFK Dinamo Samarqand vs. FK Kokand 1912: Team to Take First Corner,,1.0,,,0.0,0.0,0.0,2026-07-29 15:00:00+00:00,-70.74789739969907,False,False,sports_fees_v3,Team to Take First Corner,3162814,uzb1-din-kkd-2026-07-29-first-corner
Uzbekistan Super League,soccer_first_corner,PFK Mash AL Mubarek vs. PFC Sogdiana: Team to Take First Corner,,1.0,,,0.0,0.0,0.0,2026-08-02 15:00:00+00:00,-66.74789739969907,False,False,sports_fees_v3,Team to Take First Corner,3264502,uzb1-mas-sog-2026-08-02-first-corner
Uzbekistan Super League,soccer_first_corner,Xorazm Fk Urganch vs. PFK Mash AL Mubarek: Team to Take First Corner,0.001,0.999,0.5,0.998,0.0,0.0,0.01,2026-08-07 15:00:00+00:00,-61.74789739969908,False,False,sports_fees_v3,Team to Take First Corner,3362653,uzb1-xor-mas-2026-08-07-first-corner
Uzbekistan Super League,soccer_first_corner,Pakhtakor vs. FK Buxoro: Team to Take First Corner,0.001,0.999,0.5,0.998,0.0,0.0,0.01,2026-08-06 15:00:00+00:00,-62.74789739969908,False,False,sports_fees_v3,Team to Take First Corner,3362751,uzb1-pak-bux-2026-08-06-first-corner
Uzbekistan Super League,,Will AGMK win the 2026 Uzbekistan Super League?,0.02,0.97,0.495,0.95,0.0,0.0,5.0902,2027-01-01 04:59:00+00:00,84.83474148918981,False,True,sports_fees_v3,AGMK,3530418,2026-soccer-uzbekistan-super-league-winner-agmk
Uzbekistan Super League,,Will Andijon win the 2026 Uzbekistan Super League?,0.01,0.98,0.495,0.97,0.0,0.0,2.5905,2027-01-01 04:59:00+00:00,84.83474148918981,False,True,sports_fees_v3,Andijon,3530419,2026-soccer-uzbekistan-super-league-winner-andijon
Uzbekistan Super League,,Will Bukhara win the 2026 Uzbekistan Super League?,0.01,0.98,0.495,0.97,0.0,0.0,2.7105,2027-01-01 04:59:00+00:00,84.83474148918981,False,True,sports_fees_v3,Bukhara,3530420,2026-soccer-uzbekistan-super-league-winner-bukhara
Uzbekistan Super League,,Will Dinamo Samarqand win the 2026 Uzbekistan Super League?,0.02,0.95,0.485,0.9299999999999999,0.0,0.0,4.5199,2027-01-01 04:59:00+00:00,84.83474148918981,False,True,sports_fees_v3,Dinamo Samarqand,3530422,2026-soccer-uzbekistan-super-league-winner-dinamo-samarqand
Uzbekistan Super League,,Will Lokomotiv Tashkent win the 2026 Uzbekistan Super League?,0.02,0.98,0.5,0.96,0.0,0.0,3.2102,2027-01-01 04:59:00+00:00,84.83474148918981,False,True,sports_fees_v3,Lokomotiv Tashkent,3530425,2026-soccer-uzbekistan-super-league-winner-lokomotiv-tashkent
Uzbekistan Super League,,Will Nasaf win the 2026 Uzbekistan Super League?,0.02,0.98,0.5,0.96,0.0,0.0,3.2103,2027-01-01 04:59:00+00:00,84.83474148918981,False,True,sports_fees_v3,Nasaf,3530427,2026-soccer-uzbekistan-super-league-winner-nasaf
Uzbekistan Super League,,Will Navbahor win the 2026 Uzbekistan Super League?,0.01,0.98,0.495,0.97,0.0,0.0,2.7105,2027-01-01 04:59:00+00:00,84.83474148918981,False,True,sports_fees_v3,Navbahor,3530428,2026-soccer-uzbekistan-super-league-winner-navbahor
Uzbekistan Super League,,Will Neftchi Fergana win the 2026 Uzbekistan Super League?,0.02,0.98,0.5,0.96,0.0,0.0,3.2103,2027-01-01 04:59:00+00:00,84.83474148918981,False,True,sports_fees_v3,Neftchi Fergana,3530429,2026-soccer-uzbekistan-super-league-winner-neftchi-fergana
Uzbekistan Super League,,Will Pakhtakor win the 2026 Uzbekistan Super League?,0.02,0.98,0.5,0.96,0.0,0.0,3.2103,2027-01-01 04:59:00+00:00,84.83474148918981,False,True,sports_fees_v3,Pakhtakor,3530430,2026-soccer-uzbekistan-super-league-winner-pakhtakor
Uzbekistan Super League,,Will Qizilqum win the 2026 Uzbekistan Super League?,,0.91,,,0.0,62.0,7.5155,2027-01-01 04:59:00+00:00,84.83474148918981,False,True,sports_fees_v3,Qizilqum,3530431,2026-soccer-uzbekistan-super-league-winner-qizilqum
Uzbekistan Super League,,Will Sogdiana win the 2026 Uzbekistan Super League?,,0.95,,,0.0,62.0,5.5158,2027-01-01 04:59:00+00:00,84.83474148918981,False,True,sports_fees_v3,Sogdiana,3530432,2026-soccer-uzbekistan-super-league-winner-sogdiana
Uzbekistan Super League,,Will AGMK be runner-up in the 2026 Uzbekistan Super League?,0.02,0.98,0.5,0.96,0.0,0.0,3.1986,2027-01-01 04:59:00+00:00,84.83474148918981,False,True,sports_fees_v3,AGMK,3544968,2026-soccer-uzbekistan-super-league-runner-up-agmk
Uzbekistan Super League,,Will Andijon be runner-up in the 2026 Uzbekistan Super League?,0.01,0.98,0.495,0.97,0.0,0.0,2.6986,2027-01-01 04:59:00+00:00,84.83474148918981,False,True,sports_fees_v3,Andijon,3544969,2026-soccer-uzbekistan-super-league-runner-up-andijon
Uzbekistan Super League,,Will Bukhara be runner-up in the 2026 Uzbekistan Super League?,0.02,0.98,0.5,0.96,0.0,0.0,3.1985,2027-01-01 04:59:00+00:00,84.83474148918981,False,True,sports_fees_v3,Bukhara,3544970,2026-soccer-uzbekistan-super-league-runner-up-bukhara
Uzbekistan Super League,,Will Dinamo Samarqand be runner-up in the 2026 Uzbekistan Super League?,0.02,0.98,0.5,0.96,0.0,0.0,3.1984,2027-01-01 04:59:00+00:00,84.83474148918981,False,True,sports_fees_v3,Dinamo Samarqand,3544972,2026-soccer-uzbekistan-super-league-runner-up-dinamo-samarqand
Uzbekistan Super League,,Will Lokomotiv Tashkent be runner-up in the 2026 Uzbekistan Super League?,0.02,0.98,0.5,0.96,0.0,0.0,3.1986,2027-01-01 04:59:00+00:00,84.83474148918981,False,True,sports_fees_v3,Lokomotiv Tashkent,3544975,2026-soccer-uzbekistan-super-league-runner-up-lokomotiv-tashkent
Uzbekistan Super League,,Will Nasaf be runner-up in the 2026 Uzbekistan Super League?,0.01,0.98,0.495,0.97,0.0,0.0,2.6986,2027-01-01 04:59:00+00:00,84.83474148918981,False,True,sports_fees_v3,Nasaf,3544977,2026-soccer-uzbekistan-super-league-runner-up-nasaf
Uzbekistan Super League,,Will Navbahor be runner-up in the 2026 Uzbekistan Super League?,0.01,0.98,0.495,0.97,0.0,0.0,2.6986,2027-01-01 04:59:00+00:00,84.83474148918981,False,True,sports_fees_v3,Navbahor,3544978,2026-soccer-uzbekistan-super-league-runner-up-navbahor
Uzbekistan Super League,,Will Neftchi Fergana be runner-up in the 2026 Uzbekistan Super League?,0.02,0.98,0.5,0.96,0.0,0.0,3.1986,2027-01-01 04:59:00+00:00,84.83474148918981,False,True,sports_fees_v3,Neftchi Fergana,3544979,2026-soccer-uzbekistan-super-league-runner-up-neftchi-fergana
Uzbekistan Super League,,Will Pakhtakor be runner-up in the 2026 Uzbekistan Super League?,0.02,0.98,0.5,0.96,0.0,0.0,2.8086,2027-01-01 04:59:00+00:00,84.83474148918981,False,True,sports_fees_v3,Pakhtakor,3544980,2026-soccer-uzbekistan-super-league-runner-up-pakhtakor
Uzbekistan Super League,,Will Qizilqum be runner-up in the 2026 Uzbekistan Super League?,0.02,0.94,0.48,0.9199999999999999,0.0,0.0,5.1635,2027-01-01 04:59:00+00:00,84.83474148918981,False,True,sports_fees_v3,Qizilqum,3544981,2026-soccer-uzbekistan-super-league-runner-up-qizilqum
Uzbekistan Super League,,Will Sogdiana be runner-up in the 2026 Uzbekistan Super League?,0.02,0.98,0.5,0.96,0.0,0.0,3.1985,2027-01-01 04:59:00+00:00,84.83474148918981,False,True,sports_fees_v3,Sogdiana,3544982,2026-soccer-uzbekistan-super-league-runner-up-sogdiana
Uzbekistan Super League,,Will Surkhon be runner-up in the 2026 Uzbekistan Super League?,,0.88,,,0.0,72.45,9.2019,2027-01-01 04:59:00+00:00,84.83474148918981,False,True,sports_fees_v3,Surkhon,3544983,2026-soccer-uzbekistan-super-league-runner-up-surkhon
Uzbekistan Super League,soccer_first_corner,PFK Dinamo Samarqand vs. Xorazm Fk Urganch: Team to Take First Corner,0.001,0.999,0.5,0.998,0.0,0.0,0.01,2026-08-14 15:00:00+00:00,-54.74789739969908,False,False,sports_fees_v3,Team to Take First Corner,3561131,uzb1-din-xor-2026-08-14-first-corner
Uzbekistan Super League,total_corners,FC Andijon vs. Xorazm Fk Urganch: O/U 8.5 Total Corners,0.001,0.999,0.5,0.998,0.0,35.0,0.04,2026-08-25 14:00:00+00:00,-43.78956406636574,False,False,sports_fees_v3,Total Corners: O/U 8.5,3836299,uzb1-and-xor-2026-08-25-corners-total-8pt5
Uzbekistan Super League,soccer_game_corners_odd_even,FC Andijon vs. Xorazm Fk Urganch: Total Corners Odd or Even?,0.001,0.999,0.5,0.998,0.0,5.0,0.01,2026-08-25 14:00:00+00:00,-43.78956406636574,False,False,sports_fees_v3,Total Corners: Odd or Even,3836319,uzb1-and-xor-2026-08-25-corners-odd-even
Uzbekistan Super League,,Will AGMK be relegated from the 2026 Uzbekistan Super League?,0.04,0.09,0.065,0.049999999999999996,0.0,44.081633,128.3607,2027-01-01 04:59:00+00:00,84.83474148918981,False,False,sports_fees_v3,AGMK,3913627,will-agmk-be-relegated-from-uzbekistan-super-league-2026
Uzbekistan Super League,,Will Andijon be relegated from the 2026 Uzbekistan Super League?,0.01,0.23,0.12000000000000001,0.22,0.0,89.70532,42.1699,2027-01-01 04:59:00+00:00,84.83474148918981,False,False,sports_fees_v3,Andijon,3913628,will-andijon-be-relegated-from-uzbekistan-super-league-2026
Uzbekistan Super League,,Will Bukhara be relegated from the 2026 Uzbekistan Super League?,0.02,0.2,0.11,0.18000000000000002,0.0,60.0,35.81941,2027-01-01 04:59:00+00:00,84.83474148918981,False,False,sports_fees_v3,Bukhara,3913629,will-bukhara-be-relegated-from-uzbekistan-super-league-2026
Uzbekistan Super League,,Will Bunyodkor be relegated from the 2026 Uzbekistan Super League?,0.3,0.7,0.5,0.39999999999999997,0.0,118.97,125.944,2027-01-01 04:59:00+00:00,84.83474148918981,False,False,sports_fees_v3,Bunyodkor,3913630,will-bunyodkor-be-relegated-from-uzbekistan-super-league-2026
Uzbekistan Super League,,Will Dinamo Samarqand be relegated from the 2026 Uzbekistan Super League?,0.03,0.09,0.06,0.06,0.0,21.0,128.8137,2027-01-01 04:59:00+00:00,84.83474148918981,False,False,sports_fees_v3,Dinamo Samarqand,3913631,will-dinamo-samarqand-be-relegated-from-uzbekistan-super-league-2026
Uzbekistan Super League,,Will Khorazm be relegated from the 2026 Uzbekistan Super League?,0.02,0.46,0.24000000000000002,0.44,0.0,100.0,14.7639,2027-01-01 04:59:00+00:00,84.83474148918981,False,False,sports_fees_v3,Khorazm,3913632,will-khorazm-be-relegated-from-uzbekistan-super-league-2026
Uzbekistan Super League,,Will Kokand 1912 be relegated from the 2026 Uzbekistan Super League?,0.38,0.44,0.41000000000000003,0.06,20.0,256.0,94.544,2027-01-01 04:59:00+00:00,84.83474148918981,False,False,sports_fees_v3,Kokand 1912,3913633,will-kokand-1912-be-relegated-from-uzbekistan-super-league-2026
Uzbekistan Super League,,Will Lokomotiv Tashkent be relegated from the 2026 Uzbekistan Super League?,0.196,0.27,0.233,0.07400000000000001,0.0,37.0,140.24776,2027-01-01 04:59:00+00:00,84.83474148918981,False,False,sports_fees_v3,Lokomotiv Tashkent,3913634,will-lokomotiv-tashkent-be-relegated-from-uzbekistan-super-league-2026
Uzbekistan Super League,,Will Mash'al be relegated from the 2026 Uzbekistan Super League?,0.9,0.93,0.915,0.030000000000000027,0.0,1122.87077,278.0416,2027-01-01 04:59:00+00:00,84.83474148918981,False,False,sports_fees_v3,Mash'al,3913635,will-mash-al-be-relegated-from-uzbekistan-super-league-2026
Uzbekistan Super League,,Will Nasaf be relegated from the 2026 Uzbekistan Super League?,0.02,0.2,0.11,0.18000000000000002,0.0,60.0,37.2641,2027-01-01 04:59:00+00:00,84.83474148918981,False,False,sports_fees_v3,Nasaf,3913637,will-nasaf-be-relegated-from-uzbekistan-super-league-2026
Uzbekistan Super League,,Will Navbahor be relegated from the 2026 Uzbekistan Super League?,0.002,0.048,0.025,0.046,0.0,154.0,287.79786,2027-01-01 04:59:00+00:00,84.83474148918981,False,False,sports_fees_v3,Navbahor,3913639,will-navbahor-be-relegated-from-uzbekistan-super-league-2026
Uzbekistan Super League,,Will Neftchi Fergana be relegated from the 2026 Uzbekistan Super League?,0.002,0.37,0.186,0.368,0.0,669.3815689999999,100.01286,2027-01-01 04:59:00+00:00,84.83474148918981,False,False,sports_fees_v3,Neftchi Fergana,3913641,will-neftchi-fergana-be-relegated-from-uzbekistan-super-league-2026
Uzbekistan Super League,,Will Pakhtakor be relegated from the 2026 Uzbekistan Super League?,0.002,0.062,0.032,0.06,0.0,226.0,178.04608,2027-01-01 04:59:00+00:00,84.83474148918981,False,False,sports_fees_v3,Pakhtakor,3913643,will-pakhtakor-be-relegated-from-uzbekistan-super-league-2026
Uzbekistan Super League,,Will Qizilqum be relegated from the 2026 Uzbekistan Super League?,0.255,0.303,0.279,0.04799999999999999,0.0,46.0,623.7724,2027-01-01 04:59:00+00:00,84.83474148918981,False,False,sports_fees_v3,Qizilqum,3913646,will-qizilqum-be-relegated-from-uzbekistan-super-league-2026
Uzbekistan Super League,,Will Sogdiana be relegated from the 2026 Uzbekistan Super League?,0.02,0.25,0.135,0.23,0.0,83.22999999999999,29.9037,2027-01-01 04:59:00+00:00,84.83474148918981,False,False,sports_fees_v3,Sogdiana,3913647,will-sogdiana-be-relegated-from-uzbekistan-super-league-2026
Uzbekistan Super League,,Will Surkhon be relegated from the 2026 Uzbekistan Super League?,0.03,0.27,0.15000000000000002,0.24000000000000002,0.0,60.343914,16.084,2027-01-01 04:59:00+00:00,84.83474148918981,False,False,sports_fees_v3,Surkhon,3913650,will-surkhon-be-relegated-from-uzbekistan-super-league-2026
Uzbekistan Super League,,Will AGMK finish 11th in the 2026 Uzbekistan Super League?,0.01,0.97,0.49,0.96,0.0,0.0,6.588,2027-01-01 04:59:00+00:00,84.83474148918981,False,True,sports_fees_v3,AGMK,3913944,will-agmk-finish-11th-in-uzbekistan-super-league-2026
Uzbekistan Super League,,Will Andijon finish 11th in the 2026 Uzbekistan Super League?,0.01,0.97,0.49,0.96,0.0,0.0,6.7679,2027-01-01 04:59:00+00:00,84.83474148918981,False,True,sports_fees_v3,Andijon,3913945,will-andijon-finish-11th-in-uzbekistan-super-league-2026
Uzbekistan Super League,,Will Bukhara finish 11th in the 2026 Uzbekistan Super League?,0.01,0.97,0.49,0.96,0.0,0.0,5.2478,2027-01-01 04:59:00+00:00,84.83474148918981,False,True,sports_fees_v3,Bukhara,3913946,will-bukhara-finish-11th-in-uzbekistan-super-league-2026
Uzbekistan Super League,,Will Bunyodkor finish 11th in the 2026 Uzbekistan Super League?,0.01,0.97,0.49,0.96,0.0,0.0,5.308,2027-01-01 04:59:00+00:00,84.83474148918981,False,True,sports_fees_v3,Bunyodkor,3913947,will-bunyodkor-finish-11th-in-uzbekistan-super-league-2026
Uzbekistan Super League,,Will Dinamo Samarqand finish 11th in the 2026 Uzbekistan Super League?,0.01,0.97,0.49,0.96,0.0,0.0,5.2679,2027-01-01 04:59:00+00:00,84.83474148918981,False,True,sports_fees_v3,Dinamo Samarqand,3913948,will-dinamo-samarqand-finish-11th-in-uzbekistan-super-league-2026
Uzbekistan Super League,,Will Khorazm finish 11th in the 2026 Uzbekistan Super League?,0.01,0.96,0.485,0.95,0.0,0.0,9.8977,2027-01-01 04:59:00+00:00,84.83474148918981,False,True,sports_fees_v3,Khorazm,3913949,will-khorazm-finish-11th-in-uzbekistan-super-league-2026
Uzbekistan Super League,,Will Kokand 1912 finish 11th in the 2026 Uzbekistan Super League?,0.01,0.97,0.49,0.96,0.0,0.0,5.2479,2027-01-01 04:59:00+00:00,84.83474148918981,False,True,sports_fees_v3,Kokand 1912,3913951,will-kokand-1912-finish-11th-in-uzbekistan-super-league-2026
Uzbekistan Super League,,Will Lokomotiv Tashkent finish 11th in the 2026 Uzbekistan Super League?,0.01,0.97,0.49,0.96,0.0,0.0,6.768,2027-01-01 04:59:00+00:00,84.83474148918981,False,True,sports_fees_v3,Lokomotiv Tashkent,3913954,will-lokomotiv-tashkent-finish-11th-in-uzbekistan-super-league-2026
Uzbekistan Super League,,Will Mash'al finish 11th in the 2026 Uzbekistan Super League?,0.01,0.96,0.485,0.95,0.0,0.0,8.2979,2027-01-01 04:59:00+00:00,84.83474148918981,False,True,sports_fees_v3,Mash'al,3913956,will-mash-al-finish-11th-in-uzbekistan-super-league-2026
Uzbekistan Super League,,Will Nasaf finish 11th in the 2026 Uzbekistan Super League?,0.01,0.96,0.485,0.95,0.0,0.0,6.5579,2027-01-01 04:59:00+00:00,84.83474148918981,False,True,sports_fees_v3,Nasaf,3913958,will-nasaf-finish-11th-in-uzbekistan-super-league-2026
Uzbekistan Super League,,Will Navbahor finish 11th in the 2026 Uzbekistan Super League?,,0.9,,,0.0,108.0,11.8472,2027-01-01 04:59:00+00:00,84.83474148918981,False,True,sports_fees_v3,Navbahor,3913960,will-navbahor-finish-11th-in-uzbekistan-super-league-2026
Uzbekistan Super League,,Will Neftchi Fergana finish 11th in the 2026 Uzbekistan Super League?,,0.87,,,0.0,108.0,17.4779,2027-01-01 04:59:00+00:00,84.83474148918981,False,True,sports_fees_v3,Neftchi Fergana,3913962,will-neftchi-fergana-finish-11th-in-uzbekistan-super-league-2026
Uzbekistan Super League,,Will Pakhtakor finish 11th in the 2026 Uzbekistan Super League?,0.001,0.948,0.4745,0.947,0.0,58.0,4.77997,2027-01-01 04:59:00+00:00,84.83474148918981,False,True,sports_fees_v3,Pakhtakor,3913964,will-pakhtakor-finish-11th-in-uzbekistan-super-league-2026
Uzbekistan Super League,,Will Qizilqum finish 11th in the 2026 Uzbekistan Super League?,0.01,0.97,0.49,0.96,0.0,0.0,6.8079,2027-01-01 04:59:00+00:00,84.83474148918981,False,True,sports_fees_v3,Qizilqum,3913966,will-qizilqum-finish-11th-in-uzbekistan-super-league-2026
Uzbekistan Super League,,Will Sogdiana finish 11th in the 2026 Uzbekistan Super League?,0.01,0.9,0.455,0.89,0.0,0.0,10.508,2027-01-01 04:59:00+00:00,84.83474148918981,False,True,sports_fees_v3,Sogdiana,3913968,will-sogdiana-finish-11th-in-uzbekistan-super-league-2026
Uzbekistan Super League,,Will Surkhon finish 11th in the 2026 Uzbekistan Super League?,0.01,0.97,0.49,0.96,0.0,0.0,6.748,2027-01-01 04:59:00+00:00,84.83474148918981,False,True,sports_fees_v3,Surkhon,3913970,will-surkhon-finish-11th-in-uzbekistan-super-league-2026
Uzbekistan Super League,,Will AGMK finish 3rd in the 2026 Uzbekistan Super League?,0.01,0.97,0.49,0.96,0.0,0.0,5.4123,2027-01-01 04:59:00+00:00,84.83474148918981,False,True,sports_fees_v3,AGMK,3914022,will-agmk-finish-3rd-in-uzbekistan-super-league-2026
Uzbekistan Super League,,Will Andijon finish 3rd in the 2026 Uzbekistan Super League?,0.01,0.87,0.44,0.86,0.0,0.0,12.6124,2027-01-01 04:59:00+00:00,84.83474148918981,False,True,sports_fees_v3,Andijon,3914024,will-andijon-finish-3rd-in-uzbekistan-super-league-2026
Uzbekistan Super League,,Will Bukhara finish 3rd in the 2026 Uzbekistan Super League?,0.01,0.96,0.485,0.95,0.0,0.0,3.5223,2027-01-01 04:59:00+00:00,84.83474148918981,False,True,sports_fees_v3,Bukhara,3914026,will-bukhara-finish-3rd-in-uzbekistan-super-league-2026
Uzbekistan Super League,,Will Bunyodkor finish 3rd in the 2026 Uzbekistan Super League?,0.01,0.96,0.485,0.95,0.0,0.0,4.1124,2027-01-01 04:59:00+00:00,84.83474148918981,False,True,sports_fees_v3,Bunyodkor,3914029,will-bunyodkor-finish-3rd-in-uzbekistan-super-league-2026
Uzbekistan Super League,,Will Dinamo Samarqand finish 3rd in the 2026 Uzbekistan Super League?,0.01,0.98,0.495,0.97,0.0,0.0,2.8325,2027-01-01 04:59:00+00:00,84.83474148918981,False,True,sports_fees_v3,Dinamo Samarqand,3914031,will-dinamo-samarqand-finish-3rd-in-uzbekistan-super-league-2026
Uzbekistan Super League,,Will Khorazm finish 3rd in the 2026 Uzbekistan Super League?,0.01,0.98,0.495,0.97,0.0,0.0,2.8325,2027-01-01 04:59:00+00:00,84.83474148918981,False,True,sports_fees_v3,Khorazm,3914033,will-khorazm-finish-3rd-in-uzbekistan-super-league-2026
Uzbekistan Super League,,Will Kokand 1912 finish 3rd in the 2026 Uzbekistan Super League?,0.01,0.97,0.49,0.96,0.0,0.0,6.8525,2027-01-01 04:59:00+00:00,84.83474148918981,False,True,sports_fees_v3,Kokand 1912,3914035,will-kokand-1912-finish-3rd-in-uzbekistan-super-league-2026
Uzbekistan Super League,,Will Lokomotiv Tashkent finish 3rd in the 2026 Uzbekistan Super League?,0.01,0.87,0.44,0.86,0.0,0.0,12.6125,2027-01-01 04:59:00+00:00,84.83474148918981,False,True,sports_fees_v3,Lokomotiv Tashkent,3914037,will-lokomotiv-tashkent-finish-3rd-in-uzbekistan-super-league-2026
Uzbekistan Super League,,Will Nasaf finish 3rd in the 2026 Uzbekistan Super League?,0.01,0.98,0.495,0.97,0.0,0.0,2.8324,2027-01-01 04:59:00+00:00,84.83474148918981,False,True,sports_fees_v3,Nasaf,3914041,will-nasaf-finish-3rd-in-uzbekistan-super-league-2026
Uzbekistan Super League,,Will Navbahor finish 3rd in the 2026 Uzbekistan Super League?,0.01,0.87,0.44,0.86,0.0,0.0,12.6124,2027-01-01 04:59:00+00:00,84.83474148918981,False,True,sports_fees_v3,Navbahor,3914042,will-navbahor-finish-3rd-in-uzbekistan-super-league-2026
Uzbekistan Super League,,Will Neftchi Fergana finish 3rd in the 2026 Uzbekistan Super League?,0.01,0.87,0.44,0.86,0.0,0.0,13.2625,2027-01-01 04:59:00+00:00,84.83474148918981,False,True,sports_fees_v3,Neftchi Fergana,3914043,will-neftchi-fergana-finish-3rd-in-uzbekistan-super-league-2026
Uzbekistan Super League,,Will Pakhtakor finish 3rd in the 2026 Uzbekistan Super League?,0.01,0.87,0.44,0.86,0.0,0.0,12.6123,2027-01-01 04:59:00+00:00,84.83474148918981,False,True,sports_fees_v3,Pakhtakor,3914044,will-pakhtakor-finish-3rd-in-uzbekistan-super-league-2026
Uzbekistan Super League,,Will Qizilqum finish 3rd in the 2026 Uzbekistan Super League?,0.01,0.97,0.49,0.96,0.0,0.0,6.8725,2027-01-01 04:59:00+00:00,84.83474148918981,False,True,sports_fees_v3,Qizilqum,3914045,will-qizilqum-finish-3rd-in-uzbekistan-super-league-2026
Uzbekistan Super League,,Will Sogdiana finish 3rd in the 2026 Uzbekistan Super League?,0.01,0.97,0.49,0.96,0.0,0.0,4.1123,2027-01-01 04:59:00+00:00,84.83474148918981,False,True,sports_fees_v3,Sogdiana,3914046,will-sogdiana-finish-3rd-in-uzbekistan-super-league-2026
Uzbekistan Super League,,Will Surkhon finish 3rd in the 2026 Uzbekistan Super League?,0.01,0.87,0.44,0.86,0.0,0.0,12.6125,2027-01-01 04:59:00+00:00,84.83474148918981,False,True,sports_fees_v3,Surkhon,3914047,will-surkhon-finish-3rd-in-uzbekistan-super-league-2026
Uzbekistan Super League,,Will AGMK keep the most clean sheets in the 2026 Uzbekistan Super League?,0.01,0.87,0.44,0.86,0.0,0.0,11.9878,2027-01-01 04:59:00+00:00,84.83474148918981,False,True,sports_fees_v3,AGMK,3914500,will-agmk-keep-the-most-clean-sheets-in-uzbekistan-super-league-2026
Uzbekistan Super League,,Will Andijon keep the most clean sheets in the 2026 Uzbekistan Super League?,0.01,0.95,0.48,0.94,0.0,0.0,3.3077,2027-01-01 04:59:00+00:00,84.83474148918981,False,True,sports_fees_v3,Andijon,3914502,will-andijon-keep-the-most-clean-sheets-in-uzbekistan-super-league-2026
Uzbekistan Super League,,Will Bukhara keep the most clean sheets in the 2026 Uzbekistan Super League?,0.01,0.87,0.44,0.86,0.0,0.0,11.9878,2027-01-01 04:59:00+00:00,84.83474148918981,False,True,sports_fees_v3,Bukhara,3914504,will-bukhara-keep-the-most-clean-sheets-in-uzbekistan-super-league-2026
Uzbekistan Super League,,Will Bunyodkor keep the most clean sheets in the 2026 Uzbekistan Super League?,0.01,0.97,0.49,0.96,0.0,0.0,3.6382,2027-01-01 04:59:00+00:00,84.83474148918981,False,True,sports_fees_v3,Bunyodkor,3914506,will-bunyodkor-keep-the-most-clean-sheets-in-uzbekistan-super-league-2026
Uzbekistan Super League,,Will Dinamo Samarqand keep the most clean sheets in the 2026 Uzbekistan Super Le,0.01,0.87,0.44,0.86,0.0,0.0,11.9878,2027-01-01 04:59:00+00:00,84.83474148918981,False,True,sports_fees_v3,Dinamo Samarqand,3914508,will-dinamo-samarqand-keep-the-most-clean-sheets-in-uzbekistan-super-league-2026
Uzbekistan Super League,,Will Khorazm keep the most clean sheets in the 2026 Uzbekistan Super League?,0.01,0.97,0.49,0.96,0.0,0.0,6.808,2027-01-01 04:59:00+00:00,84.83474148918981,False,True,sports_fees_v3,Khorazm,3914509,will-khorazm-keep-the-most-clean-sheets-in-uzbekistan-super-league-2026
Uzbekistan Super League,,Will Kokand 1912 keep the most clean sheets in the 2026 Uzbekistan Super League?,0.01,0.97,0.49,0.96,0.0,0.0,3.6875,2027-01-01 04:59:00+00:00,84.83474148918981,False,True,sports_fees_v3,Kokand 1912,3914510,will-kokand-1912-keep-the-most-clean-sheets-in-uzbekistan-super-league-2026
Uzbekistan Super League,,Will Lokomotiv Tashkent keep the most clean sheets in the 2026 Uzbekistan Super ,0.01,0.97,0.49,0.96,0.0,0.0,6.6279,2027-01-01 04:59:00+00:00,84.83474148918981,False,True,sports_fees_v3,Lokomotiv Tashkent,3914511,will-lokomotiv-tashkent-keep-the-most-clean-sheets-in-uzbekistan-super-league-2026
Uzbekistan Super League,,Will Mash'al keep the most clean sheets in the 2026 Uzbekistan Super League?,,0.89,,,0.0,69.02,6.82,2027-01-01 04:59:00+00:00,84.83474148918981,False,True,sports_fees_v3,Mash'al,3914512,will-mash-al-keep-the-most-clean-sheets-in-uzbekistan-super-league-2026
Uzbekistan Super League,,Will Nasaf keep the most clean sheets in the 2026 Uzbekistan Super League?,0.01,0.87,0.44,0.86,0.0,0.0,11.9878,2027-01-01 04:59:00+00:00,84.83474148918981,False,True,sports_fees_v3,Nasaf,3914513,will-nasaf-keep-the-most-clean-sheets-in-uzbekistan-super-league-2026
Uzbekistan Super League,,Will Navbahor keep the most clean sheets in the 2026 Uzbekistan Super League?,0.01,0.87,0.44,0.86,0.0,0.0,11.9877,2027-01-01 04:59:00+00:00,84.83474148918981,False,True,sports_fees_v3,Navbahor,3914514,will-navbahor-keep-the-most-clean-sheets-in-uzbekistan-super-league-2026
Uzbekistan Super League,,Will Neftchi Fergana keep the most clean sheets in the 2026 Uzbekistan Super Lea,0.01,0.97,0.49,0.96,0.0,0.0,6.788,2027-01-01 04:59:00+00:00,84.83474148918981,False,True,sports_fees_v3,Neftchi Fergana,3914515,will-neftchi-fergana-keep-the-most-clean-sheets-in-uzbekistan-super-league-2026
Uzbekistan Super League,,Will Pakhtakor keep the most clean sheets in the 2026 Uzbekistan Super League?,0.01,0.87,0.44,0.86,0.0,0.0,11.9878,2027-01-01 04:59:00+00:00,84.83474148918981,False,True,sports_fees_v3,Pakhtakor,3914516,will-pakhtakor-keep-the-most-clean-sheets-in-uzbekistan-super-league-2026
Uzbekistan Super League,,Will Qizilqum keep the most clean sheets in the 2026 Uzbekistan Super League?,0.01,0.87,0.44,0.86,0.0,0.0,11.9879,2027-01-01 04:59:00+00:00,84.83474148918981,False,True,sports_fees_v3,Qizilqum,3914517,will-qizilqum-keep-the-most-clean-sheets-in-uzbekistan-super-league-2026
Uzbekistan Super League,,Will Sogdiana keep the most clean sheets in the 2026 Uzbekistan Super League?,0.01,0.87,0.44,0.86,0.0,0.0,11.9878,2027-01-01 04:59:00+00:00,84.83474148918981,False,True,sports_fees_v3,Sogdiana,3914518,will-sogdiana-keep-the-most-clean-sheets-in-uzbekistan-super-league-2026
Uzbekistan Super League,,Will Surkhon keep the most clean sheets in the 2026 Uzbekistan Super League?,0.01,0.97,0.49,0.96,0.0,0.0,6.628,2027-01-01 04:59:00+00:00,84.83474148918981,False,True,sports_fees_v3,Surkhon,3914519,will-surkhon-keep-the-most-clean-sheets-in-uzbekistan-super-league-2026
Uzbekistan Super League,soccer_first_half_total_corners,FC Bunyodkor vs. FK Buxoro: 1st Half O/U 3.5 Total Corners,,1.0,,,0.0,0.0,0.0,2026-09-19 15:15:00+00:00,-18.737480733032406,False,False,sports_fees_v3,1st Half Total Corners: O/U 3.5,4689063,uzb1-bun-bux-2026-09-19-corners-first-half-total-3pt5
Uzbekistan Super League,soccer_second_half_total_corners,FC Bunyodkor vs. FK Buxoro: 2nd Half O/U 3.5 Total Corners,,1.0,,,0.0,0.0,0.0,2026-09-19 15:15:00+00:00,-18.737480733032406,False,False,sports_fees_v3,2nd Half Total Corners: O/U 3.5,4689066,uzb1-bun-bux-2026-09-19-corners-second-half-total-3pt5
Uzbekistan Super League,soccer_team_total_corners,FC Bunyodkor vs. FK Buxoro: FC Bunyodkor O/U 2.5 Corners,,1.0,,,0.0,0.0,0.0,2026-09-19 15:15:00+00:00,-18.737480733032406,False,False,sports_fees_v3,FC Bunyodkor Corners: O/U 2.5,4689069,uzb1-bun-bux-2026-09-19-corners-team-home-2pt5
Uzbekistan Super League,soccer_team_total_corners,FC Bunyodkor vs. FK Buxoro: FK Buxoro O/U 3.5 Corners,,1.0,,,0.0,0.0,0.0,2026-09-19 15:15:00+00:00,-18.737480733032406,False,False,sports_fees_v3,FK Buxoro Corners: O/U 3.5,4689074,uzb1-bun-bux-2026-09-19-corners-team-away-3pt5
Uzbekistan Super League,soccer_team_total_corners,FC Bunyodkor vs. FK Buxoro: FK Buxoro O/U 4.5 Corners,,1.0,,,0.0,0.0,0.0,2026-09-19 15:15:00+00:00,-18.737480733032406,False,False,sports_fees_v3,FK Buxoro Corners: O/U 4.5,4689075,uzb1-bun-bux-2026-09-19-corners-team-away-4pt5
Uzbekistan Super League,soccer_game_corners_odd_even,FC Bunyodkor vs. FK Buxoro: Total Corners Odd or Even?,,1.0,,,0.0,0.0,0.0,2026-09-19 15:15:00+00:00,-18.737480733032406,False,False,sports_fees_v3,Total Corners: Odd or Even,4689077,uzb1-bun-bux-2026-09-19-corners-odd-even
Uzbekistan Super League,soccer_first_corner,FC Bunyodkor vs. FK Buxoro: Team to Take First Corner,,1.0,,,0.0,0.0,0.0,2026-09-19 15:15:00+00:00,-18.737480733032406,False,False,sports_fees_v3,Team to Take First Corner,4689078,uzb1-bun-bux-2026-09-19-first-corner
Superettan,soccer_team_total_corners,Helsingborgs IF vs. Nordic United FC: Nordic United FC O/U 4.5 Corners,,0.97,,,0.0,55.5555,41.6665,2026-07-28 17:00:00+00:00,-71.66456406636574,False,False,sports_fees_v3,Nordic United FC Corners: O/U 4.5,3061123,swe2-hel-nou-2026-07-28-corners-team-away-4pt5
Superettan,soccer_game_corners_odd_even,Helsingborgs IF vs. Nordic United FC: Total Corners Odd or Even?,,1.0,,,0.0,0.0,0.0,2026-07-28 17:00:00+00:00,-71.66456406636574,False,False,sports_fees_v3,Total Corners: Odd or Even,3061125,swe2-hel-nou-2026-07-28-corners-odd-even
Superettan,soccer_first_corner,Helsingborgs IF vs. Nordic United FC: Team to Take First Corner,,1.0,,,0.0,0.0,0.0,2026-07-28 17:00:00+00:00,-71.66456406636574,False,False,sports_fees_v3,Team to Take First Corner,3061126,swe2-hel-nou-2026-07-28-first-corner
Superettan,soccer_first_corner,Landskrona BoIS vs. IFK Norrkoping FK: Team to Take First Corner,,1.0,,,0.0,0.0,0.0,2026-07-28 17:00:00+00:00,-71.66456406636574,False,False,sports_fees_v3,Team to Take First Corner,3061149,swe2-lkb-nkp-2026-07-28-first-corner
Superettan,soccer_first_corner,Osters IF vs. Varbergs BoIS: Team to Take First Corner,,1.0,,,0.0,0.0,0.0,2026-07-27 17:05:00+00:00,-72.66109184414353,False,False,sports_fees_v3,Team to Take First Corner,3061172,swe2-ost-vbg-2026-07-27-first-corner
Superettan,soccer_first_corner,Orebro SK vs. IK Oddevold: Team to Take First Corner,,1.0,,,0.0,0.0,0.0,2026-07-27 17:00:00+00:00,-72.66456406636574,False,False,sports_fees_v3,Team to Take First Corner,3061195,swe2-osk-odd-2026-07-27-first-corner
Superettan,soccer_first_corner,Norrby IF vs. Ostersunds FK: Team to Take First Corner,,1.0,,,0.0,0.0,0.0,2026-07-26 15:00:00+00:00,-73.74789739969907,False,False,sports_fees_v3,Team to Take First Corner,3061218,swe2-nor-of-2026-07-26-first-corner
Superettan,total_corners,Ljungskile SK vs. Sandvikens IF: O/U 7.5 Total Corners,0.01,1.0,0.505,0.99,0.0,20.0,0.2,2026-07-26 13:00:00+00:00,-73.83123073303241,False,False,sports_fees_v3,Total Corners: O/U 7.5,3061219,swe2-lsk-san-2026-07-26-corners-total-7pt5
Superettan,total_corners,Ljungskile SK vs. Sandvikens IF: O/U 8.5 Total Corners,0.01,1.0,0.505,0.99,0.0,10.0,0.1,2026-07-26 13:00:00+00:00,-73.83123073303241,False,False,sports_fees_v3,Total Corners: O/U 8.5,3061220,swe2-lsk-san-2026-07-26-corners-total-8pt5
Superettan,total_corners,Ljungskile SK vs. Sandvikens IF: O/U 9.5 Total Corners,,1.0,,,0.0,18.14,0.0,2026-07-26 13:00:00+00:00,-73.83123073303241,False,False,sports_fees_v3,Total Corners: O/U 9.5,3061221,swe2-lsk-san-2026-07-26-corners-total-9pt5
Superettan,total_corners,Ljungskile SK vs. Sandvikens IF: O/U 10.5 Total Corners,,1.0,,,0.0,11.370000000000001,0.0,2026-07-26 13:00:00+00:00,-73.83123073303241,False,False,sports_fees_v3,Total Corners: O/U 10.5,3061222,swe2-lsk-san-2026-07-26-corners-total-10pt5
Superettan,total_corners,Ljungskile SK vs. Sandvikens IF: O/U 11.5 Total Corners,,1.0,,,0.0,305.206594,0.0,2026-07-26 13:00:00+00:00,-73.83123073303241,False,False,sports_fees_v3,Total Corners: O/U 11.5,3061223,swe2-lsk-san-2026-07-26-corners-total-11pt5
Superettan,total_corners,Ljungskile SK vs. Sandvikens IF: O/U 12.5 Total Corners,,1.0,,,0.0,0.0,0.0,2026-07-26 13:00:00+00:00,-73.83123073303241,False,False,sports_fees_v3,Total Corners: O/U 12.5,3061224,swe2-lsk-san-2026-07-26-corners-total-12pt5
Superettan,total_corners,Ljungskile SK vs. Sandvikens IF: O/U 13.5 Total Corners,,1.0,,,0.0,0.0,0.0,2026-07-26 13:00:00+00:00,-73.83123073303241,False,False,sports_fees_v3,Total Corners: O/U 13.5,3061225,swe2-lsk-san-2026-07-26-corners-total-13pt5
Superettan,soccer_first_half_total_corners,Ljungskile SK vs. Sandvikens IF: 1st Half O/U 3.5 Total Corners,0.01,1.0,0.505,0.99,0.0,55.99,0.4999,2026-07-26 13:00:00+00:00,-73.83123073303241,False,False,sports_fees_v3,1st Half Total Corners: O/U 3.5,3061226,swe2-lsk-san-2026-07-26-corners-first-half-total-3pt5
Superettan,soccer_first_half_total_corners,Ljungskile SK vs. Sandvikens IF: 1st Half O/U 4.5 Total Corners,0.01,1.0,0.505,0.99,0.0,45.5,0.455,2026-07-26 13:00:00+00:00,-73.83123073303241,False,False,sports_fees_v3,1st Half Total Corners: O/U 4.5,3061227,swe2-lsk-san-2026-07-26-corners-first-half-total-4pt5
Superettan,soccer_first_half_total_corners,Ljungskile SK vs. Sandvikens IF: 1st Half O/U 5.5 Total Corners,,1.0,,,0.0,0.0,0.0,2026-07-26 13:00:00+00:00,-73.83123073303241,False,False,sports_fees_v3,1st Half Total Corners: O/U 5.5,3061228,swe2-lsk-san-2026-07-26-corners-first-half-total-5pt5
Superettan,soccer_second_half_total_corners,Ljungskile SK vs. Sandvikens IF: 2nd Half O/U 3.5 Total Corners,,1.0,,,0.0,0.0,0.0,2026-07-26 13:00:00+00:00,-73.83123073303241,False,False,sports_fees_v3,2nd Half Total Corners: O/U 3.5,3061229,swe2-lsk-san-2026-07-26-corners-second-half-total-3pt5
Superettan,soccer_second_half_total_corners,Ljungskile SK vs. Sandvikens IF: 2nd Half O/U 4.5 Total Corners,,1.0,,,0.0,0.0,0.0,2026-07-26 13:00:00+00:00,-73.83123073303241,False,False,sports_fees_v3,2nd Half Total Corners: O/U 4.5,3061230,swe2-lsk-san-2026-07-26-corners-second-half-total-4pt5
Superettan,soccer_second_half_total_corners,Ljungskile SK vs. Sandvikens IF: 2nd Half O/U 5.5 Total Corners,,1.0,,,0.0,0.0,0.0,2026-07-26 13:00:00+00:00,-73.83123073303241,False,False,sports_fees_v3,2nd Half Total Corners: O/U 5.5,3061231,swe2-lsk-san-2026-07-26-corners-second-half-total-5pt5
Superettan,soccer_team_total_corners,Ljungskile SK vs. Sandvikens IF: Ljungskile SK O/U 2.5 Corners,0.01,0.99,0.5,0.98,0.0,6.0,0.12,2026-07-26 13:00:00+00:00,-73.83123073303241,False,False,sports_fees_v3,Ljungskile SK Corners: O/U 2.5,3061232,swe2-lsk-san-2026-07-26-corners-team-home-2pt5
Superettan,soccer_team_total_corners,Ljungskile SK vs. Sandvikens IF: Ljungskile SK O/U 3.5 Corners,,1.0,,,0.0,0.0,0.0,2026-07-26 13:00:00+00:00,-73.83123073303241,False,False,sports_fees_v3,Ljungskile SK Corners: O/U 3.5,3061233,swe2-lsk-san-2026-07-26-corners-team-home-3pt5
Superettan,soccer_team_total_corners,Ljungskile SK vs. Sandvikens IF: Ljungskile SK O/U 4.5 Corners,,1.0,,,0.0,0.0,0.0,2026-07-26 13:00:00+00:00,-73.83123073303241,False,False,sports_fees_v3,Ljungskile SK Corners: O/U 4.5,3061234,swe2-lsk-san-2026-07-26-corners-team-home-4pt5
Superettan,soccer_team_total_corners,Ljungskile SK vs. Sandvikens IF: Ljungskile SK O/U 5.5 Corners,,1.0,,,0.0,0.0,0.0,2026-07-26 13:00:00+00:00,-73.83123073303241,False,False,sports_fees_v3,Ljungskile SK Corners: O/U 5.5,3061235,swe2-lsk-san-2026-07-26-corners-team-home-5pt5
Superettan,soccer_team_total_corners,Ljungskile SK vs. Sandvikens IF: Sandvikens IF O/U 2.5 Corners,,1.0,,,0.0,0.0,0.0,2026-07-26 13:00:00+00:00,-73.83123073303241,False,False,sports_fees_v3,Sandvikens IF Corners: O/U 2.5,3061236,swe2-lsk-san-2026-07-26-corners-team-away-2pt5
Superettan,soccer_team_total_corners,Ljungskile SK vs. Sandvikens IF: Sandvikens IF O/U 3.5 Corners,,1.0,,,0.0,0.0,0.0,2026-07-26 13:00:00+00:00,-73.83123073303241,False,False,sports_fees_v3,Sandvikens IF Corners: O/U 3.5,3061237,swe2-lsk-san-2026-07-26-corners-team-away-3pt5
Superettan,soccer_team_total_corners,Ljungskile SK vs. Sandvikens IF: Sandvikens IF O/U 4.5 Corners,,1.0,,,0.0,0.0,0.0,2026-07-26 13:00:00+00:00,-73.83123073303241,False,False,sports_fees_v3,Sandvikens IF Corners: O/U 4.5,3061238,swe2-lsk-san-2026-07-26-corners-team-away-4pt5
Superettan,soccer_team_total_corners,Ljungskile SK vs. Sandvikens IF: Sandvikens IF O/U 5.5 Corners,,1.0,,,0.0,14.99,0.0,2026-07-26 13:00:00+00:00,-73.83123073303241,False,False,sports_fees_v3,Sandvikens IF Corners: O/U 5.5,3061239,swe2-lsk-san-2026-07-26-corners-team-away-5pt5
Superettan,soccer_game_corners_odd_even,Ljungskile SK vs. Sandvikens IF: Total Corners Odd or Even?,,1.0,,,0.0,0.0,0.0,2026-07-26 13:00:00+00:00,-73.83123073303241,False,False,sports_fees_v3,Total Corners: Odd or Even,3061240,swe2-lsk-san-2026-07-26-corners-odd-even
Superettan,soccer_first_corner,Ljungskile SK vs. Sandvikens IF: Team to Take First Corner,,1.0,,,0.0,0.0,0.0,2026-07-26 13:00:00+00:00,-73.83123073303241,False,False,sports_fees_v3,Team to Take First Corner,3061241,swe2-lsk-san-2026-07-26-first-corner
Superettan,soccer_first_corner,GIF Sundsvall vs. Falkenbergs FF: Team to Take First Corner,,1.0,,,0.0,0.0,0.0,2026-07-26 11:00:00+00:00,-73.91456406636574,False,False,sports_fees_v3,Team to Take First Corner,3061264,swe2-sun-fff-2026-07-26-first-corner
Superettan,soccer_first_corner,IK Brage vs. Landskrona BoIS: Team to Take First Corner,,1.0,,,0.0,0.0,0.0,2026-08-01 15:00:00+00:00,-67.74789739969907,False,False,sports_fees_v3,Team to Take First Corner,3163022,swe2-ikb-lkb-2026-08-01-first-corner
Superettan,soccer_first_corner,IFK Norrkoping FK vs. Helsingborgs IF: Team to Take First Corner,,1.0,,,0.0,0.0,0.0,2026-08-01 15:00:00+00:00,-67.74789739969907,False,False,sports_fees_v3,Team to Take First Corner,3163045,swe2-nkp-hel-2026-08-01-first-corner
Superettan,soccer_first_half_total_corners,Ostersunds FK vs. Osters IF: 1st Half O/U 3.5 Total Corners,,1.0,,,0.0,0.0,0.0,2026-08-01 11:00:00+00:00,-67.91456406636574,False,False,sports_fees_v3,1st Half Total Corners: O/U 3.5,3163099,swe2-of-ost-2026-08-01-corners-first-half-total-3pt5
Superettan,soccer_first_half_total_corners,Ostersunds FK vs. Osters IF: 1st Half O/U 4.5 Total Corners,,1.0,,,0.0,10.0,0.0,2026-08-01 11:00:00+00:00,-67.91456406636574,False,False,sports_fees_v3,1st Half Total Corners: O/U 4.5,3163100,swe2-of-ost-2026-08-01-corners-first-half-total-4pt5
Superettan,soccer_first_half_total_corners,Ostersunds FK vs. Osters IF: 1st Half O/U 5.5 Total Corners,,1.0,,,0.0,4.164178,0.0,2026-08-01 11:00:00+00:00,-67.91456406636574,False,False,sports_fees_v3,1st Half Total Corners: O/U 5.5,3163101,swe2-of-ost-2026-08-01-corners-first-half-total-5pt5
Superettan,soccer_second_half_total_corners,Ostersunds FK vs. Osters IF: 2nd Half O/U 3.5 Total Corners,,1.0,,,0.0,0.0,0.0,2026-08-01 11:00:00+00:00,-67.91456406636574,False,False,sports_fees_v3,2nd Half Total Corners: O/U 3.5,3163102,swe2-of-ost-2026-08-01-corners-second-half-total-3pt5
Superettan,soccer_second_half_total_corners,Ostersunds FK vs. Osters IF: 2nd Half O/U 4.5 Total Corners,,1.0,,,0.0,0.0,0.0,2026-08-01 11:00:00+00:00,-67.91456406636574,False,False,sports_fees_v3,2nd Half Total Corners: O/U 4.5,3163103,swe2-of-ost-2026-08-01-corners-second-half-total-4pt5
Superettan,soccer_second_half_total_corners,Ostersunds FK vs. Osters IF: 2nd Half O/U 5.5 Total Corners,,1.0,,,0.0,0.0,0.0,2026-08-01 11:00:00+00:00,-67.91456406636574,False,False,sports_fees_v3,2nd Half Total Corners: O/U 5.5,3163104,swe2-of-ost-2026-08-01-corners-second-half-total-5pt5
Superettan,soccer_first_corner,Ostersunds FK vs. Osters IF: Team to Take First Corner,,1.0,,,0.0,0.0,0.0,2026-08-01 11:00:00+00:00,-67.91456406636574,False,False,sports_fees_v3,Team to Take First Corner,3163114,swe2-of-ost-2026-08-01-first-corner
Superettan,soccer_first_corner,IK Oddevold vs. Norrby IF: Team to Take First Corner,,1.0,,,0.0,0.0,0.0,2026-07-31 17:00:00+00:00,-68.66456406636574,False,False,sports_fees_v3,Team to Take First Corner,3163137,swe2-odd-nor-2026-07-31-first-corner
Superettan,soccer_first_half_total_corners,Nordic United FC vs. Ljungskile SK: 1st Half O/U 3.5 Total Corners,,1.0,,,0.0,0.0,0.0,2026-08-02 13:00:00+00:00,-66.83123073303241,False,False,sports_fees_v3,1st Half Total Corners: O/U 3.5,3203997,swe2-nou-lsk-2026-08-02-corners-first-half-total-3pt5
Superettan,soccer_first_half_total_corners,Nordic United FC vs. Ljungskile SK: 1st Half O/U 4.5 Total Corners,,1.0,,,0.0,0.0,0.0,2026-08-02 13:00:00+00:00,-66.83123073303241,False,False,sports_fees_v3,1st Half Total Corners: O/U 4.5,3203998,swe2-nou-lsk-2026-08-02-corners-first-half-total-4pt5
Superettan,soccer_first_half_total_corners,Nordic United FC vs. Ljungskile SK: 1st Half O/U 5.5 Total Corners,,1.0,,,0.0,0.0,0.0,2026-08-02 13:00:00+00:00,-66.83123073303241,False,False,sports_fees_v3,1st Half Total Corners: O/U 5.5,3203999,swe2-nou-lsk-2026-08-02-corners-first-half-total-5pt5
Superettan,soccer_second_half_total_corners,Nordic United FC vs. Ljungskile SK: 2nd Half O/U 3.5 Total Corners,,1.0,,,0.0,0.0,0.0,2026-08-02 13:00:00+00:00,-66.83123073303241,False,False,sports_fees_v3,2nd Half Total Corners: O/U 3.5,3204000,swe2-nou-lsk-2026-08-02-corners-second-half-total-3pt5
Superettan,soccer_second_half_total_corners,Nordic United FC vs. Ljungskile SK: 2nd Half O/U 4.5 Total Corners,,1.0,,,0.0,0.0,0.0,2026-08-02 13:00:00+00:00,-66.83123073303241,False,False,sports_fees_v3,2nd Half Total Corners: O/U 4.5,3204001,swe2-nou-lsk-2026-08-02-corners-second-half-total-4pt5
Superettan,soccer_second_half_total_corners,Nordic United FC vs. Ljungskile SK: 2nd Half O/U 5.5 Total Corners,,1.0,,,0.0,0.0,0.0,2026-08-02 13:00:00+00:00,-66.83123073303241,False,False,sports_fees_v3,2nd Half Total Corners: O/U 5.5,3204002,swe2-nou-lsk-2026-08-02-corners-second-half-total-5pt5
Superettan,soccer_first_corner,Nordic United FC vs. Ljungskile SK: Team to Take First Corner,,1.0,,,0.0,0.0,0.0,2026-08-02 13:00:00+00:00,-66.83123073303241,False,False,sports_fees_v3,Team to Take First Corner,3204012,swe2-nou-lsk-2026-08-02-first-corner
Superettan,soccer_first_corner,Ljungskile SK vs. IK Oddevold: Team to Take First Corner,0.001,0.999,0.5,0.998,0.0,0.0,0.01,2026-08-08 11:00:00+00:00,-60.91456406636574,False,False,sports_fees_v3,Team to Take First Corner,3308503,swe2-lsk-odd-2026-08-08-first-corner
Superettan,total_corners,Landskrona BoIS vs. IK Oddevold: O/U 7.5 Total Corners,0.001,0.999,0.5,0.998,0.0,0.0,0.01,2026-08-14 17:00:00+00:00,-54.66456406636574,False,False,sports_fees_v3,Total Corners: O/U 7.5,3425405,swe2-lkb-odd-2026-08-14-corners-total-7pt5
Superettan,total_corners,Landskrona BoIS vs. IK Oddevold: O/U 8.5 Total Corners,0.001,0.999,0.5,0.998,0.0,0.0,0.01,2026-08-14 17:00:00+00:00,-54.66456406636574,False,False,sports_fees_v3,Total Corners: O/U 8.5,3425406,swe2-lkb-odd-2026-08-14-corners-total-8pt5
Superettan,total_corners,Landskrona BoIS vs. IK Oddevold: O/U 9.5 Total Corners,0.001,0.999,0.5,0.998,0.0,333.60818,0.01,2026-08-14 17:00:00+00:00,-54.66456406636574,False,False,sports_fees_v3,Total Corners: O/U 9.5,3425407,swe2-lkb-odd-2026-08-14-corners-total-9pt5
Superettan,soccer_first_half_total_corners,Landskrona BoIS vs. IK Oddevold: 1st Half O/U 3.5 Total Corners,0.001,0.999,0.5,0.998,0.0,0.0,0.01,2026-08-14 17:00:00+00:00,-54.66456406636574,False,False,sports_fees_v3,1st Half Total Corners: O/U 3.5,3425412,swe2-lkb-odd-2026-08-14-corners-first-half-total-3pt5
Superettan,soccer_first_half_total_corners,Landskrona BoIS vs. IK Oddevold: 1st Half O/U 4.5 Total Corners,0.001,0.999,0.5,0.998,0.0,0.0,0.01,2026-08-14 17:00:00+00:00,-54.66456406636574,False,False,sports_fees_v3,1st Half Total Corners: O/U 4.5,3425413,swe2-lkb-odd-2026-08-14-corners-first-half-total-4pt5
Superettan,soccer_first_half_total_corners,Landskrona BoIS vs. IK Oddevold: 1st Half O/U 5.5 Total Corners,0.001,0.999,0.5,0.998,0.0,0.0,0.01,2026-08-14 17:00:00+00:00,-54.66456406636574,False,False,sports_fees_v3,1st Half Total Corners: O/U 5.5,3425414,swe2-lkb-odd-2026-08-14-corners-first-half-total-5pt5
Superettan,soccer_second_half_total_corners,Landskrona BoIS vs. IK Oddevold: 2nd Half O/U 3.5 Total Corners,0.001,0.999,0.5,0.998,0.0,0.0,0.01,2026-08-14 17:00:00+00:00,-54.66456406636574,False,False,sports_fees_v3,2nd Half Total Corners: O/U 3.5,3425415,swe2-lkb-odd-2026-08-14-corners-second-half-total-3pt5
Superettan,soccer_second_half_total_corners,Landskrona BoIS vs. IK Oddevold: 2nd Half O/U 4.5 Total Corners,0.001,0.999,0.5,0.998,0.0,0.0,0.01,2026-08-14 17:00:00+00:00,-54.66456406636574,False,False,sports_fees_v3,2nd Half Total Corners: O/U 4.5,3425416,swe2-lkb-odd-2026-08-14-corners-second-half-total-4pt5
Superettan,soccer_second_half_total_corners,Landskrona BoIS vs. IK Oddevold: 2nd Half O/U 5.5 Total Corners,0.001,0.999,0.5,0.998,0.0,0.0,0.01,2026-08-14 17:00:00+00:00,-54.66456406636574,False,False,sports_fees_v3,2nd Half Total Corners: O/U 5.5,3425417,swe2-lkb-odd-2026-08-14-corners-second-half-total-5pt5
Superettan,soccer_team_total_corners,Landskrona BoIS vs. IK Oddevold: Landskrona BoIS O/U 4.5 Corners,0.001,0.999,0.5,0.998,0.0,0.0,0.01,2026-08-14 17:00:00+00:00,-54.66456406636574,False,False,sports_fees_v3,Landskrona BoIS Corners: O/U 4.5,3425420,swe2-lkb-odd-2026-08-14-corners-team-home-4pt5
Superettan,soccer_team_total_corners,Landskrona BoIS vs. IK Oddevold: Landskrona BoIS O/U 5.5 Corners,0.001,0.999,0.5,0.998,0.0,0.0,0.01,2026-08-14 17:00:00+00:00,-54.66456406636574,False,False,sports_fees_v3,Landskrona BoIS Corners: O/U 5.5,3425421,swe2-lkb-odd-2026-08-14-corners-team-home-5pt5
Superettan,soccer_team_total_corners,Landskrona BoIS vs. IK Oddevold: IK Oddevold O/U 2.5 Corners,0.001,0.999,0.5,0.998,0.0,0.0,0.01,2026-08-14 17:00:00+00:00,-54.66456406636574,False,False,sports_fees_v3,IK Oddevold Corners: O/U 2.5,3425422,swe2-lkb-odd-2026-08-14-corners-team-away-2pt5
Superettan,soccer_game_corners_odd_even,Landskrona BoIS vs. IK Oddevold: Total Corners Odd or Even?,0.001,0.999,0.5,0.998,0.0,0.0,0.01,2026-08-14 17:00:00+00:00,-54.66456406636574,False,False,sports_fees_v3,Total Corners: Odd or Even,3425426,swe2-lkb-odd-2026-08-14-corners-odd-even
Superettan,soccer_first_half_total_corners,IK Brage vs. Orebro SK: 1st Half O/U 3.5 Total Corners,0.001,0.999,0.5,0.998,0.0,0.0,0.01,2026-08-14 17:00:00+00:00,-54.66456406636574,False,False,sports_fees_v3,1st Half Total Corners: O/U 3.5,3479874,swe2-ikb-osk-2026-08-14-corners-first-half-total-3pt5
Superettan,soccer_team_total_corners,IK Brage vs. Orebro SK: IK Brage O/U 4.5 Corners,0.001,0.999,0.5,0.998,0.0,0.0,0.01,2026-08-14 17:00:00+00:00,-54.66456406636574,False,False,sports_fees_v3,IK Brage Corners: O/U 4.5,3479882,swe2-ikb-osk-2026-08-14-corners-team-home-4pt5
Superettan,soccer_game_corners_odd_even,IK Brage vs. Orebro SK: Total Corners Odd or Even?,,1.0,,,0.0,0.0,0.0,2026-08-14 17:00:00+00:00,-54.66456406636574,False,False,sports_fees_v3,Total Corners: Odd or Even,3479888,swe2-ikb-osk-2026-08-14-corners-odd-even
Superettan,,Will Falkenbergs FF win the 2026 Superettan (Sweden)?,0.02,0.4,0.21000000000000002,0.38,0.0,0.0,45.4694,2027-01-01 04:59:00+00:00,84.83474148918981,False,True,sports_fees_v3,Falkenbergs FF,3530806,2026-soccer-superettan-sweden-winner-falkenbergs-ff
Superettan,,Will IFK Norrköping win the 2026 Superettan (Sweden)?,0.03,0.97,0.5,0.94,0.0,0.0,3.922,2027-01-01 04:59:00+00:00,84.83474148918981,False,True,sports_fees_v3,IFK Norrköping,3530809,2026-soccer-superettan-sweden-winner-ifk-norrkping
Superettan,,Will Landskrona BoIS win the 2026 Superettan (Sweden)?,,0.583,,,0.0,341.79999999999995,53.2906,2027-01-01 04:59:00+00:00,84.83474148918981,False,True,sports_fees_v3,Landskrona BoIS,3530813,2026-soccer-superettan-sweden-winner-landskrona-bois
Superettan,,Will Varbergs BoIS win the 2026 Superettan (Sweden)?,0.02,0.5,0.26,0.48,0.0,0.0,38.6165,2027-01-01 04:59:00+00:00,84.83474148918981,False,True,sports_fees_v3,Varbergs BoIS,3530818,2026-soccer-superettan-sweden-winner-varbergs-bois
Superettan,,Will Östersunds FK win the 2026 Superettan (Sweden)?,0.006,0.963,0.4845,0.957,0.0,80.53,4.13879,2027-01-01 04:59:00+00:00,84.83474148918981,False,True,sports_fees_v3,Östersunds FK,3530821,2026-soccer-superettan-sweden-winner-stersunds-fk
Superettan,,Will Falkenbergs FF be runner-up in the 2026 Superettan (Sweden)?,0.02,0.74,0.38,0.72,0.0,0.0,7.9447,2027-01-01 04:59:00+00:00,84.83474148918981,False,True,sports_fees_v3,Falkenbergs FF,3545370,2026-soccer-superettan-sweden-runner-up-falkenbergs-ff
Superettan,,Will Helsingborgs IF be runner-up in the 2026 Superettan (Sweden)?,0.002,0.005,0.0035,0.003,0.0,99.19999999999999,44.82086,2027-01-01 04:59:00+00:00,84.83474148918981,False,True,sports_fees_v3,Helsingborgs IF,3545372,2026-soccer-superettan-sweden-runner-up-helsingborgs-if
Superettan,,Will IFK Norrköping be runner-up in the 2026 Superettan (Sweden)?,0.02,0.7,0.36,0.6799999999999999,0.0,0.0,8.4248,2027-01-01 04:59:00+00:00,84.83474148918981,False,True,sports_fees_v3,IFK Norrköping,3545373,2026-soccer-superettan-sweden-runner-up-ifk-norrkping
Superettan,,Will IK Oddevold be runner-up in the 2026 Superettan (Sweden)?,0.02,0.75,0.385,0.73,0.0,0.0,6.0068,2027-01-01 04:59:00+00:00,84.83474148918981,False,True,sports_fees_v3,IK Oddevold,3545376,2026-soccer-superettan-sweden-runner-up-ik-oddevold
Superettan,,Will Landskrona BoIS be runner-up in the 2026 Superettan (Sweden)?,0.02,0.75,0.385,0.73,0.0,0.0,6.1248,2027-01-01 04:59:00+00:00,84.83474148918981,False,True,sports_fees_v3,Landskrona BoIS,3545377,2026-soccer-superettan-sweden-runner-up-landskrona-bois
Superettan,,Will Nordic United FC be runner-up in the 2026 Superettan (Sweden)?,,0.74,,,0.0,12.0,6.3586,2027-01-01 04:59:00+00:00,84.83474148918981,False,True,sports_fees_v3,Nordic United FC,3545379,2026-soccer-superettan-sweden-runner-up-nordic-united-fc
Superettan,,Will Sandvikens IF be runner-up in the 2026 Superettan (Sweden)?,0.02,0.5,0.26,0.48,0.0,0.0,10.8247,2027-01-01 04:59:00+00:00,84.83474148918981,False,True,sports_fees_v3,Sandvikens IF,3545381,2026-soccer-superettan-sweden-runner-up-sandvikens-if
Superettan,,Will Varbergs BoIS be runner-up in the 2026 Superettan (Sweden)?,0.02,0.75,0.385,0.73,0.0,0.0,7.4647,2027-01-01 04:59:00+00:00,84.83474148918981,False,True,sports_fees_v3,Varbergs BoIS,3545382,2026-soccer-superettan-sweden-runner-up-varbergs-bois
Superettan,,Will Östers IF be runner-up in the 2026 Superettan (Sweden)?,0.02,0.75,0.385,0.73,0.0,0.0,8.4486,2027-01-01 04:59:00+00:00,84.83474148918981,False,True,sports_fees_v3,Östers IF,3545384,2026-soccer-superettan-sweden-runner-up-sters-if
Superettan,,Will Östersunds FK be runner-up in the 2026 Superettan (Sweden)?,0.02,0.75,0.385,0.73,0.0,0.0,8.4486,2027-01-01 04:59:00+00:00,84.83474148918981,False,True,sports_fees_v3,Östersunds FK,3545385,2026-soccer-superettan-sweden-runner-up-stersunds-fk
Superettan,soccer_first_corner,IK Oddevold vs. Helsingborgs IF: Team to Take First Corner,,1.0,,,0.0,0.0,0.0,2026-08-23 11:00:00+00:00,-45.91456406636574,False,False,sports_fees_v3,Team to Take First Corner,3634776,swe2-odd-hel-2026-08-23-first-corner
Superettan,soccer_team_total_corners,Ostersunds FK vs. Ljungskile SK: Ljungskile SK O/U 4.5 Corners,0.001,0.999,0.5,0.998,0.0,0.0,0.01,2026-08-24 17:00:00+00:00,-44.66456406636574,False,False,sports_fees_v3,Ljungskile SK Corners: O/U 4.5,3684816,swe2-of-lsk-2026-08-24-corners-team-away-4pt5
Superettan,soccer_game_corners_odd_even,Ostersunds FK vs. Ljungskile SK: Total Corners Odd or Even?,0.001,0.999,0.5,0.998,0.0,0.0,0.01,2026-08-24 17:00:00+00:00,-44.66456406636574,False,False,sports_fees_v3,Total Corners: Odd or Even,3684818,swe2-of-lsk-2026-08-24-corners-odd-even
Superettan,total_corners,Orebro SK vs. Varbergs BoIS: O/U 7.5 Total Corners,0.001,0.999,0.5,0.998,0.0,73.806437,0.01,2026-08-25 17:00:00+00:00,-43.66456406636574,False,False,sports_fees_v3,Total Corners: O/U 7.5,3710757,swe2-osk-vbg-2026-08-25-corners-total-7pt5
Superettan,soccer_first_half_total_corners,Orebro SK vs. Varbergs BoIS: 1st Half O/U 3.5 Total Corners,0.001,0.999,0.5,0.998,0.0,0.0,0.01,2026-08-25 17:00:00+00:00,-43.66456406636574,False,False,sports_fees_v3,1st Half Total Corners: O/U 3.5,3710764,swe2-osk-vbg-2026-08-25-corners-first-half-total-3pt5
Superettan,soccer_first_half_total_corners,Orebro SK vs. Varbergs BoIS: 1st Half O/U 4.5 Total Corners,0.001,0.999,0.5,0.998,0.0,89.01846,0.01,2026-08-25 17:00:00+00:00,-43.66456406636574,False,False,sports_fees_v3,1st Half Total Corners: O/U 4.5,3710765,swe2-osk-vbg-2026-08-25-corners-first-half-total-4pt5
Superettan,soccer_first_half_total_corners,Orebro SK vs. Varbergs BoIS: 1st Half O/U 5.5 Total Corners,0.001,0.999,0.5,0.998,0.0,0.0,0.01,2026-08-25 17:00:00+00:00,-43.66456406636574,False,False,sports_fees_v3,1st Half Total Corners: O/U 5.5,3710766,swe2-osk-vbg-2026-08-25-corners-first-half-total-5pt5
Superettan,soccer_second_half_total_corners,Orebro SK vs. Varbergs BoIS: 2nd Half O/U 3.5 Total Corners,,1.0,,,0.0,0.0,0.0,2026-08-25 17:00:00+00:00,-43.66456406636574,False,False,sports_fees_v3,2nd Half Total Corners: O/U 3.5,3710767,swe2-osk-vbg-2026-08-25-corners-second-half-total-3pt5
Superettan,soccer_second_half_total_corners,Orebro SK vs. Varbergs BoIS: 2nd Half O/U 4.5 Total Corners,,1.0,,,0.0,0.0,0.0,2026-08-25 17:00:00+00:00,-43.66456406636574,False,False,sports_fees_v3,2nd Half Total Corners: O/U 4.5,3710768,swe2-osk-vbg-2026-08-25-corners-second-half-total-4pt5
Superettan,soccer_second_half_total_corners,Orebro SK vs. Varbergs BoIS: 2nd Half O/U 5.5 Total Corners,,1.0,,,0.0,0.0,0.0,2026-08-25 17:00:00+00:00,-43.66456406636574,False,False,sports_fees_v3,2nd Half Total Corners: O/U 5.5,3710769,swe2-osk-vbg-2026-08-25-corners-second-half-total-5pt5
Superettan,soccer_team_total_corners,Orebro SK vs. Varbergs BoIS: Orebro SK O/U 2.5 Corners,0.001,0.999,0.5,0.998,0.0,0.0,0.01,2026-08-25 17:00:00+00:00,-43.66456406636574,False,False,sports_fees_v3,Orebro SK Corners: O/U 2.5,3710770,swe2-osk-vbg-2026-08-25-corners-team-home-2pt5
Superettan,soccer_game_corners_odd_even,Orebro SK vs. Varbergs BoIS: Total Corners Odd or Even?,,1.0,,,0.0,0.0,0.0,2026-08-25 17:00:00+00:00,-43.66456406636574,False,False,sports_fees_v3,Total Corners: Odd or Even,3710778,swe2-osk-vbg-2026-08-25-corners-odd-even
Superettan,soccer_first_corner,Orebro SK vs. Varbergs BoIS: Team to Take First Corner,,1.0,,,0.0,0.0,0.0,2026-08-25 17:00:00+00:00,-43.66456406636574,False,False,sports_fees_v3,Team to Take First Corner,3710779,swe2-osk-vbg-2026-08-25-first-corner
Superettan,total_corners,Falkenbergs FF vs. IK Brage: O/U 8.5 Total Corners,0.001,0.999,0.5,0.998,0.0,0.0,0.01,2026-08-29 13:00:00+00:00,-39.831230733032406,False,False,sports_fees_v3,Total Corners: O/U 8.5,3839531,swe2-fff-ikb-2026-08-29-corners-total-8pt5
Superettan,soccer_second_half_total_corners,Falkenbergs FF vs. IK Brage: 2nd Half O/U 5.5 Total Corners,,1.0,,,0.0,0.0,0.0,2026-08-29 13:00:00+00:00,-39.831230733032406,False,False,sports_fees_v3,2nd Half Total Corners: O/U 5.5,3839542,swe2-fff-ikb-2026-08-29-corners-second-half-total-5pt5
Superettan,soccer_game_corners_odd_even,Falkenbergs FF vs. IK Brage: Total Corners Odd or Even?,,1.0,,,0.0,0.0,0.0,2026-08-29 13:00:00+00:00,-39.831230733032406,False,False,sports_fees_v3,Total Corners: Odd or Even,3839551,swe2-fff-ikb-2026-08-29-corners-odd-even
Superettan,soccer_first_corner,Falkenbergs FF vs. IK Brage: Team to Take First Corner,,1.0,,,0.0,0.0,0.0,2026-08-29 13:00:00+00:00,-39.831230733032406,False,False,sports_fees_v3,Team to Take First Corner,3839552,swe2-fff-ikb-2026-08-29-first-corner
Superettan,,Will Falkenbergs FF be promoted to Allsvenskan (Sweden)?,0.01,0.98,0.495,0.97,0.0,0.0,2.8838,2027-01-01 04:59:00+00:00,84.83474148918981,False,False,sports_fees_v3,Falkenbergs FF,3847875,will-falkenbergs-ff-be-promoted-to-allsvenskan-sweden-2026
Superettan,,Will GIF Sundsvall be promoted to Allsvenskan (Sweden)?,0.002,0.959,0.4805,0.957,0.0,55.0,3.49188,2027-01-01 04:59:00+00:00,84.83474148918981,False,False,sports_fees_v3,GIF Sundsvall,3847877,will-gif-sundsvall-be-promoted-to-allsvenskan-sweden-2026
Superettan,,Will Helsingborgs IF be promoted to Allsvenskan (Sweden)?,0.01,0.98,0.495,0.97,0.0,0.0,1.884,2027-01-01 04:59:00+00:00,84.83474148918981,False,False,sports_fees_v3,Helsingborgs IF,3847879,will-helsingborgs-if-be-promoted-to-allsvenskan-sweden-2026
Premium Liiga,soccer_first_corner,FC Nomme United vs. JK Narva Trans: Team to Take First Corner,,1.0,,,0.0,0.0,0.0,2026-07-31 16:00:00+00:00,-68.70623073303241,False,False,sports_fees_v3,Team to Take First Corner,3204035,est1-nom-nar-2026-07-31-first-corner
Premium Liiga,soccer_first_corner,Paide Linnameeskond vs. FC Kuressaare: Team to Take First Corner,,1.0,,,0.0,0.0,0.0,2026-08-02 14:00:00+00:00,-66.78956406636574,False,False,sports_fees_v3,Team to Take First Corner,3224509,est1-pai-kur-2026-08-02-first-corner
Premium Liiga,soccer_first_corner,Nomme Kalju FC vs. Tartu JK Tammeka: Team to Take First Corner,,1.0,,,0.0,0.0,0.0,2026-08-02 14:00:00+00:00,-66.78956406636574,False,False,sports_fees_v3,Team to Take First Corner,3224532,est1-kal-tar-2026-08-02-first-corner
Premium Liiga,total_corners,Tallinna FC Flora vs. Harju JK Laagri: O/U 11.5 Total Corners,,1.0,,,0.0,0.0,0.0,2026-08-02 16:00:00+00:00,-66.70623073303241,False,False,sports_fees_v3,Total Corners: O/U 11.5,3264601,est1-taf-har-2026-08-02-corners-total-11pt5
Premium Liiga,soccer_game_corners_odd_even,Tallinna FC Flora vs. Harju JK Laagri: Total Corners Odd or Even?,,1.0,,,0.0,0.0,0.0,2026-08-02 16:00:00+00:00,-66.70623073303241,False,False,sports_fees_v3,Total Corners: Odd or Even,3264624,est1-taf-har-2026-08-02-corners-odd-even
Premium Liiga,,Will FCI Levadia win the 2026 Premium Liiga (Estonia)?,0.39,0.99,0.69,0.6,0.0,245.73000000000002,39.3599,2027-01-01 04:59:00+00:00,84.83474148918981,False,True,sports_fees_v3,FCI Levadia,3530039,2026-soccer-premium-liiga-estonia-winner-fci-levadia
Premium Liiga,,Will FC Flora win the 2026 Premium Liiga (Estonia)?,0.002,0.011,0.0065,0.009,0.0,316.73,51.9962,2027-01-01 04:59:00+00:00,84.83474148918981,False,True,sports_fees_v3,FC Flora,3530040,2026-soccer-premium-liiga-estonia-winner-fc-flora
Premium Liiga,,Will Paide Linnameeskond win the 2026 Premium Liiga (Estonia)?,0.001,0.003,0.002,0.002,0.0,249.25,209.43053,2027-01-01 04:59:00+00:00,84.83474148918981,False,True,sports_fees_v3,Paide Linnameeskond,3530043,2026-soccer-premium-liiga-estonia-winner-paide-linnameeskond
Premium Liiga,,Will FCI Levadia be runner-up in the 2026 Premium Liiga (Estonia)?,0.005,0.919,0.462,0.914,0.0,308.71,14.06312,2027-01-01 04:59:00+00:00,84.83474148918981,False,True,sports_fees_v3,FCI Levadia,3544547,2026-soccer-premium-liiga-estonia-runner-up-fci-levadia
Premium Liiga,,Will FC Flora be runner-up in the 2026 Premium Liiga (Estonia)?,0.02,0.95,0.485,0.9299999999999999,0.0,0.0,7.3093,2027-01-01 04:59:00+00:00,84.83474148918981,False,True,sports_fees_v3,FC Flora,3544548,2026-soccer-premium-liiga-estonia-runner-up-fc-flora
Premium Liiga,,Will Nõmme Kalju be runner-up in the 2026 Premium Liiga (Estonia)?,0.02,0.98,0.5,0.96,0.0,0.0,3.292,2027-01-01 04:59:00+00:00,84.83474148918981,False,True,sports_fees_v3,Nõmme Kalju,3544549,2026-soccer-premium-liiga-estonia-runner-up-nmme-kalju
Premium Liiga,,Will Paide Linnameeskond be runner-up in the 2026 Premium Liiga (Estonia)?,0.02,0.98,0.5,0.96,0.0,0.0,3.292,2027-01-01 04:59:00+00:00,84.83474148918981,False,True,sports_fees_v3,Paide Linnameeskond,3544551,2026-soccer-premium-liiga-estonia-runner-up-paide-linnameeskond
Premium Liiga,,Will Tartu JK Tammeka be runner-up in the 2026 Premium Liiga (Estonia)?,0.03,0.95,0.49,0.9199999999999999,0.0,0.0,2.7916,2027-01-01 04:59:00+00:00,84.83474148918981,False,True,sports_fees_v3,Tartu JK Tammeka,3544552,2026-soccer-premium-liiga-estonia-runner-up-tartu-jk-tammeka
Premium Liiga,,Will Pärnu JK Vaprus be runner-up in the 2026 Premium Liiga (Estonia)?,0.005,0.9,0.4525,0.895,0.0,82.71,4.48976,2027-01-01 04:59:00+00:00,84.83474148918981,False,True,sports_fees_v3,Pärnu JK Vaprus,3544553,2026-soccer-premium-liiga-estonia-runner-up-prnu-jk-vaprus
Premium Liiga,,Will Harju JK Laagri be runner-up in the 2026 Premium Liiga (Estonia)?,,0.91,,,0.0,70.71,9.7559,2027-01-01 04:59:00+00:00,84.83474148918981,False,True,sports_fees_v3,Harju JK Laagri,3544554,2026-soccer-premium-liiga-estonia-runner-up-harju-jk-laagri
Premium Liiga,,Will FCI Levadia finish 3rd in the 2026 Premium Liiga (Estonia)?,0.006,0.208,0.107,0.20199999999999999,0.0,344.82,91.72383,2027-01-01 04:59:00+00:00,84.83474148918981,False,True,sports_fees_v3,FCI Levadia,3849414,will-fci-levadia-finish-3rd-in-premium-liiga-estonia-2026
Premium Liiga,,Will FC Flora finish 3rd in the 2026 Premium Liiga (Estonia)?,0.04,0.95,0.495,0.9099999999999999,0.0,0.0,6.6518,2027-01-01 04:59:00+00:00,84.83474148918981,False,True,sports_fees_v3,FC Flora,3849416,will-fc-flora-finish-3rd-in-premium-liiga-estonia-2026
Premium Liiga,,Will Nõmme Kalju finish 3rd in the 2026 Premium Liiga (Estonia)?,0.04,0.98,0.51,0.94,0.0,0.0,3.892,2027-01-01 04:59:00+00:00,84.83474148918981,False,True,sports_fees_v3,Nõmme Kalju,3849418,will-nomme-kalju-finish-3rd-in-premium-liiga-estonia-2026
Premium Liiga,,Will Paide Linnameeskond finish 3rd in the 2026 Premium Liiga (Estonia)?,0.03,0.97,0.5,0.94,0.0,0.0,5.7716,2027-01-01 04:59:00+00:00,84.83474148918981,False,True,sports_fees_v3,Paide Linnameeskond,3849421,will-paide-linnameeskond-finish-3rd-in-premium-liiga-estonia-2026
Premium Liiga,,Will Tartu JK Tammeka finish 3rd in the 2026 Premium Liiga (Estonia)?,0.02,0.91,0.465,0.89,0.0,0.0,5.6111,2027-01-01 04:59:00+00:00,84.83474148918981,False,True,sports_fees_v3,Tartu JK Tammeka,3849422,will-tartu-jk-tammeka-finish-3rd-in-premium-liiga-estonia-2026
Premium Liiga,,Will Pärnu JK Vaprus finish 3rd in the 2026 Premium Liiga (Estonia)?,0.001,0.734,0.3675,0.733,0.0,294.82,34.23078,2027-01-01 04:59:00+00:00,84.83474148918981,False,True,sports_fees_v3,Pärnu JK Vaprus,3849423,will-parnu-jk-vaprus-finish-3rd-in-premium-liiga-estonia-2026
Premium Liiga,,Will Harju JK Laagri finish 3rd in the 2026 Premium Liiga (Estonia)?,0.002,0.196,0.099,0.194,0.0,344.82,177.92996,2027-01-01 04:59:00+00:00,84.83474148918981,False,True,sports_fees_v3,Harju JK Laagri,3849424,will-harju-jk-laagri-finish-3rd-in-premium-liiga-estonia-2026
Premium Liiga,,Will FCI Levadia be relegated from the 2026 Premium Liiga (Estonia)?,0.013,0.05,0.0315,0.037000000000000005,0.0,362.3333,42.07553,2027-01-01 04:59:00+00:00,84.83474148918981,False,False,sports_fees_v3,FCI Levadia,3913454,will-fci-levadia-be-relegated-from-premium-liiga-estonia-2026
Premium Liiga,,Will FC Flora be relegated from the 2026 Premium Liiga (Estonia)?,0.01,0.05,0.030000000000000002,0.04,0.0,376.0,550.141,2027-01-01 04:59:00+00:00,84.83474148918981,False,False,sports_fees_v3,FC Flora,3913455,will-fc-flora-be-relegated-from-premium-liiga-estonia-2026
Premium Liiga,,Will Nõmme Kalju be relegated from the 2026 Premium Liiga (Estonia)?,0.01,0.05,0.030000000000000002,0.04,0.0,41.0,231.47096,2027-01-01 04:59:00+00:00,84.83474148918981,False,False,sports_fees_v3,Nõmme Kalju,3913456,will-nomme-kalju-be-relegated-from-premium-liiga-estonia-2026
Premium Liiga,,Will Nõmme United be relegated from the 2026 Premium Liiga (Estonia)?,0.04,0.25,0.145,0.21,0.0,0.0,47.3439,2027-01-01 04:59:00+00:00,84.83474148918981,False,False,sports_fees_v3,Nõmme United,3913457,will-nomme-united-be-relegated-from-premium-liiga-estonia-2026
Premium Liiga,,Will Paide Linnameeskond be relegated from the 2026 Premium Liiga (Estonia)?,0.002,0.062,0.032,0.06,0.0,192.9798,82.86943,2027-01-01 04:59:00+00:00,84.83474148918981,False,False,sports_fees_v3,Paide Linnameeskond,3913458,will-paide-linnameeskond-be-relegated-from-premium-liiga-estonia-2026
Premium Liiga,,Will Tartu JK Tammeka be relegated from the 2026 Premium Liiga (Estonia)?,0.002,0.234,0.11800000000000001,0.232,0.0,183.0,97.911,2027-01-01 04:59:00+00:00,84.83474148918981,False,False,sports_fees_v3,Tartu JK Tammeka,3913459,will-tartu-jk-tammeka-be-relegated-from-premium-liiga-estonia-2026
Premium Liiga,,Will Pärnu JK Vaprus be relegated from the 2026 Premium Liiga (Estonia)?,0.18,0.23,0.20500000000000002,0.05000000000000002,0.0,0.0,164.8638,2027-01-01 04:59:00+00:00,84.83474148918981,False,False,sports_fees_v3,Pärnu JK Vaprus,3913460,will-parnu-jk-vaprus-be-relegated-from-premium-liiga-estonia-2026
Premium Liiga,,Will Harju JK Laagri be relegated from the 2026 Premium Liiga (Estonia)?,0.11,0.18,0.145,0.06999999999999999,21.0,939.72,72.8868,2027-01-01 04:59:00+00:00,84.83474148918981,False,False,sports_fees_v3,Harju JK Laagri,3913462,will-harju-jk-laagri-be-relegated-from-premium-liiga-estonia-2026
Premium Liiga,,Will FC Kuressaare be relegated from the 2026 Premium Liiga (Estonia)?,0.03,0.25,0.14,0.22,0.0,40.0,19.9638,2027-01-01 04:59:00+00:00,84.83474148918981,False,False,sports_fees_v3,FC Kuressaare,3913464,will-fc-kuressaare-be-relegated-from-premium-liiga-estonia-2026
Premium Liiga,,Will Narva Trans be relegated from the 2026 Premium Liiga (Estonia)?,0.66,0.98,0.8200000000000001,0.31999999999999995,0.0,120.0,22.2439,2027-01-01 04:59:00+00:00,84.83474148918981,False,False,sports_fees_v3,Narva Trans,3913466,will-narva-trans-be-relegated-from-premium-liiga-estonia-2026
Premium Liiga,,Will Nõmme Kalju finish 8th in the 2026 Premium Liiga (Estonia)?,0.005,0.911,0.458,0.906,0.0,73.84,13.33156,2027-01-01 04:59:00+00:00,84.83474148918981,False,True,sports_fees_v3,Nõmme Kalju,3913757,will-nomme-kalju-finish-8th-in-premium-liiga-estonia-2026
Premium Liiga,,Will Nõmme United finish 8th in the 2026 Premium Liiga (Estonia)?,0.02,0.93,0.47500000000000003,0.91,0.0,0.0,6.3733,2027-01-01 04:59:00+00:00,84.83474148918981,False,True,sports_fees_v3,Nõmme United,3913758,will-nomme-united-finish-8th-in-premium-liiga-estonia-2026
Premium Liiga,,Will Tartu JK Tammeka finish 8th in the 2026 Premium Liiga (Estonia)?,0.04,0.92,0.48000000000000004,0.88,0.0,0.0,6.6198,2027-01-01 04:59:00+00:00,84.83474148918981,False,True,sports_fees_v3,Tartu JK Tammeka,3913762,will-tartu-jk-tammeka-finish-8th-in-premium-liiga-estonia-2026
Premium Liiga,,Will Pärnu JK Vaprus finish 8th in the 2026 Premium Liiga (Estonia)?,0.02,0.98,0.5,0.96,0.0,0.0,2.8917,2027-01-01 04:59:00+00:00,84.83474148918981,False,True,sports_fees_v3,Pärnu JK Vaprus,3913764,will-parnu-jk-vaprus-finish-8th-in-premium-liiga-estonia-2026
Premium Liiga,,Will Harju JK Laagri finish 8th in the 2026 Premium Liiga (Estonia)?,0.03,0.98,0.505,0.95,0.0,0.0,3.7917,2027-01-01 04:59:00+00:00,84.83474148918981,False,True,sports_fees_v3,Harju JK Laagri,3913766,will-harju-jk-laagri-finish-8th-in-premium-liiga-estonia-2026
Premium Liiga,,Will FC Kuressaare finish 8th in the 2026 Premium Liiga (Estonia)?,0.02,0.98,0.5,0.96,0.0,0.0,2.9318,2027-01-01 04:59:00+00:00,84.83474148918981,False,True,sports_fees_v3,FC Kuressaare,3913768,will-fc-kuressaare-finish-8th-in-premium-liiga-estonia-2026
Premium Liiga,,Will Narva Trans finish 8th in the 2026 Premium Liiga (Estonia)?,0.03,0.92,0.47500000000000003,0.89,0.0,0.0,5.8943,2027-01-01 04:59:00+00:00,84.83474148918981,False,True,sports_fees_v3,Narva Trans,3913769,will-narva-trans-finish-8th-in-premium-liiga-estonia-2026
Premium Liiga,,Will FCI Levadia keep the most clean sheets in the 2026 Premium Liiga (Estonia)?,0.02,0.98,0.5,0.96,0.0,0.0,2.8522,2027-01-01 04:59:00+00:00,84.83474148918981,False,True,sports_fees_v3,FCI Levadia,3914267,will-fci-levadia-keep-the-most-clean-sheets-in-premium-liiga-estonia-2026
Premium Liiga,,Will FC Flora keep the most clean sheets in the 2026 Premium Liiga (Estonia)?,0.01,0.98,0.495,0.97,0.0,0.0,2.7421,2027-01-01 04:59:00+00:00,84.83474148918981,False,True,sports_fees_v3,FC Flora,3914270,will-fc-flora-keep-the-most-clean-sheets-in-premium-liiga-estonia-2026
Premium Liiga,,Will Nõmme Kalju keep the most clean sheets in the 2026 Premium Liiga (Estonia)?,0.02,0.98,0.5,0.96,0.0,0.0,4.2419,2027-01-01 04:59:00+00:00,84.83474148918981,False,True,sports_fees_v3,Nõmme Kalju,3914271,will-nomme-kalju-keep-the-most-clean-sheets-in-premium-liiga-estonia-2026
Premium Liiga,,Will Paide Linnameeskond keep the most clean sheets in the 2026 Premium Liiga (E,0.02,0.98,0.5,0.96,0.0,0.0,3.7422,2027-01-01 04:59:00+00:00,84.83474148918981,False,True,sports_fees_v3,Paide Linnameeskond,3914275,will-paide-linnameeskond-keep-the-most-clean-sheets-in-premium-liiga-estonia-2026
Premium Liiga,,Will Tartu JK Tammeka keep the most clean sheets in the 2026 Premium Liiga (Esto,0.02,0.98,0.5,0.96,0.0,0.0,3.7421,2027-01-01 04:59:00+00:00,84.83474148918981,False,True,sports_fees_v3,Tartu JK Tammeka,3914278,will-tartu-jk-tammeka-keep-the-most-clean-sheets-in-premium-liiga-estonia-2026
Premium Liiga,,Will Pärnu JK Vaprus keep the most clean sheets in the 2026 Premium Liiga (Eston,0.01,0.98,0.495,0.97,0.0,0.0,2.7344,2027-01-01 04:59:00+00:00,84.83474148918981,False,True,sports_fees_v3,Pärnu JK Vaprus,3914279,will-parnu-jk-vaprus-keep-the-most-clean-sheets-in-premium-liiga-estonia-2026
Premium Liiga,,Will Harju JK Laagri keep the most clean sheets in the 2026 Premium Liiga (Eston,0.02,0.98,0.5,0.96,0.0,0.0,3.2421,2027-01-01 04:59:00+00:00,84.83474148918981,False,True,sports_fees_v3,Harju JK Laagri,3914280,will-harju-jk-laagri-keep-the-most-clean-sheets-in-premium-liiga-estonia-2026
Premium Liiga,,Will FC Kuressaare keep the most clean sheets in the 2026 Premium Liiga (Estonia,0.02,0.98,0.5,0.96,0.0,0.0,2.8521,2027-01-01 04:59:00+00:00,84.83474148918981,False,True,sports_fees_v3,FC Kuressaare,3914281,will-fc-kuressaare-keep-the-most-clean-sheets-in-premium-liiga-estonia-2026
Premium Liiga,,Will Narva Trans keep the most clean sheets in the 2026 Premium Liiga (Estonia)?,0.01,0.98,0.495,0.97,0.0,0.0,2.7422,2027-01-01 04:59:00+00:00,84.83474148918981,False,True,sports_fees_v3,Narva Trans,3914282,will-narva-trans-keep-the-most-clean-sheets-in-premium-liiga-estonia-2026
Premium Liiga,moneyline,Will Parnu JK Vaprus win on 2026-10-10?,0.33,0.37,0.35,0.03999999999999998,0.0,0.0,1808.2011,2026-10-10 11:30:00+00:00,2.1062692669675926,False,True,sports_fees_v3,Parnu JK Vaprus,5229959,est1-vap-nar-2026-10-10-vap
Premium Liiga,moneyline,Will Parnu JK Vaprus vs. JK Narva Trans end in a draw?,0.26,0.29,0.275,0.02999999999999997,0.0,0.0,1657.9883,2026-10-10 11:30:00+00:00,2.1062692669675926,False,True,sports_fees_v3,Draw (Parnu JK Vaprus vs. JK Narva Trans),5229961,est1-vap-nar-2026-10-10-draw
Premium Liiga,moneyline,Will JK Narva Trans win on 2026-10-10?,0.34,0.38,0.36,0.03999999999999998,0.0,0.0,1746.7464,2026-10-10 11:30:00+00:00,2.1062692669675926,False,True,sports_fees_v3,JK Narva Trans,5229962,est1-vap-nar-2026-10-10-nar
Premium Liiga,moneyline,Will Nomme Kalju FC win on 2026-10-10?,0.58,0.6,0.59,0.020000000000000018,107.351597,107.351597,1814.1178,2026-10-10 11:30:00+00:00,2.1062692669675926,False,True,sports_fees_v3,Nomme Kalju FC,5229969,est1-kal-har-2026-10-10-kal
Premium Liiga,moneyline,Will Nomme Kalju FC vs. Harju JK Laagri end in a draw?,0.21,0.24,0.22499999999999998,0.03,0.0,0.0,1737.6744,2026-10-10 11:30:00+00:00,2.1062692669675926,False,True,sports_fees_v3,Draw (Nomme Kalju FC vs. Harju JK Laagri),5229971,est1-kal-har-2026-10-10-draw
Premium Liiga,moneyline,Will Harju JK Laagri win on 2026-10-10?,0.17,0.22,0.195,0.04999999999999999,9.997337,9.997337,1941.4309,2026-10-10 11:30:00+00:00,2.1062692669675926,False,True,sports_fees_v3,Harju JK Laagri,5229973,est1-kal-har-2026-10-10-har
Premium Liiga,soccer_halftime_result,Parnu JK Vaprus leading at halftime?,0.24,0.32,0.28,0.08000000000000002,0.0,0.0,314.1792,2026-10-10 11:30:00+00:00,2.1062692669675926,False,True,sports_fees_v3,Parnu JK Vaprus,5229981,est1-vap-nar-2026-10-10-halftime-result-home
Premium Liiga,soccer_halftime_result,Parnu JK Vaprus vs. JK Narva Trans: Draw at halftime?,0.35,0.43,0.39,0.08000000000000002,0.0,0.0,370.1467,2026-10-10 11:30:00+00:00,2.1062692669675926,False,True,sports_fees_v3,Draw,5229982,est1-vap-nar-2026-10-10-halftime-result-draw
Premium Liiga,soccer_halftime_result,JK Narva Trans leading at halftime?,0.24,0.32,0.28,0.08000000000000002,0.0,0.0,314.0695,2026-10-10 11:30:00+00:00,2.1062692669675926,False,True,sports_fees_v3,JK Narva Trans,5229983,est1-vap-nar-2026-10-10-halftime-result-away
Premium Liiga,soccer_second_half_result,Parnu JK Vaprus to win the second half?,0.02,0.98,0.5,0.96,0.0,0.0,2.8599,2026-10-10 11:30:00+00:00,2.1062692669675926,False,True,sports_fees_v3,Parnu JK Vaprus,5229985,est1-vap-nar-2026-10-10-second-half-result-home
Premium Liiga,soccer_second_half_result,Parnu JK Vaprus vs. JK Narva Trans: Second half draw?,0.03,0.8,0.41500000000000004,0.77,0.0,0.0,25.8597,2026-10-10 11:30:00+00:00,2.1062692669675926,False,True,sports_fees_v3,Draw,5229987,est1-vap-nar-2026-10-10-second-half-result-draw
Premium Liiga,soccer_second_half_result,JK Narva Trans to win the second half?,0.02,0.98,0.5,0.96,0.0,0.0,2.8599,2026-10-10 11:30:00+00:00,2.1062692669675926,False,True,sports_fees_v3,JK Narva Trans,5229988,est1-vap-nar-2026-10-10-second-half-result-away
Premium Liiga,soccer_exact_score,Exact Score: Parnu JK Vaprus 0 - 0 JK Narva Trans?,,0.75,,,0.0,0.0,16.4198,2026-10-10 11:30:00+00:00,2.1062692669675926,False,True,sports_fees_v3,Parnu JK Vaprus 0 - 0 JK Narva Trans,5229992,est1-vap-nar-2026-10-10-exact-score-0-0
Premium Liiga,soccer_exact_score,Exact Score: Parnu JK Vaprus 0 - 1 JK Narva Trans?,,0.75,,,0.0,0.0,21.4199,2026-10-10 11:30:00+00:00,2.1062692669675926,False,True,sports_fees_v3,Parnu JK Vaprus 0 - 1 JK Narva Trans,5229993,est1-vap-nar-2026-10-10-exact-score-0-1
Premium Liiga,soccer_exact_score,Exact Score: Parnu JK Vaprus 1 - 0 JK Narva Trans?,,0.75,,,0.0,0.0,21.4199,2026-10-10 11:30:00+00:00,2.1062692669675926,False,True,sports_fees_v3,Parnu JK Vaprus 1 - 0 JK Narva Trans,5229995,est1-vap-nar-2026-10-10-exact-score-1-0
Premium Liiga,soccer_exact_score,Exact Score: Parnu JK Vaprus 0 - 2 JK Narva Trans?,,0.75,,,0.0,0.0,21.4199,2026-10-10 11:30:00+00:00,2.1062692669675926,False,True,sports_fees_v3,Parnu JK Vaprus 0 - 2 JK Narva Trans,5229996,est1-vap-nar-2026-10-10-exact-score-0-2
Premium Liiga,soccer_exact_score,Exact Score: Parnu JK Vaprus 1 - 1 JK Narva Trans?,,0.75,,,0.0,0.0,21.4199,2026-10-10 11:30:00+00:00,2.1062692669675926,False,True,sports_fees_v3,Parnu JK Vaprus 1 - 1 JK Narva Trans,5229998,est1-vap-nar-2026-10-10-exact-score-1-1
Premium Liiga,soccer_exact_score,Exact Score: Parnu JK Vaprus 2 - 0 JK Narva Trans?,,0.75,,,0.0,0.0,21.4198,2026-10-10 11:30:00+00:00,2.1062692669675926,False,True,sports_fees_v3,Parnu JK Vaprus 2 - 0 JK Narva Trans,5229999,est1-vap-nar-2026-10-10-exact-score-2-0
Premium Liiga,soccer_exact_score,Exact Score: Parnu JK Vaprus 0 - 3 JK Narva Trans?,,0.75,,,0.0,0.0,21.4198,2026-10-10 11:30:00+00:00,2.1062692669675926,False,True,sports_fees_v3,Parnu JK Vaprus 0 - 3 JK Narva Trans,5230000,est1-vap-nar-2026-10-10-exact-score-0-3
Premium Liiga,soccer_exact_score,Exact Score: Parnu JK Vaprus 1 - 2 JK Narva Trans?,,0.75,,,0.0,0.0,21.4198,2026-10-10 11:30:00+00:00,2.1062692669675926,False,True,sports_fees_v3,Parnu JK Vaprus 1 - 2 JK Narva Trans,5230002,est1-vap-nar-2026-10-10-exact-score-1-2
Premium Liiga,soccer_exact_score,Exact Score: Parnu JK Vaprus 2 - 1 JK Narva Trans?,,0.75,,,0.0,0.0,21.4199,2026-10-10 11:30:00+00:00,2.1062692669675926,False,True,sports_fees_v3,Parnu JK Vaprus 2 - 1 JK Narva Trans,5230003,est1-vap-nar-2026-10-10-exact-score-2-1
Premium Liiga,soccer_exact_score,Exact Score: Parnu JK Vaprus 3 - 0 JK Narva Trans?,,0.75,,,0.0,0.0,21.4198,2026-10-10 11:30:00+00:00,2.1062692669675926,False,True,sports_fees_v3,Parnu JK Vaprus 3 - 0 JK Narva Trans,5230005,est1-vap-nar-2026-10-10-exact-score-3-0
Premium Liiga,soccer_exact_score,Exact Score: Parnu JK Vaprus 0 - 4 JK Narva Trans?,,0.75,,,0.0,0.0,16.4198,2026-10-10 11:30:00+00:00,2.1062692669675926,False,True,sports_fees_v3,Parnu JK Vaprus 0 - 4 JK Narva Trans,5230007,est1-vap-nar-2026-10-10-exact-score-0-4
Premium Liiga,soccer_exact_score,Exact Score: Parnu JK Vaprus 1 - 3 JK Narva Trans?,,0.75,,,0.0,0.0,21.4198,2026-10-10 11:30:00+00:00,2.1062692669675926,False,True,sports_fees_v3,Parnu JK Vaprus 1 - 3 JK Narva Trans,5230009,est1-vap-nar-2026-10-10-exact-score-1-3
Premium Liiga,soccer_exact_score,Exact Score: Parnu JK Vaprus 2 - 2 JK Narva Trans?,,0.75,,,0.0,0.0,21.4199,2026-10-10 11:30:00+00:00,2.1062692669675926,False,True,sports_fees_v3,Parnu JK Vaprus 2 - 2 JK Narva Trans,5230010,est1-vap-nar-2026-10-10-exact-score-2-2
Premium Liiga,soccer_exact_score,Exact Score: Parnu JK Vaprus 3 - 1 JK Narva Trans?,,0.75,,,0.0,0.0,21.4199,2026-10-10 11:30:00+00:00,2.1062692669675926,False,True,sports_fees_v3,Parnu JK Vaprus 3 - 1 JK Narva Trans,5230012,est1-vap-nar-2026-10-10-exact-score-3-1
Premium Liiga,soccer_exact_score,Exact Score: Parnu JK Vaprus 4 - 0 JK Narva Trans?,,0.75,,,0.0,0.0,21.4199,2026-10-10 11:30:00+00:00,2.1062692669675926,False,True,sports_fees_v3,Parnu JK Vaprus 4 - 0 JK Narva Trans,5230013,est1-vap-nar-2026-10-10-exact-score-4-0
Premium Liiga,soccer_exact_score,Exact Score: Parnu JK Vaprus 0 - 5 JK Narva Trans?,,0.75,,,0.0,0.0,24.8396,2026-10-10 11:30:00+00:00,2.1062692669675926,False,True,sports_fees_v3,Parnu JK Vaprus 0 - 5 JK Narva Trans,5230014,est1-vap-nar-2026-10-10-exact-score-0-5
Premium Liiga,soccer_exact_score,Exact Score: Parnu JK Vaprus 1 - 4 JK Narva Trans?,,0.75,,,0.0,0.0,16.4198,2026-10-10 11:30:00+00:00,2.1062692669675926,False,True,sports_fees_v3,Parnu JK Vaprus 1 - 4 JK Narva Trans,5230016,est1-vap-nar-2026-10-10-exact-score-1-4
Premium Liiga,soccer_exact_score,Exact Score: Parnu JK Vaprus 2 - 3 JK Narva Trans?,,0.75,,,0.0,0.0,21.4199,2026-10-10 11:30:00+00:00,2.1062692669675926,False,True,sports_fees_v3,Parnu JK Vaprus 2 - 3 JK Narva Trans,5230017,est1-vap-nar-2026-10-10-exact-score-2-3
Premium Liiga,soccer_exact_score,Exact Score: Parnu JK Vaprus 3 - 2 JK Narva Trans?,,0.75,,,0.0,0.0,21.4199,2026-10-10 11:30:00+00:00,2.1062692669675926,False,True,sports_fees_v3,Parnu JK Vaprus 3 - 2 JK Narva Trans,5230019,est1-vap-nar-2026-10-10-exact-score-3-2
Premium Liiga,soccer_exact_score,Exact Score: Parnu JK Vaprus 4 - 1 JK Narva Trans?,,0.75,,,0.0,0.0,21.4199,2026-10-10 11:30:00+00:00,2.1062692669675926,False,True,sports_fees_v3,Parnu JK Vaprus 4 - 1 JK Narva Trans,5230020,est1-vap-nar-2026-10-10-exact-score-4-1
Premium Liiga,soccer_exact_score,Exact Score: Parnu JK Vaprus 5 - 0 JK Narva Trans?,,0.75,,,0.0,0.0,23.0974,2026-10-10 11:30:00+00:00,2.1062692669675926,False,True,sports_fees_v3,Parnu JK Vaprus 5 - 0 JK Narva Trans,5230022,est1-vap-nar-2026-10-10-exact-score-5-0
Premium Liiga,soccer_exact_score,Exact Score: Parnu JK Vaprus 1 - 5 JK Narva Trans?,,0.75,,,0.0,0.0,16.4198,2026-10-10 11:30:00+00:00,2.1062692669675926,False,True,sports_fees_v3,Parnu JK Vaprus 1 - 5 JK Narva Trans,5230023,est1-vap-nar-2026-10-10-exact-score-1-5
Premium Liiga,soccer_exact_score,Exact Score: Parnu JK Vaprus 2 - 4 JK Narva Trans?,,0.75,,,0.0,0.0,16.4198,2026-10-10 11:30:00+00:00,2.1062692669675926,False,True,sports_fees_v3,Parnu JK Vaprus 2 - 4 JK Narva Trans,5230025,est1-vap-nar-2026-10-10-exact-score-2-4
Premium Liiga,soccer_exact_score,Exact Score: Parnu JK Vaprus 3 - 3 JK Narva Trans?,,0.75,,,0.0,0.0,21.4199,2026-10-10 11:30:00+00:00,2.1062692669675926,False,True,sports_fees_v3,Parnu JK Vaprus 3 - 3 JK Narva Trans,5230026,est1-vap-nar-2026-10-10-exact-score-3-3
Premium Liiga,soccer_exact_score,Exact Score: Parnu JK Vaprus 4 - 2 JK Narva Trans?,,0.75,,,0.0,0.0,21.4198,2026-10-10 11:30:00+00:00,2.1062692669675926,False,True,sports_fees_v3,Parnu JK Vaprus 4 - 2 JK Narva Trans,5230028,est1-vap-nar-2026-10-10-exact-score-4-2
Premium Liiga,soccer_exact_score,Exact Score: Parnu JK Vaprus 5 - 1 JK Narva Trans?,,0.75,,,0.0,0.0,21.4199,2026-10-10 11:30:00+00:00,2.1062692669675926,False,True,sports_fees_v3,Parnu JK Vaprus 5 - 1 JK Narva Trans,5230029,est1-vap-nar-2026-10-10-exact-score-5-1
Premium Liiga,soccer_exact_score,Exact Score: Parnu JK Vaprus 2 - 5 JK Narva Trans?,,0.75,,,0.0,0.0,16.4198,2026-10-10 11:30:00+00:00,2.1062692669675926,False,True,sports_fees_v3,Parnu JK Vaprus 2 - 5 JK Narva Trans,5230030,est1-vap-nar-2026-10-10-exact-score-2-5
Premium Liiga,soccer_exact_score,Exact Score: Parnu JK Vaprus 3 - 4 JK Narva Trans?,,0.75,,,0.0,0.0,16.4198,2026-10-10 11:30:00+00:00,2.1062692669675926,False,True,sports_fees_v3,Parnu JK Vaprus 3 - 4 JK Narva Trans,5230032,est1-vap-nar-2026-10-10-exact-score-3-4
Premium Liiga,soccer_exact_score,Exact Score: Parnu JK Vaprus 4 - 3 JK Narva Trans?,,0.75,,,0.0,0.0,21.4198,2026-10-10 11:30:00+00:00,2.1062692669675926,False,True,sports_fees_v3,Parnu JK Vaprus 4 - 3 JK Narva Trans,5230033,est1-vap-nar-2026-10-10-exact-score-4-3
Premium Liiga,soccer_exact_score,Exact Score: Parnu JK Vaprus 5 - 2 JK Narva Trans?,,0.75,,,0.0,0.0,21.4198,2026-10-10 11:30:00+00:00,2.1062692669675926,False,True,sports_fees_v3,Parnu JK Vaprus 5 - 2 JK Narva Trans,5230035,est1-vap-nar-2026-10-10-exact-score-5-2
Premium Liiga,soccer_exact_score,Exact Score: Parnu JK Vaprus 3 - 5 JK Narva Trans?,,0.75,,,0.0,0.0,16.4198,2026-10-10 11:30:00+00:00,2.1062692669675926,False,True,sports_fees_v3,Parnu JK Vaprus 3 - 5 JK Narva Trans,5230036,est1-vap-nar-2026-10-10-exact-score-3-5
Premium Liiga,soccer_exact_score,Exact Score: Parnu JK Vaprus 4 - 4 JK Narva Trans?,,0.75,,,0.0,0.0,21.4198,2026-10-10 11:30:00+00:00,2.1062692669675926,False,True,sports_fees_v3,Parnu JK Vaprus 4 - 4 JK Narva Trans,5230038,est1-vap-nar-2026-10-10-exact-score-4-4
Premium Liiga,soccer_exact_score,Exact Score: Parnu JK Vaprus 5 - 3 JK Narva Trans?,,0.75,,,0.0,0.0,21.4198,2026-10-10 11:30:00+00:00,2.1062692669675926,False,True,sports_fees_v3,Parnu JK Vaprus 5 - 3 JK Narva Trans,5230039,est1-vap-nar-2026-10-10-exact-score-5-3
Premium Liiga,soccer_exact_score,Exact Score: Parnu JK Vaprus 4 - 5 JK Narva Trans?,,0.75,,,0.0,9.9898,16.4198,2026-10-10 11:30:00+00:00,2.1062692669675926,False,True,sports_fees_v3,Parnu JK Vaprus 4 - 5 JK Narva Trans,5230041,est1-vap-nar-2026-10-10-exact-score-4-5
Premium Liiga,soccer_exact_score,Exact Score: Parnu JK Vaprus 5 - 4 JK Narva Trans?,,0.75,,,0.0,9.9898,21.42,2026-10-10 11:30:00+00:00,2.1062692669675926,False,True,sports_fees_v3,Parnu JK Vaprus 5 - 4 JK Narva Trans,5230042,est1-vap-nar-2026-10-10-exact-score-5-4
Premium Liiga,soccer_exact_score,Exact Score: Parnu JK Vaprus 5 - 5 JK Narva Trans?,,0.75,,,0.0,9.9898,16.4198,2026-10-10 11:30:00+00:00,2.1062692669675926,False,True,sports_fees_v3,Parnu JK Vaprus 5 - 5 JK Narva Trans,5230044,est1-vap-nar-2026-10-10-exact-score-5-5
Premium Liiga,soccer_exact_score,Exact Score: Any Other Score?,,0.75,,,0.0,0.0,16.4198,2026-10-10 11:30:00+00:00,2.1062692669675926,False,True,sports_fees_v3,Any Other Score,5230046,est1-vap-nar-2026-10-10-exact-score-any-other
Premium Liiga,soccer_halftime_result,Nomme Kalju FC leading at halftime?,0.39,0.45,0.42000000000000004,0.06,0.0,0.0,425.8393,2026-10-10 11:30:00+00:00,2.1062692669675926,False,True,sports_fees_v3,Nomme Kalju FC,5230057,est1-kal-har-2026-10-10-halftime-result-home
Premium Liiga,soccer_halftime_result,Nomme Kalju FC vs. Harju JK Laagri: Draw at halftime?,0.35,0.39,0.37,0.040000000000000036,0.0,0.0,385.0593,2026-10-10 11:30:00+00:00,2.1062692669675926,False,True,sports_fees_v3,Draw,5230058,est1-kal-har-2026-10-10-halftime-result-draw
Premium Liiga,soccer_halftime_result,Harju JK Laagri leading at halftime?,0.17,0.21,0.19,0.03999999999999998,0.0,0.0,325.8897,2026-10-10 11:30:00+00:00,2.1062692669675926,False,True,sports_fees_v3,Harju JK Laagri,5230060,est1-kal-har-2026-10-10-halftime-result-away
Austria Bundesliga,soccer_first_corner,SK Rapid vs. SCR Altach: Team to Take First Corner,,1.0,,,0.0,0.0,0.0,2026-08-02 17:00:00+00:00,-66.66456406636574,False,False,sports_fees_v3,Team to Take First Corner,3163680,aut-scr-alt-2026-08-02-first-corner
Austria Bundesliga,soccer_first_corner,Austria Lustenau vs. SV Ried: Team to Take First Corner,,1.0,,,0.0,0.0,0.0,2026-08-02 15:00:00+00:00,-66.74789739969907,False,False,sports_fees_v3,Team to Take First Corner,3163703,aut-alu-svr-2026-08-02-first-corner
Austria Bundesliga,soccer_first_corner,Wolfsberger AC vs. FK Austria Wien: Team to Take First Corner,,1.0,,,0.0,0.0,0.0,2026-08-02 15:00:00+00:00,-66.74789739969907,False,False,sports_fees_v3,Team to Take First Corner,3163726,aut-wac-fak-2026-08-02-first-corner
Austria Bundesliga,soccer_first_corner,TSV Hartberg vs. SK Sturm Graz: Team to Take First Corner,,1.0,,,0.0,0.0,0.0,2026-08-08 17:30:00+00:00,-60.643730733032406,False,False,sports_fees_v3,Team to Take First Corner,3309083,aut-htb-stu-2026-08-08-first-corner
Austria Bundesliga,soccer_first_corner,Grazer AK 1902 vs. Austria Lustenau: Team to Take First Corner,0.001,0.999,0.5,0.998,0.0,0.0,0.01,2026-08-08 15:00:00+00:00,-60.74789739969908,False,False,sports_fees_v3,Team to Take First Corner,3309106,aut-gak-alu-2026-08-08-first-corner
Austria Bundesliga,,Will Sturm Graz win the 2026-27 Austrian Bundesliga?,0.01,0.99,0.5,0.98,0.0,0.0,1.6986,2027-08-01 03:59:00+00:00,296.7930748225232,False,True,sports_fees_v3,Sturm Graz,3529673,2027-soccer-austrian-bundesliga-winner-sturm-graz
Austria Bundesliga,,Will Red Bull Salzburg win the 2026-27 Austrian Bundesliga?,0.01,0.99,0.5,0.98,0.0,0.0,1.6985,2027-08-01 03:59:00+00:00,296.7930748225232,False,True,sports_fees_v3,Red Bull Salzburg,3529674,2027-soccer-austrian-bundesliga-winner-red-bull-salzburg
Austria Bundesliga,,Will LASK win the 2026-27 Austrian Bundesliga?,0.01,0.99,0.5,0.98,0.0,0.0,1.6986,2027-08-01 03:59:00+00:00,296.7930748225232,False,True,sports_fees_v3,LASK,3529675,2027-soccer-austrian-bundesliga-winner-lask
Austria Bundesliga,,Will Austria Wien win the 2026-27 Austrian Bundesliga?,0.01,0.99,0.5,0.98,0.0,0.0,1.6986,2027-08-01 03:59:00+00:00,296.7930748225232,False,True,sports_fees_v3,Austria Wien,3529676,2027-soccer-austrian-bundesliga-winner-austria-wien
Austria Bundesliga,,Will Rapid Wien win the 2026-27 Austrian Bundesliga?,0.1,0.99,0.545,0.89,0.0,0.0,2.6985,2027-08-01 03:59:00+00:00,296.7930748225232,False,True,sports_fees_v3,Rapid Wien,3529677,2027-soccer-austrian-bundesliga-winner-rapid-wien
Austria Bundesliga,,Will TSV Hartberg win the 2026-27 Austrian Bundesliga?,0.01,0.99,0.5,0.98,0.0,0.0,1.6986,2027-08-01 03:59:00+00:00,296.7930748225232,False,True,sports_fees_v3,TSV Hartberg,3529678,2027-soccer-austrian-bundesliga-winner-tsv-hartberg
Austria Bundesliga,,Will WSG Tirol win the 2026-27 Austrian Bundesliga?,0.01,0.99,0.5,0.98,0.0,0.0,1.6986,2027-08-01 03:59:00+00:00,296.7930748225232,False,True,sports_fees_v3,WSG Tirol,3529679,2027-soccer-austrian-bundesliga-winner-wsg-tirol
Austria Bundesliga,,Will Rheindorf Altach win the 2026-27 Austrian Bundesliga?,0.01,0.99,0.5,0.98,0.0,0.0,1.6986,2027-08-01 03:59:00+00:00,296.7930748225232,False,True,sports_fees_v3,Rheindorf Altach,3529680,2027-soccer-austrian-bundesliga-winner-rheindorf-altach
Austria Bundesliga,,Will SV Ried win the 2026-27 Austrian Bundesliga?,0.01,0.99,0.5,0.98,0.0,0.0,1.6986,2027-08-01 03:59:00+00:00,296.7930748225232,False,True,sports_fees_v3,SV Ried,3529681,2027-soccer-austrian-bundesliga-winner-sv-ried
Austria Bundesliga,,Will Wolfsberger AC win the 2026-27 Austrian Bundesliga?,0.01,0.99,0.5,0.98,0.0,0.0,1.6985,2027-08-01 03:59:00+00:00,296.7930748225232,False,True,sports_fees_v3,Wolfsberger AC,3529682,2027-soccer-austrian-bundesliga-winner-wolfsberger-ac
Austria Bundesliga,,Will Grazer AK win the 2026-27 Austrian Bundesliga?,0.01,0.99,0.5,0.98,0.0,0.0,1.6986,2027-08-01 03:59:00+00:00,296.7930748225232,False,True,sports_fees_v3,Grazer AK,3529683,2027-soccer-austrian-bundesliga-winner-grazer-ak
Austria Bundesliga,,Will SC Austria Lustenau win the 2026-27 Austrian Bundesliga?,0.01,0.99,0.5,0.98,0.0,0.0,1.6986,2027-08-01 03:59:00+00:00,296.7930748225232,False,True,sports_fees_v3,SC Austria Lustenau,3529684,2027-soccer-austrian-bundesliga-winner-sc-austria-lustenau
Austria Bundesliga,,Will Sturm Graz be runner-up in the 2026-27 Austrian Bundesliga?,0.01,0.99,0.5,0.98,0.0,0.0,1.6986,2027-08-01 03:59:00+00:00,296.7930748225232,False,True,sports_fees_v3,Sturm Graz,3544289,2027-soccer-austrian-bundesliga-runner-up-sturm-graz
Austria Bundesliga,,Will Red Bull Salzburg be runner-up in the 2026-27 Austrian Bundesliga?,0.01,0.99,0.5,0.98,0.0,0.0,1.6986,2027-08-01 03:59:00+00:00,296.7930748225232,False,True,sports_fees_v3,Red Bull Salzburg,3544290,2027-soccer-austrian-bundesliga-runner-up-red-bull-salzburg
Austria Bundesliga,,Will LASK be runner-up in the 2026-27 Austrian Bundesliga?,0.01,0.99,0.5,0.98,0.0,0.0,1.6986,2027-08-01 03:59:00+00:00,296.7930748225232,False,True,sports_fees_v3,LASK,3544291,2027-soccer-austrian-bundesliga-runner-up-lask
Austria Bundesliga,,Will Austria Wien be runner-up in the 2026-27 Austrian Bundesliga?,0.01,0.99,0.5,0.98,0.0,0.0,1.6986,2027-08-01 03:59:00+00:00,296.7930748225232,False,True,sports_fees_v3,Austria Wien,3544292,2027-soccer-austrian-bundesliga-runner-up-austria-wien
Austria Bundesliga,,Will Rapid Wien be runner-up in the 2026-27 Austrian Bundesliga?,0.01,0.99,0.5,0.98,0.0,0.0,1.6986,2027-08-01 03:59:00+00:00,296.7930748225232,False,True,sports_fees_v3,Rapid Wien,3544293,2027-soccer-austrian-bundesliga-runner-up-rapid-wien
Austria Bundesliga,,Will TSV Hartberg be runner-up in the 2026-27 Austrian Bundesliga?,0.01,0.99,0.5,0.98,0.0,0.0,1.6986,2027-08-01 03:59:00+00:00,296.7930748225232,False,True,sports_fees_v3,TSV Hartberg,3544294,2027-soccer-austrian-bundesliga-runner-up-tsv-hartberg
Austria Bundesliga,,Will WSG Tirol be runner-up in the 2026-27 Austrian Bundesliga?,0.01,0.99,0.5,0.98,0.0,0.0,1.6985,2027-08-01 03:59:00+00:00,296.7930748225232,False,True,sports_fees_v3,WSG Tirol,3544295,2027-soccer-austrian-bundesliga-runner-up-wsg-tirol
Austria Bundesliga,,Will Rheindorf Altach be runner-up in the 2026-27 Austrian Bundesliga?,0.01,0.99,0.5,0.98,0.0,0.0,1.6986,2027-08-01 03:59:00+00:00,296.7930748225232,False,True,sports_fees_v3,Rheindorf Altach,3544296,2027-soccer-austrian-bundesliga-runner-up-rheindorf-altach
Austria Bundesliga,,Will SV Ried be runner-up in the 2026-27 Austrian Bundesliga?,0.01,0.99,0.5,0.98,0.0,0.0,1.6986,2027-08-01 03:59:00+00:00,296.7930748225232,False,True,sports_fees_v3,SV Ried,3544297,2027-soccer-austrian-bundesliga-runner-up-sv-ried
Austria Bundesliga,,Will Wolfsberger AC be runner-up in the 2026-27 Austrian Bundesliga?,0.01,0.99,0.5,0.98,0.0,0.0,1.6986,2027-08-01 03:59:00+00:00,296.7930748225232,False,True,sports_fees_v3,Wolfsberger AC,3544298,2027-soccer-austrian-bundesliga-runner-up-wolfsberger-ac
Austria Bundesliga,,Will Grazer AK be runner-up in the 2026-27 Austrian Bundesliga?,0.01,0.99,0.5,0.98,0.0,0.0,1.6986,2027-08-01 03:59:00+00:00,296.7930748225232,False,True,sports_fees_v3,Grazer AK,3544299,2027-soccer-austrian-bundesliga-runner-up-grazer-ak
Austria Bundesliga,,Will SC Austria Lustenau be runner-up in the 2026-27 Austrian Bundesliga?,0.01,0.99,0.5,0.98,0.0,0.0,1.6986,2027-08-01 03:59:00+00:00,296.7930748225232,False,True,sports_fees_v3,SC Austria Lustenau,3544300,2027-soccer-austrian-bundesliga-runner-up-sc-austria-lustenau
Austria Bundesliga,,Will Sturm Graz be relegated from the 2026-27 Austrian Bundesliga?,0.004,0.321,0.1625,0.317,0.0,31.0,27.46397,2027-07-01 03:59:00+00:00,265.7930748225232,False,False,sports_fees_v3,Sturm Graz,3848481,will-sturm-graz-be-relegated-from-austrian-bundesliga-2026-27
Austria Bundesliga,,Will Red Bull Salzburg be relegated from the 2026-27 Austrian Bundesliga?,0.01,0.05,0.030000000000000002,0.04,0.0,31.0,49.75696,2027-07-01 03:59:00+00:00,265.7930748225232,False,False,sports_fees_v3,Red Bull Salzburg,3848483,will-red-bull-salzburg-be-relegated-from-austrian-bundesliga-2026-27
Austria Bundesliga,,Will LASK be relegated from the 2026-27 Austrian Bundesliga?,0.02,0.062,0.041,0.041999999999999996,0.0,288.0,1198.308,2027-07-01 03:59:00+00:00,265.7930748225232,False,False,sports_fees_v3,LASK,3848485,will-lask-be-relegated-from-austrian-bundesliga-2026-27
Austria Bundesliga,,Will Austria Wien be relegated from the 2026-27 Austrian Bundesliga?,0.07,0.1,0.085,0.03,0.0,20.0,206.6839,2027-07-01 03:59:00+00:00,265.7930748225232,False,False,sports_fees_v3,Austria Wien,3848487,will-austria-wien-be-relegated-from-austrian-bundesliga-2026-27
Austria Bundesliga,,Will Rapid Wien be relegated from the 2026-27 Austrian Bundesliga?,0.002,0.013,0.0075,0.011,0.0,1690.38,1023.46,2027-07-01 03:59:00+00:00,265.7930748225232,False,False,sports_fees_v3,Rapid Wien,3848489,will-rapid-wien-be-relegated-from-austrian-bundesliga-2026-27
Austria Bundesliga,,Will TSV Hartberg be relegated from the 2026-27 Austrian Bundesliga?,0.216,0.28,0.248,0.06400000000000003,0.0,285.0,319.21477,2027-07-01 03:59:00+00:00,265.7930748225232,False,False,sports_fees_v3,TSV Hartberg,3848491,will-tsv-hartberg-be-relegated-from-austrian-bundesliga-2026-27
Austria Bundesliga,,Will WSG Tirol be relegated from the 2026-27 Austrian Bundesliga?,,0.28,,,0.0,340.0,53.6136,2027-07-01 03:59:00+00:00,265.7930748225232,False,False,sports_fees_v3,WSG Tirol,3848492,will-wsg-tirol-be-relegated-from-austrian-bundesliga-2026-27
Austria Bundesliga,,Will Rheindorf Altach be relegated from the 2026-27 Austrian Bundesliga?,0.5,0.51,0.505,0.010000000000000009,40.12766,1974.160384,287.7814,2027-07-01 03:59:00+00:00,265.7930748225232,False,False,sports_fees_v3,Rheindorf Altach,3848493,will-rheindorf-altach-be-relegated-from-austrian-bundesliga-2026-27
Austria Bundesliga,,Will SV Ried be relegated from the 2026-27 Austrian Bundesliga?,0.01,0.05,0.030000000000000002,0.04,20.0,2727.3812500000004,325.07298,2027-07-01 03:59:00+00:00,265.7930748225232,False,False,sports_fees_v3,SV Ried,3848494,will-sv-ried-be-relegated-from-austrian-bundesliga-2026-27
Austria Bundesliga,,Will Wolfsberger AC be relegated from the 2026-27 Austrian Bundesliga?,0.02,0.25,0.135,0.23,0.0,60.0,44.494,2027-07-01 03:59:00+00:00,265.7930748225232,False,False,sports_fees_v3,Wolfsberger AC,3848495,will-wolfsberger-ac-be-relegated-from-austrian-bundesliga-2026-27
Austria Bundesliga,,Will Grazer AK be relegated from the 2026-27 Austrian Bundesliga?,0.016,0.094,0.055,0.078,138.0,1369.8716590000001,128.45099,2027-07-01 03:59:00+00:00,265.7930748225232,False,False,sports_fees_v3,Grazer AK,3848496,will-grazer-ak-be-relegated-from-austrian-bundesliga-2026-27
Austria Bundesliga,,Will SC Austria Lustenau be relegated from the 2026-27 Austrian Bundesliga?,0.18,0.21,0.195,0.03,0.0,1773.2500000000002,1349.0906,2027-07-01 03:59:00+00:00,265.7930748225232,False,False,sports_fees_v3,SC Austria Lustenau,3848497,will-sc-austria-lustenau-be-relegated-from-austrian-bundesliga-2026-27
Austria Bundesliga,,Will Sturm Graz finish 11th in the 2026-27 Austrian Bundesliga?,0.01,0.99,0.5,0.98,0.0,0.0,1.7986,2027-07-01 03:59:00+00:00,265.7930748225232,False,True,sports_fees_v3,Sturm Graz,3848958,will-sturm-graz-finish-11th-in-austrian-bundesliga-2026-27
Austria Bundesliga,,Will Red Bull Salzburg finish 11th in the 2026-27 Austrian Bundesliga?,0.01,0.99,0.5,0.98,0.0,0.0,1.7986,2027-07-01 03:59:00+00:00,265.7930748225232,False,True,sports_fees_v3,Red Bull Salzburg,3848960,will-red-bull-salzburg-finish-11th-in-austrian-bundesliga-2026-27
Austria Bundesliga,,Will LASK finish 11th in the 2026-27 Austrian Bundesliga?,0.01,0.99,0.5,0.98,0.0,0.0,1.7986,2027-07-01 03:59:00+00:00,265.7930748225232,False,True,sports_fees_v3,LASK,3848962,will-lask-finish-11th-in-austrian-bundesliga-2026-27
Austria Bundesliga,,Will Austria Wien finish 11th in the 2026-27 Austrian Bundesliga?,0.01,0.99,0.5,0.98,0.0,0.0,1.7986,2027-07-01 03:59:00+00:00,265.7930748225232,False,True,sports_fees_v3,Austria Wien,3848964,will-austria-wien-finish-11th-in-austrian-bundesliga-2026-27
Austria Bundesliga,,Will Rapid Wien finish 11th in the 2026-27 Austrian Bundesliga?,0.01,0.99,0.5,0.98,0.0,0.0,1.7985,2027-07-01 03:59:00+00:00,265.7930748225232,False,True,sports_fees_v3,Rapid Wien,3848966,will-rapid-wien-finish-11th-in-austrian-bundesliga-2026-27
Austria Bundesliga,,Will TSV Hartberg finish 11th in the 2026-27 Austrian Bundesliga?,0.01,0.99,0.5,0.98,0.0,0.0,1.7985,2027-07-01 03:59:00+00:00,265.7930748225232,False,True,sports_fees_v3,TSV Hartberg,3848968,will-tsv-hartberg-finish-11th-in-austrian-bundesliga-2026-27
Austria Bundesliga,,Will WSG Tirol finish 11th in the 2026-27 Austrian Bundesliga?,0.01,0.99,0.5,0.98,0.0,0.0,1.7986,2027-07-01 03:59:00+00:00,265.7930748225232,False,True,sports_fees_v3,WSG Tirol,3848969,will-wsg-tirol-finish-11th-in-austrian-bundesliga-2026-27
Austria Bundesliga,,Will Rheindorf Altach finish 11th in the 2026-27 Austrian Bundesliga?,0.01,0.99,0.5,0.98,0.0,0.0,1.7985,2027-07-01 03:59:00+00:00,265.7930748225232,False,True,sports_fees_v3,Rheindorf Altach,3848970,will-rheindorf-altach-finish-11th-in-austrian-bundesliga-2026-27
Austria Bundesliga,,Will SV Ried finish 11th in the 2026-27 Austrian Bundesliga?,0.01,0.99,0.5,0.98,0.0,0.0,1.7985,2027-07-01 03:59:00+00:00,265.7930748225232,False,True,sports_fees_v3,SV Ried,3848971,will-sv-ried-finish-11th-in-austrian-bundesliga-2026-27
Austria Bundesliga,,Will Wolfsberger AC finish 11th in the 2026-27 Austrian Bundesliga?,0.01,0.99,0.5,0.98,0.0,0.0,1.7986,2027-07-01 03:59:00+00:00,265.7930748225232,False,True,sports_fees_v3,Wolfsberger AC,3848972,will-wolfsberger-ac-finish-11th-in-austrian-bundesliga-2026-27
Austria Bundesliga,,Will Grazer AK finish 11th in the 2026-27 Austrian Bundesliga?,0.01,0.99,0.5,0.98,0.0,0.0,1.7986,2027-07-01 03:59:00+00:00,265.7930748225232,False,True,sports_fees_v3,Grazer AK,3848973,will-grazer-ak-finish-11th-in-austrian-bundesliga-2026-27
Austria Bundesliga,,Will SC Austria Lustenau finish 11th in the 2026-27 Austrian Bundesliga?,0.01,0.99,0.5,0.98,0.0,0.0,1.7986,2027-07-01 03:59:00+00:00,265.7930748225232,False,True,sports_fees_v3,SC Austria Lustenau,3848975,will-sc-austria-lustenau-finish-11th-in-austrian-bundesliga-2026-27
Austria Bundesliga,,Will Sturm Graz keep the most clean sheets in the 2026-27 Austrian Bundesliga?,0.01,0.99,0.5,0.98,0.0,0.0,1.6986,2027-07-01 03:59:00+00:00,265.7930748225232,False,True,sports_fees_v3,Sturm Graz,3914150,will-sturm-graz-keep-the-most-clean-sheets-in-austrian-bundesliga-2026-27
Austria Bundesliga,,Will Red Bull Salzburg keep the most clean sheets in the 2026-27 Austrian Bundes,0.01,0.99,0.5,0.98,0.0,0.0,1.6986,2027-07-01 03:59:00+00:00,265.7930748225232,False,True,sports_fees_v3,Red Bull Salzburg,3914152,will-red-bull-salzburg-keep-the-most-clean-sheets-in-austrian-bundesliga-2026-27
Austria Bundesliga,,Will LASK keep the most clean sheets in the 2026-27 Austrian Bundesliga?,0.01,0.99,0.5,0.98,0.0,0.0,1.6985,2027-07-01 03:59:00+00:00,265.7930748225232,False,True,sports_fees_v3,LASK,3914154,will-lask-keep-the-most-clean-sheets-in-austrian-bundesliga-2026-27
Austria Bundesliga,,Will Austria Wien keep the most clean sheets in the 2026-27 Austrian Bundesliga?,0.01,0.99,0.5,0.98,0.0,0.0,1.6986,2027-07-01 03:59:00+00:00,265.7930748225232,False,True,sports_fees_v3,Austria Wien,3914156,will-austria-wien-keep-the-most-clean-sheets-in-austrian-bundesliga-2026-27
Austria Bundesliga,,Will Rapid Wien keep the most clean sheets in the 2026-27 Austrian Bundesliga?,0.01,0.99,0.5,0.98,0.0,0.0,1.6985,2027-07-01 03:59:00+00:00,265.7930748225232,False,True,sports_fees_v3,Rapid Wien,3914158,will-rapid-wien-keep-the-most-clean-sheets-in-austrian-bundesliga-2026-27
Austria Bundesliga,,Will TSV Hartberg keep the most clean sheets in the 2026-27 Austrian Bundesliga?,0.01,0.99,0.5,0.98,0.0,0.0,1.6985,2027-07-01 03:59:00+00:00,265.7930748225232,False,True,sports_fees_v3,TSV Hartberg,3914161,will-tsv-hartberg-keep-the-most-clean-sheets-in-austrian-bundesliga-2026-27
Austria Bundesliga,,Will WSG Tirol keep the most clean sheets in the 2026-27 Austrian Bundesliga?,0.01,0.99,0.5,0.98,0.0,0.0,1.6986,2027-07-01 03:59:00+00:00,265.7930748225232,False,True,sports_fees_v3,WSG Tirol,3914163,will-wsg-tirol-keep-the-most-clean-sheets-in-austrian-bundesliga-2026-27
Austria Bundesliga,,Will Rheindorf Altach keep the most clean sheets in the 2026-27 Austrian Bundesl,0.01,0.99,0.5,0.98,0.0,0.0,1.6985,2027-07-01 03:59:00+00:00,265.7930748225232,False,True,sports_fees_v3,Rheindorf Altach,3914165,will-rheindorf-altach-keep-the-most-clean-sheets-in-austrian-bundesliga-2026-27
Austria Bundesliga,,Will SV Ried keep the most clean sheets in the 2026-27 Austrian Bundesliga?,0.01,0.99,0.5,0.98,0.0,0.0,1.6985,2027-07-01 03:59:00+00:00,265.7930748225232,False,True,sports_fees_v3,SV Ried,3914167,will-sv-ried-keep-the-most-clean-sheets-in-austrian-bundesliga-2026-27
Austria Bundesliga,,Will Wolfsberger AC keep the most clean sheets in the 2026-27 Austrian Bundeslig,0.01,0.99,0.5,0.98,0.0,0.0,1.6986,2027-07-01 03:59:00+00:00,265.7930748225232,False,True,sports_fees_v3,Wolfsberger AC,3914169,will-wolfsberger-ac-keep-the-most-clean-sheets-in-austrian-bundesliga-2026-27
Austria Bundesliga,,Will Grazer AK keep the most clean sheets in the 2026-27 Austrian Bundesliga?,0.01,0.99,0.5,0.98,0.0,0.0,1.6985,2027-07-01 03:59:00+00:00,265.7930748225232,False,True,sports_fees_v3,Grazer AK,3914170,will-grazer-ak-keep-the-most-clean-sheets-in-austrian-bundesliga-2026-27
Austria Bundesliga,,Will SC Austria Lustenau keep the most clean sheets in the 2026-27 Austrian Bund,0.01,0.99,0.5,0.98,0.0,0.0,1.6986,2027-07-01 03:59:00+00:00,265.7930748225232,False,True,sports_fees_v3,SC Austria Lustenau,3914173,will-sc-austria-lustenau-keep-the-most-clean-sheets-in-austrian-bundesliga-2026-27
Austria Bundesliga,moneyline,Will Grazer AK 1902 win on 2026-10-10?,0.14,0.17,0.15500000000000003,0.03,0.0,0.0,5197.1926,2026-10-10 15:00:00+00:00,2.2521026003009257,False,True,sports_fees_v3,Grazer AK 1902,5237460,aut-gak-rbs-2026-10-10-gak
Austria Bundesliga,moneyline,Will Grazer AK 1902 vs. FC Salzburg end in a draw?,0.18,0.2,0.19,0.020000000000000018,0.0,0.0,5269.4448,2026-10-10 15:00:00+00:00,2.2521026003009257,False,True,sports_fees_v3,Draw (Grazer AK 1902 vs. FC Salzburg),5237461,aut-gak-rbs-2026-10-10-draw
Austria Bundesliga,moneyline,Will FC Salzburg win on 2026-10-10?,0.65,0.68,0.665,0.030000000000000027,0.0,0.0,4864.8817,2026-10-10 15:00:00+00:00,2.2521026003009257,False,True,sports_fees_v3,FC Salzburg,5237462,aut-gak-rbs-2026-10-10-rbs
Austria Bundesliga,moneyline,Will WSG Tirol win on 2026-10-10?,0.36,0.37,0.365,0.010000000000000009,0.0,0.0,5749.6876,2026-10-10 15:00:00+00:00,2.2521026003009257,False,True,sports_fees_v3,WSG Tirol,5237466,aut-wsg-svr-2026-10-10-wsg
Austria Bundesliga,moneyline,Will WSG Tirol vs. SV Ried end in a draw?,0.24,0.27,0.255,0.030000000000000027,0.0,0.0,6402.5005,2026-10-10 15:00:00+00:00,2.2521026003009257,False,True,sports_fees_v3,Draw (WSG Tirol vs. SV Ried),5237467,aut-wsg-svr-2026-10-10-draw
Austria Bundesliga,moneyline,Will SV Ried win on 2026-10-10?,0.37,0.39,0.38,0.020000000000000018,0.0,0.0,4846.1123,2026-10-10 15:00:00+00:00,2.2521026003009257,False,True,sports_fees_v3,SV Ried,5237468,aut-wsg-svr-2026-10-10-svr
Austria Bundesliga,soccer_halftime_result,Grazer AK 1902 leading at halftime?,0.15,0.17,0.16,0.020000000000000018,0.0,0.0,1750.9054,2026-10-10 15:00:00+00:00,2.2521026003009257,False,True,sports_fees_v3,Grazer AK 1902,5237474,aut-gak-rbs-2026-10-10-halftime-result-home
Austria Bundesliga,soccer_halftime_result,Grazer AK 1902 vs. FC Salzburg: Draw at halftime?,0.33,0.37,0.35,0.03999999999999998,0.0,0.0,2049.7002,2026-10-10 15:00:00+00:00,2.2521026003009257,False,True,sports_fees_v3,Draw,5237475,aut-gak-rbs-2026-10-10-halftime-result-draw
Austria Bundesliga,soccer_halftime_result,FC Salzburg leading at halftime?,0.48,0.5,0.49,0.020000000000000018,0.0,0.0,2182.6402,2026-10-10 15:00:00+00:00,2.2521026003009257,False,True,sports_fees_v3,FC Salzburg,5237477,aut-gak-rbs-2026-10-10-halftime-result-away
Austria Bundesliga,soccer_second_half_result,Grazer AK 1902 to win the second half?,0.1,0.24,0.16999999999999998,0.13999999999999999,0.0,0.0,6.86,2026-10-10 15:00:00+00:00,2.2521026003009257,False,True,sports_fees_v3,Grazer AK 1902,5237481,aut-gak-rbs-2026-10-10-second-half-result-home
Austria Bundesliga,soccer_second_half_result,Grazer AK 1902 vs. FC Salzburg: Second half draw?,0.22,0.37,0.295,0.15,0.0,0.0,7.8098,2026-10-10 15:00:00+00:00,2.2521026003009257,False,True,sports_fees_v3,Draw,5237482,aut-gak-rbs-2026-10-10-second-half-result-draw
Austria Bundesliga,soccer_second_half_result,FC Salzburg to win the second half?,0.46,0.61,0.535,0.14999999999999997,0.0,0.0,6.8098,2026-10-10 15:00:00+00:00,2.2521026003009257,False,True,sports_fees_v3,FC Salzburg,5237484,aut-gak-rbs-2026-10-10-second-half-result-away
Austria Bundesliga,soccer_exact_score,Exact Score: Grazer AK 1902 0 - 0 FC Salzburg?,0.02,0.09,0.055,0.06999999999999999,0.0,0.0,3120.7891,2026-10-10 15:00:00+00:00,2.2521026003009257,False,True,sports_fees_v3,Grazer AK 1902 0 - 0 FC Salzburg,5237488,aut-gak-rbs-2026-10-10-exact-score-0-0
Austria Bundesliga,soccer_exact_score,Exact Score: Grazer AK 1902 0 - 1 FC Salzburg?,0.06,0.12,0.09,0.06,0.0,0.0,3101.8532,2026-10-10 15:00:00+00:00,2.2521026003009257,False,True,sports_fees_v3,Grazer AK 1902 0 - 1 FC Salzburg,5237489,aut-gak-rbs-2026-10-10-exact-score-0-1
Austria Bundesliga,soccer_exact_score,Exact Score: Grazer AK 1902 1 - 0 FC Salzburg?,0.02,0.08,0.05,0.06,0.0,0.0,3240.0376,2026-10-10 15:00:00+00:00,2.2521026003009257,False,True,sports_fees_v3,Grazer AK 1902 1 - 0 FC Salzburg,5237490,aut-gak-rbs-2026-10-10-exact-score-1-0
Austria Bundesliga,soccer_exact_score,Exact Score: Grazer AK 1902 0 - 2 FC Salzburg?,0.06,0.12,0.09,0.06,0.0,0.0,3118.7373,2026-10-10 15:00:00+00:00,2.2521026003009257,False,True,sports_fees_v3,Grazer AK 1902 0 - 2 FC Salzburg,5237492,aut-gak-rbs-2026-10-10-exact-score-0-2
Austria Bundesliga,soccer_exact_score,Exact Score: Grazer AK 1902 1 - 1 FC Salzburg?,0.06,0.13,0.095,0.07,0.0,0.0,3119.1849,2026-10-10 15:00:00+00:00,2.2521026003009257,False,True,sports_fees_v3,Grazer AK 1902 1 - 1 FC Salzburg,5237493,aut-gak-rbs-2026-10-10-exact-score-1-1
Austria Bundesliga,soccer_exact_score,Exact Score: Grazer AK 1902 2 - 0 FC Salzburg?,0.013,0.066,0.0395,0.053000000000000005,0.0,0.0,3216.5646,2026-10-10 15:00:00+00:00,2.2521026003009257,False,True,sports_fees_v3,Grazer AK 1902 2 - 0 FC Salzburg,5237494,aut-gak-rbs-2026-10-10-exact-score-2-0
Austria Bundesliga,soccer_exact_score,Exact Score: Grazer AK 1902 0 - 3 FC Salzburg?,0.01,0.11,0.06,0.1,0.0,0.0,2148.1052,2026-10-10 15:00:00+00:00,2.2521026003009257,False,True,sports_fees_v3,Grazer AK 1902 0 - 3 FC Salzburg,5237495,aut-gak-rbs-2026-10-10-exact-score-0-3
Austria Bundesliga,soccer_exact_score,Exact Score: Grazer AK 1902 1 - 2 FC Salzburg?,0.07,0.14,0.10500000000000001,0.07,0.0,0.0,3124.8332,2026-10-10 15:00:00+00:00,2.2521026003009257,False,True,sports_fees_v3,Grazer AK 1902 1 - 2 FC Salzburg,5237496,aut-gak-rbs-2026-10-10-exact-score-1-2
Austria Bundesliga,soccer_exact_score,Exact Score: Grazer AK 1902 2 - 1 FC Salzburg?,0.03,0.08,0.055,0.05,0.0,0.0,3184.5582,2026-10-10 15:00:00+00:00,2.2521026003009257,False,True,sports_fees_v3,Grazer AK 1902 2 - 1 FC Salzburg,5237498,aut-gak-rbs-2026-10-10-exact-score-2-1
Austria Bundesliga,soccer_exact_score,Exact Score: Grazer AK 1902 3 - 0 FC Salzburg?,,0.498,,,0.0,9.9898,35.631,2026-10-10 15:00:00+00:00,2.2521026003009257,False,True,sports_fees_v3,Grazer AK 1902 3 - 0 FC Salzburg,5237499,aut-gak-rbs-2026-10-10-exact-score-3-0
Austria Bundesliga,soccer_exact_score,Exact Score: Grazer AK 1902 0 - 4 FC Salzburg?,0.002,0.086,0.044,0.08399999999999999,0.0,0.0,1973.10031,2026-10-10 15:00:00+00:00,2.2521026003009257,False,True,sports_fees_v3,Grazer AK 1902 0 - 4 FC Salzburg,5237500,aut-gak-rbs-2026-10-10-exact-score-0-4
Austria Bundesliga,soccer_exact_score,Exact Score: Grazer AK 1902 1 - 3 FC Salzburg?,0.01,0.11,0.06,0.1,0.0,0.0,2148.1039,2026-10-10 15:00:00+00:00,2.2521026003009257,False,True,sports_fees_v3,Grazer AK 1902 1 - 3 FC Salzburg,5237501,aut-gak-rbs-2026-10-10-exact-score-1-3
Austria Bundesliga,soccer_exact_score,Exact Score: Grazer AK 1902 2 - 2 FC Salzburg?,0.03,0.09,0.06,0.06,0.0,0.0,3192.7313,2026-10-10 15:00:00+00:00,2.2521026003009257,False,True,sports_fees_v3,Grazer AK 1902 2 - 2 FC Salzburg,5237502,aut-gak-rbs-2026-10-10-exact-score-2-2
Austria Bundesliga,soccer_exact_score,Exact Score: Grazer AK 1902 3 - 1 FC Salzburg?,0.002,0.062,0.032,0.06,0.0,0.0,2293.01243,2026-10-10 15:00:00+00:00,2.2521026003009257,False,True,sports_fees_v3,Grazer AK 1902 3 - 1 FC Salzburg,5237503,aut-gak-rbs-2026-10-10-exact-score-3-1
Austria Bundesliga,soccer_exact_score,Exact Score: Grazer AK 1902 4 - 0 FC Salzburg?,,0.497,,,0.0,9.9898,60.91905,2026-10-10 15:00:00+00:00,2.2521026003009257,False,True,sports_fees_v3,Grazer AK 1902 4 - 0 FC Salzburg,5237504,aut-gak-rbs-2026-10-10-exact-score-4-0
Austria Bundesliga,soccer_exact_score,Exact Score: Grazer AK 1902 0 - 5 FC Salzburg?,,0.71,,,0.0,0.0,111.2599,2026-10-10 15:00:00+00:00,2.2521026003009257,False,True,sports_fees_v3,Grazer AK 1902 0 - 5 FC Salzburg,5237505,aut-gak-rbs-2026-10-10-exact-score-0-5
Austria Bundesliga,soccer_exact_score,Exact Score: Grazer AK 1902 1 - 4 FC Salzburg?,0.01,0.09,0.049999999999999996,0.08,0.0,0.0,2144.7938,2026-10-10 15:00:00+00:00,2.2521026003009257,False,True,sports_fees_v3,Grazer AK 1902 1 - 4 FC Salzburg,5237506,aut-gak-rbs-2026-10-10-exact-score-1-4
Austria Bundesliga,soccer_exact_score,Exact Score: Grazer AK 1902 2 - 3 FC Salzburg?,0.002,0.083,0.0425,0.081,0.0,0.0,2289.43478,2026-10-10 15:00:00+00:00,2.2521026003009257,False,True,sports_fees_v3,Grazer AK 1902 2 - 3 FC Salzburg,5237507,aut-gak-rbs-2026-10-10-exact-score-2-3
Austria Bundesliga,soccer_exact_score,Exact Score: Grazer AK 1902 3 - 2 FC Salzburg?,0.002,0.064,0.033,0.062,0.0,0.0,2290.38026,2026-10-10 15:00:00+00:00,2.2521026003009257,False,True,sports_fees_v3,Grazer AK 1902 3 - 2 FC Salzburg,5237508,aut-gak-rbs-2026-10-10-exact-score-3-2
Austria Bundesliga,soccer_exact_score,Exact Score: Grazer AK 1902 4 - 1 FC Salzburg?,,0.559,,,0.0,9.9898,31.6944,2026-10-10 15:00:00+00:00,2.2521026003009257,False,True,sports_fees_v3,Grazer AK 1902 4 - 1 FC Salzburg,5237509,aut-gak-rbs-2026-10-10-exact-score-4-1
Austria Bundesliga,soccer_exact_score,Exact Score: Grazer AK 1902 5 - 0 FC Salzburg?,,0.6,,,0.0,9.9898,59.5185,2026-10-10 15:00:00+00:00,2.2521026003009257,False,True,sports_fees_v3,Grazer AK 1902 5 - 0 FC Salzburg,5237510,aut-gak-rbs-2026-10-10-exact-score-5-0
Austria Bundesliga,soccer_exact_score,Exact Score: Grazer AK 1902 1 - 5 FC Salzburg?,,0.75,,,0.0,0.0,46.3898,2026-10-10 15:00:00+00:00,2.2521026003009257,False,True,sports_fees_v3,Grazer AK 1902 1 - 5 FC Salzburg,5237512,aut-gak-rbs-2026-10-10-exact-score-1-5
Austria Bundesliga,soccer_exact_score,Exact Score: Grazer AK 1902 2 - 4 FC Salzburg?,0.002,0.066,0.034,0.064,0.0,0.0,1974.64303,2026-10-10 15:00:00+00:00,2.2521026003009257,False,True,sports_fees_v3,Grazer AK 1902 2 - 4 FC Salzburg,5237513,aut-gak-rbs-2026-10-10-exact-score-2-4
Betri deildin,total_corners,HB Torshavn vs. NSI Runavik: O/U 7.5 Total Corners,,1.0,,,0.0,0.0,0.0,2026-08-03 17:30:00+00:00,-65.64373073303241,False,False,sports_fees_v3,Total Corners: O/U 7.5,3264894,fro1-hb-nsi-2026-08-03-corners-total-7pt5
Betri deildin,total_corners,HB Torshavn vs. NSI Runavik: O/U 8.5 Total Corners,,1.0,,,0.0,0.0,0.0,2026-08-03 17:30:00+00:00,-65.64373073303241,False,False,sports_fees_v3,Total Corners: O/U 8.5,3264895,fro1-hb-nsi-2026-08-03-corners-total-8pt5
Betri deildin,total_corners,HB Torshavn vs. NSI Runavik: O/U 9.5 Total Corners,,1.0,,,0.0,0.0,0.0,2026-08-03 17:30:00+00:00,-65.64373073303241,False,False,sports_fees_v3,Total Corners: O/U 9.5,3264896,fro1-hb-nsi-2026-08-03-corners-total-9pt5
Betri deildin,total_corners,HB Torshavn vs. NSI Runavik: O/U 10.5 Total Corners,,1.0,,,0.0,0.0,0.0,2026-08-03 17:30:00+00:00,-65.64373073303241,False,False,sports_fees_v3,Total Corners: O/U 10.5,3264897,fro1-hb-nsi-2026-08-03-corners-total-10pt5
Betri deildin,total_corners,HB Torshavn vs. NSI Runavik: O/U 11.5 Total Corners,,1.0,,,0.0,0.0,0.0,2026-08-03 17:30:00+00:00,-65.64373073303241,False,False,sports_fees_v3,Total Corners: O/U 11.5,3264898,fro1-hb-nsi-2026-08-03-corners-total-11pt5
Betri deildin,total_corners,HB Torshavn vs. NSI Runavik: O/U 12.5 Total Corners,,1.0,,,0.0,0.0,0.0,2026-08-03 17:30:00+00:00,-65.64373073303241,False,False,sports_fees_v3,Total Corners: O/U 12.5,3264899,fro1-hb-nsi-2026-08-03-corners-total-12pt5
Betri deildin,total_corners,HB Torshavn vs. NSI Runavik: O/U 13.5 Total Corners,,1.0,,,0.0,0.0,0.0,2026-08-03 17:30:00+00:00,-65.64373073303241,False,False,sports_fees_v3,Total Corners: O/U 13.5,3264900,fro1-hb-nsi-2026-08-03-corners-total-13pt5
Betri deildin,soccer_first_half_total_corners,HB Torshavn vs. NSI Runavik: 1st Half O/U 3.5 Total Corners,,1.0,,,0.0,0.0,0.0,2026-08-03 17:30:00+00:00,-65.64373073303241,False,False,sports_fees_v3,1st Half Total Corners: O/U 3.5,3264901,fro1-hb-nsi-2026-08-03-corners-first-half-total-3pt5
Betri deildin,soccer_first_half_total_corners,HB Torshavn vs. NSI Runavik: 1st Half O/U 4.5 Total Corners,,1.0,,,0.0,0.0,0.0,2026-08-03 17:30:00+00:00,-65.64373073303241,False,False,sports_fees_v3,1st Half Total Corners: O/U 4.5,3264902,fro1-hb-nsi-2026-08-03-corners-first-half-total-4pt5
Betri deildin,soccer_first_half_total_corners,HB Torshavn vs. NSI Runavik: 1st Half O/U 5.5 Total Corners,,1.0,,,0.0,0.0,0.0,2026-08-03 17:30:00+00:00,-65.64373073303241,False,False,sports_fees_v3,1st Half Total Corners: O/U 5.5,3264903,fro1-hb-nsi-2026-08-03-corners-first-half-total-5pt5
Betri deildin,soccer_second_half_total_corners,HB Torshavn vs. NSI Runavik: 2nd Half O/U 3.5 Total Corners,,1.0,,,0.0,0.0,0.0,2026-08-03 17:30:00+00:00,-65.64373073303241,False,False,sports_fees_v3,2nd Half Total Corners: O/U 3.5,3264904,fro1-hb-nsi-2026-08-03-corners-second-half-total-3pt5
Betri deildin,soccer_second_half_total_corners,HB Torshavn vs. NSI Runavik: 2nd Half O/U 4.5 Total Corners,,1.0,,,0.0,0.0,0.0,2026-08-03 17:30:00+00:00,-65.64373073303241,False,False,sports_fees_v3,2nd Half Total Corners: O/U 4.5,3264905,fro1-hb-nsi-2026-08-03-corners-second-half-total-4pt5
Betri deildin,soccer_second_half_total_corners,HB Torshavn vs. NSI Runavik: 2nd Half O/U 5.5 Total Corners,,1.0,,,0.0,0.0,0.0,2026-08-03 17:30:00+00:00,-65.64373073303241,False,False,sports_fees_v3,2nd Half Total Corners: O/U 5.5,3264906,fro1-hb-nsi-2026-08-03-corners-second-half-total-5pt5
Betri deildin,soccer_team_total_corners,HB Torshavn vs. NSI Runavik: HB Torshavn O/U 2.5 Corners,,1.0,,,0.0,0.0,0.0,2026-08-03 17:30:00+00:00,-65.64373073303241,False,False,sports_fees_v3,HB Torshavn Corners: O/U 2.5,3264907,fro1-hb-nsi-2026-08-03-corners-team-home-2pt5
Betri deildin,soccer_team_total_corners,HB Torshavn vs. NSI Runavik: HB Torshavn O/U 3.5 Corners,,1.0,,,0.0,0.0,0.0,2026-08-03 17:30:00+00:00,-65.64373073303241,False,False,sports_fees_v3,HB Torshavn Corners: O/U 3.5,3264908,fro1-hb-nsi-2026-08-03-corners-team-home-3pt5
Betri deildin,soccer_team_total_corners,HB Torshavn vs. NSI Runavik: HB Torshavn O/U 4.5 Corners,,1.0,,,0.0,0.0,0.0,2026-08-03 17:30:00+00:00,-65.64373073303241,False,False,sports_fees_v3,HB Torshavn Corners: O/U 4.5,3264909,fro1-hb-nsi-2026-08-03-corners-team-home-4pt5
Betri deildin,soccer_team_total_corners,HB Torshavn vs. NSI Runavik: HB Torshavn O/U 5.5 Corners,,1.0,,,0.0,0.0,0.0,2026-08-03 17:30:00+00:00,-65.64373073303241,False,False,sports_fees_v3,HB Torshavn Corners: O/U 5.5,3264910,fro1-hb-nsi-2026-08-03-corners-team-home-5pt5
Betri deildin,soccer_team_total_corners,HB Torshavn vs. NSI Runavik: NSI Runavik O/U 2.5 Corners,,1.0,,,0.0,0.0,0.0,2026-08-03 17:30:00+00:00,-65.64373073303241,False,False,sports_fees_v3,NSI Runavik Corners: O/U 2.5,3264911,fro1-hb-nsi-2026-08-03-corners-team-away-2pt5
Betri deildin,soccer_team_total_corners,HB Torshavn vs. NSI Runavik: NSI Runavik O/U 3.5 Corners,,1.0,,,0.0,0.0,0.0,2026-08-03 17:30:00+00:00,-65.64373073303241,False,False,sports_fees_v3,NSI Runavik Corners: O/U 3.5,3264912,fro1-hb-nsi-2026-08-03-corners-team-away-3pt5
Betri deildin,soccer_team_total_corners,HB Torshavn vs. NSI Runavik: NSI Runavik O/U 4.5 Corners,,1.0,,,0.0,0.0,0.0,2026-08-03 17:30:00+00:00,-65.64373073303241,False,False,sports_fees_v3,NSI Runavik Corners: O/U 4.5,3264913,fro1-hb-nsi-2026-08-03-corners-team-away-4pt5
Betri deildin,soccer_team_total_corners,HB Torshavn vs. NSI Runavik: NSI Runavik O/U 5.5 Corners,,1.0,,,0.0,0.0,0.0,2026-08-03 17:30:00+00:00,-65.64373073303241,False,False,sports_fees_v3,NSI Runavik Corners: O/U 5.5,3264914,fro1-hb-nsi-2026-08-03-corners-team-away-5pt5
Betri deildin,soccer_game_corners_odd_even,HB Torshavn vs. NSI Runavik: Total Corners Odd or Even?,,1.0,,,0.0,0.0,0.0,2026-08-03 17:30:00+00:00,-65.64373073303241,False,False,sports_fees_v3,Total Corners: Odd or Even,3264915,fro1-hb-nsi-2026-08-03-corners-odd-even
Betri deildin,soccer_first_corner,HB Torshavn vs. NSI Runavik: Team to Take First Corner,,1.0,,,0.0,0.0,0.0,2026-08-03 17:30:00+00:00,-65.64373073303241,False,False,sports_fees_v3,Team to Take First Corner,3264916,fro1-hb-nsi-2026-08-03-first-corner
Betri deildin,,Will KÍ Klaksvík win the 2026 Betri deildin (Faroe Islands)?,0.02,0.98,0.5,0.96,0.0,0.0,3.0906,2027-01-01 04:59:00+00:00,84.83474148918981,False,True,sports_fees_v3,KÍ Klaksvík,3530164,2026-soccer-betri-deildin-faroe-islands-winner-k-klaksvk
Betri deildin,,Will HB win the 2026 Betri deildin (Faroe Islands)?,0.01,0.83,0.42,0.82,0.0,74.0,7.2309,2027-01-01 04:59:00+00:00,84.83474148918981,False,True,sports_fees_v3,HB,3530165,2026-soccer-betri-deildin-faroe-islands-winner-hb
Betri deildin,,Will NSÍ Runavík win the 2026 Betri deildin (Faroe Islands)?,0.02,0.98,0.5,0.96,0.0,0.0,3.0905,2027-01-01 04:59:00+00:00,84.83474148918981,False,True,sports_fees_v3,NSÍ Runavík,3530167,2026-soccer-betri-deildin-faroe-islands-winner-ns-runavk
Betri deildin,,Will KÍ Klaksvík be runner-up in the 2026 Betri deildin (Faroe Islands)?,0.02,0.98,0.5,0.96,0.0,0.0,2.2002,2027-01-01 04:59:00+00:00,84.83474148918981,False,True,sports_fees_v3,KÍ Klaksvík,3544659,2026-soccer-betri-deildin-faroe-islands-runner-up-k-klaksvk
Betri deildin,,Will HB be runner-up in the 2026 Betri deildin (Faroe Islands)?,0.02,0.98,0.5,0.96,0.0,0.0,3.3248,2027-01-01 04:59:00+00:00,84.83474148918981,False,True,sports_fees_v3,HB,3544660,2026-soccer-betri-deildin-faroe-islands-runner-up-hb
Betri deildin,,Will B36 Tórshavn be runner-up in the 2026 Betri deildin (Faroe Islands)?,0.02,0.93,0.47500000000000003,0.91,0.0,0.0,6.6065,2027-01-01 04:59:00+00:00,84.83474148918981,False,True,sports_fees_v3,B36 Tórshavn,3544661,2026-soccer-betri-deildin-faroe-islands-runner-up-b36-trshavn
Betri deildin,,Will NSÍ Runavík be runner-up in the 2026 Betri deildin (Faroe Islands)?,0.02,0.98,0.5,0.96,0.0,0.0,2.8814,2027-01-01 04:59:00+00:00,84.83474148918981,False,True,sports_fees_v3,NSÍ Runavík,3544662,2026-soccer-betri-deildin-faroe-islands-runner-up-ns-runavk
Betri deildin,,Will Víkingur Gøta be runner-up in the 2026 Betri deildin (Faroe Islands)?,0.02,0.98,0.5,0.96,0.0,0.0,3.3245,2027-01-01 04:59:00+00:00,84.83474148918981,False,True,sports_fees_v3,Víkingur Gøta,3544664,2026-soccer-betri-deildin-faroe-islands-runner-up-vkingur-gta
Betri deildin,,Will KÍ Klaksvík be relegated from the 2026 Betri deildin (Faroe Islands)?,0.001,0.007,0.004,0.006,0.0,2049.757458,803.67347,2027-01-01 04:59:00+00:00,84.83474148918981,False,False,sports_fees_v3,KÍ Klaksvík,3913500,will-ki-klaksvik-be-relegated-from-betri-deildin-faroe-islands-2026
Betri deildin,,Will HB be relegated from the 2026 Betri deildin (Faroe Islands)?,0.001,0.005,0.003,0.004,0.0,832.7989329999999,81.97674,2027-01-01 04:59:00+00:00,84.83474148918981,False,False,sports_fees_v3,HB,3913502,will-hb-be-relegated-from-betri-deildin-faroe-islands-2026
Betri deildin,,Will B36 Tórshavn be relegated from the 2026 Betri deildin (Faroe Islands)?,0.001,0.05,0.025500000000000002,0.049,0.0,223.0,173.69098,2027-01-01 04:59:00+00:00,84.83474148918981,False,False,sports_fees_v3,B36 Tórshavn,3913504,will-b36-torshavn-be-relegated-from-betri-deildin-faroe-islands-2026
Betri deildin,,Will NSÍ Runavík be relegated from the 2026 Betri deildin (Faroe Islands)?,0.01,0.05,0.030000000000000002,0.04,0.0,40.0,972.29097,2027-01-01 04:59:00+00:00,84.83474148918981,False,False,sports_fees_v3,NSÍ Runavík,3913506,will-nsi-runavik-be-relegated-from-betri-deildin-faroe-islands-2026
Betri deildin,,Will EB/Streymur be relegated from the 2026 Betri deildin (Faroe Islands)?,0.203,0.266,0.23450000000000001,0.063,0.0,66.342602,199.57628,2027-01-01 04:59:00+00:00,84.83474148918981,False,False,sports_fees_v3,EB/Streymur,3913507,will-eb-streymur-be-relegated-from-betri-deildin-faroe-islands-2026
Betri deildin,,Will Víkingur Gøta be relegated from the 2026 Betri deildin (Faroe Islands)?,0.002,0.047,0.0245,0.045,0.0,304.0,127.32998,2027-01-01 04:59:00+00:00,84.83474148918981,False,False,sports_fees_v3,Víkingur Gøta,3913508,will-vikingur-g-ta-be-relegated-from-betri-deildin-faroe-islands-2026
Betri deildin,,Will AB be relegated from the 2026 Betri deildin (Faroe Islands)?,0.01,0.451,0.2305,0.441,0.0,60.0,14.56825,2027-01-01 04:59:00+00:00,84.83474148918981,False,False,sports_fees_v3,AB,3913509,will-ab-be-relegated-from-betri-deildin-faroe-islands-2026
Betri deildin,,Will Skála ÍF be relegated from the 2026 Betri deildin (Faroe Islands)?,0.4,0.41,0.405,0.009999999999999953,0.0,40.0,400.6638,2027-01-01 04:59:00+00:00,84.83474148918981,False,False,sports_fees_v3,Skála ÍF,3913510,will-skala-if-be-relegated-from-betri-deildin-faroe-islands-2026
Betri deildin,,Will B68 Toftir be relegated from the 2026 Betri deildin (Faroe Islands)?,0.74,0.96,0.85,0.21999999999999997,0.0,140.0,29.5739,2027-01-01 04:59:00+00:00,84.83474148918981,False,False,sports_fees_v3,B68 Toftir,3913511,will-b68-toftir-be-relegated-from-betri-deildin-faroe-islands-2026
Betri deildin,,Will 07 Vestur be relegated from the 2026 Betri deildin (Faroe Islands)?,0.55,0.62,0.585,0.06999999999999995,0.0,293.65,21.9339,2027-01-01 04:59:00+00:00,84.83474148918981,False,False,sports_fees_v3,07 Vestur,3913512,will-07-vestur-be-relegated-from-betri-deildin-faroe-islands-2026
Betri deildin,,Will B36 Tórshavn finish 8th in the 2026 Betri deildin (Faroe Islands)?,0.02,0.92,0.47000000000000003,0.9,0.0,0.0,7.894,2027-01-01 04:59:00+00:00,84.83474148918981,False,True,sports_fees_v3,B36 Tórshavn,3913803,will-b36-torshavn-finish-8th-in-betri-deildin-faroe-islands-2026
Betri deildin,,Will EB/Streymur finish 8th in the 2026 Betri deildin (Faroe Islands)?,0.02,0.96,0.49,0.94,0.0,0.0,2.9315,2027-01-01 04:59:00+00:00,84.83474148918981,False,True,sports_fees_v3,EB/Streymur,3913807,will-eb-streymur-finish-8th-in-betri-deildin-faroe-islands-2026
Betri deildin,,Will Víkingur Gøta finish 8th in the 2026 Betri deildin (Faroe Islands)?,0.04,0.94,0.49,0.8999999999999999,0.0,0.0,8.9131,2027-01-01 04:59:00+00:00,84.83474148918981,False,True,sports_fees_v3,Víkingur Gøta,3913809,will-vikingur-g-ta-finish-8th-in-betri-deildin-faroe-islands-2026
Betri deildin,,Will AB finish 8th in the 2026 Betri deildin (Faroe Islands)?,0.04,0.98,0.51,0.94,0.0,0.0,3.9315,2027-01-01 04:59:00+00:00,84.83474148918981,False,True,sports_fees_v3,AB,3913811,will-ab-finish-8th-in-betri-deildin-faroe-islands-2026
Betri deildin,,Will Skála ÍF finish 8th in the 2026 Betri deildin (Faroe Islands)?,0.03,0.96,0.495,0.9299999999999999,0.0,0.0,3.9316,2027-01-01 04:59:00+00:00,84.83474148918981,False,True,sports_fees_v3,Skála ÍF,3913813,will-skala-if-finish-8th-in-betri-deildin-faroe-islands-2026
Betri deildin,,Will B68 Toftir finish 8th in the 2026 Betri deildin (Faroe Islands)?,0.02,0.88,0.45,0.86,0.0,0.0,4.8256,2027-01-01 04:59:00+00:00,84.83474148918981,False,True,sports_fees_v3,B68 Toftir,3913815,will-b68-toftir-finish-8th-in-betri-deildin-faroe-islands-2026
Betri deildin,,Will 07 Vestur finish 8th in the 2026 Betri deildin (Faroe Islands)?,0.03,0.97,0.5,0.94,0.0,0.0,5.6716,2027-01-01 04:59:00+00:00,84.83474148918981,False,True,sports_fees_v3,07 Vestur,3913817,will-07-vestur-finish-8th-in-betri-deildin-faroe-islands-2026
Betri deildin,,Will KÍ Klaksvík finish 3rd in the 2026 Betri deildin (Faroe Islands)?,0.03,0.97,0.5,0.94,0.0,0.0,5.4644,2027-01-01 04:59:00+00:00,84.83474148918981,False,True,sports_fees_v3,KÍ Klaksvík,3913989,will-ki-klaksvik-finish-3rd-in-betri-deildin-faroe-islands-2026
Betri deildin,,Will HB finish 3rd in the 2026 Betri deildin (Faroe Islands)?,0.02,0.98,0.5,0.96,0.0,0.0,3.3816,2027-01-01 04:59:00+00:00,84.83474148918981,False,True,sports_fees_v3,HB,3913991,will-hb-finish-3rd-in-betri-deildin-faroe-islands-2026
Betri deildin,,Will B36 Tórshavn finish 3rd in the 2026 Betri deildin (Faroe Islands)?,0.02,0.98,0.5,0.96,0.0,0.0,2.9648,2027-01-01 04:59:00+00:00,84.83474148918981,False,True,sports_fees_v3,B36 Tórshavn,3913993,will-b36-torshavn-finish-3rd-in-betri-deildin-faroe-islands-2026
Betri deildin,,Will NSÍ Runavík finish 3rd in the 2026 Betri deildin (Faroe Islands)?,0.02,0.97,0.495,0.95,0.0,0.0,2.9661,2027-01-01 04:59:00+00:00,84.83474148918981,False,True,sports_fees_v3,NSÍ Runavík,3913995,will-nsi-runavik-finish-3rd-in-betri-deildin-faroe-islands-2026
Betri deildin,,Will Víkingur Gøta finish 3rd in the 2026 Betri deildin (Faroe Islands)?,0.02,0.9,0.46,0.88,0.0,0.0,6.2044,2027-01-01 04:59:00+00:00,84.83474148918981,False,True,sports_fees_v3,Víkingur Gøta,3913999,will-vikingur-g-ta-finish-3rd-in-betri-deildin-faroe-islands-2026
Betri deildin,,Will KÍ Klaksvík keep the most clean sheets in the 2026 Betri deildin (Faroe Isl,0.04,0.98,0.51,0.94,0.0,0.0,3.9848,2027-01-01 04:59:00+00:00,84.83474148918981,False,True,sports_fees_v3,KÍ Klaksvík,3914316,will-ki-klaksvik-keep-the-most-clean-sheets-in-betri-deildin-faroe-islands-2026
Betri deildin,,Will HB keep the most clean sheets in the 2026 Betri deildin (Faroe Islands)?,0.03,0.98,0.505,0.95,0.0,0.0,4.0247,2027-01-01 04:59:00+00:00,84.83474148918981,False,True,sports_fees_v3,HB,3914318,will-hb-keep-the-most-clean-sheets-in-betri-deildin-faroe-islands-2026
Betri deildin,,Will B36 Tórshavn keep the most clean sheets in the 2026 Betri deildin (Faroe Is,0.02,0.98,0.5,0.96,0.0,0.0,2.9847,2027-01-01 04:59:00+00:00,84.83474148918981,False,True,sports_fees_v3,B36 Tórshavn,3914320,will-b36-torshavn-keep-the-most-clean-sheets-in-betri-deildin-faroe-islands-2026
Betri deildin,,Will NSÍ Runavík keep the most clean sheets in the 2026 Betri deildin (Faroe Isl,0.02,0.98,0.5,0.96,0.0,0.0,2.8846,2027-01-01 04:59:00+00:00,84.83474148918981,False,True,sports_fees_v3,NSÍ Runavík,3914322,will-nsi-runavik-keep-the-most-clean-sheets-in-betri-deildin-faroe-islands-2026
Betri deildin,,Will EB/Streymur keep the most clean sheets in the 2026 Betri deildin (Faroe Isl,0.03,0.98,0.505,0.95,0.0,0.0,3.8844,2027-01-01 04:59:00+00:00,84.83474148918981,False,True,sports_fees_v3,EB/Streymur,3914324,will-eb-streymur-keep-the-most-clean-sheets-in-betri-deildin-faroe-islands-2026
Betri deildin,,Will Víkingur Gøta keep the most clean sheets in the 2026 Betri deildin (Faroe I,0.02,0.98,0.5,0.96,0.0,0.0,2.5123,2027-01-01 04:59:00+00:00,84.83474148918981,False,True,sports_fees_v3,Víkingur Gøta,3914326,will-vikingur-g-ta-keep-the-most-clean-sheets-in-betri-deildin-faroe-islands-2026
Betri deildin,,Will AB keep the most clean sheets in the 2026 Betri deildin (Faroe Islands)?,0.02,0.98,0.5,0.96,0.0,0.0,2.9848,2027-01-01 04:59:00+00:00,84.83474148918981,False,True,sports_fees_v3,AB,3914328,will-ab-keep-the-most-clean-sheets-in-betri-deildin-faroe-islands-2026
Betri deildin,,Will Skála ÍF keep the most clean sheets in the 2026 Betri deildin (Faroe Island,0.03,0.98,0.505,0.95,0.0,0.0,3.9946,2027-01-01 04:59:00+00:00,84.83474148918981,False,True,sports_fees_v3,Skála ÍF,3914330,will-skala-if-keep-the-most-clean-sheets-in-betri-deildin-faroe-islands-2026
Betri deildin,,Will B68 Toftir keep the most clean sheets in the 2026 Betri deildin (Faroe Isla,0.02,0.98,0.5,0.96,0.0,0.0,2.8848,2027-01-01 04:59:00+00:00,84.83474148918981,False,True,sports_fees_v3,B68 Toftir,3914332,will-b68-toftir-keep-the-most-clean-sheets-in-betri-deildin-faroe-islands-2026
Betri deildin,,Will 07 Vestur keep the most clean sheets in the 2026 Betri deildin (Faroe Islan,0.02,0.98,0.5,0.96,0.0,0.0,2.9948,2027-01-01 04:59:00+00:00,84.83474148918981,False,True,sports_fees_v3,07 Vestur,3914335,will-07-vestur-keep-the-most-clean-sheets-in-betri-deildin-faroe-islands-2026
College Football,,Mike Locksley out as Maryland HC in 2026?,0.114,0.928,0.521,0.8140000000000001,60.0,2589.871328,44.11774,2027-01-01 04:59:00+00:00,84.83474148918981,False,False,sports_fees_v2,,1335148,mike-locksley-out-as-maryland-hc-in-2026
College Football,,Will Ohio State Buckeyes win the 2027 CFP National Championship?,0.13,0.14,0.135,0.010000000000000009,0.0,41047.80442499998,155776.9994,2027-01-26 00:00:00+00:00,109.62710260030093,False,True,sports_fees_v2,Ohio State Buckeyes,1919736,will-ohio-state-buckeyes-win-the-2027-cfp-national-championship
College Football,,Will Notre Dame Fighting Irish win the 2027 CFP National Championship?,0.11,0.12,0.11499999999999999,0.009999999999999995,0.0,46240.211949,145177.6431,2027-01-26 00:00:00+00:00,109.62710260030093,False,True,sports_fees_v2,Notre Dame Fighting Irish,1919737,will-notre-dame-fighting-irish-win-the-2027-cfp-national-championship
College Football,,Will Texas Longhorns win the 2027 CFP National Championship?,0.15,0.16,0.155,0.010000000000000009,0.0,82430.87757000003,288179.6934,2027-01-26 00:00:00+00:00,109.62710260030093,False,True,sports_fees_v2,Texas Longhorns,1919738,will-texas-longhorns-win-the-2027-cfp-national-championship
College Football,,Will Indiana Hoosiers win the 2027 CFP National Championship?,0.075,0.088,0.08149999999999999,0.012999999999999998,0.0,45606.60194,64291.19828,2027-01-26 00:00:00+00:00,109.62710260030093,False,True,sports_fees_v2,Indiana Hoosiers,1919739,will-indiana-hoosiers-win-the-2027-cfp-national-championship
College Football,,Will Oregon Ducks win the 2027 CFP National Championship?,0.047,0.048,0.0475,0.0010000000000000009,0.0,59351.78717899999,10390.37992,2027-01-26 00:00:00+00:00,109.62710260030093,False,True,sports_fees_v2,Oregon Ducks,1919740,will-oregon-ducks-win-the-2027-cfp-national-championship
College Football,,Will Georgia Bulldogs win the 2027 CFP National Championship?,0.158,0.159,0.1585,0.0010000000000000009,213.561928,81078.068957,195991.72062,2027-01-26 00:00:00+00:00,109.62710260030093,False,True,sports_fees_v2,Georgia Bulldogs,1919741,will-georgia-bulldogs-win-the-2027-cfp-national-championship
College Football,,Will Miami Hurricanes win the 2027 CFP National Championship?,0.124,0.135,0.1295,0.01100000000000001,7.24,62592.95203199999,299099.7987,2027-01-26 00:00:00+00:00,109.62710260030093,False,True,sports_fees_v2,Miami Hurricanes,1919742,will-miami-hurricanes-win-the-2027-cfp-national-championship
College Football,,Will LSU Tigers win the 2027 CFP National Championship?,0.049,0.057,0.053000000000000005,0.008,0.0,56673.626478,14451.68021,2027-01-26 00:00:00+00:00,109.62710260030093,False,True,sports_fees_v2,LSU Tigers,1919743,will-lsu-tigers-win-the-2027-cfp-national-championship
College Football,,Will Texas Tech Red Raiders win the 2027 CFP National Championship?,0.004,0.007,0.0055,0.003,3340.4,34146.763726,13211.88212,2027-01-26 00:00:00+00:00,109.62710260030093,False,True,sports_fees_v2,Texas Tech Red Raiders,1919744,will-texas-tech-red-raiders-win-the-2027-cfp-national-championship
College Football,,Will Texas A&M Aggies win the 2027 CFP National Championship?,0.004,0.005,0.0045000000000000005,0.001,10.0,47581.42331800001,29285.39937,2027-01-26 00:00:00+00:00,109.62710260030093,False,True,sports_fees_v2,Texas A&M Aggies,1919745,will-texas-am-aggies-win-the-2027-cfp-national-championship
College Football,,Will Alabama Crimson Tide win the 2027 CFP National Championship?,0.077,0.078,0.0775,0.0010000000000000009,84.44,44151.422234,61175.80578,2027-01-26 00:00:00+00:00,109.62710260030093,False,True,sports_fees_v2,Alabama Crimson Tide,1919746,will-alabama-crimson-tide-win-the-2027-cfp-national-championship
College Football,,Will Mississippi Rebels win the 2027 CFP National Championship?,0.008,0.016,0.012,0.008,0.0,43230.203429,11886.52832,2027-01-26 00:00:00+00:00,109.62710260030093,False,True,sports_fees_v2,Mississippi Rebels,1919747,will-mississippi-rebels-win-the-2027-cfp-national-championship
College Football,,Will Oklahoma Sooners win the 2027 CFP National Championship?,0.004,0.005,0.0045000000000000005,0.001,10.0,50536.10431999999,25258.3762,2027-01-26 00:00:00+00:00,109.62710260030093,False,True,sports_fees_v2,Oklahoma Sooners,1919748,will-oklahoma-sooners-win-the-2027-cfp-national-championship
College Football,,Will Michigan Wolverines win the 2027 CFP National Championship?,0.004,0.005,0.0045000000000000005,0.001,10.0,50531.66840399999,28045.84799,2027-01-26 00:00:00+00:00,109.62710260030093,False,True,sports_fees_v2,Michigan Wolverines,1919749,will-michigan-wolverines-win-the-2027-cfp-national-championship
College Football,,Will USC Trojans win the 2027 CFP National Championship?,0.006,0.007,0.006500000000000001,0.001,0.0,32704.168918999996,11391.44184,2027-01-26 00:00:00+00:00,109.62710260030093,False,True,sports_fees_v2,USC Trojans,1919750,will-usc-trojans-win-the-2027-cfp-national-championship
College Football,,Will Florida Gators win the 2027 CFP National Championship?,0.014,0.033,0.0235,0.019000000000000003,791.47,85516.913237,9641.02082,2027-01-26 00:00:00+00:00,109.62710260030093,False,True,sports_fees_v2,Florida Gators,1919751,will-florida-gators-win-the-2027-cfp-national-championship
College Football,,Will Army Black Knights Win the 2026 American Conference?,0.036,0.107,0.0715,0.07100000000000001,0.0,9141.454264999998,625.88669,2026-12-20 04:59:00+00:00,72.83474148918981,False,True,sports_fees_v3,Army Black Knights,3247966,will-army-black-knights-win-the-2026-american-conference-20260731201100089
College Football,,Will Charlotte 49ers Win the 2026 American Conference?,0.006,0.062,0.034,0.056,0.0,200.0,577.18697,2026-12-20 04:59:00+00:00,72.83474148918981,False,True,sports_fees_v3,Charlotte 49ers,3247967,will-charlotte-49ers-win-the-2026-american-conference-20260731201100090
College Football,,Will East Carolina Pirates Win the 2026 American Conference?,0.002,0.059,0.0305,0.056999999999999995,0.0,246.0,223.90455,2026-12-20 04:59:00+00:00,72.83474148918981,False,True,sports_fees_v3,East Carolina Pirates,3247968,will-east-carolina-pirates-win-the-2026-american-conference-20260731201100091
College Football,,Will Florida Atlantic Owls Win the 2026 American Conference?,0.079,0.125,0.10200000000000001,0.046,0.0,113.955741,252.42997,2026-12-20 04:59:00+00:00,72.83474148918981,False,True,sports_fees_v3,Florida Atlantic Owls,3247969,will-florida-atlantic-owls-win-the-2026-american-conference-20260731201100092
College Football,,Will Memphis Tigers Win the 2026 American Conference?,0.28,0.29,0.28500000000000003,0.009999999999999953,0.0,1470.5692119999999,4744.6797,2026-12-20 04:59:00+00:00,72.83474148918981,False,True,sports_fees_v3,Memphis Tigers,3247970,will-memphis-tigers-win-the-2026-american-conference-20260731201100093
College Football,,Will Navy Midshipmen Win the 2026 American Conference?,0.005,0.069,0.037000000000000005,0.064,0.0,363.54266599999994,422.67249,2026-12-20 04:59:00+00:00,72.83474148918981,False,True,sports_fees_v3,Navy Midshipmen,3247971,will-navy-midshipmen-win-the-2026-american-conference-20260731201100094
College Football,,Will North Texas Mean Green Win the 2026 American Conference?,0.156,0.207,0.1815,0.05099999999999999,0.0,206.90795,643.24987,2026-12-20 04:59:00+00:00,72.83474148918981,False,True,sports_fees_v3,North Texas Mean Green,3247972,will-north-texas-mean-green-win-the-2026-american-conference-20260731201100095
College Football,,Will Rice Owls Win the 2026 American Conference?,0.008,0.044,0.026,0.036,0.0,80.041738,231.1282,2026-12-20 04:59:00+00:00,72.83474148918981,False,True,sports_fees_v3,Rice Owls,3247973,will-rice-owls-win-the-2026-american-conference-20260731201100096
College Football,,Will South Florida Bulls Win the 2026 American Conference?,0.01,0.07,0.04,0.060000000000000005,2.0,3061.384476,463.91,2026-12-20 04:59:00+00:00,72.83474148918981,False,True,sports_fees_v3,South Florida Bulls,3247974,will-south-florida-bulls-win-the-2026-american-conference-20260731201100097
College Football,,Will Temple Owls Win the 2026 American Conference?,0.007,0.065,0.036000000000000004,0.058,0.0,119.004328,131.33523,,,False,True,sports_fees_v3,Temple Owls,3247975,will-temple-owls-win-the-2026-american-conference-20260731201100098
College Football,,Will Tulane Green Wave Win the 2026 American Conference?,0.03,0.11,0.07,0.08,0.0,48.0,264.714,,,False,True,sports_fees_v3,Tulane Green Wave,3247976,will-tulane-green-wave-win-the-2026-american-conference-20260731201100099
College Football,,Will Tulsa Golden Hurricane Win the 2026 American Conference?,0.007,0.163,0.085,0.156,0.0,10.0,198.93665,,,False,True,sports_fees_v3,Tulsa Golden Hurricane,3247977,will-tulsa-golden-hurricane-win-the-2026-american-conference-20260731201100100
College Football,,Will UAB Blazers Win the 2026 American Conference?,0.009,0.069,0.039,0.060000000000000005,0.0,40.18788,365.54892,,,False,True,sports_fees_v3,UAB Blazers,3247978,will-uab-blazers-win-the-2026-american-conference-20260731201100101
College Football,,Will UTSA Roadrunners Win the 2026 American Conference?,0.22,0.24,0.22999999999999998,0.01999999999999999,0.0,394.51108899999997,1351.7411,,,False,True,sports_fees_v3,UTSA Roadrunners,3247979,will-utsa-roadrunners-win-the-2026-american-conference-20260731201100102
College Football,,Will CJ Carr win the 2026 Heisman Trophy?,0.067,0.112,0.0895,0.045,0.0,826.866994,1156.32252,2026-12-27 04:59:00+00:00,79.83474148918981,False,True,sports_fees_v3,CJ Carr,3249714,will-cj-carr-win-the-2026-heisman-trophy-20260731185756299
College Football,,Will Arch Manning win the 2026 Heisman Trophy?,0.033,0.063,0.048,0.03,0.0,1373.155887,554.14653,,,False,True,sports_fees_v3,Arch Manning,3249715,will-arch-manning-win-the-2026-heisman-trophy-20260731185756300
College Football,,Will Darian Mensah win the 2026 Heisman Trophy?,0.1,0.14,0.12000000000000001,0.04000000000000001,0.0,4854.841722000001,1708.2451,2026-12-27 04:59:00+00:00,79.83474148918981,False,True,sports_fees_v3,Darian Mensah,3249716,will-darian-mensah-win-the-2026-heisman-trophy-20260731185756301
College Football,,Will Julian Sayin win the 2026 Heisman Trophy?,0.006,0.092,0.049,0.086,0.0,1274.155704,521.99983,2026-12-27 04:59:00+00:00,79.83474148918981,False,True,sports_fees_v3,Julian Sayin,3249717,will-julian-sayin-win-the-2026-heisman-trophy-20260731185756302
College Football,,Will Trinidad Chambliss win the 2026 Heisman Trophy?,0.001,0.061,0.031,0.06,0.0,3300.0197540000004,741.18066,2026-12-27 04:59:00+00:00,79.83474148918981,False,True,sports_fees_v3,Trinidad Chambliss,3249718,will-trinidad-chambliss-win-the-2026-heisman-trophy-20260731185756303
College Football,,Will Dante Moore win the 2026 Heisman Trophy?,0.006,0.068,0.037000000000000005,0.062000000000000006,0.0,19212.844526999997,525.64378,2026-12-27 04:59:00+00:00,79.83474148918981,False,True,sports_fees_v3,Dante Moore,3249719,will-dante-moore-win-the-2026-heisman-trophy-20260731185756304
College Football,,Will Josh Hoover win the 2026 Heisman Trophy?,0.002,0.041,0.021500000000000002,0.039,0.0,246.89999999999998,621.28398,2026-12-27 04:59:00+00:00,79.83474148918981,False,True,sports_fees_v3,Josh Hoover,3249720,will-josh-hoover-win-the-2026-heisman-trophy-20260731185756305
College Football,,Will John Mateer win the 2026 Heisman Trophy?,0.002,0.019,0.010499999999999999,0.017,0.0,412.5,807.07375,2026-12-27 04:59:00+00:00,79.83474148918981,False,True,sports_fees_v3,John Mateer,3249721,will-john-mateer-win-the-2026-heisman-trophy-20260731185756306
College Football,,Will Jeremiah Smith win the 2026 Heisman Trophy?,0.49,0.5,0.495,0.010000000000000009,96.0,3466.0004160000003,953.1354,,,False,True,sports_fees_v3,Jeremiah Smith,3249722,will-jeremiah-smith-win-the-2026-heisman-trophy-20260731185756307
College Football,,Will Marcel Reed win the 2026 Heisman Trophy?,0.002,0.085,0.043500000000000004,0.083,0.0,189.608731,549.71768,2026-12-27 04:59:00+00:00,79.83474148918981,False,True,sports_fees_v3,Marcel Reed,3249723,will-marcel-reed-win-the-2026-heisman-trophy-20260731185756308
College Football,,Will Gunner Stockton win the 2026 Heisman Trophy?,0.003,0.068,0.035500000000000004,0.065,0.0,324.52605,861.6697,2026-12-27 04:59:00+00:00,79.83474148918981,False,True,sports_fees_v3,Gunner Stockton,3249724,will-gunner-stockton-win-the-2026-heisman-trophy-20260731185756309
College Football,,Will Jayden Maiava win the 2026 Heisman Trophy?,0.002,0.068,0.035,0.066,0.0,722.719555,962.804,,,False,True,sports_fees_v3,Jayden Maiava,3249725,will-jayden-maiava-win-the-2026-heisman-trophy-20260731185756310
College Football,,Will Sam Leavitt win the 2026 Heisman Trophy?,0.013,0.056,0.0345,0.043000000000000003,0.0,2339.552291,396.31184,,,False,True,sports_fees_v3,Sam Leavitt,3249726,will-sam-leavitt-win-the-2026-heisman-trophy-20260731185756311
College Football,,Will Keelon Russell win the 2026 Heisman Trophy?,0.072,0.128,0.1,0.05600000000000001,0.0,1271.005239,1332.81883,,,False,True,sports_fees_v3,Keelon Russell,3249727,will-keelon-russell-win-the-2026-heisman-trophy-20260731185756312
College Football,,Will Malachi Toney win the 2026 Heisman Trophy?,0.028,0.074,0.051,0.046,0.0,1325.1655580000001,466.7275,,,False,True,sports_fees_v3,Malachi Toney,3249728,will-malachi-toney-win-the-2026-heisman-trophy-20260731185756313
College Football,,Will Byrum Brown win the 2026 Heisman Trophy?,0.001,0.002,0.0015,0.001,0.0,622.0,839.4885,,,False,True,sports_fees_v3,Byrum Brown,3249729,will-byrum-brown-win-the-2026-heisman-trophy-20260731185756314
College Football,,Will Bryce Underwood win the 2026 Heisman Trophy?,,0.01,,,0.0,2107.0,5661.4319,,,False,True,sports_fees_v3,Bryce Underwood,3249730,will-bryce-underwood-win-the-2026-heisman-trophy-20260731185756315
College Football,,Will Drew Mestemaker win the 2026 Heisman Trophy?,0.003,0.109,0.056,0.106,0.0,102.0,1019.46124,,,False,True,sports_fees_v3,Drew Mestemaker,3249731,will-drew-mestemaker-win-the-2026-heisman-trophy-20260731185756316
College Football,,Will Demond Williams Jr. win the 2026 Heisman Trophy?,0.001,0.002,0.0015,0.001,0.0,282.0,536.63116,,,False,True,sports_fees_v3,Demond Williams Jr.,3249732,will-demond-williams-jrpt-win-the-2026-heisman-trophy-20260731185756317
College Football,,Will Jaron-Keawe Sagapolutele win the 2026 Heisman Trophy?,,0.001,,,0.0,847.338354,803.69471,,,False,True,sports_fees_v3,Jaron-Keawe Sagapolutele,3249733,will-jaron-keawe-sagapolutele-win-the-2026-heisman-trophy-20260731185756318
College Football,,Will Kevin Jennings win the 2026 Heisman Trophy?,0.003,0.138,0.07050000000000001,0.135,0.0,926.19,617.19254,,,False,True,sports_fees_v3,Kevin Jennings,3249734,will-kevin-jennings-win-the-2026-heisman-trophy-20260731185756319
College Football,,Will LaNorris Sellers win the 2026 Heisman Trophy?,0.005,0.073,0.039,0.06799999999999999,0.0,180.28805599999998,490.60987,,,False,True,sports_fees_v3,LaNorris Sellers,3249735,will-lanorris-sellers-win-the-2026-heisman-trophy-20260731185756320
College Football,,Will Rocco Becht win the 2026 Heisman Trophy?,0.003,0.137,0.07,0.134,0.0,198.078195,994.15052,,,False,True,sports_fees_v3,Rocco Becht,3249736,will-rocco-becht-win-the-2026-heisman-trophy-20260731185756321
College Football,,Will Will Hammond win the 2026 Heisman Trophy?,0.003,0.131,0.067,0.128,0.0,185.044974,718.96024,,,False,True,sports_fees_v3,Will Hammond,3249737,will-will-hammond-win-the-2026-heisman-trophy-20260731185756322
College Football,,Will Ahmad Hardy win the 2026 Heisman Trophy?,0.003,0.157,0.08,0.154,0.0,62.0,697.95763,,,False,True,sports_fees_v3,Ahmad Hardy,3249738,will-ahmad-hardy-win-the-2026-heisman-trophy-20260731185756323
College Football,,Will Austin Mack win the 2026 Heisman Trophy?,0.003,0.081,0.042,0.078,0.0,315.589222,605.66659,,,False,True,sports_fees_v3,Austin Mack,3249739,will-austin-mack-win-the-2026-heisman-trophy-20260731185756324
College Football,,Will Bo Jackson win the 2026 Heisman Trophy?,0.003,0.1,0.051500000000000004,0.097,0.0,124.06049999999999,556.12519,,,False,True,sports_fees_v3,Bo Jackson,3249740,will-bo-jackson-win-the-2026-heisman-trophy-20260731185756325
College Football,,Will Brendan Sorsby win the 2026 Heisman Trophy?,0.071,0.137,0.10400000000000001,0.06600000000000002,0.0,283.0,691.70589,,,False,True,sports_fees_v3,Brendan Sorsby,3249741,will-brendan-sorsby-win-the-2026-heisman-trophy-20260731185756326
College Football,,Will Kewan Lacy win the 2026 Heisman Trophy?,0.003,0.146,0.0745,0.143,0.0,399.516457,498.38411,,,False,True,sports_fees_v3,Kewan Lacy,3249742,will-kewan-lacy-win-the-2026-heisman-trophy-20260731185756327
College Football,,Will the American conference win the 2026-27 College Football Playoff National C,,0.1,,,0.0,9.58,98.745,,,False,True,sports_fees_v3,American,3249790,will-the-american-conference-win-the-2026-27-college-football-playoff-national-championship-20260731223653118
College Football,,Will the ACC conference win the 2026-27 College Football Playoff National Champi,0.08,0.13,0.10500000000000001,0.05,0.0,75.3579,418.9416,,,False,True,sports_fees_v3,ACC,3249791,will-the-acc-conference-win-the-2026-27-college-football-playoff-national-championship-20260731223653119
College Football,,Will the Big 12 conference win the 2026-27 College Football Playoff National Cha,0.02,0.037,0.028499999999999998,0.016999999999999998,0.0,390.194883,509.2228,,,False,True,sports_fees_v3,Big 12,3249792,will-the-big-12-conference-win-the-2026-27-college-football-playoff-national-championship-20260731223653120
College Football,,Will the Big Ten conference win the 2026-27 College Football Playoff National Ch,0.29,0.32,0.305,0.030000000000000027,0.0,946.53857,1249.3961,,,False,True,sports_fees_v3,Big Ten,3249793,will-the-big-ten-conference-win-the-2026-27-college-football-playoff-national-championship-20260731223653121
College Football,,Will the Conference USA conference win the 2026-27 College Football Playoff Nati,0.002,0.062,0.032,0.06,0.0,44.58,122.825,,,False,True,sports_fees_v3,Conference USA,3249794,will-the-conference-usa-conference-win-the-2026-27-college-football-playoff-national-championship-20260731223653122
College Football,,Will the FBS Independents conference win the 2026-27 College Football Playoff Na,0.06,0.1,0.08,0.04000000000000001,0.4,65.794883,707.983,,,False,True,sports_fees_v3,FBS Independents,3249795,will-the-fbs-independents-conference-win-the-2026-27-college-football-playoff-national-championship-20260731223653123
College Football,,Will the Mid-American conference win the 2026-27 College Football Playoff Nation,0.002,0.058,0.030000000000000002,0.056,0.0,59.98,50.895,,,False,True,sports_fees_v3,Mid-American,3249796,will-the-mid-american-conference-win-the-2026-27-college-football-playoff-national-championship-20260731223653124
College Football,,Will the Mountain West conference win the 2026-27 College Football Playoff Natio,0.001,0.1,0.0505,0.099,0.0,24.58,90.155,,,False,True,sports_fees_v3,Mountain West,3249797,will-the-mountain-west-conference-win-the-2026-27-college-football-playoff-national-championship-20260731223653125
College Football,,Will the Pac-12 conference win the 2026-27 College Football Playoff National Cha,,0.1,,,0.0,9.58,94.505,,,False,True,sports_fees_v3,Pac-12,3249798,will-the-pac-12-conference-win-the-2026-27-college-football-playoff-national-championship-20260731223653126
College Football,,Will the SEC conference win the 2026-27 College Football Playoff National Champi,0.42,0.43,0.425,0.010000000000000009,0.0,70.566919,4057.0036,,,False,True,sports_fees_v3,SEC,3249799,will-the-sec-conference-win-the-2026-27-college-football-playoff-national-championship-20260731223653127
College Football,,Will the Sun Belt conference win the 2026-27 College Football Playoff National C,0.002,0.062,0.032,0.06,0.0,44.58,106.27,,,False,True,sports_fees_v3,Sun Belt,3249800,will-the-sun-belt-conference-win-the-2026-27-college-football-playoff-national-championship-20260731223653128
College Football,,Will App State Mountaineers Win the 2026 Sun Belt Championship?,0.002,0.993,0.4975,0.991,0.0,0.0,1.9869,,,False,True,sports_fees_v3,App State Mountaineers,3249809,will-app-state-mountaineers-win-the-2026-sun-belt-championship-20260731205134947
College Football,,Will Coastal Carolina Chanticleers Win the 2026 Sun Belt Championship?,0.002,0.993,0.4975,0.991,0.0,0.0,2.35795,,,False,True,sports_fees_v3,Coastal Carolina Chanticleers,3249810,will-coastal-carolina-chanticleers-win-the-2026-sun-belt-championship-20260731205134948
College Football,,Will Georgia Southern Eagles Win the 2026 Sun Belt Championship?,0.002,0.991,0.4965,0.989,0.0,0.0,3.21676,,,False,True,sports_fees_v3,Georgia Southern Eagles,3249811,will-georgia-southern-eagles-win-the-2026-sun-belt-championship-20260731205134949
College Football,,Will Georgia State Panthers Win the 2026 Sun Belt Championship?,0.002,0.994,0.498,0.992,0.0,34.37,3.64936,,,False,True,sports_fees_v3,Georgia State Panthers,3249812,will-georgia-state-panthers-win-the-2026-sun-belt-championship-20260731205134950
College Football,,Will James Madison Dukes Win the 2026 Sun Belt Championship?,0.01,0.94,0.475,0.9299999999999999,0.0,27.0,2.58,,,False,True,sports_fees_v3,James Madison Dukes,3249813,will-james-madison-dukes-win-the-2026-sun-belt-championship-20260731205134951
College Football,,Will Marshall Thundering Herd Win the 2026 Sun Belt Championship?,0.009,0.19,0.0995,0.181,0.0,1814.279887,14.71174,,,False,True,sports_fees_v3,Marshall Thundering Herd,3249815,will-marshall-thundering-herd-win-the-2026-sun-belt-championship-20260731205134952
College Football,,Will Old Dominion Monarchs Win the 2026 Sun Belt Championship?,0.01,0.95,0.48,0.94,0.0,10.0,4.0797,,,False,True,sports_fees_v3,Old Dominion Monarchs,3249817,will-old-dominion-monarchs-win-the-2026-sun-belt-championship-20260731205134953
College Football,,Will Arkansas State Red Wolves Win the 2026 Sun Belt Championship?,0.01,0.95,0.48,0.94,0.0,0.0,7.9495,,,False,True,sports_fees_v3,Arkansas State Red Wolves,3249818,will-arkansas-state-red-wolves-win-the-2026-sun-belt-championship-20260731205134954
College Football,,Will Louisiana Ragin' Cajuns Win the 2026 Sun Belt Championship?,0.01,0.95,0.48,0.94,0.0,0.0,5.8798,,,False,True,sports_fees_v3,Louisiana Ragin' Cajuns,3249821,will-louisiana-ragin-cajuns-win-the-2026-sun-belt-championship-20260731205134955
College Football,,Will Louisiana Tech Bulldogs Win the 2026 Sun Belt Championship?,0.02,0.19,0.105,0.17,0.0,4539.0,9.41,,,False,True,sports_fees_v3,Louisiana Tech Bulldogs,3249823,will-louisiana-tech-bulldogs-win-the-2026-sun-belt-championship-20260731205134956
College Football,,Will South Alabama Jaguars Win the 2026 Sun Belt Championship?,0.002,0.996,0.499,0.994,0.0,0.0,2.47167,,,False,True,sports_fees_v3,South Alabama Jaguars,3249824,will-south-alabama-jaguars-win-the-2026-sun-belt-championship-20260731205134957
College Football,,Will Southern Miss Golden Eagles Win the 2026 Sun Belt Championship?,0.01,0.992,0.501,0.982,0.0,20.0,5.90286,,,False,True,sports_fees_v3,Southern Miss Golden Eagles,3249825,will-southern-miss-golden-eagles-win-the-2026-sun-belt-championship-20260731205134958
College Football,,Will Troy Trojans Win the 2026 Sun Belt Championship?,0.01,0.95,0.48,0.94,0.0,0.0,5.5496,,,False,True,sports_fees_v3,Troy Trojans,3249826,will-troy-trojans-win-the-2026-sun-belt-championship-20260731205134959
College Football,,Will UL Monroe Warhawks Win the 2026 Sun Belt Championship?,0.003,0.738,0.3705,0.735,0.0,47.0,11.80585,2026-12-19 04:59:00+00:00,71.83474148918981,False,True,sports_fees_v3,UL Monroe Warhawks,3249827,will-ul-monroe-warhawks-win-the-2026-sun-belt-championship-20260731205134960
College Football,,Will Alabama Crimson Tide Win the 2026 SEC Championship?,0.18,0.25,0.215,0.07,0.0,384.8185,599.4138,,,False,True,sports_fees_v3,Alabama Crimson Tide,3249835,will-alabama-crimson-tide-win-the-2026-sec-championship-20260731205008159
College Football,,Will Arkansas Razorbacks Win the 2026 SEC Championship?,0.009,0.069,0.039,0.060000000000000005,0.0,183.27751899999998,396.63596,,,False,True,sports_fees_v3,Arkansas Razorbacks,3249836,will-arkansas-razorbacks-win-the-2026-sec-championship-20260731205008160
College Football,,Will Auburn Tigers Win the 2026 SEC Championship?,0.002,0.062,0.032,0.06,0.0,40.0,460.777,,,False,True,sports_fees_v3,Auburn Tigers,3249837,will-auburn-tigers-win-the-2026-sec-championship-20260731205008161
College Football,,Will Florida Gators Win the 2026 SEC Championship?,0.007,0.16,0.0835,0.153,20.0,348.87,344.11163,2026-12-20 04:59:00+00:00,72.83474148918981,False,True,sports_fees_v3,Florida Gators,3249838,will-florida-gators-win-the-2026-sec-championship-20260731205008162
College Football,,Will Georgia Bulldogs Win the 2026 SEC Championship?,0.34,0.37,0.355,0.02999999999999997,0.0,1301.6126610000001,746.767,2026-12-20 04:59:00+00:00,72.83474148918981,False,True,sports_fees_v3,Georgia Bulldogs,3249839,will-georgia-bulldogs-win-the-2026-sec-championship-20260731205008163
College Football,,Will Kentucky Wildcats Win the 2026 SEC Championship?,0.001,0.003,0.002,0.002,0.0,6200.15,6169.14138,2026-12-20 04:59:00+00:00,72.83474148918981,False,True,sports_fees_v3,Kentucky Wildcats,3249840,will-kentucky-wildcats-win-the-2026-sec-championship-20260731205008164
College Football,,Will LSU Tigers Win the 2026 SEC Championship?,0.07,0.11,0.09,0.039999999999999994,0.0,1910.108072,429.8424,2026-12-20 04:59:00+00:00,72.83474148918981,False,True,sports_fees_v3,LSU Tigers,3249841,will-lsu-tigers-win-the-2026-sec-championship-20260731205008165
College Football,,Will Mississippi State Bulldogs Win the 2026 SEC Championship?,0.008,0.1,0.054000000000000006,0.092,0.0,96.0835,900.53,2026-12-20 04:59:00+00:00,72.83474148918981,False,True,sports_fees_v3,Mississippi State Bulldogs,3249842,will-mississippi-state-bulldogs-win-the-2026-sec-championship-20260731205008166
College Football,,Will Missouri Tigers Win the 2026 SEC Championship?,0.002,0.085,0.043500000000000004,0.083,0.0,40.0,353.4566,,,False,True,sports_fees_v3,Missouri Tigers,3249843,will-missouri-tigers-win-the-2026-sec-championship-20260731205008167
College Football,,Will Oklahoma Sooners Win the 2026 SEC Championship?,0.005,0.043,0.023999999999999997,0.038,0.0,2562.0642909999997,870.16171,,,False,True,sports_fees_v3,Oklahoma Sooners,3249844,will-oklahoma-sooners-win-the-2026-sec-championship-20260731205008168
College Football,,Will Ole Miss Rebels Win the 2026 SEC Championship?,,0.16,,,0.0,20.0,977.758,2026-12-20 04:59:00+00:00,72.83474148918981,False,True,sports_fees_v3,Ole Miss Rebels,3249845,will-ole-miss-rebels-win-the-2026-sec-championship-20260731205008169
College Football,,Will South Carolina Gamecocks Win the 2026 SEC Championship?,0.002,0.026,0.013999999999999999,0.024,0.0,80.064031,556.40025,2026-12-20 04:59:00+00:00,72.83474148918981,False,True,sports_fees_v3,South Carolina Gamecocks,3249846,will-south-carolina-gamecocks-win-the-2026-sec-championship-20260731205008170
College Football,,Will Tennessee Volunteers Win the 2026 SEC Championship?,0.002,0.108,0.055,0.106,0.0,220.020822,601.44754,2026-12-20 04:59:00+00:00,72.83474148918981,False,True,sports_fees_v3,Tennessee Volunteers,3249847,will-tennessee-volunteers-win-the-2026-sec-championship-20260731205008171
College Football,,Will Texas A&M Aggies Win the 2026 SEC Championship?,0.002,0.08,0.041,0.078,0.0,91.2,549.5228,2026-12-20 04:59:00+00:00,72.83474148918981,False,True,sports_fees_v3,Texas A&M Aggies,3249848,will-texas-am-aggies-win-the-2026-sec-championship-20260731205008172
College Football,,Will Texas Longhorns Win the 2026 SEC Championship?,0.24,0.25,0.245,0.010000000000000009,0.0,1884.551443,1011.854,2026-12-20 04:59:00+00:00,72.83474148918981,False,True,sports_fees_v3,Texas Longhorns,3249849,will-texas-longhorns-win-the-2026-sec-championship-20260731205008173
DFB-Pokal,total_corners,TSV 1860 München vs. Holstein Kiel: O/U 11.5 Total Corners,,1.0,,,0.0,0.0,0.0,2026-08-22 16:00:00+00:00,-46.706230733032406,False,False,sports_fees_v3,Total Corners: O/U 11.5,3423063,dfb-60m-ksv-2026-08-22-corners-total-11pt5
DFB-Pokal,soccer_team_total_corners,TSV 1860 München vs. Holstein Kiel: Holstein Kiel O/U 5.5 Corners,,1.0,,,0.0,0.0,0.0,2026-08-22 16:00:00+00:00,-46.706230733032406,False,False,sports_fees_v3,Holstein Kiel Corners: O/U 5.5,3423094,dfb-60m-ksv-2026-08-22-corners-team-away-5pt5
DFB-Pokal,soccer_game_corners_odd_even,TSV 1860 München vs. Holstein Kiel: Total Corners Odd or Even?,,1.0,,,0.0,0.0,0.0,2026-08-22 16:00:00+00:00,-46.706230733032406,False,False,sports_fees_v3,Total Corners: Odd or Even,3423097,dfb-60m-ksv-2026-08-22-corners-odd-even
DFB-Pokal,soccer_first_corner,TSV 1860 München vs. Holstein Kiel: Team to Take First Corner,,1.0,,,0.0,0.0,0.0,2026-08-22 16:00:00+00:00,-46.706230733032406,False,False,sports_fees_v3,Team to Take First Corner,3423099,dfb-60m-ksv-2026-08-22-first-corner
DFB-Pokal,,Will Bayern Munich win the 2026-27 DFB-Pokal?,0.42,0.421,0.4205,0.0010000000000000009,0.0,34.0,2936.76336,2027-05-29 23:59:00+00:00,233.6264081558565,False,True,sports_fees_v3,Bayern Munich,3957646,will-bayern-munich-win-the-2026-27-dfb-pokal
DFB-Pokal,,Will Borussia Dortmund win the 2026-27 DFB-Pokal?,0.14,0.152,0.14600000000000002,0.011999999999999983,0.0,35.0,3396.62837,2027-05-29 23:59:00+00:00,233.6264081558565,False,True,sports_fees_v3,Borussia Dortmund,3957647,will-borussia-dortmund-win-the-2026-27-dfb-pokal
DFB-Pokal,,Will Bayer Leverkusen win the 2026-27 DFB-Pokal?,0.089,0.117,0.10300000000000001,0.02800000000000001,0.0,35.0,2823.52257,2027-05-29 23:59:00+00:00,233.6264081558565,False,True,sports_fees_v3,Bayer Leverkusen,3957648,will-bayer-leverkusen-win-the-2026-27-dfb-pokal
DFB-Pokal,,Will RB Leipzig win the 2026-27 DFB-Pokal?,0.089,0.127,0.108,0.038000000000000006,0.0,19.0,1558.51518,2027-05-29 23:59:00+00:00,233.6264081558565,False,True,sports_fees_v3,RB Leipzig,3957649,will-rb-leipzig-win-the-2026-27-dfb-pokal
DFB-Pokal,,Will Eintracht Frankfurt win the 2026-27 DFB-Pokal?,0.045,0.078,0.0615,0.033,0.0,14.0,5067.56918,2027-05-29 23:59:00+00:00,233.6264081558565,False,True,sports_fees_v3,Eintracht Frankfurt,3957650,will-eintracht-frankfurt-win-the-2026-27-dfb-pokal
DFB-Pokal,,Will VfB Stuttgart win the 2026-27 DFB-Pokal?,0.05,0.088,0.069,0.03799999999999999,0.0,14.0,2377.67931,2027-05-29 23:59:00+00:00,233.6264081558565,False,True,sports_fees_v3,VfB Stuttgart,3957651,will-vfb-stuttgart-win-the-2026-27-dfb-pokal
DFB-Pokal,,Will TSG Hoffenheim win the 2026-27 DFB-Pokal?,0.012,0.048,0.03,0.036000000000000004,0.0,14.0,4928.28228,2027-05-29 23:59:00+00:00,233.6264081558565,False,True,sports_fees_v3,TSG Hoffenheim,3957652,will-tsg-hoffenheim-win-the-2026-27-dfb-pokal
DFB-Pokal,,Will SC Freiburg win the 2026-27 DFB-Pokal?,0.015,0.045,0.03,0.03,0.0,14.0,4972.46438,2027-05-29 23:59:00+00:00,233.6264081558565,False,True,sports_fees_v3,SC Freiburg,3957653,will-sc-freiburg-win-the-2026-27-dfb-pokal
DFB-Pokal,,Will Mainz 05 win the 2026-27 DFB-Pokal?,0.008,0.039,0.0235,0.031,0.0,10.0,3150.8864,2027-05-29 23:59:00+00:00,233.6264081558565,False,True,sports_fees_v3,Mainz 05,3957654,will-mainz-05-win-the-2026-27-dfb-pokal
DFB-Pokal,,Will Borussia Mönchengladbach win the 2026-27 DFB-Pokal?,0.01,0.04,0.025,0.03,0.0,10.0,3077.45615,2027-05-29 23:59:00+00:00,233.6264081558565,False,True,sports_fees_v3,Borussia Mönchengladbach,3957655,will-borussia-monchengladbach-win-the-2026-27-dfb-pokal
DFB-Pokal,,Will 1. FC Köln win the 2026-27 DFB-Pokal?,0.01,0.04,0.025,0.03,0.0,10.0,3084.45877,2027-05-29 23:59:00+00:00,233.6264081558565,False,True,sports_fees_v3,1. FC Köln,3957656,will-1pt-fc-koln-win-the-2026-27-dfb-pokal
DFB-Pokal,,Will FC Augsburg win the 2026-27 DFB-Pokal?,0.008,0.037,0.0225,0.028999999999999998,0.0,10.0,3076.78721,2027-05-29 23:59:00+00:00,233.6264081558565,False,True,sports_fees_v3,FC Augsburg,3957657,will-fc-augsburg-win-the-2026-27-dfb-pokal
DFB-Pokal,,Will Union Berlin win the 2026-27 DFB-Pokal?,0.008,0.036,0.022,0.027999999999999997,0.0,10.0,3076.88727,2027-05-29 23:59:00+00:00,233.6264081558565,False,True,sports_fees_v3,Union Berlin,3957658,will-union-berlin-win-the-2026-27-dfb-pokal
DFB-Pokal,,Will Werder Bremen win the 2026-27 DFB-Pokal?,0.01,0.039,0.0245,0.028999999999999998,0.0,10.0,3211.76587,2027-05-29 23:59:00+00:00,233.6264081558565,False,True,sports_fees_v3,Werder Bremen,3957659,will-werder-bremen-win-the-2026-27-dfb-pokal
DFB-Pokal,,Will Hamburger SV win the 2026-27 DFB-Pokal?,0.009,0.035,0.022000000000000002,0.026000000000000002,0.0,10.0,3072.09817,2027-05-29 23:59:00+00:00,233.6264081558565,False,True,sports_fees_v3,Hamburger SV,3957660,will-hamburger-sv-win-the-2026-27-dfb-pokal
DFB-Pokal,,Will Schalke 04 win the 2026-27 DFB-Pokal?,0.009,0.038,0.0235,0.028999999999999998,0.0,10.0,4081.41923,2027-05-29 23:59:00+00:00,233.6264081558565,False,True,sports_fees_v3,Schalke 04,3957661,will-schalke-04-win-the-2026-27-dfb-pokal
DFB-Pokal,,Will SC Paderborn win the 2026-27 DFB-Pokal?,0.007,0.028,0.0175,0.021,0.0,10.0,3075.66016,2027-05-29 23:59:00+00:00,233.6264081558565,False,True,sports_fees_v3,SC Paderborn,3957662,will-sc-paderborn-win-the-2026-27-dfb-pokal
DFB-Pokal,,Will SV Elversberg win the 2026-27 DFB-Pokal?,0.007,0.025,0.016,0.018000000000000002,0.0,10.0,3003.99084,2027-05-29 23:59:00+00:00,233.6264081558565,False,True,sports_fees_v3,SV Elversberg,3957663,will-sv-elversberg-win-the-2026-27-dfb-pokal
DFB-Pokal,,Will Hertha BSC win the 2026-27 DFB-Pokal?,0.005,0.02,0.0125,0.015,0.0,10.0,3000.78079,2027-05-29 23:59:00+00:00,233.6264081558565,False,True,sports_fees_v3,Hertha BSC,3957664,will-hertha-bsc-win-the-2026-27-dfb-pokal
DFB-Pokal,,Will Arminia Bielefeld win the 2026-27 DFB-Pokal?,0.002,0.061,0.0315,0.059,0.0,15.0,3054.5643,2027-05-29 23:59:00+00:00,233.6264081558565,False,True,sports_fees_v3,Arminia Bielefeld,3957665,will-arminia-bielefeld-win-the-2026-27-dfb-pokal
DFB-Pokal,,Will VfL Bochum win the 2026-27 DFB-Pokal?,0.006,0.02,0.013000000000000001,0.014,0.0,10.0,2997.99294,2027-05-29 23:59:00+00:00,233.6264081558565,False,True,sports_fees_v3,VfL Bochum,3957666,will-vfl-bochum-win-the-2026-27-dfb-pokal
DFB-Pokal,,Will Eintracht Braunschweig win the 2026-27 DFB-Pokal?,0.002,0.068,0.035,0.066,0.0,10.0,2982.31516,2027-05-29 23:59:00+00:00,233.6264081558565,False,True,sports_fees_v3,Eintracht Braunschweig,3957667,will-eintracht-braunschweig-win-the-2026-27-dfb-pokal
DFB-Pokal,,Will Energie Cottbus win the 2026-27 DFB-Pokal?,0.002,0.068,0.035,0.066,0.0,10.0,2969.95325,2027-05-29 23:59:00+00:00,233.6264081558565,False,True,sports_fees_v3,Energie Cottbus,3957668,will-energie-cottbus-win-the-2026-27-dfb-pokal
DFB-Pokal,,Will Darmstadt 98 win the 2026-27 DFB-Pokal?,0.004,0.02,0.012,0.016,0.0,10.0,2997.71281,2027-05-29 23:59:00+00:00,233.6264081558565,False,True,sports_fees_v3,Darmstadt 98,3957669,will-darmstadt-98-win-the-2026-27-dfb-pokal
DFB-Pokal,,Will Dynamo Dresden win the 2026-27 DFB-Pokal?,0.002,0.011,0.0065,0.009,0.0,10.0,2988.03279,2027-05-29 23:59:00+00:00,233.6264081558565,False,True,sports_fees_v3,Dynamo Dresden,3957670,will-dynamo-dresden-win-the-2026-27-dfb-pokal
DFB-Pokal,,Will Greuther Fürth win the 2026-27 DFB-Pokal?,0.002,0.068,0.035,0.066,0.0,10.0,2971.8352,2027-05-29 23:59:00+00:00,233.6264081558565,False,True,sports_fees_v3,Greuther Fürth,3957671,will-greuther-furth-win-the-2026-27-dfb-pokal
DFB-Pokal,,Will Hannover 96 win the 2026-27 DFB-Pokal?,0.006,0.02,0.013000000000000001,0.014,0.0,10.0,2983.45998,2027-05-29 23:59:00+00:00,233.6264081558565,False,True,sports_fees_v3,Hannover 96,3957672,will-hannover-96-win-the-2026-27-dfb-pokal
DFB-Pokal,,Will 1. FC Heidenheim win the 2026-27 DFB-Pokal?,0.002,0.068,0.035,0.066,0.0,10.0,2990.28534,2027-05-29 23:59:00+00:00,233.6264081558565,False,True,sports_fees_v3,1. FC Heidenheim,3957673,will-1pt-fc-heidenheim-win-the-2026-27-dfb-pokal
DFB-Pokal,,Will 1. FC Kaiserslautern win the 2026-27 DFB-Pokal?,0.004,0.01,0.007,0.006,0.0,15.0,3016.56261,2027-05-29 23:59:00+00:00,233.6264081558565,False,True,sports_fees_v3,1. FC Kaiserslautern,3957674,will-1pt-fc-kaiserslautern-win-the-2026-27-dfb-pokal
DFB-Pokal,,Will Karlsruher SC win the 2026-27 DFB-Pokal?,0.004,0.011,0.0075,0.006999999999999999,0.0,10.0,2987.98277,2027-05-29 23:59:00+00:00,233.6264081558565,False,True,sports_fees_v3,Karlsruher SC,3957675,will-karlsruher-sc-win-the-2026-27-dfb-pokal
DFB-Pokal,,Will Holstein Kiel win the 2026-27 DFB-Pokal?,0.003,0.011,0.006999999999999999,0.008,0.0,10.0,2994.69282,2027-05-29 23:59:00+00:00,233.6264081558565,False,True,sports_fees_v3,Holstein Kiel,3957676,will-holstein-kiel-win-the-2026-27-dfb-pokal
DFB-Pokal,,Will 1. FC Magdeburg win the 2026-27 DFB-Pokal?,0.004,0.011,0.0075,0.006999999999999999,0.0,10.0,2986.87687,2027-05-29 23:59:00+00:00,233.6264081558565,False,True,sports_fees_v3,1. FC Magdeburg,3957677,will-1pt-fc-magdeburg-win-the-2026-27-dfb-pokal
DFB-Pokal,,Will 1. FC Nürnberg win the 2026-27 DFB-Pokal?,0.005,0.011,0.008,0.005999999999999999,0.0,10.0,3101.92305,2027-05-29 23:59:00+00:00,233.6264081558565,False,True,sports_fees_v3,1. FC Nürnberg,3957678,will-1pt-fc-nurnberg-win-the-2026-27-dfb-pokal
DFB-Pokal,,Will VfL Osnabrück win the 2026-27 DFB-Pokal?,0.01,0.016,0.013000000000000001,0.006,0.0,14.0,3012.91979,2027-05-29 23:59:00+00:00,233.6264081558565,False,True,sports_fees_v3,VfL Osnabrück,3957679,will-vfl-osnabruck-win-the-2026-27-dfb-pokal
DFB-Pokal,,Will FC St. Pauli win the 2026-27 DFB-Pokal?,0.002,0.068,0.035,0.066,0.0,10.0,2969.40532,2027-05-29 23:59:00+00:00,233.6264081558565,False,True,sports_fees_v3,FC St. Pauli,3957680,will-fc-stpt-pauli-win-the-2026-27-dfb-pokal
DFB-Pokal,,Will VfL Wolfsburg win the 2026-27 DFB-Pokal?,0.006,0.015,0.010499999999999999,0.009,0.0,83.33,3102.26134,2027-05-29 23:59:00+00:00,233.6264081558565,False,True,sports_fees_v3,VfL Wolfsburg,3957681,will-vfl-wolfsburg-win-the-2026-27-dfb-pokal
Dota 2,dota2_game_ends_daytime,Game 1: Ends in Daytime?,,1.0,,,0.0,0.0,0.0,2026-06-21 12:00:00+00:00,-108.87289739969907,False,False,sports_fees_v2,Ends in Daytime,2617333,dota2-xctn-rnx-2026-06-21-game1-ends-in-daytime
Dota 2,dota2_both_teams_roshan,Game 1: Both Teams Beat Roshan?,,1.0,,,0.0,0.0,0.0,2026-06-21 12:00:00+00:00,-108.87289739969907,False,False,sports_fees_v2,Both Teams Beat Roshan,2617334,dota2-xctn-rnx-2026-06-21-game1-both-teams-beat-roshan
Dota 2,dota2_both_teams_barracks,Game 1: Both Teams Destroy Barracks?,,1.0,,,0.0,0.0,0.0,2026-06-21 12:00:00+00:00,-108.87289739969907,False,False,sports_fees_v2,Both Teams Destroy Barracks,2617335,dota2-xctn-rnx-2026-06-21-game1-both-teams-destroy-barracks
Dota 2,dota2_ultra_kill,Game 1: Any Player Ultra Kill?,,1.0,,,0.0,0.0,0.0,2026-06-21 12:00:00+00:00,-108.87289739969907,False,False,sports_fees_v2,Any Player Ultra Kill,2617336,dota2-xctn-rnx-2026-06-21-game1-any-player-ultra-kill
Dota 2,dota2_game_ends_daytime,Game 2: Ends in Daytime?,,1.0,,,0.0,0.0,0.0,2026-06-21 12:00:00+00:00,-108.87289739969907,False,False,sports_fees_v2,Ends in Daytime,2617338,dota2-xctn-rnx-2026-06-21-game2-ends-in-daytime
Dota 2,dota2_both_teams_roshan,Game 2: Both Teams Beat Roshan?,,1.0,,,0.0,0.0,0.0,2026-06-21 12:00:00+00:00,-108.87289739969907,False,False,sports_fees_v2,Both Teams Beat Roshan,2617339,dota2-xctn-rnx-2026-06-21-game2-both-teams-beat-roshan
Dota 2,dota2_both_teams_barracks,Game 2: Both Teams Destroy Barracks?,,1.0,,,0.0,0.0,0.0,2026-06-21 12:00:00+00:00,-108.87289739969907,False,False,sports_fees_v2,Both Teams Destroy Barracks,2617340,dota2-xctn-rnx-2026-06-21-game2-both-teams-destroy-barracks
Dota 2,dota2_ultra_kill,Game 2: Any Player Ultra Kill?,,1.0,,,0.0,0.0,0.0,2026-06-21 12:00:00+00:00,-108.87289739969907,False,False,sports_fees_v2,Any Player Ultra Kill,2617341,dota2-xctn-rnx-2026-06-21-game2-any-player-ultra-kill
Dota 2,dota2_rampage,Game 2: Any Player Rampage?,,1.0,,,0.0,0.0,0.0,2026-06-21 12:00:00+00:00,-108.87289739969907,False,False,sports_fees_v2,Any Player Rampage,2617342,dota2-xctn-rnx-2026-06-21-game2-any-player-rampage
Dota 2,dota2_game_ends_daytime,Game 3: Ends in Daytime?,,1.0,,,0.0,0.0,0.0,2026-06-21 13:00:00+00:00,-108.8312307330324,False,False,sports_fees_v2,Ends in Daytime,2617343,dota2-xctn-rnx-2026-06-21-game3-ends-in-daytime
Dota 2,dota2_both_teams_roshan,Game 3: Both Teams Beat Roshan?,,1.0,,,0.0,0.0,0.0,2026-06-21 13:00:00+00:00,-108.8312307330324,False,False,sports_fees_v2,Both Teams Beat Roshan,2617344,dota2-xctn-rnx-2026-06-21-game3-both-teams-beat-roshan
Dota 2,dota2_both_teams_barracks,Game 3: Both Teams Destroy Barracks?,,1.0,,,0.0,0.0,0.0,2026-06-21 13:00:00+00:00,-108.8312307330324,False,False,sports_fees_v2,Both Teams Destroy Barracks,2617345,dota2-xctn-rnx-2026-06-21-game3-both-teams-destroy-barracks
Dota 2,dota2_ultra_kill,Game 3: Any Player Ultra Kill?,,1.0,,,0.0,0.0,0.0,2026-06-21 13:00:00+00:00,-108.8312307330324,False,False,sports_fees_v2,Any Player Ultra Kill,2617346,dota2-xctn-rnx-2026-06-21-game3-any-player-ultra-kill
Dota 2,dota2_rampage,Game 3: Any Player Rampage?,,1.0,,,0.0,0.0,0.0,2026-06-21 13:00:00+00:00,-108.8312307330324,False,False,sports_fees_v2,Any Player Rampage,2617347,dota2-xctn-rnx-2026-06-21-game3-any-player-rampage
Dota 2,dota2_ultra_kill,Game 2: Any Player Ultra Kill?,,1.0,,,0.0,0.0,0.0,2026-07-11 20:25:57.990000+00:00,-88.52153177469907,False,False,sports_fees_v3,Any Player Ultra Kill,2883099,dota2-nemiga-spirit1-2026-07-11-game2-any-player-ultra-kill
Dota 2,first_blood_game,First Blood in Game 2?,,1.0,,,0.0,0.0,0.0,2026-07-20 03:59:00+00:00,-80.20692517747685,False,False,sports_fees_v3,First Blood in Game 2?,2888107,dota2-rnx-nem-2026-07-12-game2-first-blood
Dota 2,dota2_both_teams_roshan,Game 3: Both Teams Beat Roshan?,,1.0,,,0.0,0.0,0.0,2026-08-05 03:59:00+00:00,-64.20692517747685,False,False,sports_fees_v3,Both Teams Beat Roshan,3120160,dota2-st1-rt-2026-07-28-game3-both-teams-beat-roshan
Dota 2,dota2_ultra_kill,Game 3: Any Player Ultra Kill?,,1.0,,,0.0,0.0,0.0,2026-08-05 03:59:00+00:00,-64.20692517747685,False,False,sports_fees_v3,Any Player Ultra Kill,3120162,dota2-st1-rt-2026-07-28-game3-any-player-ultra-kill
Dota 2,dota2_rampage,Game 3: Any Player Rampage?,,1.0,,,0.0,0.0,0.0,2026-08-05 03:59:00+00:00,-64.20692517747685,False,False,sports_fees_v3,Any Player Rampage,3120163,dota2-st1-rt-2026-07-28-game3-any-player-rampage
Dota 2,dota2_both_teams_roshan,Game 1: Both Teams Beat Roshan?,,1.0,,,0.0,0.0,0.0,2026-08-05 03:59:00+00:00,-64.20692517747685,False,False,sports_fees_v3,Both Teams Beat Roshan,3120169,dota2-vds-dxk-2026-07-28-game1-both-teams-beat-roshan
Dota 2,dota2_ultra_kill,Game 1: Any Player Ultra Kill?,,1.0,,,0.0,0.0,0.0,2026-08-05 03:59:00+00:00,-64.20692517747685,False,False,sports_fees_v3,Any Player Ultra Kill,3120171,dota2-vds-dxk-2026-07-28-game1-any-player-ultra-kill
Dota 2,dota2_rampage,Game 1: Any Player Rampage?,,1.0,,,0.0,49.87388,0.0,2026-08-05 03:59:00+00:00,-64.20692517747685,False,False,sports_fees_v3,Any Player Rampage,3120172,dota2-vds-dxk-2026-07-28-game1-any-player-rampage
Dota 2,dota2_both_teams_roshan,Game 2: Both Teams Beat Roshan?,,1.0,,,0.0,0.0,0.0,2026-08-05 03:59:00+00:00,-64.20692517747685,False,False,sports_fees_v3,Both Teams Beat Roshan,3120174,dota2-vds-dxk-2026-07-28-game2-both-teams-beat-roshan
Dota 2,dota2_ultra_kill,Game 2: Any Player Ultra Kill?,,1.0,,,0.0,0.0,0.0,2026-08-05 03:59:00+00:00,-64.20692517747685,False,False,sports_fees_v3,Any Player Ultra Kill,3120176,dota2-vds-dxk-2026-07-28-game2-any-player-ultra-kill
Dota 2,dota2_rampage,Game 2: Any Player Rampage?,,1.0,,,0.0,249.87387999999999,0.0,2026-08-05 03:59:00+00:00,-64.20692517747685,False,False,sports_fees_v3,Any Player Rampage,3120177,dota2-vds-dxk-2026-07-28-game2-any-player-rampage
Dota 2,dota2_both_teams_roshan,Game 3: Both Teams Beat Roshan?,,1.0,,,0.0,0.0,0.0,2026-08-05 03:59:00+00:00,-64.20692517747685,False,False,sports_fees_v3,Both Teams Beat Roshan,3120179,dota2-vds-dxk-2026-07-28-game3-both-teams-beat-roshan
Dota 2,dota2_ultra_kill,Game 3: Any Player Ultra Kill?,,1.0,,,0.0,0.0,0.0,2026-08-05 03:59:00+00:00,-64.20692517747685,False,False,sports_fees_v3,Any Player Ultra Kill,3120188,dota2-vds-dxk-2026-07-28-game3-any-player-ultra-kill
Dota 2,dota2_rampage,Game 3: Any Player Rampage?,,1.0,,,0.0,0.0,0.0,2026-08-05 03:59:00+00:00,-64.20692517747685,False,False,sports_fees_v3,Any Player Rampage,3120189,dota2-vds-dxk-2026-07-28-game3-any-player-rampage
Dota 2,dota2_both_teams_roshan,Game 1: Both Teams Beat Roshan?,,1.0,,,0.0,0.0,0.0,2026-08-06 03:59:00+00:00,-63.206925177476855,False,False,sports_fees_v3,Both Teams Beat Roshan,3120214,dota2-ybn-vds-2026-07-29-game1-both-teams-beat-roshan
Dota 2,dota2_both_teams_barracks,Game 1: Both Teams Destroy Barracks?,,1.0,,,0.0,0.0,0.0,2026-08-06 03:59:00+00:00,-63.206925177476855,False,False,sports_fees_v3,Both Teams Destroy Barracks,3120215,dota2-ybn-vds-2026-07-29-game1-both-teams-destroy-barracks
Dota 2,dota2_ultra_kill,Game 1: Any Player Ultra Kill?,,1.0,,,0.0,0.0,0.0,2026-08-06 03:59:00+00:00,-63.206925177476855,False,False,sports_fees_v3,Any Player Ultra Kill,3120216,dota2-ybn-vds-2026-07-29-game1-any-player-ultra-kill
Dota 2,dota2_rampage,Game 1: Any Player Rampage?,,1.0,,,0.0,0.0,0.0,2026-08-06 03:59:00+00:00,-63.206925177476855,False,False,sports_fees_v3,Any Player Rampage,3120217,dota2-ybn-vds-2026-07-29-game1-any-player-rampage
Dota 2,dota2_both_teams_roshan,Game 2: Both Teams Beat Roshan?,,1.0,,,0.0,0.0,0.0,2026-08-06 03:59:00+00:00,-63.206925177476855,False,False,sports_fees_v3,Both Teams Beat Roshan,3120219,dota2-ybn-vds-2026-07-29-game2-both-teams-beat-roshan
Dota 2,dota2_ultra_kill,Game 2: Any Player Ultra Kill?,,1.0,,,0.0,0.0,0.0,2026-08-06 03:59:00+00:00,-63.206925177476855,False,False,sports_fees_v3,Any Player Ultra Kill,3120221,dota2-ybn-vds-2026-07-29-game2-any-player-ultra-kill
Dota 2,dota2_rampage,Game 2: Any Player Rampage?,,1.0,,,0.0,0.0,0.0,2026-08-06 03:59:00+00:00,-63.206925177476855,False,False,sports_fees_v3,Any Player Rampage,3120222,dota2-ybn-vds-2026-07-29-game2-any-player-rampage
Dota 2,dota2_both_teams_roshan,Game 3: Both Teams Beat Roshan?,,1.0,,,0.0,0.0,0.0,2026-08-06 03:59:00+00:00,-63.206925177476855,False,False,sports_fees_v3,Both Teams Beat Roshan,3120224,dota2-ybn-vds-2026-07-29-game3-both-teams-beat-roshan
Dota 2,dota2_ultra_kill,Game 3: Any Player Ultra Kill?,,1.0,,,0.0,0.0,0.0,2026-08-06 03:59:00+00:00,-63.206925177476855,False,False,sports_fees_v3,Any Player Ultra Kill,3120226,dota2-ybn-vds-2026-07-29-game3-any-player-ultra-kill
Dota 2,dota2_rampage,Game 3: Any Player Rampage?,,1.0,,,0.0,0.0,0.0,2026-08-06 03:59:00+00:00,-63.206925177476855,False,False,sports_fees_v3,Any Player Rampage,3120227,dota2-ybn-vds-2026-07-29-game3-any-player-rampage
Dota 2,dota2_both_teams_roshan,Game 1: Both Teams Beat Roshan?,,1.0,,,0.0,0.0,0.0,2026-08-07 03:59:00+00:00,-62.206925177476855,False,False,sports_fees_v3,Both Teams Beat Roshan,3120271,dota2-st1-tt1-2026-07-30-game1-both-teams-beat-roshan
Dota 2,dota2_ultra_kill,Game 1: Any Player Ultra Kill?,,1.0,,,0.0,0.0,0.0,2026-08-07 03:59:00+00:00,-62.206925177476855,False,False,sports_fees_v3,Any Player Ultra Kill,3120273,dota2-st1-tt1-2026-07-30-game1-any-player-ultra-kill
Dota 2,dota2_rampage,Game 1: Any Player Rampage?,,1.0,,,0.0,0.0,0.0,2026-08-07 03:59:00+00:00,-62.206925177476855,False,False,sports_fees_v3,Any Player Rampage,3120274,dota2-st1-tt1-2026-07-30-game1-any-player-rampage
Dota 2,dota2_both_teams_roshan,Game 2: Both Teams Beat Roshan?,,1.0,,,0.0,0.0,0.0,2026-08-07 03:59:00+00:00,-62.206925177476855,False,False,sports_fees_v3,Both Teams Beat Roshan,3120276,dota2-st1-tt1-2026-07-30-game2-both-teams-beat-roshan
Dota 2,dota2_ultra_kill,Game 2: Any Player Ultra Kill?,,1.0,,,0.0,0.0,0.0,2026-08-07 03:59:00+00:00,-62.206925177476855,False,False,sports_fees_v3,Any Player Ultra Kill,3120278,dota2-st1-tt1-2026-07-30-game2-any-player-ultra-kill
Dota 2,dota2_rampage,Game 2: Any Player Rampage?,,1.0,,,0.0,0.0,0.0,2026-08-07 03:59:00+00:00,-62.206925177476855,False,False,sports_fees_v3,Any Player Rampage,3120279,dota2-st1-tt1-2026-07-30-game2-any-player-rampage
Dota 2,dota2_both_teams_roshan,Game 2: Both Teams Beat Roshan?,,1.0,,,0.0,0.0,0.0,2026-08-07 03:59:00+00:00,-62.206925177476855,False,False,sports_fees_v3,Both Teams Beat Roshan,3120295,dota2-avi-dxk-2026-07-30-game2-both-teams-beat-roshan
Dota 2,dota2_ultra_kill,Game 2: Any Player Ultra Kill?,,1.0,,,0.0,0.0,0.0,2026-08-07 03:59:00+00:00,-62.206925177476855,False,False,sports_fees_v3,Any Player Ultra Kill,3120297,dota2-avi-dxk-2026-07-30-game2-any-player-ultra-kill
Dota 2,dota2_rampage,Game 2: Any Player Rampage?,0.001,0.999,0.5,0.998,0.0,1633.6,0.03,2026-08-07 03:59:00+00:00,-62.206925177476855,False,False,sports_fees_v3,Any Player Rampage,3120298,dota2-avi-dxk-2026-07-30-game2-any-player-rampage
Dota 2,dota2_both_teams_roshan,Game 3: Both Teams Beat Roshan?,,1.0,,,0.0,0.0,0.0,2026-08-06 03:59:00+00:00,-63.206925177476855,False,False,sports_fees_v3,Both Teams Beat Roshan,3191768,dota2-amaru-nemiga-2026-07-29-game3-both-teams-beat-roshan
Dota 2,dota2_both_teams_roshan,Game 1: Both Teams Beat Roshan?,,1.0,,,0.0,0.0,0.0,2026-08-08 03:59:00+00:00,-61.206925177476855,False,False,sports_fees_v3,Both Teams Beat Roshan,3234769,dota2-tt1-vds-2026-07-31-game1-both-teams-beat-roshan
Dota 2,dota2_both_teams_barracks,Game 1: Both Teams Destroy Barracks?,,1.0,,,0.0,0.0,0.0,2026-08-08 03:59:00+00:00,-61.206925177476855,False,False,sports_fees_v3,Both Teams Destroy Barracks,3234770,dota2-tt1-vds-2026-07-31-game1-both-teams-destroy-barracks
Dota 2,dota2_ultra_kill,Game 1: Any Player Ultra Kill?,,1.0,,,0.0,0.0,0.0,2026-08-08 03:59:00+00:00,-61.206925177476855,False,False,sports_fees_v3,Any Player Ultra Kill,3234771,dota2-tt1-vds-2026-07-31-game1-any-player-ultra-kill
Dota 2,dota2_rampage,Game 1: Any Player Rampage?,,1.0,,,0.0,20.0,0.0,2026-08-08 03:59:00+00:00,-61.206925177476855,False,False,sports_fees_v3,Any Player Rampage,3234772,dota2-tt1-vds-2026-07-31-game1-any-player-rampage
Dota 2,dota2_both_teams_roshan,Game 2: Both Teams Beat Roshan?,,1.0,,,0.0,0.0,0.0,2026-08-08 03:59:00+00:00,-61.206925177476855,False,False,sports_fees_v3,Both Teams Beat Roshan,3234774,dota2-tt1-vds-2026-07-31-game2-both-teams-beat-roshan
Dota 2,dota2_ultra_kill,Game 2: Any Player Ultra Kill?,,1.0,,,0.0,0.0,0.0,2026-08-08 03:59:00+00:00,-61.206925177476855,False,False,sports_fees_v3,Any Player Ultra Kill,3234776,dota2-tt1-vds-2026-07-31-game2-any-player-ultra-kill
Dota 2,dota2_rampage,Game 2: Any Player Rampage?,,1.0,,,0.0,20.0,0.0,2026-08-08 03:59:00+00:00,-61.206925177476855,False,False,sports_fees_v3,Any Player Rampage,3234777,dota2-tt1-vds-2026-07-31-game2-any-player-rampage
Dota 2,dota2_both_teams_roshan,Game 3: Both Teams Beat Roshan?,,1.0,,,0.0,0.0,0.0,2026-08-08 03:59:00+00:00,-61.206925177476855,False,False,sports_fees_v3,Both Teams Beat Roshan,3234779,dota2-tt1-vds-2026-07-31-game3-both-teams-beat-roshan
Dota 2,dota2_both_teams_barracks,Game 3: Both Teams Destroy Barracks?,,1.0,,,0.0,0.0,0.0,2026-08-08 03:59:00+00:00,-61.206925177476855,False,False,sports_fees_v3,Both Teams Destroy Barracks,3234780,dota2-tt1-vds-2026-07-31-game3-both-teams-destroy-barracks
Dota 2,dota2_ultra_kill,Game 3: Any Player Ultra Kill?,,1.0,,,0.0,0.0,0.0,2026-08-08 03:59:00+00:00,-61.206925177476855,False,False,sports_fees_v3,Any Player Ultra Kill,3234781,dota2-tt1-vds-2026-07-31-game3-any-player-ultra-kill
Dota 2,dota2_rampage,Game 3: Any Player Rampage?,,1.0,,,0.0,0.0,0.0,2026-08-08 03:59:00+00:00,-61.206925177476855,False,False,sports_fees_v3,Any Player Rampage,3234782,dota2-tt1-vds-2026-07-31-game3-any-player-rampage
Dota 2,dota2_both_teams_roshan,Game 2: Both Teams Beat Roshan?,,1.0,,,0.0,0.0,0.0,2026-08-08 03:59:00+00:00,-61.206925177476855,False,False,sports_fees_v3,Both Teams Beat Roshan,3239505,dota2-ns4-st1-2026-07-31-game2-both-teams-beat-roshan
Dota 2,dota2_ultra_kill,Game 2: Any Player Ultra Kill?,,1.0,,,0.0,0.0,0.0,2026-08-08 03:59:00+00:00,-61.206925177476855,False,False,sports_fees_v3,Any Player Ultra Kill,3239507,dota2-ns4-st1-2026-07-31-game2-any-player-ultra-kill
Dota 2,dota2_rampage,Game 2: Any Player Rampage?,,1.0,,,0.0,0.0,0.0,2026-08-08 03:59:00+00:00,-61.206925177476855,False,False,sports_fees_v3,Any Player Rampage,3239508,dota2-ns4-st1-2026-07-31-game2-any-player-rampage
Dota 2,dota2_both_teams_roshan,Game 3: Both Teams Beat Roshan?,,1.0,,,0.0,0.0,0.0,2026-08-08 03:59:00+00:00,-61.206925177476855,False,False,sports_fees_v3,Both Teams Beat Roshan,3239510,dota2-ns4-st1-2026-07-31-game3-both-teams-beat-roshan
Dota 2,dota2_ultra_kill,Game 3: Any Player Ultra Kill?,,1.0,,,0.0,0.0,0.0,2026-08-08 03:59:00+00:00,-61.206925177476855,False,False,sports_fees_v3,Any Player Ultra Kill,3239512,dota2-ns4-st1-2026-07-31-game3-any-player-ultra-kill
Dota 2,dota2_rampage,Game 3: Any Player Rampage?,,1.0,,,0.0,0.0,0.0,2026-08-08 03:59:00+00:00,-61.206925177476855,False,False,sports_fees_v3,Any Player Rampage,3239513,dota2-ns4-st1-2026-07-31-game3-any-player-rampage
Dota 2,dota2_game_ends_daytime,Game 1: Ends in Daytime?,,1.0,,,0.0,0.0,0.0,2026-08-09 03:59:00+00:00,-60.206925177476855,False,False,sports_fees_v3,Ends in Daytime,3270597,dota2-avi-ns4-2026-08-01-game1-ends-in-daytime
Dota 2,dota2_both_teams_roshan,Game 1: Both Teams Beat Roshan?,,1.0,,,0.0,0.0,0.0,2026-08-09 03:59:00+00:00,-60.206925177476855,False,False,sports_fees_v3,Both Teams Beat Roshan,3270598,dota2-avi-ns4-2026-08-01-game1-both-teams-beat-roshan
Dota 2,dota2_both_teams_barracks,Game 1: Both Teams Destroy Barracks?,,1.0,,,0.0,0.0,0.0,2026-08-09 03:59:00+00:00,-60.206925177476855,False,False,sports_fees_v3,Both Teams Destroy Barracks,3270599,dota2-avi-ns4-2026-08-01-game1-both-teams-destroy-barracks
Dota 2,dota2_ultra_kill,Game 1: Any Player Ultra Kill?,,1.0,,,0.0,0.0,0.0,2026-08-09 03:59:00+00:00,-60.206925177476855,False,False,sports_fees_v3,Any Player Ultra Kill,3270600,dota2-avi-ns4-2026-08-01-game1-any-player-ultra-kill
Dota 2,dota2_rampage,Game 1: Any Player Rampage?,,1.0,,,0.0,0.0,0.0,2026-08-09 03:59:00+00:00,-60.206925177476855,False,False,sports_fees_v3,Any Player Rampage,3270601,dota2-avi-ns4-2026-08-01-game1-any-player-rampage
Dota 2,dota2_both_teams_roshan,Game 2: Both Teams Beat Roshan?,,1.0,,,0.0,0.0,0.0,2026-08-09 03:59:00+00:00,-60.206925177476855,False,False,sports_fees_v3,Both Teams Beat Roshan,3270603,dota2-avi-ns4-2026-08-01-game2-both-teams-beat-roshan
Dota 2,dota2_both_teams_barracks,Game 2: Both Teams Destroy Barracks?,,1.0,,,0.0,0.0,0.0,2026-08-09 03:59:00+00:00,-60.206925177476855,False,False,sports_fees_v3,Both Teams Destroy Barracks,3270604,dota2-avi-ns4-2026-08-01-game2-both-teams-destroy-barracks
Dota 2,dota2_ultra_kill,Game 2: Any Player Ultra Kill?,,1.0,,,0.0,0.0,0.0,2026-08-09 03:59:00+00:00,-60.206925177476855,False,False,sports_fees_v3,Any Player Ultra Kill,3270605,dota2-avi-ns4-2026-08-01-game2-any-player-ultra-kill
Dota 2,dota2_rampage,Game 2: Any Player Rampage?,,1.0,,,0.0,0.0,0.0,2026-08-09 03:59:00+00:00,-60.206925177476855,False,False,sports_fees_v3,Any Player Rampage,3270606,dota2-avi-ns4-2026-08-01-game2-any-player-rampage
Dota 2,dota2_both_teams_roshan,Game 3: Both Teams Beat Roshan?,,1.0,,,0.0,0.0,0.0,2026-08-09 03:59:00+00:00,-60.206925177476855,False,False,sports_fees_v3,Both Teams Beat Roshan,3270608,dota2-avi-ns4-2026-08-01-game3-both-teams-beat-roshan
Dota 2,dota2_both_teams_barracks,Game 3: Both Teams Destroy Barracks?,,1.0,,,0.0,0.0,0.0,2026-08-09 03:59:00+00:00,-60.206925177476855,False,False,sports_fees_v3,Both Teams Destroy Barracks,3270609,dota2-avi-ns4-2026-08-01-game3-both-teams-destroy-barracks
Dota 2,dota2_ultra_kill,Game 3: Any Player Ultra Kill?,,1.0,,,0.0,0.0,0.0,2026-08-09 03:59:00+00:00,-60.206925177476855,False,False,sports_fees_v3,Any Player Ultra Kill,3270611,dota2-avi-ns4-2026-08-01-game3-any-player-ultra-kill
Dota 2,dota2_rampage,Game 3: Any Player Rampage?,,1.0,,,0.0,0.0,0.0,2026-08-09 03:59:00+00:00,-60.206925177476855,False,False,sports_fees_v3,Any Player Rampage,3270613,dota2-avi-ns4-2026-08-01-game3-any-player-rampage
Dota 2,moneyline,Dota 2: Team $even vs Yangon Galacticos (BO1) - BLAST Slam Southeast Asia Open Q,0.16,0.5,0.33,0.33999999999999997,0.0,4216.150345,1234.5808,2026-09-11 03:59:00+00:00,-27.206925177476855,False,False,sports_fees_v3,Match Winner,3926740,dota2-even-yg-2026-08-27
Dota 2,dota2_game_ends_daytime,Game 1: Ends in Daytime?,0.02,0.95,0.485,0.9299999999999999,0.0,0.0,70.0,2026-09-11 03:59:00+00:00,-27.206925177476855,False,False,sports_fees_v3,Ends in Daytime,3926741,dota2-even-yg-2026-08-27-game1-ends-in-daytime
Dota 2,dota2_both_teams_roshan,Game 1: Both Teams Beat Roshan?,0.05,0.98,0.515,0.9299999999999999,0.0,0.0,70.0,2026-09-11 03:59:00+00:00,-27.206925177476855,False,False,sports_fees_v3,Both Teams Beat Roshan,3926742,dota2-even-yg-2026-08-27-game1-both-teams-beat-roshan
Dota 2,dota2_both_teams_barracks,Game 1: Both Teams Destroy Barracks?,0.02,0.95,0.485,0.9299999999999999,0.0,0.0,70.0,2026-09-11 03:59:00+00:00,-27.206925177476855,False,False,sports_fees_v3,Both Teams Destroy Barracks,3926743,dota2-even-yg-2026-08-27-game1-both-teams-destroy-barracks
Dota 2,dota2_ultra_kill,Game 1: Any Player Ultra Kill?,0.02,0.95,0.485,0.9299999999999999,0.0,0.0,70.0,2026-09-11 03:59:00+00:00,-27.206925177476855,False,False,sports_fees_v3,Any Player Ultra Kill,3926744,dota2-even-yg-2026-08-27-game1-any-player-ultra-kill
Dota 2,dota2_rampage,Game 1: Any Player Rampage?,0.05,0.95,0.5,0.8999999999999999,0.0,0.0,120.0,2026-09-11 03:59:00+00:00,-27.206925177476855,False,False,sports_fees_v3,Any Player Rampage,3926745,dota2-even-yg-2026-08-27-game1-any-player-rampage
Dota 2,,Will Valve release a new Dota 2 hero by December 31?,0.012,0.997,0.5045,0.985,0.0,21.8322,3.36184,2027-01-01 04:59:00+00:00,84.83474148918981,False,False,culture_fees,,4061718,will-valve-release-a-new-dota-2-hero-by-december-31
Dota 2,child_moneyline,Dota 2: Team Kinetix vs Team Nemesis - Game 1 Winner,,0.47,,,0.0,262.556123,936.9075,2026-09-02 07:00:00+00:00,-36.081230733032406,False,False,sports_fees_v3,Game 1 Winner,4087219,dota2-kineti-nem-2026-09-01-game1
Dota 2,child_moneyline,Dota 2: Team Kinetix vs Team Nemesis - Game 2 Winner,,0.47,,,0.0,10.58,1057.2175,2026-09-02 07:00:00+00:00,-36.081230733032406,False,False,sports_fees_v3,Game 2 Winner,4087232,dota2-kineti-nem-2026-09-01-game2
Dota 2,moneyline,Dota 2: Team Kinetix vs Team Nemesis (BO3) - EPL World Series Southeast Asia Gro,0.02,0.429,0.2245,0.409,0.0,8087.698356,1785.21718,2026-09-02 09:00:00+00:00,-35.99789739969908,False,False,sports_fees_v3,Match Winner,4087236,dota2-kineti-nem-2026-09-01
Dota 2,totals,Games Total: O/U 2.5,,0.47,,,0.0,328.106383,888.7517,2026-09-02 09:00:00+00:00,-35.99789739969908,False,False,sports_fees_v3,O/U 2.5 Games,4087240,dota2-kineti-nem-2026-09-01-total-games-2pt5
Dota 2,dota2_game_ends_daytime,Game 1: Ends in Daytime?,,1.0,,,0.0,0.0,0.0,2026-09-02 07:00:00+00:00,-36.081230733032406,False,False,sports_fees_v3,Ends in Daytime,4087250,dota2-kineti-nem-2026-09-01-game1-ends-in-daytime
Dota 2,dota2_both_teams_roshan,Game 1: Both Teams Beat Roshan?,,1.0,,,0.0,0.0,0.0,2026-09-02 07:00:00+00:00,-36.081230733032406,False,False,sports_fees_v3,Both Teams Beat Roshan,4087254,dota2-kineti-nem-2026-09-01-game1-both-teams-beat-roshan
Dota 2,dota2_both_teams_barracks,Game 1: Both Teams Destroy Barracks?,,1.0,,,0.0,0.0,0.0,2026-09-02 07:00:00+00:00,-36.081230733032406,False,False,sports_fees_v3,Both Teams Destroy Barracks,4087264,dota2-kineti-nem-2026-09-01-game1-both-teams-destroy-barracks
Dota 2,dota2_ultra_kill,Game 1: Any Player Ultra Kill?,,1.0,,,0.0,0.0,0.0,2026-09-02 07:00:00+00:00,-36.081230733032406,False,False,sports_fees_v3,Any Player Ultra Kill,4087268,dota2-kineti-nem-2026-09-01-game1-any-player-ultra-kill
Dota 2,dota2_rampage,Game 1: Any Player Rampage?,,1.0,,,0.0,0.0,0.0,2026-09-02 07:00:00+00:00,-36.081230733032406,False,False,sports_fees_v3,Any Player Rampage,4087272,dota2-kineti-nem-2026-09-01-game1-any-player-rampage
Dota 2,dota2_game_ends_daytime,Game 2: Ends in Daytime?,,1.0,,,0.0,0.0,0.0,2026-09-02 07:00:00+00:00,-36.081230733032406,False,False,sports_fees_v3,Ends in Daytime,4087275,dota2-kineti-nem-2026-09-01-game2-ends-in-daytime
Dota 2,dota2_both_teams_roshan,Game 2: Both Teams Beat Roshan?,,1.0,,,0.0,0.0,0.0,2026-09-02 07:00:00+00:00,-36.081230733032406,False,False,sports_fees_v3,Both Teams Beat Roshan,4087283,dota2-kineti-nem-2026-09-01-game2-both-teams-beat-roshan
Dota 2,dota2_both_teams_barracks,Game 2: Both Teams Destroy Barracks?,,1.0,,,0.0,0.0,0.0,2026-09-02 07:00:00+00:00,-36.081230733032406,False,False,sports_fees_v3,Both Teams Destroy Barracks,4087287,dota2-kineti-nem-2026-09-01-game2-both-teams-destroy-barracks
Dota 2,dota2_ultra_kill,Game 2: Any Player Ultra Kill?,,1.0,,,0.0,0.0,0.0,2026-09-02 07:00:00+00:00,-36.081230733032406,False,False,sports_fees_v3,Any Player Ultra Kill,4087291,dota2-kineti-nem-2026-09-01-game2-any-player-ultra-kill
Dota 2,dota2_rampage,Game 2: Any Player Rampage?,,1.0,,,0.0,0.0,0.0,2026-09-02 07:00:00+00:00,-36.081230733032406,False,False,sports_fees_v3,Any Player Rampage,4087301,dota2-kineti-nem-2026-09-01-game2-any-player-rampage
Dota 2,dota2_game_ends_daytime,Game 3: Ends in Daytime?,,1.0,,,0.0,0.0,0.0,2026-09-02 08:00:00+00:00,-36.03956406636574,False,False,sports_fees_v3,Ends in Daytime,4087305,dota2-kineti-nem-2026-09-01-game3-ends-in-daytime
Basketball Champions League,moneyline,Nanterre vs. BC Rytas,0.03,0.97,0.5,0.94,0.0,0.0,86.1196,2026-10-20 18:00:00+00:00,12.377102600300926,False,False,sports_fees_v3,,5400014,bkcl-nan-ryt-2026-10-13
Basketball Champions League,moneyline,Pallacanestro Varese vs. Peristeri,0.03,0.97,0.5,0.94,0.0,0.0,86.1196,2026-10-20 18:00:00+00:00,12.377102600300926,False,False,sports_fees_v3,,5400015,bkcl-pal3-per-2026-10-13
Basketball Champions League,moneyline,Alba Berlin vs. Igokea,0.03,0.97,0.5,0.94,0.0,0.0,86.066,2026-10-20 18:00:00+00:00,12.377102600300926,False,False,sports_fees_v3,,5400016,bkcl-alb-igo-2026-10-13
Basketball Champions League,moneyline,Trabzonspor vs. Sabah Baku,0.03,0.97,0.5,0.94,0.0,0.0,93.5796,2026-10-21 16:00:00+00:00,13.293769266967594,False,False,sports_fees_v3,,5425078,bkcl-tra2-sab-2026-10-14
Basketball Champions League,moneyline,Brose Bamberg vs. CB Murcia,0.03,0.97,0.5,0.94,0.0,0.0,93.5796,2026-10-21 17:00:00+00:00,13.33543593363426,False,False,sports_fees_v3,,5425079,bkcl-bro-cb-2026-10-14
Basketball Champions League,moneyline,Spartak Subotica vs. Hapoel Holon,0.03,0.97,0.5,0.94,0.0,0.0,93.5796,2026-10-21 18:00:00+00:00,13.377102600300926,False,False,sports_fees_v3,,5425080,bkcl-spa-hap-2026-10-14
Basketball Champions League,moneyline,Cholet vs. SC RASTA Vechta,0.03,0.97,0.5,0.94,0.0,0.0,93.5796,2026-10-21 18:00:00+00:00,13.377102600300926,False,False,sports_fees_v3,,5425081,bkcl-cho-sc-2026-10-14
Basketball Champions League,moneyline,Bilbao Basket vs. SK Slavia Prague,0.03,0.97,0.5,0.94,0.0,0.0,93.5796,2026-10-21 18:00:00+00:00,13.377102600300926,False,False,sports_fees_v3,,5425082,bkcl-bil-sk-2026-10-14
World Cup,,"Will the announcers say ""Goal"" 20+ times during the USA vs Australia FIFA World ",,0.99,,,0.0,0.0,2.0,2026-06-19 23:59:00+00:00,-110.3735918441435,False,False,mentions_fees,Goal 20+ times,2586441,will-the-announcers-say-goal-20-times-during-the-usa-vs-australia-fifa-world-cup-match-20260616192252893
World Cup,,"Will the announcers say ""Shot"" 20+ times during the USA vs Australia FIFA World ",,0.99,,,0.0,0.0,2.0,2026-06-19 23:59:00+00:00,-110.3735918441435,False,False,mentions_fees,Shot 20+ times,2586442,will-the-announcers-say-shot-20-times-during-the-usa-vs-australia-fifa-world-cup-match-20260616192252894
World Cup,,"Will the announcers say ""Fan"" 10+ times during the USA vs Australia FIFA World C",,1.0,,,0.0,0.0,0.0,2026-06-19 23:59:00+00:00,-110.3735918441435,False,False,mentions_fees,Fan 10+ times,2586443,will-the-announcers-say-fan-10-times-during-the-usa-vs-australia-fifa-world-cup-match-20260616192252895
World Cup,,"Will the announcers say ""Hydration Break"" 10+ times during the USA vs Australia ",,0.99,,,0.0,0.0,2.0,2026-06-19 23:59:00+00:00,-110.3735918441435,False,False,mentions_fees,Hydration Break 10+ times,2586444,will-the-announcers-say-hydration-break-10-times-during-the-usa-vs-australia-fifa-world-cup-match-20260616192252896
World Cup,,"Will the announcers say ""Ankle"" during the USA vs Australia FIFA World Cup Match",,1.0,,,0.0,0.0,0.0,2026-06-19 23:59:00+00:00,-110.3735918441435,False,False,mentions_fees,Ankle,2586451,will-the-announcers-say-ankle-during-the-usa-vs-australia-fifa-world-cup-match-20260616192252903
World Cup,,"Will the announcers say ""Golden Boot"" during the USA vs Australia FIFA World Cup",,0.99,,,0.0,0.0,2.0,2026-06-19 23:59:00+00:00,-110.3735918441435,False,False,mentions_fees,Golden Boot,2586453,will-the-announcers-say-golden-boot-during-the-usa-vs-australia-fifa-world-cup-match-20260616192252905
World Cup,,"Will the announcers say ""Loose Ball"" during the USA vs Australia FIFA World Cup ",,0.99,,,0.0,0.0,2.0,2026-06-19 23:59:00+00:00,-110.3735918441435,False,False,mentions_fees,Loose Ball,2586455,will-the-announcers-say-loose-ball-during-the-usa-vs-australia-fifa-world-cup-match-20260616192252907
World Cup,,"Will the announcers say ""What A Player"" during the USA vs Australia FIFA World C",,0.99,,,0.0,0.0,2.0,2026-06-19 23:59:00+00:00,-110.3735918441435,False,False,mentions_fees,What A Player,2586456,will-the-announcers-say-what-a-player-during-the-usa-vs-australia-fifa-world-cup-match-20260616192252908
World Cup,,Will FIFA Sell Equity in the World Cup in 2026?,0.005,0.017,0.011000000000000001,0.012,0.0,2620.740918,444.08268,2027-01-01 04:59:00+00:00,84.83474148918981,False,False,sports_fees_v3,,3246861,will-fifa-sell-equity-in-the-world-cup-in-2026-20260731200630377
World Cup,,Will Barcelona host the final of the 2030 FIFA World Cup?,0.001,0.01,0.0055,0.009000000000000001,0.0,12268.943703999998,2552.84833,,,False,True,sports_fees_v3,Barcelona,3369413,will-barcelona-host-the-final-of-the-2030-fifa-world-cup-20260805200159830
World Cup,,Will Madrid host the final of the 2030 FIFA World Cup?,0.37,0.38,0.375,0.010000000000000009,0.0,36545.898665,64751.6885,,,False,True,sports_fees_v3,Madrid,3369414,will-madrid-host-the-final-of-the-2030-fifa-world-cup-20260805200159831
World Cup,,Will any Portuguese city host the final of the 2030 FIFA World Cup?,0.001,0.002,0.0015,0.001,605.0,14184.828732999998,6900.85143,,,False,True,sports_fees_v3,Portuguese city,3369415,will-any-portuguese-city-host-the-final-of-the-2030-fifa-world-cup-20260805200159834
World Cup,,Will any Moroccan city host the final of the 2030 FIFA World Cup?,0.125,0.136,0.1305,0.01100000000000001,0.0,38498.832706,5547.8857,,,False,True,sports_fees_v3,Moroccan city,3369416,will-any-moroccan-city-host-the-final-of-the-2030-fifa-world-cup-20260805200159835
World Cup,,Will another city host the final of the 2030 FIFA World Cup?,0.46,0.47,0.46499999999999997,0.009999999999999953,100.0,177710.810649,42793.6201,,,False,True,sports_fees_v3,Other / Unconfirmed by 2028,3369417,will-another-city-host-the-final-of-the-2030-fifa-world-cup-20260805200159843
World Cup,,Will Spain be removed as a host nation of the 2030 World Cup?,0.009,0.15,0.0795,0.141,0.0,56.666667000000004,27.20685,2027-01-01 04:59:00+00:00,84.83474148918981,False,False,sports_fees_v3,Spain,3399832,will-spain-be-removed-as-a-host-nation-of-the-2030-world-cup-20260807013851003
World Cup,,Will Portugal be removed as a host nation of the 2030 World Cup?,0.002,0.251,0.1265,0.249,0.0,0.0,230.70589,2027-01-01 04:59:00+00:00,84.83474148918981,False,False,sports_fees_v3,Portugal,3399833,will-portugal-be-removed-as-a-host-nation-of-the-2030-world-cup-20260807013851004
World Cup,,Will Morocco be removed as a host nation of the 2030 World Cup?,0.019,0.258,0.1385,0.23900000000000002,0.0,53.663332,243.99153,2027-01-01 04:59:00+00:00,84.83474148918981,False,False,sports_fees_v3,Morocco,3399834,will-morocco-be-removed-as-a-host-nation-of-the-2030-world-cup-20260807013851005
World Cup,,Will Uruguay be removed as a host nation of the 2030 World Cup?,0.015,0.051,0.033,0.036,0.0,262.76,32.05886,2027-01-01 04:59:00+00:00,84.83474148918981,False,False,sports_fees_v3,Uruguay,3399835,will-uruguay-be-removed-as-a-host-nation-of-the-2030-world-cup-20260807013851006
World Cup,,Will Argentina be removed as a host nation of the 2030 World Cup?,0.002,0.251,0.1265,0.249,0.0,0.0,231.10598,2027-01-01 04:59:00+00:00,84.83474148918981,False,False,sports_fees_v3,Argentina,3399836,will-argentina-be-removed-as-a-host-nation-of-the-2030-world-cup-20260807013851007
World Cup,,Will Paraguay be removed as a host nation of the 2030 World Cup?,0.05,0.083,0.0665,0.033,0.0,586.5309,317.65938,2027-01-01 04:59:00+00:00,84.83474148918981,False,False,sports_fees_v3,Paraguay,3399837,will-paraguay-be-removed-as-a-host-nation-of-the-2030-world-cup-20260807013851008
Betclic Élite,moneyline,Dijon vs. Limoges,0.69,0.8,0.745,0.1100000000000001,0.0,0.0,909.5183,2026-10-16 18:00:00+00:00,8.377102600300926,False,False,sports_fees_v3,,5400017,bkfr1-dij-lim-2026-10-09
Betclic Élite,spreads,Spread: Dijon (-7.5),0.44,0.54,0.49,0.10000000000000003,0.0,0.0,16.3138,2026-10-09 18:00:00+00:00,1.377102600300926,False,False,sports_fees_v3,Dijon (-7.5),5400150,bkfr1-dij-lim-2026-10-09-spread-home-7pt5
Betclic Élite,totals,Dijon vs. Limoges: O/U 160.5,0.5,0.61,0.5549999999999999,0.10999999999999999,0.0,0.0,6.3699,2026-10-09 18:00:00+00:00,1.377102600300926,False,False,sports_fees_v3,O/U 160.5,5400151,bkfr1-dij-lim-2026-10-09-total-160pt5
Betclic Élite,moneyline,Cholet vs. Pau-Orthez,0.77,0.9,0.835,0.13,0.0,0.0,129.7292,2026-10-17 16:00:00+00:00,9.293769266967594,False,False,sports_fees_v3,,5425084,bkfr1-cho-pau-2026-10-10
Betclic Élite,moneyline,Nanterre vs. BCM Gravelines Dunkerque,0.75,0.87,0.81,0.12,0.0,0.0,109.9795,2026-10-17 16:00:00+00:00,9.293769266967594,False,False,sports_fees_v3,,5425085,bkfr1-nan2-bcm-2026-10-10
Betclic Élite,moneyline,Chalon/Saone vs. Nancy,0.72,0.84,0.78,0.12,0.0,0.0,109.9795,2026-10-17 16:30:00+00:00,9.314602600300926,False,False,sports_fees_v3,,5425086,bkfr1-cha-nan-2026-10-10
Betclic Élite,moneyline,Boulazac vs. Bourg-en-Bresse,0.25,0.38,0.315,0.13,0.0,0.0,114.429,2026-10-17 18:30:00+00:00,9.39793593363426,False,False,sports_fees_v3,,5425087,bkfr1-bou2-bou-2026-10-10
Betclic Élite,spreads,Spread: Bourg-en-Bresse (-5.5),0.02,0.98,0.5,0.96,0.0,0.0,3.0398,2026-10-10 18:30:00+00:00,2.397935933634259,False,False,sports_fees_v3,Bourg-en-Bresse (-5.5),5425226,bkfr1-bou2-bou-2026-10-10-spread-away-5pt5
Betclic Élite,totals,Boulazac vs. Bourg-en-Bresse: O/U 167.5,,0.99,,,0.0,0.0,0.9599,2026-10-10 18:30:00+00:00,2.397935933634259,False,False,sports_fees_v3,O/U 167.5,5425227,bkfr1-bou2-bou-2026-10-10-total-167pt5
Betclic Élite,spreads,Spread: Chalon/Saone (-8.5),0.43,0.55,0.49,0.12000000000000005,0.0,0.0,7.4398,2026-10-10 16:30:00+00:00,2.3146026003009257,False,False,sports_fees_v3,Chalon/Saone (-8.5),5425228,bkfr1-cha-nan-2026-10-10-spread-home-8pt5
Betclic Élite,totals,Chalon/Saone vs. Nancy: O/U 163.5,0.01,0.99,0.5,0.98,0.0,0.0,1.9198,2026-10-10 16:30:00+00:00,2.3146026003009257,False,False,sports_fees_v3,O/U 163.5,5425229,bkfr1-cha-nan-2026-10-10-total-163pt5
Betclic Élite,spreads,Spread: Nanterre (-9.5),0.02,0.98,0.5,0.96,0.0,0.0,3.0398,2026-10-10 16:00:00+00:00,2.2937692669675926,False,False,sports_fees_v3,Nanterre (-9.5),5425230,bkfr1-nan2-bcm-2026-10-10-spread-home-9pt5
Betclic Élite,totals,Nanterre vs. BCM Gravelines Dunkerque: O/U 164.5,0.01,0.99,0.5,0.98,0.0,0.0,1.9198,2026-10-10 16:00:00+00:00,2.2937692669675926,False,False,sports_fees_v3,O/U 164.5,5425231,bkfr1-nan2-bcm-2026-10-10-total-164pt5
Betclic Élite,spreads,Spread: Cholet (-10.5),0.02,0.98,0.5,0.96,0.0,0.0,3.0398,2026-10-10 16:00:00+00:00,2.2937692669675926,False,False,sports_fees_v3,Cholet (-10.5),5425232,bkfr1-cho-pau-2026-10-10-spread-home-10pt5
Betclic Élite,totals,Cholet vs. Pau-Orthez: O/U 163.5,0.01,0.99,0.5,0.98,0.0,0.0,1.9198,2026-10-10 16:00:00+00:00,2.2937692669675926,False,False,sports_fees_v3,O/U 163.5,5425233,bkfr1-cho-pau-2026-10-10-total-163pt5
Liga ACB,moneyline,Joventut vs. Basquet Club Andorra,0.01,0.99,0.5,0.98,0.0,93.873331,1.1198,2026-10-10 16:00:00+00:00,2.2937692669675926,False,False,sports_fees_v3,,5017149,bkligend-jov-bas3-2026-10-03
Liga ACB,spreads,Spread: Joventut (-7.5),0.01,0.99,0.5,0.98,0.0,101.593651,1.1197,2026-10-03 16:00:00+00:00,-4.706230733032408,False,False,sports_fees_v3,Joventut (-7.5),5160229,bkligend-jov-bas3-2026-10-03-spread-home-7pt5
Liga ACB,totals,Joventut vs. Basquet Club Andorra: O/U 170.5,0.01,0.99,0.5,0.98,0.0,0.0,1.1198,2026-10-03 16:00:00+00:00,-4.706230733032408,False,False,sports_fees_v3,O/U 170.5,5160230,bkligend-jov-bas3-2026-10-03-total-170pt5
Liga ACB,moneyline,CB Breogan Lugo vs. Basquet Girona,0.65,0.77,0.71,0.12,0.0,0.0,1345.3142,2026-10-17 19:00:00+00:00,9.418769266967594,False,False,sports_fees_v3,,5270360,bkligend-cb-bas-2026-10-10
Liga ACB,moneyline,Basquet Coruna vs. Basket Zaragoza,0.47,0.59,0.53,0.12,0.0,0.0,1413.8529,2026-10-17 16:00:00+00:00,9.293769266967594,False,False,sports_fees_v3,,5270361,bkligend-bas4-bas2-2026-10-10
Liga ACB,moneyline,Unicaja vs. Basquet Club Andorra,0.86,0.97,0.915,0.10999999999999999,0.0,2.0618,1082.0635,2026-10-17 17:30:00+00:00,9.356269266967594,False,False,sports_fees_v3,,5270362,bkligend-uni-bas3-2026-10-10
Liga ACB,moneyline,Monbus Obradoiro vs. Forca Lleida CE,0.59,0.71,0.6499999999999999,0.12,0.0,0.0,577.7638,2026-10-18 10:00:00+00:00,10.043769266967594,False,False,sports_fees_v3,,5317335,bkligend-mon-for-2026-10-11
Liga ACB,moneyline,Bilbao Basket vs. Burgos,0.65,0.77,0.71,0.12,0.0,0.0,1388.9908,2026-10-18 16:00:00+00:00,10.293769266967594,False,False,sports_fees_v3,,5317336,bkligend-bil-bur-2026-10-11
Liga ACB,moneyline,CB Murcia vs. La Laguna Tenerife,0.03,0.97,0.5,0.94,0.0,0.0,163.9131,2026-10-18 10:30:00+00:00,10.064602600300926,False,False,sports_fees_v3,,5317337,bkligend-cb2-la-2026-10-11
Liga ACB,moneyline,Real Madrid vs. Manresa,0.56,0.96,0.76,0.3999999999999999,0.0,0.0,1016.8707,2026-10-18 10:00:00+00:00,10.043769266967594,False,False,sports_fees_v3,,5317338,bkligend-rea-man-2026-10-11
Liga ACB,moneyline,Barcelona vs. Valencia,0.55,0.67,0.6100000000000001,0.12,0.0,0.0,1814.5981,2026-10-18 17:00:00+00:00,10.33543593363426,False,False,sports_fees_v3,,5317339,bkligend-bar-val-2026-10-11
Liga ACB,moneyline,Kosner Baskonia vs. Joventut,0.59,0.71,0.6499999999999999,0.12,0.0,0.0,1089.9352,2026-10-18 15:00:00+00:00,10.252102600300926,False,False,sports_fees_v3,,5317340,bkligend-sas-jov-2026-10-11
Liga ACB,spreads,Spread: Kosner Baskonia (-4.5),0.01,0.99,0.5,0.98,0.0,0.0,1.92,2026-10-11 15:00:00+00:00,3.2521026003009257,False,False,sports_fees_v3,Kosner Baskonia (-4.5),5407831,bkligend-sas-jov-2026-10-11-spread-home-4pt5
Liga ACB,totals,Kosner Baskonia vs. Joventut: O/U 182.5,0.01,0.99,0.5,0.98,0.0,0.0,1.9198,2026-10-11 15:00:00+00:00,3.2521026003009257,False,False,sports_fees_v3,O/U 182.5,5407832,bkligend-sas-jov-2026-10-11-total-182pt5
Liga ACB,spreads,Spread: Real Madrid (-15.5),0.01,0.99,0.5,0.98,0.0,0.0,1.92,2026-10-11 10:00:00+00:00,3.0437692669675926,False,False,sports_fees_v3,Real Madrid (-15.5),5407833,bkligend-rea-man-2026-10-11-spread-home-15pt5
Liga ACB,totals,Real Madrid vs. Manresa: O/U 180.5,0.01,0.99,0.5,0.98,0.0,0.0,1.92,2026-10-11 10:00:00+00:00,3.0437692669675926,False,False,sports_fees_v3,O/U 180.5,5407834,bkligend-rea-man-2026-10-11-total-180pt5
Liga ACB,spreads,Spread: Monbus Obradoiro (-4.5),0.01,0.99,0.5,0.98,0.0,0.0,1.92,2026-10-11 10:00:00+00:00,3.0437692669675926,False,False,sports_fees_v3,Monbus Obradoiro (-4.5),5407835,bkligend-mon-for-2026-10-11-spread-home-4pt5
Liga ACB,spreads,Spread: Basquet Coruna (-1.5),0.01,0.99,0.5,0.98,0.0,0.0,1.92,2026-10-10 16:00:00+00:00,2.2937692669675926,False,False,sports_fees_v3,Basquet Coruna (-1.5),5407836,bkligend-bas4-bas2-2026-10-10-spread-home-1pt5
Liga ACB,totals,Basquet Coruna vs. Basket Zaragoza: O/U 181.5,0.01,0.99,0.5,0.98,0.0,0.0,1.92,2026-10-10 16:00:00+00:00,2.2937692669675926,False,False,sports_fees_v3,O/U 181.5,5407837,bkligend-bas4-bas2-2026-10-10-total-181pt5
Liga ACB,spreads,Spread: CB Breogan Lugo (-4.5),0.01,0.99,0.5,0.98,0.0,0.0,1.92,2026-10-10 19:00:00+00:00,2.4187692669675926,False,False,sports_fees_v3,CB Breogan Lugo (-4.5),5407838,bkligend-cb-bas-2026-10-10-spread-home-4pt5
Liga ACB,totals,CB Breogan Lugo vs. Basquet Girona: O/U 184.5,0.01,0.99,0.5,0.98,0.0,0.0,1.92,2026-10-10 19:00:00+00:00,2.4187692669675926,False,False,sports_fees_v3,O/U 184.5,5407839,bkligend-cb-bas-2026-10-10-total-184pt5
Liga ACB,spreads,Spread: Barcelona (-3.5),0.01,0.99,0.5,0.98,0.0,0.0,1.92,2026-10-11 17:00:00+00:00,3.335435933634259,False,False,sports_fees_v3,Barcelona (-3.5),5408896,bkligend-bar-val-2026-10-11-spread-home-3pt5
Liga ACB,totals,Barcelona vs. Valencia: O/U 176.5,0.01,0.99,0.5,0.98,0.0,0.0,1.9199,2026-10-11 17:00:00+00:00,3.335435933634259,False,False,sports_fees_v3,O/U 176.5,5408897,bkligend-bar-val-2026-10-11-total-176pt5
Liga ACB,spreads,Spread: Bilbao Basket (-5.5),0.45,0.57,0.51,0.11999999999999994,0.0,0.0,6.32,2026-10-11 16:00:00+00:00,3.2937692669675926,False,False,sports_fees_v3,Bilbao Basket (-5.5),5408898,bkligend-bil-bur-2026-10-11-spread-home-5pt5
Liga ACB,totals,Bilbao Basket vs. Burgos: O/U 179.5,0.01,0.99,0.5,0.98,0.0,0.0,1.9198,2026-10-11 16:00:00+00:00,3.2937692669675926,False,False,sports_fees_v3,O/U 179.5,5408899,bkligend-bil-bur-2026-10-11-total-179pt5
Liga ACB,totals,Monbus Obradoiro vs. Forca Lleida CE: O/U 183.5,0.01,0.99,0.5,0.98,0.0,0.0,1.92,2026-10-11 10:00:00+00:00,3.0437692669675926,False,False,sports_fees_v3,O/U 183.5,5408900,bkligend-mon-for-2026-10-11-total-183pt5
China League One,soccer_first_corner,Yanbian Longding vs. Meizhou Hakka: Team to Take First Corner,,1.0,,,0.0,0.0,0.0,2026-07-26 10:00:00+00:00,-73.95623073303241,False,False,sports_fees_v3,Team to Take First Corner,3084414,chi2-yan-mei-2026-07-26-first-corner
China League One,soccer_first_corner,Shijiazhuang Gongfu FC vs. Nantong Zhiyun: Team to Take First Corner,,1.0,,,0.0,0.0,0.0,2026-07-25 11:30:00+00:00,-74.89373073303241,False,False,sports_fees_v3,Team to Take First Corner,3084437,chi2-shi-nan-2026-07-25-first-corner
China League One,total_corners,Foshan Nanshi FC vs. Wuxi Wugou: O/U 11.5 Total Corners,,1.0,,,0.0,0.0,0.0,2026-07-25 11:30:00+00:00,-74.89373073303241,False,False,sports_fees_v3,Total Corners: O/U 11.5,3084442,chi2-fos-wux-2026-07-25-corners-total-11pt5
China League One,total_corners,Foshan Nanshi FC vs. Wuxi Wugou: O/U 12.5 Total Corners,,1.0,,,0.0,0.0,0.0,2026-07-25 11:30:00+00:00,-74.89373073303241,False,False,sports_fees_v3,Total Corners: O/U 12.5,3084443,chi2-fos-wux-2026-07-25-corners-total-12pt5
China League One,soccer_team_total_corners,Foshan Nanshi FC vs. Wuxi Wugou: Wuxi Wugou O/U 2.5 Corners,,1.0,,,0.0,0.0,0.0,2026-07-25 11:30:00+00:00,-74.89373073303241,False,False,sports_fees_v3,Wuxi Wugou Corners: O/U 2.5,3084455,chi2-fos-wux-2026-07-25-corners-team-away-2pt5
China League One,soccer_team_total_corners,Foshan Nanshi FC vs. Wuxi Wugou: Wuxi Wugou O/U 3.5 Corners,,1.0,,,0.0,0.0,0.0,2026-07-25 11:30:00+00:00,-74.89373073303241,False,False,sports_fees_v3,Wuxi Wugou Corners: O/U 3.5,3084456,chi2-fos-wux-2026-07-25-corners-team-away-3pt5
China League One,soccer_first_corner,Foshan Nanshi FC vs. Wuxi Wugou: Team to Take First Corner,,1.0,,,0.0,0.0,0.0,2026-07-25 11:30:00+00:00,-74.89373073303241,False,False,sports_fees_v3,Team to Take First Corner,3084460,chi2-fos-wux-2026-07-25-first-corner
China League One,soccer_first_corner,Shaanxi Union FC vs. Shenzhen Juniors FC: Team to Take First Corner,,1.0,,,0.0,0.0,0.0,2026-07-25 11:00:00+00:00,-74.91456406636574,False,False,sports_fees_v3,Team to Take First Corner,3084483,chi2-sha-she-2026-07-25-first-corner
China League One,total_corners,Changchun Yatai vs. Nanjing City: O/U 13.5 Total Corners,,1.0,,,0.0,0.0,0.0,2026-07-25 11:00:00+00:00,-74.91456406636574,False,False,sports_fees_v3,Total Corners: O/U 13.5,3084490,chi2-cha-nac-2026-07-25-corners-total-13pt5
China League One,soccer_first_half_total_corners,Changchun Yatai vs. Nanjing City: 1st Half O/U 5.5 Total Corners,,1.0,,,0.0,0.0,0.0,2026-07-25 11:00:00+00:00,-74.91456406636574,False,False,sports_fees_v3,1st Half Total Corners: O/U 5.5,3084493,chi2-cha-nac-2026-07-25-corners-first-half-total-5pt5
China League One,soccer_team_total_corners,Changchun Yatai vs. Nanjing City: Changchun Yatai O/U 3.5 Corners,,1.0,,,0.0,0.0,0.0,2026-07-25 11:00:00+00:00,-74.91456406636574,False,False,sports_fees_v3,Changchun Yatai Corners: O/U 3.5,3084498,chi2-cha-nac-2026-07-25-corners-team-home-3pt5
China League One,soccer_team_total_corners,Changchun Yatai vs. Nanjing City: Changchun Yatai O/U 4.5 Corners,,1.0,,,0.0,0.0,0.0,2026-07-25 11:00:00+00:00,-74.91456406636574,False,False,sports_fees_v3,Changchun Yatai Corners: O/U 4.5,3084499,chi2-cha-nac-2026-07-25-corners-team-home-4pt5
China League One,soccer_game_corners_odd_even,Changchun Yatai vs. Nanjing City: Total Corners Odd or Even?,,1.0,,,0.0,0.0,0.0,2026-07-25 11:00:00+00:00,-74.91456406636574,False,False,sports_fees_v3,Total Corners: Odd or Even,3084505,chi2-cha-nac-2026-07-25-corners-odd-even
China League One,soccer_first_corner,Changchun Yatai vs. Nanjing City: Team to Take First Corner,,1.0,,,0.0,0.0,0.0,2026-07-25 11:00:00+00:00,-74.91456406636574,False,False,sports_fees_v3,Team to Take First Corner,3084506,chi2-cha-nac-2026-07-25-first-corner
China League One,total_corners,Ningbo Professional FC vs. Guandong GZ-Power FC: O/U 13.5 Total Corners,,1.0,,,0.0,0.0,0.0,2026-07-25 11:00:00+00:00,-74.91456406636574,False,False,sports_fees_v3,Total Corners: O/U 13.5,3084513,chi2-nip-gua-2026-07-25-corners-total-13pt5
China League One,soccer_first_corner,Ningbo Professional FC vs. Guandong GZ-Power FC: Team to Take First Corner,,1.0,,,0.0,0.0,0.0,2026-07-25 11:00:00+00:00,-74.91456406636574,False,False,sports_fees_v3,Team to Take First Corner,3084529,chi2-nip-gua-2026-07-25-first-corner
China League One,both_teams_to_score_second_half,Shijiazhuang Gongfu FC vs. Nantong Zhiyun: Both Teams to Score in Second Half,0.001,0.999,0.5,0.998,0.0,0.0,0.04,2026-07-25 11:30:00+00:00,-74.89373073303241,False,False,sports_fees_v3,Both Teams to Score in Second Half,3086287,chi2-shi-nan-2026-07-25-btts-second-half
China League One,,Will Changchun Yatai be promoted to Chinese Super League?,,0.99,,,0.0,0.0,0.7839,2027-01-01 04:59:00+00:00,84.83474148918981,False,False,sports_fees_v3,Changchun Yatai,3847995,will-changchun-yatai-be-promoted-to-chinese-super-league-2026
China League One,,Will Dalian Kun City be promoted to Chinese Super League?,0.01,0.97,0.49,0.96,0.0,0.0,3.8835,2027-01-01 04:59:00+00:00,84.83474148918981,False,False,sports_fees_v3,Dalian Kun City,3847997,will-dalian-kun-city-be-promoted-to-chinese-super-league-2026
China League One,,Will Foshan Nanshi be promoted to Chinese Super League?,,0.99,,,0.0,0.0,0.7839,2027-01-01 04:59:00+00:00,84.83474148918981,False,False,sports_fees_v3,Foshan Nanshi,3847999,will-foshan-nanshi-be-promoted-to-chinese-super-league-2026
China League One,,Will Guandong GZ-Power be promoted to Chinese Super League?,,0.99,,,0.0,0.0,0.7839,2027-01-01 04:59:00+00:00,84.83474148918981,False,False,sports_fees_v3,Guandong GZ-Power,3848001,will-guandong-gz-power-be-promoted-to-chinese-super-league-2026
China League One,,Will Guangxi Hengchen be promoted to Chinese Super League?,0.02,0.98,0.5,0.96,0.0,0.0,3.8839,2027-01-01 04:59:00+00:00,84.83474148918981,False,False,sports_fees_v3,Guangxi Hengchen,3848003,will-guangxi-hengchen-be-promoted-to-chinese-super-league-2026
China League One,,Will Jiangxi Dingnan United be promoted to Chinese Super League?,,0.99,,,0.0,0.0,0.7839,2027-01-01 04:59:00+00:00,84.83474148918981,False,False,sports_fees_v3,Jiangxi Dingnan United,3848005,will-jiangxi-dingnan-united-be-promoted-to-chinese-super-league-2026
China League One,,Will Meizhou Hakka be promoted to Chinese Super League?,,0.99,,,0.0,0.0,0.7839,2027-01-01 04:59:00+00:00,84.83474148918981,False,False,sports_fees_v3,Meizhou Hakka,3848007,will-meizhou-hakka-be-promoted-to-chinese-super-league-2026
China League One,,Will Nanjing City be promoted to Chinese Super League?,,0.99,,,0.0,0.0,0.7839,2027-01-01 04:59:00+00:00,84.83474148918981,False,False,sports_fees_v3,Nanjing City,3848009,will-nanjing-city-be-promoted-to-chinese-super-league-2026
China League One,,Will Nantong Zhiyun be promoted to Chinese Super League?,,0.99,,,0.0,0.0,0.7839,2027-01-01 04:59:00+00:00,84.83474148918981,False,False,sports_fees_v3,Nantong Zhiyun,3848011,will-nantong-zhiyun-be-promoted-to-chinese-super-league-2026
China League One,,Will Ningbo Professional be promoted to Chinese Super League?,,0.99,,,0.0,0.0,0.784,2027-01-01 04:59:00+00:00,84.83474148918981,False,False,sports_fees_v3,Ningbo Professional,3848013,will-ningbo-professional-be-promoted-to-chinese-super-league-2026
China League One,,Will Shaanxi Union be promoted to Chinese Super League?,,0.99,,,0.0,0.0,0.7839,2027-01-01 04:59:00+00:00,84.83474148918981,False,False,sports_fees_v3,Shaanxi Union,3848015,will-shaanxi-union-be-promoted-to-chinese-super-league-2026
China League One,,Will Shenzhen Juniors be promoted to Chinese Super League?,0.01,0.98,0.495,0.97,0.0,0.0,3.8838,2027-01-01 04:59:00+00:00,84.83474148918981,False,False,sports_fees_v3,Shenzhen Juniors,3848017,will-shenzhen-juniors-be-promoted-to-chinese-super-league-2026
China League One,,Will Shijiazhuang Gongfu be promoted to Chinese Super League?,,0.99,,,0.0,0.0,0.7839,2027-01-01 04:59:00+00:00,84.83474148918981,False,False,sports_fees_v3,Shijiazhuang Gongfu,3848019,will-shijiazhuang-gongfu-be-promoted-to-chinese-super-league-2026
China League One,,Will Suzhou Dongwu be promoted to Chinese Super League?,,0.99,,,0.0,0.0,0.7839,2027-01-01 04:59:00+00:00,84.83474148918981,False,False,sports_fees_v3,Suzhou Dongwu,3848021,will-suzhou-dongwu-be-promoted-to-chinese-super-league-2026
China League One,,Will Wuxi Wugou be promoted to Chinese Super League?,,0.99,,,0.0,0.0,0.784,2027-01-01 04:59:00+00:00,84.83474148918981,False,False,sports_fees_v3,Wuxi Wugou,3848022,will-wuxi-wugou-be-promoted-to-chinese-super-league-2026
China League One,,Will Yanbian Longding be promoted to Chinese Super League?,,0.99,,,0.0,0.0,0.7839,2027-01-01 04:59:00+00:00,84.83474148918981,False,False,sports_fees_v3,Yanbian Longding,3848023,will-yanbian-longding-be-promoted-to-chinese-super-league-2026
World Championship of Legends,moneyline,World Championship of Legends: India Champions vs South Africa Champions,0.27,0.54,0.405,0.27,7.77,484.829882,249.9383,2026-10-13 11:30:00+00:00,5.106269266967592,False,False,sports_fees_v3,,5180869,cricwcl-ind-sou-2026-10-06
World Championship of Legends,cricket_toss_winner,World Championship of Legends: India Champions vs South Africa Champions - Who w,,1.0,,,0.0,0.0,0.0,2026-10-13 11:30:00+00:00,5.106269266967592,False,False,sports_fees_v3,,5180876,cricwcl-ind-sou-2026-10-06-toss-winner
World Championship of Legends,cricket_completed_match,World Championship of Legends: India Champions vs South Africa Champions - Compl,,1.0,,,0.0,0.0,0.0,2026-10-13 11:30:00+00:00,5.106269266967592,False,False,sports_fees_v3,,5180880,cricwcl-ind-sou-2026-10-06-completed-match
World Championship of Legends,cricket_toss_match_double,World Championship of Legends: India Champions vs South Africa Champions - Toss ,,1.0,,,0.0,0.0,0.0,2026-10-13 11:30:00+00:00,5.106269266967592,False,True,sports_fees_v3,IND,5180888,cricwcl-ind-sou-2026-10-06-toss-match-double-ind
World Championship of Legends,cricket_toss_match_double,World Championship of Legends: India Champions vs South Africa Champions - Toss ,,1.0,,,0.0,0.0,0.0,2026-10-13 11:30:00+00:00,5.106269266967592,False,True,sports_fees_v3,Draw,5180890,cricwcl-ind-sou-2026-10-06-toss-match-double-draw
World Championship of Legends,cricket_toss_match_double,World Championship of Legends: India Champions vs South Africa Champions - Toss ,,1.0,,,0.0,0.0,0.0,2026-10-13 11:30:00+00:00,5.106269266967592,False,True,sports_fees_v3,SOU,5180893,cricwcl-ind-sou-2026-10-06-toss-match-double-sou
World Championship of Legends,cricket_most_sixes,World Championship of Legends: India Champions vs South Africa Champions - Most ,,1.0,,,0.0,0.0,0.0,2026-10-13 11:30:00+00:00,5.106269266967592,False,True,sports_fees_v3,IND,5180904,cricwcl-ind-sou-2026-10-06-most-sixes-ind
World Championship of Legends,cricket_most_sixes,World Championship of Legends: India Champions vs South Africa Champions - Most ,,1.0,,,0.0,0.0,0.0,2026-10-13 11:30:00+00:00,5.106269266967592,False,True,sports_fees_v3,Draw,5180907,cricwcl-ind-sou-2026-10-06-most-sixes-draw
World Championship of Legends,cricket_most_sixes,World Championship of Legends: India Champions vs South Africa Champions - Most ,,1.0,,,0.0,0.0,0.0,2026-10-13 11:30:00+00:00,5.106269266967592,False,True,sports_fees_v3,SOU,5180910,cricwcl-ind-sou-2026-10-06-most-sixes-sou
World Championship of Legends,cricket_team_top_batter,World Championship of Legends: India Champions vs South Africa Champions - Team ,,1.0,,,0.0,0.0,0.0,2026-10-13 11:30:00+00:00,5.106269266967592,False,True,sports_fees_v3,IND,5180921,cricwcl-ind-sou-2026-10-06-team-top-batter-ind
World Championship of Legends,cricket_team_top_batter,World Championship of Legends: India Champions vs South Africa Champions - Team ,,1.0,,,0.0,466.9,0.0,2026-10-13 11:30:00+00:00,5.106269266967592,False,True,sports_fees_v3,Draw,5180923,cricwcl-ind-sou-2026-10-06-team-top-batter-draw
World Championship of Legends,cricket_team_top_batter,World Championship of Legends: India Champions vs South Africa Champions - Team ,,1.0,,,0.0,0.0,0.0,2026-10-13 11:30:00+00:00,5.106269266967592,False,True,sports_fees_v3,SOU,5180926,cricwcl-ind-sou-2026-10-06-team-top-batter-sou
World Championship of Legends,moneyline,World Championship of Legends: Australia Champions vs South Africa Champions,0.5,0.59,0.5449999999999999,0.08999999999999997,139.97,139.97,2532.1992,2026-10-16 11:30:00+00:00,8.106269266967594,False,False,sports_fees_v3,,5208759,cricwcl-aus-sou-2026-10-09
World Championship of Legends,cricket_toss_winner,World Championship of Legends: Australia Champions vs South Africa Champions - W,0.03,0.97,0.5,0.94,0.0,0.0,44.2198,2026-10-16 11:30:00+00:00,8.106269266967594,False,False,sports_fees_v3,,5208760,cricwcl-aus-sou-2026-10-09-toss-winner
World Championship of Legends,cricket_completed_match,World Championship of Legends: Australia Champions vs South Africa Champions - C,0.01,1.0,0.505,0.99,0.0,0.0,0.96,2026-10-16 11:30:00+00:00,8.106269266967594,False,False,sports_fees_v3,,5208761,cricwcl-aus-sou-2026-10-09-completed-match
World Championship of Legends,cricket_toss_match_double,World Championship of Legends: Australia Champions vs South Africa Champions - T,,1.0,,,0.0,0.0,0.0,2026-10-16 11:30:00+00:00,8.106269266967594,False,True,sports_fees_v3,AUS,5208762,cricwcl-aus-sou-2026-10-09-toss-match-double-aus
World Championship of Legends,cricket_toss_match_double,World Championship of Legends: Australia Champions vs South Africa Champions - T,,1.0,,,0.0,0.0,0.0,2026-10-16 11:30:00+00:00,8.106269266967594,False,True,sports_fees_v3,Draw,5208763,cricwcl-aus-sou-2026-10-09-toss-match-double-draw
World Championship of Legends,cricket_toss_match_double,World Championship of Legends: Australia Champions vs South Africa Champions - T,,1.0,,,0.0,0.0,0.0,2026-10-16 11:30:00+00:00,8.106269266967594,False,True,sports_fees_v3,SOU,5208764,cricwcl-aus-sou-2026-10-09-toss-match-double-sou
World Championship of Legends,cricket_most_sixes,World Championship of Legends: Australia Champions vs South Africa Champions - M,0.01,0.99,0.5,0.98,0.0,0.0,2.6099,2026-10-16 11:30:00+00:00,8.106269266967594,False,True,sports_fees_v3,AUS,5208765,cricwcl-aus-sou-2026-10-09-most-sixes-aus
World Championship of Legends,cricket_most_sixes,World Championship of Legends: Australia Champions vs South Africa Champions - M,0.01,0.99,0.5,0.98,0.0,0.0,2.61,2026-10-16 11:30:00+00:00,8.106269266967594,False,True,sports_fees_v3,Draw,5208766,cricwcl-aus-sou-2026-10-09-most-sixes-draw
World Championship of Legends,cricket_most_sixes,World Championship of Legends: Australia Champions vs South Africa Champions - M,0.01,0.99,0.5,0.98,0.0,0.0,2.61,2026-10-16 11:30:00+00:00,8.106269266967594,False,True,sports_fees_v3,SOU,5208767,cricwcl-aus-sou-2026-10-09-most-sixes-sou
World Championship of Legends,cricket_team_top_batter,World Championship of Legends: Australia Champions vs South Africa Champions - T,,0.99,,,0.0,0.0,0.05,2026-10-16 11:30:00+00:00,8.106269266967594,False,True,sports_fees_v3,AUS,5208768,cricwcl-aus-sou-2026-10-09-team-top-batter-aus
World Championship of Legends,cricket_team_top_batter,World Championship of Legends: Australia Champions vs South Africa Champions - T,,0.99,,,0.0,0.0,0.05,2026-10-16 11:30:00+00:00,8.106269266967594,False,True,sports_fees_v3,Draw,5208769,cricwcl-aus-sou-2026-10-09-team-top-batter-draw
World Championship of Legends,cricket_team_top_batter,World Championship of Legends: Australia Champions vs South Africa Champions - T,,0.99,,,0.0,0.0,0.05,2026-10-16 11:30:00+00:00,8.106269266967594,False,True,sports_fees_v3,SOU,5208770,cricwcl-aus-sou-2026-10-09-team-top-batter-sou
World Championship of Legends,moneyline,World Championship of Legends: Bangladesh Champions vs West Indies Champions,0.18,0.55,0.365,0.37000000000000005,0.0,0.0,852.5896,2026-10-16 15:30:00+00:00,8.27293593363426,False,False,sports_fees_v3,,5242148,cricwcl-ban-wes-2026-10-09
World Championship of Legends,cricket_toss_winner,World Championship of Legends: Bangladesh Champions vs West Indies Champions - W,0.03,0.97,0.5,0.94,0.0,0.0,44.2198,2026-10-16 15:30:00+00:00,8.27293593363426,False,False,sports_fees_v3,,5242149,cricwcl-ban-wes-2026-10-09-toss-winner
World Championship of Legends,cricket_completed_match,World Championship of Legends: Bangladesh Champions vs West Indies Champions - C,0.01,1.0,0.505,0.99,0.0,0.0,0.9599,2026-10-16 15:30:00+00:00,8.27293593363426,False,False,sports_fees_v3,,5242150,cricwcl-ban-wes-2026-10-09-completed-match
World Championship of Legends,cricket_toss_match_double,World Championship of Legends: Bangladesh Champions vs West Indies Champions - T,,1.0,,,0.0,0.0,0.0,2026-10-16 15:30:00+00:00,8.27293593363426,False,True,sports_fees_v3,BAN,5242151,cricwcl-ban-wes-2026-10-09-toss-match-double-ban
World Championship of Legends,cricket_toss_match_double,World Championship of Legends: Bangladesh Champions vs West Indies Champions - T,,1.0,,,0.0,0.0,0.0,2026-10-16 15:30:00+00:00,8.27293593363426,False,True,sports_fees_v3,Draw,5242152,cricwcl-ban-wes-2026-10-09-toss-match-double-draw
World Championship of Legends,cricket_toss_match_double,World Championship of Legends: Bangladesh Champions vs West Indies Champions - T,,1.0,,,0.0,0.0,0.0,2026-10-16 15:30:00+00:00,8.27293593363426,False,True,sports_fees_v3,WES,5242153,cricwcl-ban-wes-2026-10-09-toss-match-double-wes
World Championship of Legends,cricket_most_sixes,World Championship of Legends: Bangladesh Champions vs West Indies Champions - M,0.01,0.99,0.5,0.98,0.0,0.0,2.61,2026-10-16 15:30:00+00:00,8.27293593363426,False,True,sports_fees_v3,BAN,5242154,cricwcl-ban-wes-2026-10-09-most-sixes-ban
World Championship of Legends,cricket_most_sixes,World Championship of Legends: Bangladesh Champions vs West Indies Champions - M,0.01,0.99,0.5,0.98,0.0,0.0,2.61,2026-10-16 15:30:00+00:00,8.27293593363426,False,True,sports_fees_v3,Draw,5242155,cricwcl-ban-wes-2026-10-09-most-sixes-draw
World Championship of Legends,cricket_most_sixes,World Championship of Legends: Bangladesh Champions vs West Indies Champions - M,0.01,0.99,0.5,0.98,0.0,0.0,2.61,2026-10-16 15:30:00+00:00,8.27293593363426,False,True,sports_fees_v3,WES,5242156,cricwcl-ban-wes-2026-10-09-most-sixes-wes
World Championship of Legends,cricket_team_top_batter,World Championship of Legends: Bangladesh Champions vs West Indies Champions - T,,0.99,,,0.0,0.0,0.05,2026-10-16 15:30:00+00:00,8.27293593363426,False,True,sports_fees_v3,BAN,5242157,cricwcl-ban-wes-2026-10-09-team-top-batter-ban
World Championship of Legends,cricket_team_top_batter,World Championship of Legends: Bangladesh Champions vs West Indies Champions - T,,0.99,,,0.0,0.0,0.05,2026-10-16 15:30:00+00:00,8.27293593363426,False,True,sports_fees_v3,Draw,5242158,cricwcl-ban-wes-2026-10-09-team-top-batter-draw
World Championship of Legends,cricket_team_top_batter,World Championship of Legends: Bangladesh Champions vs West Indies Champions - T,,0.99,,,0.0,0.0,0.05,2026-10-16 15:30:00+00:00,8.27293593363426,False,True,sports_fees_v3,WES,5242159,cricwcl-ban-wes-2026-10-09-team-top-batter-wes
World Championship of Legends,moneyline,World Championship of Legends: India Champions vs Bangladesh Champions,0.5,0.94,0.72,0.43999999999999995,0.0,0.0,162.1706,2026-10-18 15:30:00+00:00,10.27293593363426,False,False,sports_fees_v3,,5291614,cricwcl-ind-ban-2026-10-11
World Championship of Legends,cricket_toss_winner,World Championship of Legends: India Champions vs Bangladesh Champions - Who win,0.03,0.97,0.5,0.94,0.0,0.0,43.9526,2026-10-18 15:30:00+00:00,10.27293593363426,False,False,sports_fees_v3,,5291615,cricwcl-ind-ban-2026-10-11-toss-winner
World Championship of Legends,cricket_completed_match,World Championship of Legends: India Champions vs Bangladesh Champions - Complet,0.01,1.0,0.505,0.99,0.0,0.0,0.9599,2026-10-18 15:30:00+00:00,10.27293593363426,False,False,sports_fees_v3,,5291616,cricwcl-ind-ban-2026-10-11-completed-match
World Championship of Legends,cricket_toss_match_double,World Championship of Legends: India Champions vs Bangladesh Champions - Toss Ma,,1.0,,,0.0,0.0,0.0,2026-10-18 15:30:00+00:00,10.27293593363426,False,True,sports_fees_v3,IND,5291617,cricwcl-ind-ban-2026-10-11-toss-match-double-ind
World Championship of Legends,cricket_toss_match_double,World Championship of Legends: India Champions vs Bangladesh Champions - Toss Ma,,1.0,,,0.0,0.0,0.0,2026-10-18 15:30:00+00:00,10.27293593363426,False,True,sports_fees_v3,Draw,5291618,cricwcl-ind-ban-2026-10-11-toss-match-double-draw
World Championship of Legends,cricket_toss_match_double,World Championship of Legends: India Champions vs Bangladesh Champions - Toss Ma,,1.0,,,0.0,0.0,0.0,2026-10-18 15:30:00+00:00,10.27293593363426,False,True,sports_fees_v3,BAN,5291619,cricwcl-ind-ban-2026-10-11-toss-match-double-ban
World Championship of Legends,cricket_most_sixes,World Championship of Legends: India Champions vs Bangladesh Champions - Most Si,0.01,0.99,0.5,0.98,0.0,0.0,2.61,2026-10-18 15:30:00+00:00,10.27293593363426,False,True,sports_fees_v3,IND,5291620,cricwcl-ind-ban-2026-10-11-most-sixes-ind
World Championship of Legends,cricket_most_sixes,World Championship of Legends: India Champions vs Bangladesh Champions - Most Si,0.01,0.99,0.5,0.98,0.0,0.0,2.61,2026-10-18 15:30:00+00:00,10.27293593363426,False,True,sports_fees_v3,Draw,5291621,cricwcl-ind-ban-2026-10-11-most-sixes-draw
World Championship of Legends,cricket_most_sixes,World Championship of Legends: India Champions vs Bangladesh Champions - Most Si,0.01,0.99,0.5,0.98,0.0,0.0,2.6099,2026-10-18 15:30:00+00:00,10.27293593363426,False,True,sports_fees_v3,BAN,5291622,cricwcl-ind-ban-2026-10-11-most-sixes-ban
World Championship of Legends,cricket_team_top_batter,World Championship of Legends: India Champions vs Bangladesh Champions - Team To,,0.99,,,0.0,0.0,0.05,2026-10-18 15:30:00+00:00,10.27293593363426,False,True,sports_fees_v3,IND,5291623,cricwcl-ind-ban-2026-10-11-team-top-batter-ind
World Championship of Legends,cricket_team_top_batter,World Championship of Legends: India Champions vs Bangladesh Champions - Team To,,0.99,,,0.0,0.0,0.05,2026-10-18 15:30:00+00:00,10.27293593363426,False,True,sports_fees_v3,Draw,5291624,cricwcl-ind-ban-2026-10-11-team-top-batter-draw
World Championship of Legends,cricket_team_top_batter,World Championship of Legends: India Champions vs Bangladesh Champions - Team To,,0.99,,,0.0,0.0,0.05,2026-10-18 15:30:00+00:00,10.27293593363426,False,True,sports_fees_v3,BAN,5291625,cricwcl-ind-ban-2026-10-11-team-top-batter-ban
World Championship of Legends,moneyline,World Championship of Legends: India Champions vs Pakistan Champions,0.45,0.52,0.485,0.07,0.0,0.0,2571.5994,2026-10-17 15:30:00+00:00,9.27293593363426,False,False,sports_fees_v3,,5291626,cricwcl-ind-pak-2026-10-10
World Championship of Legends,moneyline,World Championship of Legends: England Champions vs South Africa Champions,0.06,0.94,0.5,0.8799999999999999,0.0,0.0,90.7494,2026-10-17 11:30:00+00:00,9.106269266967594,False,False,sports_fees_v3,,5291638,cricwcl-eng-sou-2026-10-10
World Championship of Legends,cricket_toss_winner,World Championship of Legends: England Champions vs South Africa Champions - Who,0.02,0.98,0.5,0.96,0.0,0.0,31.6285,2026-10-17 11:30:00+00:00,9.106269266967594,False,False,sports_fees_v3,,5291639,cricwcl-eng-sou-2026-10-10-toss-winner
World Championship of Legends,cricket_completed_match,World Championship of Legends: England Champions vs South Africa Champions - Com,0.01,1.0,0.505,0.99,0.0,0.0,0.9599,2026-10-17 11:30:00+00:00,9.106269266967594,False,False,sports_fees_v3,,5291640,cricwcl-eng-sou-2026-10-10-completed-match
World Championship of Legends,cricket_toss_match_double,World Championship of Legends: England Champions vs South Africa Champions - Tos,,1.0,,,0.0,0.0,0.0,2026-10-17 11:30:00+00:00,9.106269266967594,False,True,sports_fees_v3,ENG,5291641,cricwcl-eng-sou-2026-10-10-toss-match-double-eng
World Championship of Legends,cricket_toss_match_double,World Championship of Legends: England Champions vs South Africa Champions - Tos,,1.0,,,0.0,0.0,0.0,2026-10-17 11:30:00+00:00,9.106269266967594,False,True,sports_fees_v3,Draw,5291642,cricwcl-eng-sou-2026-10-10-toss-match-double-draw
World Championship of Legends,cricket_toss_match_double,World Championship of Legends: England Champions vs South Africa Champions - Tos,,1.0,,,0.0,0.0,0.0,2026-10-17 11:30:00+00:00,9.106269266967594,False,True,sports_fees_v3,SOU,5291643,cricwcl-eng-sou-2026-10-10-toss-match-double-sou
World Championship of Legends,cricket_most_sixes,World Championship of Legends: England Champions vs South Africa Champions - Mos,0.01,0.99,0.5,0.98,0.0,0.0,2.56,2026-10-17 11:30:00+00:00,9.106269266967594,False,True,sports_fees_v3,ENG,5291644,cricwcl-eng-sou-2026-10-10-most-sixes-eng
World Championship of Legends,cricket_most_sixes,World Championship of Legends: England Champions vs South Africa Champions - Mos,0.01,0.99,0.5,0.98,0.0,0.0,2.56,2026-10-17 11:30:00+00:00,9.106269266967594,False,True,sports_fees_v3,Draw,5291645,cricwcl-eng-sou-2026-10-10-most-sixes-draw
World Championship of Legends,cricket_most_sixes,World Championship of Legends: England Champions vs South Africa Champions - Mos,0.01,0.99,0.5,0.98,0.0,0.0,2.56,2026-10-17 11:30:00+00:00,9.106269266967594,False,True,sports_fees_v3,SOU,5291646,cricwcl-eng-sou-2026-10-10-most-sixes-sou
World Championship of Legends,cricket_team_top_batter,World Championship of Legends: England Champions vs South Africa Champions - Tea,,0.99,,,0.0,0.0,0.05,2026-10-17 11:30:00+00:00,9.106269266967594,False,True,sports_fees_v3,ENG,5291647,cricwcl-eng-sou-2026-10-10-team-top-batter-eng
World Championship of Legends,cricket_team_top_batter,World Championship of Legends: England Champions vs South Africa Champions - Tea,,0.99,,,0.0,0.0,0.05,2026-10-17 11:30:00+00:00,9.106269266967594,False,True,sports_fees_v3,Draw,5291648,cricwcl-eng-sou-2026-10-10-team-top-batter-draw
World Championship of Legends,cricket_team_top_batter,World Championship of Legends: England Champions vs South Africa Champions - Tea,,0.99,,,0.0,0.0,0.05,2026-10-17 11:30:00+00:00,9.106269266967594,False,True,sports_fees_v3,SOU,5291649,cricwcl-eng-sou-2026-10-10-team-top-batter-sou
World Championship of Legends,moneyline,World Championship of Legends: Australia Champions vs West Indies Champions,0.06,0.74,0.4,0.6799999999999999,0.0,0.0,94.649,2026-10-18 11:30:00+00:00,10.106269266967594,False,False,sports_fees_v3,,5291650,cricwcl-aus-wes-2026-10-11
World Championship of Legends,cricket_toss_winner,World Championship of Legends: Australia Champions vs West Indies Champions - Wh,0.03,0.97,0.5,0.94,0.0,0.0,44.2198,2026-10-18 11:30:00+00:00,10.106269266967594,False,False,sports_fees_v3,,5291651,cricwcl-aus-wes-2026-10-11-toss-winner
World Championship of Legends,cricket_completed_match,World Championship of Legends: Australia Champions vs West Indies Champions - Co,0.01,1.0,0.505,0.99,0.0,0.0,0.9599,2026-10-18 11:30:00+00:00,10.106269266967594,False,False,sports_fees_v3,,5291652,cricwcl-aus-wes-2026-10-11-completed-match
World Championship of Legends,cricket_toss_match_double,World Championship of Legends: Australia Champions vs West Indies Champions - To,,1.0,,,0.0,0.0,0.0,2026-10-18 11:30:00+00:00,10.106269266967594,False,True,sports_fees_v3,AUS,5291653,cricwcl-aus-wes-2026-10-11-toss-match-double-aus
World Championship of Legends,cricket_toss_match_double,World Championship of Legends: Australia Champions vs West Indies Champions - To,,1.0,,,0.0,0.0,0.0,2026-10-18 11:30:00+00:00,10.106269266967594,False,True,sports_fees_v3,Draw,5291654,cricwcl-aus-wes-2026-10-11-toss-match-double-draw
World Championship of Legends,cricket_toss_match_double,World Championship of Legends: Australia Champions vs West Indies Champions - To,,1.0,,,0.0,0.0,0.0,2026-10-18 11:30:00+00:00,10.106269266967594,False,True,sports_fees_v3,WES,5291655,cricwcl-aus-wes-2026-10-11-toss-match-double-wes
World Championship of Legends,cricket_most_sixes,World Championship of Legends: Australia Champions vs West Indies Champions - Mo,0.01,0.99,0.5,0.98,0.0,0.0,2.6098,2026-10-18 11:30:00+00:00,10.106269266967594,False,True,sports_fees_v3,AUS,5291656,cricwcl-aus-wes-2026-10-11-most-sixes-aus
World Championship of Legends,cricket_most_sixes,World Championship of Legends: Australia Champions vs West Indies Champions - Mo,0.01,0.99,0.5,0.98,0.0,0.0,2.6099,2026-10-18 11:30:00+00:00,10.106269266967594,False,True,sports_fees_v3,Draw,5291657,cricwcl-aus-wes-2026-10-11-most-sixes-draw
World Championship of Legends,cricket_most_sixes,World Championship of Legends: Australia Champions vs West Indies Champions - Mo,0.01,0.99,0.5,0.98,0.0,0.0,2.6099,2026-10-18 11:30:00+00:00,10.106269266967594,False,True,sports_fees_v3,WES,5291658,cricwcl-aus-wes-2026-10-11-most-sixes-wes
World Championship of Legends,cricket_team_top_batter,World Championship of Legends: Australia Champions vs West Indies Champions - Te,,0.99,,,0.0,0.0,0.05,2026-10-18 11:30:00+00:00,10.106269266967594,False,True,sports_fees_v3,AUS,5291659,cricwcl-aus-wes-2026-10-11-team-top-batter-aus
World Championship of Legends,cricket_team_top_batter,World Championship of Legends: Australia Champions vs West Indies Champions - Te,,0.99,,,0.0,0.0,0.05,2026-10-18 11:30:00+00:00,10.106269266967594,False,True,sports_fees_v3,Draw,5291660,cricwcl-aus-wes-2026-10-11-team-top-batter-draw
World Championship of Legends,cricket_team_top_batter,World Championship of Legends: Australia Champions vs West Indies Champions - Te,,0.99,,,0.0,0.0,0.05,2026-10-18 11:30:00+00:00,10.106269266967594,False,True,sports_fees_v3,WES,5291661,cricwcl-aus-wes-2026-10-11-team-top-batter-wes
World Championship of Legends,moneyline,World Championship of Legends: South Africa Champions vs England Champions,0.06,0.94,0.5,0.8799999999999999,0.0,0.0,90.7497,2026-10-20 11:30:00+00:00,12.106269266967594,False,False,sports_fees_v3,,5398360,cricwcl-sou-eng-2026-10-13
World Championship of Legends,cricket_toss_winner,World Championship of Legends: South Africa Champions vs England Champions - Who,0.02,0.98,0.5,0.96,0.0,0.0,31.9198,2026-10-20 11:30:00+00:00,12.106269266967594,False,False,sports_fees_v3,,5398362,cricwcl-sou-eng-2026-10-13-toss-winner
World Championship of Legends,cricket_completed_match,World Championship of Legends: South Africa Champions vs England Champions - Com,0.02,0.99,0.505,0.97,0.0,0.0,2.9598,2026-10-20 11:30:00+00:00,12.106269266967594,False,False,sports_fees_v3,,5398364,cricwcl-sou-eng-2026-10-13-completed-match
World Championship of Legends,cricket_toss_match_double,World Championship of Legends: South Africa Champions vs England Champions - Tos,,1.0,,,0.0,0.0,0.0,2026-10-20 11:30:00+00:00,12.106269266967594,False,True,sports_fees_v3,SOU,5398367,cricwcl-sou-eng-2026-10-13-toss-match-double-sou
World Championship of Legends,cricket_toss_match_double,World Championship of Legends: South Africa Champions vs England Champions - Tos,,1.0,,,0.0,0.0,0.0,2026-10-20 11:30:00+00:00,12.106269266967594,False,True,sports_fees_v3,Draw,5398368,cricwcl-sou-eng-2026-10-13-toss-match-double-draw
World Championship of Legends,cricket_toss_match_double,World Championship of Legends: South Africa Champions vs England Champions - Tos,,1.0,,,0.0,0.0,0.0,2026-10-20 11:30:00+00:00,12.106269266967594,False,True,sports_fees_v3,ENG,5398369,cricwcl-sou-eng-2026-10-13-toss-match-double-eng
World Championship of Legends,cricket_most_sixes,World Championship of Legends: South Africa Champions vs England Champions - Mos,0.01,0.99,0.5,0.98,0.0,0.0,2.6099,2026-10-20 11:30:00+00:00,12.106269266967594,False,True,sports_fees_v3,SOU,5398370,cricwcl-sou-eng-2026-10-13-most-sixes-sou
World Championship of Legends,cricket_most_sixes,World Championship of Legends: South Africa Champions vs England Champions - Mos,0.01,0.99,0.5,0.98,0.0,0.0,2.6099,2026-10-20 11:30:00+00:00,12.106269266967594,False,True,sports_fees_v3,Draw,5398371,cricwcl-sou-eng-2026-10-13-most-sixes-draw
World Championship of Legends,cricket_most_sixes,World Championship of Legends: South Africa Champions vs England Champions - Mos,0.01,0.99,0.5,0.98,0.0,0.0,2.6099,2026-10-20 11:30:00+00:00,12.106269266967594,False,True,sports_fees_v3,ENG,5398372,cricwcl-sou-eng-2026-10-13-most-sixes-eng
World Championship of Legends,cricket_team_top_batter,World Championship of Legends: South Africa Champions vs England Champions - Tea,,0.99,,,0.0,0.0,0.05,2026-10-20 11:30:00+00:00,12.106269266967594,False,True,sports_fees_v3,SOU,5398373,cricwcl-sou-eng-2026-10-13-team-top-batter-sou
World Championship of Legends,cricket_team_top_batter,World Championship of Legends: South Africa Champions vs England Champions - Tea,,0.99,,,0.0,0.0,0.05,2026-10-20 11:30:00+00:00,12.106269266967594,False,True,sports_fees_v3,Draw,5398374,cricwcl-sou-eng-2026-10-13-team-top-batter-draw
World Championship of Legends,cricket_team_top_batter,World Championship of Legends: South Africa Champions vs England Champions - Tea,,0.99,,,0.0,0.0,0.05,2026-10-20 11:30:00+00:00,12.106269266967594,False,True,sports_fees_v3,ENG,5398375,cricwcl-sou-eng-2026-10-13-team-top-batter-eng
World Championship of Legends,moneyline,World Championship of Legends: India Champions vs West Indies Champions,0.54,0.75,0.645,0.20999999999999996,0.0,0.0,162.1193,2026-10-20 15:30:00+00:00,12.27293593363426,False,False,sports_fees_v3,,5408827,cricwcl-ind-wes-2026-10-13
World Championship of Legends,cricket_toss_winner,World Championship of Legends: India Champions vs West Indies Champions - Who wi,0.02,0.98,0.5,0.96,0.0,0.0,31.9198,2026-10-20 15:30:00+00:00,12.27293593363426,False,False,sports_fees_v3,,5408828,cricwcl-ind-wes-2026-10-13-toss-winner
World Championship of Legends,cricket_completed_match,World Championship of Legends: India Champions vs West Indies Champions - Comple,0.02,0.99,0.505,0.97,0.0,0.0,2.9599,2026-10-20 15:30:00+00:00,12.27293593363426,False,False,sports_fees_v3,,5408829,cricwcl-ind-wes-2026-10-13-completed-match
World Championship of Legends,cricket_toss_match_double,World Championship of Legends: India Champions vs West Indies Champions - Toss M,,1.0,,,0.0,0.0,0.0,2026-10-20 15:30:00+00:00,12.27293593363426,False,True,sports_fees_v3,IND,5408830,cricwcl-ind-wes-2026-10-13-toss-match-double-ind
World Championship of Legends,cricket_toss_match_double,World Championship of Legends: India Champions vs West Indies Champions - Toss M,,1.0,,,0.0,0.0,0.0,2026-10-20 15:30:00+00:00,12.27293593363426,False,True,sports_fees_v3,Draw,5408831,cricwcl-ind-wes-2026-10-13-toss-match-double-draw
World Championship of Legends,cricket_toss_match_double,World Championship of Legends: India Champions vs West Indies Champions - Toss M,,1.0,,,0.0,0.0,0.0,2026-10-20 15:30:00+00:00,12.27293593363426,False,True,sports_fees_v3,WES,5408832,cricwcl-ind-wes-2026-10-13-toss-match-double-wes
World Championship of Legends,cricket_most_sixes,World Championship of Legends: India Champions vs West Indies Champions - Most S,0.01,0.99,0.5,0.98,0.0,0.0,2.5599,2026-10-20 15:30:00+00:00,12.27293593363426,False,True,sports_fees_v3,IND,5408833,cricwcl-ind-wes-2026-10-13-most-sixes-ind
World Championship of Legends,cricket_most_sixes,World Championship of Legends: India Champions vs West Indies Champions - Most S,0.01,0.99,0.5,0.98,0.0,0.0,2.5599,2026-10-20 15:30:00+00:00,12.27293593363426,False,True,sports_fees_v3,Draw,5408834,cricwcl-ind-wes-2026-10-13-most-sixes-draw
World Championship of Legends,cricket_most_sixes,World Championship of Legends: India Champions vs West Indies Champions - Most S,0.01,0.99,0.5,0.98,0.0,0.0,2.5599,2026-10-20 15:30:00+00:00,12.27293593363426,False,True,sports_fees_v3,WES,5408835,cricwcl-ind-wes-2026-10-13-most-sixes-wes
World Championship of Legends,cricket_team_top_batter,World Championship of Legends: India Champions vs West Indies Champions - Team T,,1.0,,,0.0,0.0,0.0,2026-10-20 15:30:00+00:00,12.27293593363426,False,True,sports_fees_v3,IND,5408836,cricwcl-ind-wes-2026-10-13-team-top-batter-ind
World Championship of Legends,cricket_team_top_batter,World Championship of Legends: India Champions vs West Indies Champions - Team T,,1.0,,,0.0,0.0,0.0,2026-10-20 15:30:00+00:00,12.27293593363426,False,True,sports_fees_v3,Draw,5408837,cricwcl-ind-wes-2026-10-13-team-top-batter-draw
World Championship of Legends,cricket_team_top_batter,World Championship of Legends: India Champions vs West Indies Champions - Team T,,1.0,,,0.0,0.0,0.0,2026-10-20 15:30:00+00:00,12.27293593363426,False,True,sports_fees_v3,WES,5408838,cricwcl-ind-wes-2026-10-13-team-top-batter-wes
World Championship of Legends,moneyline,World Championship of Legends: Bangladesh Champions vs South Africa Champions,0.06,0.95,0.505,0.8899999999999999,0.0,0.0,90.4517,2026-10-21 15:30:00+00:00,13.27293593363426,False,False,sports_fees_v3,,5408839,cricwcl-ban-sou-2026-10-14
World Championship of Legends,cricket_toss_winner,World Championship of Legends: Bangladesh Champions vs South Africa Champions - ,0.02,0.98,0.5,0.96,0.0,0.0,31.9198,2026-10-21 15:30:00+00:00,13.27293593363426,False,False,sports_fees_v3,,5408840,cricwcl-ban-sou-2026-10-14-toss-winner
World Championship of Legends,cricket_completed_match,World Championship of Legends: Bangladesh Champions vs South Africa Champions - ,0.03,0.98,0.505,0.95,0.0,0.0,2.9599,2026-10-21 15:30:00+00:00,13.27293593363426,False,False,sports_fees_v3,,5408841,cricwcl-ban-sou-2026-10-14-completed-match
FIFA Friendlies,soccer_first_corner,Azerbaijan vs. Tajikistan: Team to Take First Corner,,1.0,,,0.0,0.0,0.0,2026-09-23 16:00:00+00:00,-14.706230733032406,False,False,sports_fees_v3,Team to Take First Corner,4470152,fif-aze-tjk-2026-09-23-first-corner
FIFA Friendlies,soccer_first_half_total_corners,Gibraltar vs. São Tomé e Príncipe: 1st Half O/U 4.5 Total Corners,,1.0,,,0.0,0.0,0.0,2026-09-23 16:00:00+00:00,-14.706230733032406,False,False,sports_fees_v3,1st Half Total Corners: O/U 4.5,4470161,fif-gib-stp-2026-09-23-corners-first-half-total-4pt5
FIFA Friendlies,soccer_game_corners_odd_even,Gibraltar vs. São Tomé e Príncipe: Total Corners Odd or Even?,,1.0,,,0.0,0.0,0.0,2026-09-23 16:00:00+00:00,-14.706230733032406,False,False,sports_fees_v3,Total Corners: Odd or Even,4470174,fif-gib-stp-2026-09-23-corners-odd-even
FIFA Friendlies,soccer_first_corner,Gibraltar vs. São Tomé e Príncipe: Team to Take First Corner,,1.0,,,0.0,0.0,0.0,2026-09-23 16:00:00+00:00,-14.706230733032406,False,False,sports_fees_v3,Team to Take First Corner,4470175,fif-gib-stp-2026-09-23-first-corner
FIFA Friendlies,total_corners,Seychelles vs. Sri Lanka: O/U 8.5 Total Corners,,1.0,,,0.0,0.0,0.0,2026-09-27 12:00:00+00:00,-10.872897399699074,False,False,sports_fees_v3,Total Corners: O/U 8.5,4525308,fif-sey-sri-2026-09-27-corners-total-8pt5
FIFA Friendlies,soccer_first_half_total_corners,Seychelles vs. Sri Lanka: 1st Half O/U 4.5 Total Corners,,1.0,,,0.0,0.0,0.0,2026-09-27 12:00:00+00:00,-10.872897399699074,False,False,sports_fees_v3,1st Half Total Corners: O/U 4.5,4525315,fif-sey-sri-2026-09-27-corners-first-half-total-4pt5
FIFA Friendlies,soccer_first_half_total_corners,Seychelles vs. Sri Lanka: 1st Half O/U 5.5 Total Corners,,1.0,,,0.0,0.0,0.0,2026-09-27 12:00:00+00:00,-10.872897399699074,False,False,sports_fees_v3,1st Half Total Corners: O/U 5.5,4525316,fif-sey-sri-2026-09-27-corners-first-half-total-5pt5
FIFA Friendlies,soccer_second_half_total_corners,Seychelles vs. Sri Lanka: 2nd Half O/U 3.5 Total Corners,,1.0,,,0.0,0.0,0.0,2026-09-27 12:00:00+00:00,-10.872897399699074,False,False,sports_fees_v3,2nd Half Total Corners: O/U 3.5,4525317,fif-sey-sri-2026-09-27-corners-second-half-total-3pt5
FIFA Friendlies,soccer_second_half_total_corners,Seychelles vs. Sri Lanka: 2nd Half O/U 4.5 Total Corners,,1.0,,,0.0,0.0,0.0,2026-09-27 12:00:00+00:00,-10.872897399699074,False,False,sports_fees_v3,2nd Half Total Corners: O/U 4.5,4525318,fif-sey-sri-2026-09-27-corners-second-half-total-4pt5
FIFA Friendlies,soccer_team_total_corners,Seychelles vs. Sri Lanka: Sri Lanka O/U 2.5 Corners,,1.0,,,0.0,0.0,0.0,2026-09-27 12:00:00+00:00,-10.872897399699074,False,False,sports_fees_v3,Sri Lanka Corners: O/U 2.5,4525325,fif-sey-sri-2026-09-27-corners-team-away-2pt5
FIFA Friendlies,soccer_game_corners_odd_even,Seychelles vs. Sri Lanka: Total Corners Odd or Even?,,1.0,,,0.0,0.0,0.0,2026-09-27 12:00:00+00:00,-10.872897399699074,False,False,sports_fees_v3,Total Corners: Odd or Even,4525329,fif-sey-sri-2026-09-27-corners-odd-even
FIFA Friendlies,soccer_first_corner,Seychelles vs. Sri Lanka: Team to Take First Corner,,1.0,,,0.0,0.0,0.0,2026-09-27 12:00:00+00:00,-10.872897399699074,False,False,sports_fees_v3,Team to Take First Corner,4525330,fif-sey-sri-2026-09-27-first-corner
FIFA Friendlies,total_corners,Dominica vs. Anguilla: O/U 7.5 Total Corners,,1.0,,,0.0,0.0,0.0,2026-09-22 00:00:00+00:00,-16.372897399699074,False,False,sports_fees_v3,Total Corners: O/U 7.5,4585256,fif-dma-aia-2026-09-21-corners-total-7pt5
FIFA Friendlies,total_corners,Dominica vs. Anguilla: O/U 8.5 Total Corners,,1.0,,,0.0,0.0,0.0,2026-09-22 00:00:00+00:00,-16.372897399699074,False,False,sports_fees_v3,Total Corners: O/U 8.5,4585257,fif-dma-aia-2026-09-21-corners-total-8pt5
FIFA Friendlies,total_corners,Dominica vs. Anguilla: O/U 9.5 Total Corners,,1.0,,,0.0,0.0,0.0,2026-09-22 00:00:00+00:00,-16.372897399699074,False,False,sports_fees_v3,Total Corners: O/U 9.5,4585258,fif-dma-aia-2026-09-21-corners-total-9pt5
FIFA Friendlies,total_corners,Dominica vs. Anguilla: O/U 10.5 Total Corners,,1.0,,,0.0,0.0,0.0,2026-09-22 00:00:00+00:00,-16.372897399699074,False,False,sports_fees_v3,Total Corners: O/U 10.5,4585259,fif-dma-aia-2026-09-21-corners-total-10pt5
FIFA Friendlies,total_corners,Dominica vs. Anguilla: O/U 11.5 Total Corners,,1.0,,,0.0,0.0,0.0,2026-09-22 00:00:00+00:00,-16.372897399699074,False,False,sports_fees_v3,Total Corners: O/U 11.5,4585260,fif-dma-aia-2026-09-21-corners-total-11pt5
FIFA Friendlies,total_corners,Dominica vs. Anguilla: O/U 12.5 Total Corners,,1.0,,,0.0,0.0,0.0,2026-09-22 00:00:00+00:00,-16.372897399699074,False,False,sports_fees_v3,Total Corners: O/U 12.5,4585261,fif-dma-aia-2026-09-21-corners-total-12pt5
FIFA Friendlies,total_corners,Dominica vs. Anguilla: O/U 13.5 Total Corners,,1.0,,,0.0,0.0,0.0,2026-09-22 00:00:00+00:00,-16.372897399699074,False,False,sports_fees_v3,Total Corners: O/U 13.5,4585262,fif-dma-aia-2026-09-21-corners-total-13pt5
FIFA Friendlies,soccer_first_half_total_corners,Dominica vs. Anguilla: 1st Half O/U 3.5 Total Corners,,1.0,,,0.0,0.0,0.0,2026-09-22 00:00:00+00:00,-16.372897399699074,False,False,sports_fees_v3,1st Half Total Corners: O/U 3.5,4585263,fif-dma-aia-2026-09-21-corners-first-half-total-3pt5
FIFA Friendlies,soccer_first_half_total_corners,Dominica vs. Anguilla: 1st Half O/U 4.5 Total Corners,,1.0,,,0.0,0.0,0.0,2026-09-22 00:00:00+00:00,-16.372897399699074,False,False,sports_fees_v3,1st Half Total Corners: O/U 4.5,4585264,fif-dma-aia-2026-09-21-corners-first-half-total-4pt5
FIFA Friendlies,soccer_first_half_total_corners,Dominica vs. Anguilla: 1st Half O/U 5.5 Total Corners,,1.0,,,0.0,0.0,0.0,2026-09-22 00:00:00+00:00,-16.372897399699074,False,False,sports_fees_v3,1st Half Total Corners: O/U 5.5,4585265,fif-dma-aia-2026-09-21-corners-first-half-total-5pt5
FIFA Friendlies,soccer_second_half_total_corners,Dominica vs. Anguilla: 2nd Half O/U 3.5 Total Corners,,1.0,,,0.0,0.0,0.0,2026-09-22 00:00:00+00:00,-16.372897399699074,False,False,sports_fees_v3,2nd Half Total Corners: O/U 3.5,4585266,fif-dma-aia-2026-09-21-corners-second-half-total-3pt5
FIFA Friendlies,soccer_second_half_total_corners,Dominica vs. Anguilla: 2nd Half O/U 4.5 Total Corners,,1.0,,,0.0,0.0,0.0,2026-09-22 00:00:00+00:00,-16.372897399699074,False,False,sports_fees_v3,2nd Half Total Corners: O/U 4.5,4585267,fif-dma-aia-2026-09-21-corners-second-half-total-4pt5
FIFA Friendlies,soccer_second_half_total_corners,Dominica vs. Anguilla: 2nd Half O/U 5.5 Total Corners,,1.0,,,0.0,0.0,0.0,2026-09-22 00:00:00+00:00,-16.372897399699074,False,False,sports_fees_v3,2nd Half Total Corners: O/U 5.5,4585268,fif-dma-aia-2026-09-21-corners-second-half-total-5pt5
FIFA Friendlies,soccer_team_total_corners,Dominica vs. Anguilla: Dominica O/U 2.5 Corners,,1.0,,,0.0,0.0,0.0,2026-09-22 00:00:00+00:00,-16.372897399699074,False,False,sports_fees_v3,Dominica Corners: O/U 2.5,4585269,fif-dma-aia-2026-09-21-corners-team-home-2pt5
FIFA Friendlies,soccer_team_total_corners,Dominica vs. Anguilla: Dominica O/U 3.5 Corners,,1.0,,,0.0,0.0,0.0,2026-09-22 00:00:00+00:00,-16.372897399699074,False,False,sports_fees_v3,Dominica Corners: O/U 3.5,4585270,fif-dma-aia-2026-09-21-corners-team-home-3pt5
FIFA Friendlies,soccer_team_total_corners,Dominica vs. Anguilla: Dominica O/U 4.5 Corners,,1.0,,,0.0,0.0,0.0,2026-09-22 00:00:00+00:00,-16.372897399699074,False,False,sports_fees_v3,Dominica Corners: O/U 4.5,4585271,fif-dma-aia-2026-09-21-corners-team-home-4pt5
FIFA Friendlies,soccer_team_total_corners,Dominica vs. Anguilla: Dominica O/U 5.5 Corners,,1.0,,,0.0,0.0,0.0,2026-09-22 00:00:00+00:00,-16.372897399699074,False,False,sports_fees_v3,Dominica Corners: O/U 5.5,4585272,fif-dma-aia-2026-09-21-corners-team-home-5pt5
FIFA Friendlies,soccer_team_total_corners,Dominica vs. Anguilla: Anguilla O/U 2.5 Corners,,1.0,,,0.0,0.0,0.0,2026-09-22 00:00:00+00:00,-16.372897399699074,False,False,sports_fees_v3,Anguilla Corners: O/U 2.5,4585273,fif-dma-aia-2026-09-21-corners-team-away-2pt5
FIFA Friendlies,soccer_team_total_corners,Dominica vs. Anguilla: Anguilla O/U 3.5 Corners,,1.0,,,0.0,0.0,0.0,2026-09-22 00:00:00+00:00,-16.372897399699074,False,False,sports_fees_v3,Anguilla Corners: O/U 3.5,4585274,fif-dma-aia-2026-09-21-corners-team-away-3pt5
FIFA Friendlies,soccer_team_total_corners,Dominica vs. Anguilla: Anguilla O/U 4.5 Corners,,1.0,,,0.0,0.0,0.0,2026-09-22 00:00:00+00:00,-16.372897399699074,False,False,sports_fees_v3,Anguilla Corners: O/U 4.5,4585275,fif-dma-aia-2026-09-21-corners-team-away-4pt5
FIFA Friendlies,soccer_team_total_corners,Dominica vs. Anguilla: Anguilla O/U 5.5 Corners,,1.0,,,0.0,0.0,0.0,2026-09-22 00:00:00+00:00,-16.372897399699074,False,False,sports_fees_v3,Anguilla Corners: O/U 5.5,4585276,fif-dma-aia-2026-09-21-corners-team-away-5pt5
FIFA Friendlies,soccer_game_corners_odd_even,Dominica vs. Anguilla: Total Corners Odd or Even?,,1.0,,,0.0,0.0,0.0,2026-09-22 00:00:00+00:00,-16.372897399699074,False,False,sports_fees_v3,Total Corners: Odd or Even,4585277,fif-dma-aia-2026-09-21-corners-odd-even
FIFA Friendlies,soccer_first_corner,Dominica vs. Anguilla: Team to Take First Corner,,1.0,,,0.0,0.0,0.0,2026-09-22 00:00:00+00:00,-16.372897399699074,False,False,sports_fees_v3,Team to Take First Corner,4585278,fif-dma-aia-2026-09-21-first-corner
FIFA Friendlies,soccer_game_corners_odd_even,United States vs. Chile: Total Corners Odd or Even?,,1.0,,,0.0,0.0,0.0,2026-09-30 00:07:00+00:00,-8.368036288587962,False,False,sports_fees_v3,Total Corners: Odd or Even,4614204,fif-usa-chl-2026-09-29-corners-odd-even
FIFA Friendlies,soccer_first_half_total_corners,Côte d'Ivoire vs. Cameroon: 1st Half O/U 3.5 Total Corners,0.03,0.97,0.5,0.94,0.0,10.344828,12.9993,2026-10-03 19:00:00+00:00,-4.581230733032408,False,False,sports_fees_v3,1st Half Total Corners: O/U 3.5,4757731,fif-civ-cmr-2026-10-03-corners-first-half-total-3pt5
FIFA Friendlies,soccer_first_half_total_corners,Côte d'Ivoire vs. Cameroon: 1st Half O/U 4.5 Total Corners,,1.0,,,0.0,0.0,0.0,2026-10-03 19:00:00+00:00,-4.581230733032408,False,False,sports_fees_v3,1st Half Total Corners: O/U 4.5,4757732,fif-civ-cmr-2026-10-03-corners-first-half-total-4pt5
FIFA Friendlies,soccer_first_half_total_corners,Côte d'Ivoire vs. Cameroon: 1st Half O/U 5.5 Total Corners,,1.0,,,0.0,0.0,0.0,2026-10-03 19:00:00+00:00,-4.581230733032408,False,False,sports_fees_v3,1st Half Total Corners: O/U 5.5,4757733,fif-civ-cmr-2026-10-03-corners-first-half-total-5pt5
FIFA Friendlies,soccer_second_half_total_corners,Côte d'Ivoire vs. Cameroon: 2nd Half O/U 3.5 Total Corners,,1.0,,,0.0,0.0,0.0,2026-10-03 19:00:00+00:00,-4.581230733032408,False,False,sports_fees_v3,2nd Half Total Corners: O/U 3.5,4757734,fif-civ-cmr-2026-10-03-corners-second-half-total-3pt5
FIFA Friendlies,soccer_second_half_total_corners,Côte d'Ivoire vs. Cameroon: 2nd Half O/U 4.5 Total Corners,,1.0,,,0.0,0.0,0.0,2026-10-03 19:00:00+00:00,-4.581230733032408,False,False,sports_fees_v3,2nd Half Total Corners: O/U 4.5,4757735,fif-civ-cmr-2026-10-03-corners-second-half-total-4pt5
FIFA Friendlies,soccer_second_half_total_corners,Côte d'Ivoire vs. Cameroon: 2nd Half O/U 5.5 Total Corners,,1.0,,,0.0,0.0,0.0,2026-10-03 19:00:00+00:00,-4.581230733032408,False,False,sports_fees_v3,2nd Half Total Corners: O/U 5.5,4757736,fif-civ-cmr-2026-10-03-corners-second-half-total-5pt5
FIFA Friendlies,soccer_game_corners_odd_even,Côte d'Ivoire vs. Cameroon: Total Corners Odd or Even?,,1.0,,,0.0,0.0,0.0,2026-10-03 19:00:00+00:00,-4.581230733032408,False,False,sports_fees_v3,Total Corners: Odd or Even,4757745,fif-civ-cmr-2026-10-03-corners-odd-even
FIFA Friendlies,soccer_second_half_total_corners,Canada vs. Peru: 2nd Half O/U 3.5 Total Corners,,1.0,,,0.0,0.0,0.0,2026-10-03 18:00:00+00:00,-4.622897399699074,False,False,sports_fees_v3,2nd Half Total Corners: O/U 3.5,4757757,fif-can-per-2026-10-03-corners-second-half-total-3pt5
FIFA Friendlies,total_corners,Colombia vs. Peru: O/U 11.5 Total Corners,,1.0,,,0.0,0.0,0.0,2026-10-06 23:45:00+00:00,-1.3833140663657408,False,False,sports_fees_v3,Total Corners: O/U 11.5,4881121,fif-col-per-2026-10-06-corners-total-11pt5
FIFA Friendlies,soccer_game_corners_odd_even,Colombia vs. Peru: Total Corners Odd or Even?,,1.0,,,0.0,0.0,0.0,2026-10-06 23:45:00+00:00,-1.3833140663657408,False,False,sports_fees_v3,Total Corners: Odd or Even,4881138,fif-col-per-2026-10-06-corners-odd-even
FIFA Friendlies,total_corners,Algeria vs. Niger: O/U 10.5 Total Corners,0.51,1.0,0.755,0.49,0.0,0.0,102.0,2026-10-06 17:00:00+00:00,-1.6645640663657408,False,False,sports_fees_v3,Total Corners: O/U 10.5,4881143,fif-alg-nig-2026-10-06-corners-total-10pt5
FIFA Friendlies,total_corners,Algeria vs. Niger: O/U 11.5 Total Corners,,0.49,,,0.0,0.0,102.0,2026-10-06 17:00:00+00:00,-1.6645640663657408,False,False,sports_fees_v3,Total Corners: O/U 11.5,4881144,fif-alg-nig-2026-10-06-corners-total-11pt5
FIFA Friendlies,soccer_first_half_total_corners,Algeria vs. Niger: 1st Half O/U 5.5 Total Corners,0.51,1.0,0.755,0.49,0.0,0.0,51.0,2026-10-06 17:00:00+00:00,-1.6645640663657408,False,False,sports_fees_v3,1st Half Total Corners: O/U 5.5,4881149,fif-alg-nig-2026-10-06-corners-first-half-total-5pt5
FIFA Friendlies,soccer_second_half_total_corners,Algeria vs. Niger: 2nd Half O/U 4.5 Total Corners,,1.0,,,0.0,0.0,0.0,2026-10-06 17:00:00+00:00,-1.6645640663657408,False,False,sports_fees_v3,2nd Half Total Corners: O/U 4.5,4881151,fif-alg-nig-2026-10-06-corners-second-half-total-4pt5
FIFA Friendlies,soccer_second_half_total_corners,Algeria vs. Niger: 2nd Half O/U 5.5 Total Corners,,1.0,,,0.0,0.0,0.0,2026-10-06 17:00:00+00:00,-1.6645640663657408,False,False,sports_fees_v3,2nd Half Total Corners: O/U 5.5,4881152,fif-alg-nig-2026-10-06-corners-second-half-total-5pt5
FIFA Friendlies,soccer_team_total_corners,Algeria vs. Niger: Algeria O/U 5.5 Corners,,0.99,,,0.0,25.0,0.25,2026-10-06 17:00:00+00:00,-1.6645640663657408,False,False,sports_fees_v3,Algeria Corners: O/U 5.5,4881156,fif-alg-nig-2026-10-06-corners-team-home-5pt5
FIFA Friendlies,soccer_team_total_corners,Algeria vs. Niger: Niger O/U 4.5 Corners,,1.0,,,0.0,0.0,0.0,2026-10-06 17:00:00+00:00,-1.6645640663657408,False,False,sports_fees_v3,Niger Corners: O/U 4.5,4881159,fif-alg-nig-2026-10-06-corners-team-away-4pt5
FIFA Friendlies,soccer_team_total_corners,Algeria vs. Niger: Niger O/U 5.5 Corners,,1.0,,,0.0,0.0,0.0,2026-10-06 17:00:00+00:00,-1.6645640663657408,False,False,sports_fees_v3,Niger Corners: O/U 5.5,4881160,fif-alg-nig-2026-10-06-corners-team-away-5pt5
FIFA Friendlies,soccer_game_corners_odd_even,Algeria vs. Niger: Total Corners Odd or Even?,,1.0,,,0.0,0.0,0.0,2026-10-06 17:00:00+00:00,-1.6645640663657408,False,False,sports_fees_v3,Total Corners: Odd or Even,4881161,fif-alg-nig-2026-10-06-corners-odd-even
FIFA Friendlies,soccer_first_corner,Algeria vs. Niger: Team to Take First Corner,,1.0,,,0.0,0.0,0.0,2026-10-06 17:00:00+00:00,-1.6645640663657408,False,False,sports_fees_v3,Team to Take First Corner,4881162,fif-alg-nig-2026-10-06-first-corner
FIFA Friendlies,soccer_halftime_result,Botswana leading at halftime?,,1.0,,,0.0,0.0,0.0,2026-09-30 14:00:00+00:00,-7.78956406636574,False,True,sports_fees_v3,Botswana,4978522,fif-bot-moz-2026-09-30-halftime-result-home
FIFA Friendlies,soccer_halftime_result,Botswana vs. Mozambique: Draw at halftime?,0.05,1.0,0.525,0.95,0.0,0.0,100.0,2026-09-30 14:00:00+00:00,-7.78956406636574,False,True,sports_fees_v3,Draw,4978523,fif-bot-moz-2026-09-30-halftime-result-draw
FIFA Friendlies,soccer_halftime_result,Mozambique leading at halftime?,,0.95,,,0.0,0.0,150.0,2026-09-30 14:00:00+00:00,-7.78956406636574,False,True,sports_fees_v3,Mozambique,4978524,fif-bot-moz-2026-09-30-halftime-result-away
FIFA Friendlies,soccer_second_half_result,Botswana to win the second half?,,1.0,,,0.0,0.0,0.0,2026-09-30 14:00:00+00:00,-7.78956406636574,False,True,sports_fees_v3,Botswana,4978525,fif-bot-moz-2026-09-30-second-half-result-home
FIFA Friendlies,soccer_second_half_result,Botswana vs. Mozambique: Second half draw?,,0.5,,,0.0,731.12766,240.0,2026-09-30 14:00:00+00:00,-7.78956406636574,False,True,sports_fees_v3,Draw,4978526,fif-bot-moz-2026-09-30-second-half-result-draw
FIFA Friendlies,soccer_second_half_result,Mozambique to win the second half?,0.05,1.0,0.525,0.95,0.0,0.0,100.0,2026-09-30 14:00:00+00:00,-7.78956406636574,False,True,sports_fees_v3,Mozambique,4978527,fif-bot-moz-2026-09-30-second-half-result-away
FIFA Friendlies,soccer_exact_score,Exact Score: Botswana 0 - 0 Mozambique?,,0.96,,,0.0,205.17877000000001,470.0,2026-09-30 14:00:00+00:00,-7.78956406636574,False,True,sports_fees_v3,Botswana 0 - 0 Mozambique,4978528,fif-bot-moz-2026-09-30-exact-score-0-0
FIFA Friendlies,soccer_exact_score,Exact Score: Botswana 0 - 1 Mozambique?,,1.0,,,0.0,0.0,0.0,2026-09-30 14:00:00+00:00,-7.78956406636574,False,True,sports_fees_v3,Botswana 0 - 1 Mozambique,4978529,fif-bot-moz-2026-09-30-exact-score-0-1
FIFA Friendlies,soccer_exact_score,Exact Score: Botswana 0 - 2 Mozambique?,0.03,0.99,0.51,0.96,0.0,90.5,25.4,2026-09-30 14:00:00+00:00,-7.78956406636574,False,True,sports_fees_v3,Botswana 0 - 2 Mozambique,4978531,fif-bot-moz-2026-09-30-exact-score-0-2
FIFA Friendlies,spreads,Spread: Botswana (-1.5),,0.9,,,0.0,0.0,500.0,2026-09-30 14:00:00+00:00,-7.78956406636574,False,False,sports_fees_v3,Botswana (-1.5),4993184,fif-bot-moz-2026-09-30-spread-home-1pt5
FIFA Friendlies,spreads,Spread: Mozambique (-1.5),0.05,1.0,0.525,0.95,0.0,50.5,250.0,2026-09-30 14:00:00+00:00,-7.78956406636574,False,False,sports_fees_v3,Mozambique (-1.5),4993185,fif-bot-moz-2026-09-30-spread-away-1pt5
FIFA Friendlies,spreads,Spread: Botswana (-2.5),,0.9,,,0.0,0.0,500.0,2026-09-30 14:00:00+00:00,-7.78956406636574,False,False,sports_fees_v3,Botswana (-2.5),4993186,fif-bot-moz-2026-09-30-spread-home-2pt5
FIFA Friendlies,spreads,Spread: Mozambique (-2.5),,1.0,,,0.0,0.0,0.0,2026-09-30 14:00:00+00:00,-7.78956406636574,False,False,sports_fees_v3,Mozambique (-2.5),4993187,fif-bot-moz-2026-09-30-spread-away-2pt5
FIFA Friendlies,spreads,Spread: Botswana (-3.5),,0.9,,,0.0,0.0,500.0,2026-09-30 14:00:00+00:00,-7.78956406636574,False,False,sports_fees_v3,Botswana (-3.5),4993188,fif-bot-moz-2026-09-30-spread-home-3pt5
FIFA Friendlies,spreads,Spread: Mozambique (-3.5),,1.0,,,0.0,0.0,0.0,2026-09-30 14:00:00+00:00,-7.78956406636574,False,False,sports_fees_v3,Mozambique (-3.5),4993189,fif-bot-moz-2026-09-30-spread-away-3pt5
FIFA Friendlies,spreads,Spread: Botswana (-4.5),,0.9,,,0.0,0.0,500.0,2026-09-30 14:00:00+00:00,-7.78956406636574,False,False,sports_fees_v3,Botswana (-4.5),4993190,fif-bot-moz-2026-09-30-spread-home-4pt5
FIFA Friendlies,spreads,Spread: Mozambique (-4.5),,1.0,,,0.0,0.0,0.0,2026-09-30 14:00:00+00:00,-7.78956406636574,False,False,sports_fees_v3,Mozambique (-4.5),4993191,fif-bot-moz-2026-09-30-spread-away-4pt5
FIFA Friendlies,spreads,Spread: Botswana (-5.5),,0.9,,,0.0,56.685,500.0,2026-09-30 14:00:00+00:00,-7.78956406636574,False,False,sports_fees_v3,Botswana (-5.5),4993192,fif-bot-moz-2026-09-30-spread-home-5pt5
FIFA Friendlies,both_teams_to_score_first_half,Botswana vs. Mozambique: Both Teams to Score in First Half,,0.99,,,0.0,0.0,100.0,2026-09-30 14:00:00+00:00,-7.78956406636574,False,False,sports_fees_v3,Both Teams to Score in First Half,4993204,fif-bot-moz-2026-09-30-btts-first-half
FIFA Friendlies,first_half_totals,Botswana vs. Mozambique: 1st Half O/U 0.5,,1.0,,,0.0,0.0,0.0,2026-09-30 14:00:00+00:00,-7.78956406636574,False,False,sports_fees_v3,1st Half O/U 0.5,4993205,fif-bot-moz-2026-09-30-first-half-total-0pt5
FIFA Friendlies,first_half_totals,Botswana vs. Mozambique: 1st Half O/U 1.5,,1.0,,,0.0,0.0,0.0,2026-09-30 14:00:00+00:00,-7.78956406636574,False,False,sports_fees_v3,1st Half O/U 1.5,4993206,fif-bot-moz-2026-09-30-first-half-total-1pt5
FIFA Friendlies,first_half_totals,Botswana vs. Mozambique: 1st Half O/U 2.5,,1.0,,,0.0,0.0,0.0,2026-09-30 14:00:00+00:00,-7.78956406636574,False,False,sports_fees_v3,1st Half O/U 2.5,4993207,fif-bot-moz-2026-09-30-first-half-total-2pt5
FIFA Friendlies,first_half_totals,Botswana vs. Mozambique: 1st Half O/U 3.5,,1.0,,,0.0,0.0,0.0,2026-09-30 14:00:00+00:00,-7.78956406636574,False,False,sports_fees_v3,1st Half O/U 3.5,4993208,fif-bot-moz-2026-09-30-first-half-total-3pt5
FIFA Friendlies,first_half_totals,Botswana vs. Mozambique: 1st Half O/U 4.5,,1.0,,,0.0,0.0,0.0,2026-09-30 14:00:00+00:00,-7.78956406636574,False,False,sports_fees_v3,1st Half O/U 4.5,4993209,fif-bot-moz-2026-09-30-first-half-total-4pt5
FIFA Friendlies,soccer_team_totals,Botswana vs. Mozambique: Botswana O/U 0.5,,0.95,,,0.0,0.0,125.0,2026-09-30 14:00:00+00:00,-7.78956406636574,False,False,sports_fees_v3,Botswana O/U 0.5,4993210,fif-bot-moz-2026-09-30-team-total-home-0pt5
FIFA Friendlies,soccer_team_totals,Botswana vs. Mozambique: Botswana O/U 1.5,,1.0,,,0.0,0.0,0.0,2026-09-30 14:00:00+00:00,-7.78956406636574,False,False,sports_fees_v3,Botswana O/U 1.5,4993211,fif-bot-moz-2026-09-30-team-total-home-1pt5
FIFA Friendlies,soccer_team_totals,Botswana vs. Mozambique: Botswana O/U 2.5,,1.0,,,0.0,0.0,0.0,2026-09-30 14:00:00+00:00,-7.78956406636574,False,False,sports_fees_v3,Botswana O/U 2.5,4993212,fif-bot-moz-2026-09-30-team-total-home-2pt5
FIFA Friendlies,soccer_team_totals,Botswana vs. Mozambique: Botswana O/U 3.5,,1.0,,,0.0,0.0,0.0,2026-09-30 14:00:00+00:00,-7.78956406636574,False,False,sports_fees_v3,Botswana O/U 3.5,4993213,fif-bot-moz-2026-09-30-team-total-home-3pt5
FIFA Friendlies,soccer_team_totals,Botswana vs. Mozambique: Botswana O/U 4.5,,1.0,,,0.0,0.0,0.0,2026-09-30 14:00:00+00:00,-7.78956406636574,False,False,sports_fees_v3,Botswana O/U 4.5,4993214,fif-bot-moz-2026-09-30-team-total-home-4pt5
FIFA Friendlies,soccer_team_totals,Botswana vs. Mozambique: Botswana O/U 5.5,,1.0,,,0.0,56.685,0.0,2026-09-30 14:00:00+00:00,-7.78956406636574,False,False,sports_fees_v3,Botswana O/U 5.5,4993215,fif-bot-moz-2026-09-30-team-total-home-5pt5
FIFA Friendlies,soccer_team_totals,Botswana vs. Mozambique: Mozambique O/U 0.5,0.01,1.0,0.505,0.99,0.0,0.0,50.0,2026-09-30 14:00:00+00:00,-7.78956406636574,False,False,sports_fees_v3,Mozambique O/U 0.5,4993216,fif-bot-moz-2026-09-30-team-total-away-0pt5
FIFA Friendlies,soccer_team_totals,Botswana vs. Mozambique: Mozambique O/U 1.5,0.01,1.0,0.505,0.99,0.0,0.0,50.0,2026-09-30 14:00:00+00:00,-7.78956406636574,False,False,sports_fees_v3,Mozambique O/U 1.5,4993217,fif-bot-moz-2026-09-30-team-total-away-1pt5
FIFA Friendlies,soccer_team_totals,Botswana vs. Mozambique: Mozambique O/U 2.5,,1.0,,,0.0,0.0,0.0,2026-09-30 14:00:00+00:00,-7.78956406636574,False,False,sports_fees_v3,Mozambique O/U 2.5,4993218,fif-bot-moz-2026-09-30-team-total-away-2pt5
FIFA Friendlies,soccer_team_totals,Botswana vs. Mozambique: Mozambique O/U 3.5,,1.0,,,0.0,0.0,0.0,2026-09-30 14:00:00+00:00,-7.78956406636574,False,False,sports_fees_v3,Mozambique O/U 3.5,4993219,fif-bot-moz-2026-09-30-team-total-away-3pt5
FIFA Friendlies,soccer_team_totals,Botswana vs. Mozambique: Mozambique O/U 4.5,,1.0,,,0.0,0.0,0.0,2026-09-30 14:00:00+00:00,-7.78956406636574,False,False,sports_fees_v3,Mozambique O/U 4.5,4993220,fif-bot-moz-2026-09-30-team-total-away-4pt5
FIFA Friendlies,soccer_team_totals,Botswana vs. Mozambique: Mozambique O/U 5.5,,1.0,,,0.0,5.101,0.0,2026-09-30 14:00:00+00:00,-7.78956406636574,False,False,sports_fees_v3,Mozambique O/U 5.5,4993221,fif-bot-moz-2026-09-30-team-total-away-5pt5
FIFA Friendlies,soccer_first_half_team_totals,Botswana vs. Mozambique: Botswana 1st Half O/U 0.5,,1.0,,,0.0,0.0,0.0,2026-09-30 14:00:00+00:00,-7.78956406636574,False,False,sports_fees_v3,Botswana 1st Half O/U 0.5,4993222,fif-bot-moz-2026-09-30-first-half-team-total-home-0pt5
FIFA Friendlies,soccer_first_half_team_totals,Botswana vs. Mozambique: Botswana 1st Half O/U 1.5,,1.0,,,0.0,0.0,0.0,2026-09-30 14:00:00+00:00,-7.78956406636574,False,False,sports_fees_v3,Botswana 1st Half O/U 1.5,4993223,fif-bot-moz-2026-09-30-first-half-team-total-home-1pt5
FIFA Friendlies,soccer_first_half_team_totals,Botswana vs. Mozambique: Botswana 1st Half O/U 2.5,,1.0,,,0.0,0.0,0.0,2026-09-30 14:00:00+00:00,-7.78956406636574,False,False,sports_fees_v3,Botswana 1st Half O/U 2.5,4993224,fif-bot-moz-2026-09-30-first-half-team-total-home-2pt5
FIFA Friendlies,soccer_first_half_team_totals,Botswana vs. Mozambique: Botswana 1st Half O/U 3.5,,1.0,,,0.0,5.101,0.0,2026-09-30 14:00:00+00:00,-7.78956406636574,False,False,sports_fees_v3,Botswana 1st Half O/U 3.5,4993227,fif-bot-moz-2026-09-30-first-half-team-total-home-3pt5
FIFA Friendlies,soccer_first_half_team_totals,Botswana vs. Mozambique: Mozambique 1st Half O/U 0.5,,1.0,,,0.0,0.0,0.0,2026-09-30 14:00:00+00:00,-7.78956406636574,False,False,sports_fees_v3,Mozambique 1st Half O/U 0.5,4993231,fif-bot-moz-2026-09-30-first-half-team-total-away-0pt5
FIFA Friendlies,soccer_first_half_team_totals,Botswana vs. Mozambique: Mozambique 1st Half O/U 1.5,,1.0,,,0.0,0.0,0.0,2026-09-30 14:00:00+00:00,-7.78956406636574,False,False,sports_fees_v3,Mozambique 1st Half O/U 1.5,4993232,fif-bot-moz-2026-09-30-first-half-team-total-away-1pt5
FIFA Friendlies,soccer_first_half_team_totals,Botswana vs. Mozambique: Mozambique 1st Half O/U 2.5,,1.0,,,0.0,0.0,0.0,2026-09-30 14:00:00+00:00,-7.78956406636574,False,False,sports_fees_v3,Mozambique 1st Half O/U 2.5,4993235,fif-bot-moz-2026-09-30-first-half-team-total-away-2pt5
FIFA Friendlies,soccer_first_half_team_totals,Botswana vs. Mozambique: Mozambique 1st Half O/U 3.5,,1.0,,,0.0,5.101,0.0,2026-09-30 14:00:00+00:00,-7.78956406636574,False,False,sports_fees_v3,Mozambique 1st Half O/U 3.5,4993237,fif-bot-moz-2026-09-30-first-half-team-total-away-3pt5
K League 2,soccer_first_corner,Gimpo FC vs. Yongin FC: Team to Take First Corner,,1.0,,,0.0,0.0,0.0,2026-07-26 10:30:00+00:00,-73.93539739969907,False,False,sports_fees_v3,Team to Take First Corner,3061333,kor2-gimp-yon-2026-07-26-first-corner
K League 2,soccer_first_corner,Hwaseong FC vs. Chungnam Asan FC: Team to Take First Corner,,1.0,,,0.0,0.0,0.0,2026-07-25 10:30:00+00:00,-74.93539739969907,False,False,sports_fees_v3,Team to Take First Corner,3061379,kor2-hwa-chu-2026-07-25-first-corner
K League 2,soccer_game_corners_odd_even,Jeonnam Dragons vs. Gyeongnam FC: Total Corners Odd or Even?,,1.0,,,0.0,0.0,0.0,2026-07-25 10:30:00+00:00,-74.93539739969907,False,False,sports_fees_v3,Total Corners: Odd or Even,3061401,kor2-jed-gye-2026-07-25-corners-odd-even
K League 2,soccer_first_corner,Daegu FC vs. Suwon FC: Team to Take First Corner,,1.0,,,0.0,0.0,0.0,2026-07-25 10:30:00+00:00,-74.93539739969907,False,False,sports_fees_v3,Team to Take First Corner,3061425,kor2-dag-sfc-2026-07-25-first-corner
K League 2,soccer_first_corner,Busan IPark vs. Suwon Bluewings: Team to Take First Corner,,1.0,,,0.0,0.0,0.0,2026-07-25 10:30:00+00:00,-74.93539739969907,False,False,sports_fees_v3,Team to Take First Corner,3061448,kor2-bus-suw-2026-07-25-first-corner
K League 2,soccer_first_corner,Ansan Greeners FC vs. Gimhae FC: Team to Take First Corner,,1.0,,,0.0,0.0,0.0,2026-08-02 10:30:00+00:00,-66.93539739969907,False,False,sports_fees_v3,Team to Take First Corner,3163183,kor2-ang-gim-2026-08-02-first-corner
K League 2,soccer_first_corner,Gimpo FC vs. Gyeongnam FC: Team to Take First Corner,,1.0,,,0.0,0.0,0.0,2026-08-02 10:30:00+00:00,-66.93539739969907,False,False,sports_fees_v3,Team to Take First Corner,3163206,kor2-gimp-gye-2026-08-02-first-corner
K League 2,soccer_first_corner,Busan IPark vs. Seoul E-Land FC: Team to Take First Corner,,1.0,,,0.0,0.0,0.0,2026-08-02 10:30:00+00:00,-66.93539739969907,False,False,sports_fees_v3,Team to Take First Corner,3163229,kor2-bus-sel-2026-08-02-first-corner
K League 2,soccer_first_corner,Cheonan City FC vs. Yongin FC: Team to Take First Corner,,1.0,,,0.0,0.0,0.0,2026-08-01 10:30:00+00:00,-67.93539739969907,False,False,sports_fees_v3,Team to Take First Corner,3163252,kor2-che-yon-2026-08-01-first-corner
K League 2,soccer_first_corner,Hwaseong FC vs. Daegu FC: Team to Take First Corner,,1.0,,,0.0,0.0,0.0,2026-08-01 10:30:00+00:00,-67.93539739969907,False,False,sports_fees_v3,Team to Take First Corner,3163275,kor2-hwa-dag-2026-08-01-first-corner
K League 2,soccer_first_corner,Chungbuk Cheongju FC vs. Suwon Bluewings: Team to Take First Corner,,1.0,,,0.0,0.0,0.0,2026-08-01 10:30:00+00:00,-67.93539739969907,False,False,sports_fees_v3,Team to Take First Corner,3163298,kor2-cc-suw-2026-08-01-first-corner
K League 2,soccer_first_corner,Jeonnam Dragons vs. Paju Frontier FC: Team to Take First Corner,,1.0,,,0.0,0.0,0.0,2026-08-02 10:30:00+00:00,-66.93539739969907,False,False,sports_fees_v3,Team to Take First Corner,3224555,kor2-jed-pac-2026-08-02-first-corner
K League 2,soccer_first_corner,Seongnam Ilhwa vs. Cheonan City FC: Team to Take First Corner,0.001,0.999,0.5,0.998,0.0,0.0,0.01,2026-08-08 10:30:00+00:00,-60.93539739969908,False,False,sports_fees_v3,Team to Take First Corner,3308526,kor2-seo-che-2026-08-08-first-corner
K League 2,soccer_first_corner,Yongin FC vs. Busan IPark: Team to Take First Corner,0.001,0.999,0.5,0.998,0.0,0.0,0.01,2026-08-07 10:30:00+00:00,-61.93539739969908,False,False,sports_fees_v3,Team to Take First Corner,3308549,kor2-yon-bus-2026-08-07-first-corner
K League 2,soccer_first_corner,Suwon Bluewings vs. Gimhae FC: Team to Take First Corner,0.001,0.999,0.5,0.998,0.0,0.0,0.01,2026-08-07 10:30:00+00:00,-61.93539739969908,False,False,sports_fees_v3,Team to Take First Corner,3308572,kor2-suw-gim-2026-08-07-first-corner
K League 2,soccer_first_corner,Hwaseong FC vs. Seoul E-Land FC: Team to Take First Corner,0.001,0.999,0.5,0.998,0.0,0.0,0.01,2026-08-07 10:30:00+00:00,-61.93539739969908,False,False,sports_fees_v3,Team to Take First Corner,3308595,kor2-hwa-sel-2026-08-07-first-corner
K League 2,soccer_first_corner,Gyeongnam FC vs. Daegu FC: Team to Take First Corner,0.001,0.999,0.5,0.998,0.0,0.0,0.01,2026-08-07 10:30:00+00:00,-61.93539739969908,False,False,sports_fees_v3,Team to Take First Corner,3308618,kor2-gye-dag-2026-08-07-first-corner
K League 2,soccer_first_corner,Gimpo FC vs. Chungbuk Cheongju FC: Team to Take First Corner,0.001,0.999,0.5,0.998,0.0,0.0,0.01,2026-08-07 10:30:00+00:00,-61.93539739969908,False,False,sports_fees_v3,Team to Take First Corner,3308641,kor2-gimp-cc-2026-08-07-first-corner
K League 2,soccer_first_corner,Chungnam Asan FC vs. Ansan Greeners FC: Team to Take First Corner,0.001,0.999,0.5,0.998,0.0,0.0,0.01,2026-08-07 10:30:00+00:00,-61.93539739969908,False,False,sports_fees_v3,Team to Take First Corner,3308664,kor2-chu-ang-2026-08-07-first-corner
K League 2,,Will Busan IPark win the 2026 K League 2?,0.02,0.9,0.46,0.88,0.0,0.0,3.2419,2027-01-01 04:59:00+00:00,84.83474148918981,False,True,sports_fees_v3,Busan IPark,3530690,2026-soccer-k-league-2-winner-busan-ipark
K League 2,,Will Chungnam Asan win the 2026 K League 2?,0.02,0.97,0.495,0.95,0.0,0.0,4.2878,2027-01-01 04:59:00+00:00,84.83474148918981,False,True,sports_fees_v3,Chungnam Asan,3530693,2026-soccer-k-league-2-winner-chungnam-asan
K League 2,,Will Daegu FC win the 2026 K League 2?,0.02,0.98,0.5,0.96,0.0,0.0,2.8522,2027-01-01 04:59:00+00:00,84.83474148918981,False,True,sports_fees_v3,Daegu FC,3530694,2026-soccer-k-league-2-winner-daegu-fc
K League 2,,Will Gimpo FC win the 2026 K League 2?,0.02,0.94,0.48,0.9199999999999999,0.0,0.0,2.8316,2027-01-01 04:59:00+00:00,84.83474148918981,False,True,sports_fees_v3,Gimpo FC,3530696,2026-soccer-k-league-2-winner-gimpo-fc
K League 2,,Will Gyeongnam FC win the 2026 K League 2?,0.01,0.98,0.495,0.97,0.0,0.0,2.7419,2027-01-01 04:59:00+00:00,84.83474148918981,False,True,sports_fees_v3,Gyeongnam FC,3530697,2026-soccer-k-league-2-winner-gyeongnam-fc
K League 2,,Will Hwaseong FC win the 2026 K League 2?,0.01,0.97,0.49,0.96,0.0,0.0,2.742,2027-01-01 04:59:00+00:00,84.83474148918981,False,True,sports_fees_v3,Hwaseong FC,3530698,2026-soccer-k-league-2-winner-hwaseong-fc
K League 2,,Will Seoul E-Land win the 2026 K League 2?,0.02,0.98,0.5,0.96,0.0,0.0,2.8422,2027-01-01 04:59:00+00:00,84.83474148918981,False,True,sports_fees_v3,Seoul E-Land,3530702,2026-soccer-k-league-2-winner-seoul-e-land
K League 2,,Will Suwon FC win the 2026 K League 2?,0.01,0.97,0.49,0.96,0.0,0.0,2.7421,2027-01-01 04:59:00+00:00,84.83474148918981,False,True,sports_fees_v3,Suwon FC,3530703,2026-soccer-k-league-2-winner-suwon-fc
K League 2,,Will Suwon Samsung Bluewings win the 2026 K League 2?,0.01,0.96,0.485,0.95,0.0,0.0,5.952,2027-01-01 04:59:00+00:00,84.83474148918981,False,True,sports_fees_v3,Suwon Samsung Bluewings,3530704,2026-soccer-k-league-2-winner-suwon-samsung-bluewings
K League 2,,Will Busan IPark be runner-up in the 2026 K League 2?,0.02,0.75,0.385,0.73,0.0,0.0,4.7986,2027-01-01 04:59:00+00:00,84.83474148918981,False,True,sports_fees_v3,Busan IPark,3545231,2026-soccer-k-league-2-runner-up-busan-ipark
K League 2,,Will Chungnam Asan be runner-up in the 2026 K League 2?,0.02,0.74,0.38,0.72,0.0,0.0,5.9678,2027-01-01 04:59:00+00:00,84.83474148918981,False,True,sports_fees_v3,Chungnam Asan,3545234,2026-soccer-k-league-2-runner-up-chungnam-asan
K League 2,,Will Daegu FC be runner-up in the 2026 K League 2?,0.02,0.75,0.385,0.73,0.0,0.0,11.3978,2027-01-01 04:59:00+00:00,84.83474148918981,False,True,sports_fees_v3,Daegu FC,3545235,2026-soccer-k-league-2-runner-up-daegu-fc
K League 2,,Will Gimpo FC be runner-up in the 2026 K League 2?,0.02,0.75,0.385,0.73,0.0,0.0,5.8385,2027-01-01 04:59:00+00:00,84.83474148918981,False,True,sports_fees_v3,Gimpo FC,3545237,2026-soccer-k-league-2-runner-up-gimpo-fc
K League 2,,Will Gyeongnam FC be runner-up in the 2026 K League 2?,0.02,0.75,0.385,0.73,0.0,0.0,7.9085,2027-01-01 04:59:00+00:00,84.83474148918981,False,True,sports_fees_v3,Gyeongnam FC,3545238,2026-soccer-k-league-2-runner-up-gyeongnam-fc
K League 2,,Will Hwaseong FC be runner-up in the 2026 K League 2?,0.02,0.75,0.385,0.73,0.0,0.0,10.6684,2027-01-01 04:59:00+00:00,84.83474148918981,False,True,sports_fees_v3,Hwaseong FC,3545239,2026-soccer-k-league-2-runner-up-hwaseong-fc
K League 2,,Will Paju Frontier be runner-up in the 2026 K League 2?,0.002,0.736,0.369,0.734,0.0,180.78,36.27392,2027-01-01 04:59:00+00:00,84.83474148918981,False,True,sports_fees_v3,Paju Frontier,3545241,2026-soccer-k-league-2-runner-up-paju-frontier
K League 2,,Will Seongnam FC be runner-up in the 2026 K League 2?,0.02,0.75,0.385,0.73,0.0,0.0,4.7885,2027-01-01 04:59:00+00:00,84.83474148918981,False,True,sports_fees_v3,Seongnam FC,3545242,2026-soccer-k-league-2-runner-up-seongnam-fc
K League 2,,Will Seoul E-Land be runner-up in the 2026 K League 2?,0.02,0.75,0.385,0.73,0.0,0.0,5.8373,2027-01-01 04:59:00+00:00,84.83474148918981,False,True,sports_fees_v3,Seoul E-Land,3545243,2026-soccer-k-league-2-runner-up-seoul-e-land
K League 2,,Will Suwon FC be runner-up in the 2026 K League 2?,0.02,0.75,0.385,0.73,0.0,0.0,7.9485,2027-01-01 04:59:00+00:00,84.83474148918981,False,True,sports_fees_v3,Suwon FC,3545244,2026-soccer-k-league-2-runner-up-suwon-fc
K League 2,,Will Suwon Samsung Bluewings be runner-up in the 2026 K League 2?,0.02,0.75,0.385,0.73,0.0,0.0,5.9186,2027-01-01 04:59:00+00:00,84.83474148918981,False,True,sports_fees_v3,Suwon Samsung Bluewings,3545245,2026-soccer-k-league-2-runner-up-suwon-samsung-bluewings
K League 2,,Will Yongin FC be runner-up in the 2026 K League 2?,0.002,0.72,0.361,0.718,0.0,185.78,35.41236,2027-01-01 04:59:00+00:00,84.83474148918981,False,True,sports_fees_v3,Yongin FC,3545246,2026-soccer-k-league-2-runner-up-yongin-fc
K League 2,,Will Busan IPark finish 3rd in the 2026 K League 2?,0.02,0.98,0.5,0.96,0.0,0.0,3.1986,2027-01-01 04:59:00+00:00,84.83474148918981,False,True,sports_fees_v3,Busan IPark,3914099,will-busan-ipark-finish-3rd-in-k-league-2-2026
K League 2,,Will Chungnam Asan finish 3rd in the 2026 K League 2?,0.02,0.98,0.5,0.96,0.0,0.0,2.6986,2027-01-01 04:59:00+00:00,84.83474148918981,False,True,sports_fees_v3,Chungnam Asan,3914102,will-chungnam-asan-finish-3rd-in-k-league-2-2026
K League 2,,Will Daegu FC finish 3rd in the 2026 K League 2?,0.01,0.95,0.48,0.94,0.0,0.0,5.8881,2027-01-01 04:59:00+00:00,84.83474148918981,False,True,sports_fees_v3,Daegu FC,3914103,will-daegu-fc-finish-3rd-in-k-league-2-2026
K League 2,,Will Gimpo FC finish 3rd in the 2026 K League 2?,0.02,0.98,0.5,0.96,0.0,0.0,3.1985,2027-01-01 04:59:00+00:00,84.83474148918981,False,True,sports_fees_v3,Gimpo FC,3914105,will-gimpo-fc-finish-3rd-in-k-league-2-2026
K League 2,,Will Gyeongnam FC finish 3rd in the 2026 K League 2?,0.02,0.98,0.5,0.96,0.0,0.0,3.1985,2027-01-01 04:59:00+00:00,84.83474148918981,False,True,sports_fees_v3,Gyeongnam FC,3914106,will-gyeongnam-fc-finish-3rd-in-k-league-2-2026
K League 2,,Will Hwaseong FC finish 3rd in the 2026 K League 2?,0.02,0.98,0.5,0.96,0.0,0.0,2.6986,2027-01-01 04:59:00+00:00,84.83474148918981,False,True,sports_fees_v3,Hwaseong FC,3914107,will-hwaseong-fc-finish-3rd-in-k-league-2-2026
K League 2,,Will Paju Frontier finish 3rd in the 2026 K League 2?,0.001,0.82,0.4105,0.819,0.0,77.2,14.14945,2027-01-01 04:59:00+00:00,84.83474148918981,False,True,sports_fees_v3,Paju Frontier,3914109,will-paju-frontier-finish-3rd-in-k-league-2-2026
K League 2,,Will Seongnam FC finish 3rd in the 2026 K League 2?,0.02,0.98,0.5,0.96,0.0,0.0,2.6985,2027-01-01 04:59:00+00:00,84.83474148918981,False,True,sports_fees_v3,Seongnam FC,3914110,will-seongnam-fc-finish-3rd-in-k-league-2-2026
K League 2,,Will Seoul E-Land finish 3rd in the 2026 K League 2?,0.01,0.98,0.495,0.97,0.0,0.0,2.6985,2027-01-01 04:59:00+00:00,84.83474148918981,False,True,sports_fees_v3,Seoul E-Land,3914111,will-seoul-e-land-finish-3rd-in-k-league-2-2026
K League 2,,Will Suwon FC finish 3rd in the 2026 K League 2?,0.01,0.98,0.495,0.97,0.0,0.0,2.6986,2027-01-01 04:59:00+00:00,84.83474148918981,False,True,sports_fees_v3,Suwon FC,3914113,will-suwon-fc-finish-3rd-in-k-league-2-2026
K League 2,,Will Suwon Samsung Bluewings finish 3rd in the 2026 K League 2?,0.02,0.98,0.5,0.96,0.0,0.0,3.1985,2027-01-01 04:59:00+00:00,84.83474148918981,False,True,sports_fees_v3,Suwon Samsung Bluewings,3914115,will-suwon-samsung-bluewings-finish-3rd-in-k-league-2-2026
K League 2,,Will Yongin FC finish 3rd in the 2026 K League 2?,0.01,0.98,0.495,0.97,0.0,0.0,2.6985,2027-01-01 04:59:00+00:00,84.83474148918981,False,True,sports_fees_v3,Yongin FC,3914117,will-yongin-fc-finish-3rd-in-k-league-2-2026
K League 2,moneyline,Will Suwon FC win on 2026-10-09?,0.47,0.48,0.475,0.010000000000000009,6.698114,6.698114,13126.169,2026-10-09 05:00:00+00:00,0.8354359336342593,False,True,sports_fees_v3,Suwon FC,5200859,kor2-sfc-hwa-2026-10-09-sfc
K League 2,moneyline,Will Suwon FC vs. Hwaseong FC end in a draw?,0.24,0.25,0.245,0.010000000000000009,0.0,0.0,14081.6147,2026-10-09 05:00:00+00:00,0.8354359336342593,False,True,sports_fees_v3,Draw (Suwon FC vs. Hwaseong FC),5200860,kor2-sfc-hwa-2026-10-09-draw
K League 2,moneyline,Will Hwaseong FC win on 2026-10-09?,0.28,0.29,0.28500000000000003,0.009999999999999953,0.0,0.0,12660.549,2026-10-09 05:00:00+00:00,0.8354359336342593,False,True,sports_fees_v3,Hwaseong FC,5200861,kor2-sfc-hwa-2026-10-09-hwa
K League 2,soccer_halftime_result,Suwon FC leading at halftime?,0.35,0.38,0.365,0.030000000000000027,0.0,0.0,5078.9317,2026-10-09 05:00:00+00:00,0.8354359336342593,False,True,sports_fees_v3,Suwon FC,5200862,kor2-sfc-hwa-2026-10-09-halftime-result-home
K League 2,soccer_halftime_result,Suwon FC vs. Hwaseong FC: Draw at halftime?,0.38,0.41,0.395,0.02999999999999997,0.0,0.0,4806.1195,2026-10-09 05:00:00+00:00,0.8354359336342593,False,True,sports_fees_v3,Draw,5200863,kor2-sfc-hwa-2026-10-09-halftime-result-draw
K League 2,soccer_halftime_result,Hwaseong FC leading at halftime?,0.22,0.25,0.235,0.03,0.0,0.0,6157.3261,2026-10-09 05:00:00+00:00,0.8354359336342593,False,True,sports_fees_v3,Hwaseong FC,5200864,kor2-sfc-hwa-2026-10-09-halftime-result-away
K League 2,soccer_second_half_result,Suwon FC to win the second half?,0.32,0.46,0.39,0.14,0.0,0.0,9.5199,2026-10-09 05:00:00+00:00,0.8354359336342593,False,True,sports_fees_v3,Suwon FC,5200865,kor2-sfc-hwa-2026-10-09-second-half-result-home
K League 2,soccer_second_half_result,Suwon FC vs. Hwaseong FC: Second half draw?,0.27,0.42,0.345,0.14999999999999997,0.0,0.0,30.1095,2026-10-09 05:00:00+00:00,0.8354359336342593,False,True,sports_fees_v3,Draw,5200866,kor2-sfc-hwa-2026-10-09-second-half-result-draw
K League 2,soccer_second_half_result,Hwaseong FC to win the second half?,0.19,0.33,0.26,0.14,0.0,0.0,9.4555,2026-10-09 05:00:00+00:00,0.8354359336342593,False,True,sports_fees_v3,Hwaseong FC,5200867,kor2-sfc-hwa-2026-10-09-second-half-result-away
K League 2,soccer_exact_score,Exact Score: Suwon FC 0 - 0 Hwaseong FC?,0.047,0.062,0.0545,0.015,0.0,0.0,10797.79562,2026-10-09 05:00:00+00:00,0.8354359336342593,False,True,sports_fees_v3,Suwon FC 0 - 0 Hwaseong FC,5200868,kor2-sfc-hwa-2026-10-09-exact-score-0-0
K League 2,soccer_exact_score,Exact Score: Suwon FC 0 - 1 Hwaseong FC?,0.05,0.08,0.065,0.03,0.0,0.0,9712.5022,2026-10-09 05:00:00+00:00,0.8354359336342593,False,True,sports_fees_v3,Suwon FC 0 - 1 Hwaseong FC,5200869,kor2-sfc-hwa-2026-10-09-exact-score-0-1
K League 2,soccer_exact_score,Exact Score: Suwon FC 1 - 0 Hwaseong FC?,0.08,0.1,0.09,0.020000000000000004,0.0,0.0,9599.295,2026-10-09 05:00:00+00:00,0.8354359336342593,False,True,sports_fees_v3,Suwon FC 1 - 0 Hwaseong FC,5200870,kor2-sfc-hwa-2026-10-09-exact-score-1-0
K League 2,soccer_exact_score,Exact Score: Suwon FC 0 - 2 Hwaseong FC?,0.03,0.047,0.0385,0.017,0.0,0.0,10623.18062,2026-10-09 05:00:00+00:00,0.8354359336342593,False,True,sports_fees_v3,Suwon FC 0 - 2 Hwaseong FC,5200871,kor2-sfc-hwa-2026-10-09-exact-score-0-2
K League 2,soccer_exact_score,Exact Score: Suwon FC 1 - 1 Hwaseong FC?,0.11,0.13,0.12,0.020000000000000004,0.0,0.0,8298.3784,2026-10-09 05:00:00+00:00,0.8354359336342593,False,True,sports_fees_v3,Suwon FC 1 - 1 Hwaseong FC,5200872,kor2-sfc-hwa-2026-10-09-exact-score-1-1
K League 2,soccer_exact_score,Exact Score: Suwon FC 2 - 0 Hwaseong FC?,0.06,0.08,0.07,0.020000000000000004,0.0,0.0,9918.6371,2026-10-09 05:00:00+00:00,0.8354359336342593,False,True,sports_fees_v3,Suwon FC 2 - 0 Hwaseong FC,5200873,kor2-sfc-hwa-2026-10-09-exact-score-2-0
K League 2,soccer_exact_score,Exact Score: Suwon FC 0 - 3 Hwaseong FC?,0.013,0.02,0.0165,0.007000000000000001,0.0,0.0,11058.11877,2026-10-09 05:00:00+00:00,0.8354359336342593,False,True,sports_fees_v3,Suwon FC 0 - 3 Hwaseong FC,5200874,kor2-sfc-hwa-2026-10-09-exact-score-0-3
K League 2,soccer_exact_score,Exact Score: Suwon FC 1 - 2 Hwaseong FC?,0.06,0.08,0.07,0.020000000000000004,0.0,0.0,9943.2271,2026-10-09 05:00:00+00:00,0.8354359336342593,False,True,sports_fees_v3,Suwon FC 1 - 2 Hwaseong FC,5200875,kor2-sfc-hwa-2026-10-09-exact-score-1-2
K League 2,soccer_exact_score,Exact Score: Suwon FC 2 - 1 Hwaseong FC?,0.09,0.11,0.1,0.020000000000000004,0.0,0.0,8498.2628,2026-10-09 05:00:00+00:00,0.8354359336342593,False,True,sports_fees_v3,Suwon FC 2 - 1 Hwaseong FC,5200876,kor2-sfc-hwa-2026-10-09-exact-score-2-1
K League 2,soccer_exact_score,Exact Score: Suwon FC 3 - 0 Hwaseong FC?,0.031,0.047,0.039,0.016,0.0,0.0,9842.78039,2026-10-09 05:00:00+00:00,0.8354359336342593,False,True,sports_fees_v3,Suwon FC 3 - 0 Hwaseong FC,5200877,kor2-sfc-hwa-2026-10-09-exact-score-3-0
K League 2,soccer_exact_score,Exact Score: Suwon FC 0 - 4 Hwaseong FC?,0.001,0.051,0.026,0.049999999999999996,0.0,0.0,2260.42896,2026-10-09 05:00:00+00:00,0.8354359336342593,False,True,sports_fees_v3,Suwon FC 0 - 4 Hwaseong FC,5200878,kor2-sfc-hwa-2026-10-09-exact-score-0-4
K League 2,soccer_exact_score,Exact Score: Suwon FC 1 - 3 Hwaseong FC?,0.021,0.035,0.028000000000000004,0.014000000000000002,0.0,0.0,10294.88598,2026-10-09 05:00:00+00:00,0.8354359336342593,False,True,sports_fees_v3,Suwon FC 1 - 3 Hwaseong FC,5200879,kor2-sfc-hwa-2026-10-09-exact-score-1-3
K League 2,soccer_exact_score,Exact Score: Suwon FC 2 - 2 Hwaseong FC?,0.052,0.071,0.0615,0.018999999999999996,0.0,0.0,10084.9894,2026-10-09 05:00:00+00:00,0.8354359336342593,False,True,sports_fees_v3,Suwon FC 2 - 2 Hwaseong FC,5200880,kor2-sfc-hwa-2026-10-09-exact-score-2-2
K League 2,soccer_exact_score,Exact Score: Suwon FC 3 - 1 Hwaseong FC?,0.044,0.057,0.0505,0.013000000000000005,0.0,0.0,9731.55117,2026-10-09 05:00:00+00:00,0.8354359336342593,False,True,sports_fees_v3,Suwon FC 3 - 1 Hwaseong FC,5200881,kor2-sfc-hwa-2026-10-09-exact-score-3-1
K League 2,soccer_exact_score,Exact Score: Suwon FC 4 - 0 Hwaseong FC?,0.002,0.032,0.017,0.03,0.0,0.0,5714.46724,2026-10-09 05:00:00+00:00,0.8354359336342593,False,True,sports_fees_v3,Suwon FC 4 - 0 Hwaseong FC,5200882,kor2-sfc-hwa-2026-10-09-exact-score-4-0
K League 2,soccer_exact_score,Exact Score: Suwon FC 0 - 5 Hwaseong FC?,,0.4,,,0.0,0.0,102.9394,2026-10-09 05:00:00+00:00,0.8354359336342593,False,True,sports_fees_v3,Suwon FC 0 - 5 Hwaseong FC,5200883,kor2-sfc-hwa-2026-10-09-exact-score-0-5
K League 2,soccer_exact_score,Exact Score: Suwon FC 1 - 4 Hwaseong FC?,0.001,0.02,0.0105,0.019,0.0,0.0,7139.47236,2026-10-09 05:00:00+00:00,0.8354359336342593,False,True,sports_fees_v3,Suwon FC 1 - 4 Hwaseong FC,5200884,kor2-sfc-hwa-2026-10-09-exact-score-1-4
K League 2,soccer_exact_score,Exact Score: Suwon FC 2 - 3 Hwaseong FC?,0.021,0.031,0.026000000000000002,0.009999999999999998,0.0,0.0,10403.67308,2026-10-09 05:00:00+00:00,0.8354359336342593,False,True,sports_fees_v3,Suwon FC 2 - 3 Hwaseong FC,5200885,kor2-sfc-hwa-2026-10-09-exact-score-2-3
K League 2,soccer_exact_score,Exact Score: Suwon FC 3 - 2 Hwaseong FC?,0.027,0.042,0.0345,0.015000000000000003,0.0,0.0,9871.35859,2026-10-09 05:00:00+00:00,0.8354359336342593,False,True,sports_fees_v3,Suwon FC 3 - 2 Hwaseong FC,5200886,kor2-sfc-hwa-2026-10-09-exact-score-3-2
K League 2,soccer_exact_score,Exact Score: Suwon FC 4 - 1 Hwaseong FC?,0.002,0.037,0.0195,0.034999999999999996,0.0,0.0,5220.76362,2026-10-09 05:00:00+00:00,0.8354359336342593,False,True,sports_fees_v3,Suwon FC 4 - 1 Hwaseong FC,5200887,kor2-sfc-hwa-2026-10-09-exact-score-4-1
K League 2,soccer_exact_score,Exact Score: Suwon FC 5 - 0 Hwaseong FC?,,0.417,,,0.0,0.0,134.13993,2026-10-09 05:00:00+00:00,0.8354359336342593,False,True,sports_fees_v3,Suwon FC 5 - 0 Hwaseong FC,5200888,kor2-sfc-hwa-2026-10-09-exact-score-5-0
K League 2,soccer_exact_score,Exact Score: Suwon FC 1 - 5 Hwaseong FC?,,0.36,,,0.0,0.0,102.8393,2026-10-09 05:00:00+00:00,0.8354359336342593,False,True,sports_fees_v3,Suwon FC 1 - 5 Hwaseong FC,5200889,kor2-sfc-hwa-2026-10-09-exact-score-1-5
VTB United League,moneyline,Enisey Krasnoyarsk vs. Avtodor,0.001,0.999,0.5,0.998,0.0,0.0,1.11998,2026-10-11 09:00:00+00:00,3.0021026003009257,False,False,sports_fees_v3,,5067436,bkvtb-eni-avt-2026-10-04
VTB United League,moneyline,MBA Moscow vs. Enisey Krasnoyarsk,0.03,0.97,0.5,0.94,0.0,0.0,94.1197,2026-10-17 10:00:00+00:00,9.043769266967594,False,False,sports_fees_v3,,5270371,bkvtb-mba-eni-2026-10-10
VTB United League,moneyline,Uralmash vs. Parma Perm,0.5,0.65,0.575,0.15000000000000002,0.0,0.0,322.9178,2026-10-17 12:00:00+00:00,9.127102600300926,False,False,sports_fees_v3,,5270372,bkvtb-ura-par-2026-10-10
VTB United League,moneyline,BC Zenit vs. Avtodor,0.56,0.97,0.765,0.4099999999999999,0.0,0.0,1396.9966,2026-10-18 12:00:00+00:00,10.127102600300926,False,False,sports_fees_v3,,5317351,bkvtb-zen-avt-2026-10-11
VTB United League,moneyline,CSKA Moscow vs. Lokomotiv Kuban,0.53,0.96,0.745,0.42999999999999994,0.0,0.0,811.1857,2026-10-18 14:00:00+00:00,10.21043593363426,False,False,sports_fees_v3,,5317352,bkvtb-csk-lok-2026-10-11
VTB United League,moneyline,MBA Moscow vs. Parma Perm,0.03,0.97,0.5,0.94,0.0,0.0,86.1196,2026-10-20 16:00:00+00:00,12.293769266967594,False,False,sports_fees_v3,,5400021,bkvtb-mba-par-2026-10-13
VTB United League,moneyline,Unics Kazan vs. Uralmash,0.03,0.97,0.5,0.94,0.0,0.0,93.5596,2026-10-21 16:00:00+00:00,13.293769266967594,False,False,sports_fees_v3,,5425095,bkvtb-uni-ura-2026-10-14
VTB United League,moneyline,Enisey Krasnoyarsk vs. BC Samara,0.03,0.97,0.5,0.94,0.0,0.0,93.5796,2026-10-21 12:30:00+00:00,13.14793593363426,False,False,sports_fees_v3,,5425096,bkvtb-eni-sam-2026-10-14
VTB United League,moneyline,Lokomotiv Kuban vs. Avtodor,0.03,0.97,0.5,0.94,0.0,0.0,93.5796,2026-10-21 17:00:00+00:00,13.33543593363426,False,False,sports_fees_v3,,5425097,bkvtb-lok-avt-2026-10-14
VTB United League,moneyline,Dynamo Vladivostok vs. CSKA Moscow,0.03,0.97,0.5,0.94,0.0,0.0,93.5796,2026-10-21 09:30:00+00:00,13.02293593363426,False,False,sports_fees_v3,,5425098,bkvtb-dyn-csk-2026-10-14
Virslīga,total_corners,BFC Daugavpils vs. FS Jelgava: O/U 9.5 Total Corners,,1.0,,,0.0,0.0,0.0,2026-08-01 13:00:00+00:00,-67.83123073303241,False,False,sports_fees_v3,Total Corners: O/U 9.5,3204038,lva1-bfc-jel-2026-08-01-corners-total-9pt5
Virslīga,soccer_game_corners_odd_even,BFC Daugavpils vs. FS Jelgava: Total Corners Odd or Even?,,1.0,,,0.0,0.0,0.0,2026-08-01 13:00:00+00:00,-67.83123073303241,False,False,sports_fees_v3,Total Corners: Odd or Even,3204057,lva1-bfc-jel-2026-08-01-corners-odd-even
Virslīga,total_corners,FK Auda Riga vs. Ogre United: O/U 7.5 Total Corners,,1.0,,,0.0,0.0,0.0,2026-08-03 15:00:00+00:00,-65.74789739969907,False,False,sports_fees_v3,Total Corners: O/U 7.5,3264697,lva1-aud-ogr-2026-08-03-corners-total-7pt5
Virslīga,total_corners,FK Auda Riga vs. Ogre United: O/U 8.5 Total Corners,,1.0,,,0.0,0.0,0.0,2026-08-03 15:00:00+00:00,-65.74789739969907,False,False,sports_fees_v3,Total Corners: O/U 8.5,3264701,lva1-aud-ogr-2026-08-03-corners-total-8pt5
Virslīga,total_corners,FK Auda Riga vs. Ogre United: O/U 9.5 Total Corners,,1.0,,,0.0,0.0,0.0,2026-08-03 15:00:00+00:00,-65.74789739969907,False,False,sports_fees_v3,Total Corners: O/U 9.5,3264702,lva1-aud-ogr-2026-08-03-corners-total-9pt5
Virslīga,total_corners,FK Auda Riga vs. Ogre United: O/U 10.5 Total Corners,,1.0,,,0.0,0.0,0.0,2026-08-03 15:00:00+00:00,-65.74789739969907,False,False,sports_fees_v3,Total Corners: O/U 10.5,3264703,lva1-aud-ogr-2026-08-03-corners-total-10pt5
Virslīga,total_corners,FK Auda Riga vs. Ogre United: O/U 11.5 Total Corners,,1.0,,,0.0,0.0,0.0,2026-08-03 15:00:00+00:00,-65.74789739969907,False,False,sports_fees_v3,Total Corners: O/U 11.5,3264705,lva1-aud-ogr-2026-08-03-corners-total-11pt5
Virslīga,total_corners,FK Auda Riga vs. Ogre United: O/U 12.5 Total Corners,,1.0,,,0.0,0.0,0.0,2026-08-03 15:00:00+00:00,-65.74789739969907,False,False,sports_fees_v3,Total Corners: O/U 12.5,3264708,lva1-aud-ogr-2026-08-03-corners-total-12pt5
Virslīga,total_corners,FK Auda Riga vs. Ogre United: O/U 13.5 Total Corners,,1.0,,,0.0,0.0,0.0,2026-08-03 15:00:00+00:00,-65.74789739969907,False,False,sports_fees_v3,Total Corners: O/U 13.5,3264709,lva1-aud-ogr-2026-08-03-corners-total-13pt5
Virslīga,soccer_first_half_total_corners,FK Auda Riga vs. Ogre United: 1st Half O/U 3.5 Total Corners,,1.0,,,0.0,0.0,0.0,2026-08-03 15:00:00+00:00,-65.74789739969907,False,False,sports_fees_v3,1st Half Total Corners: O/U 3.5,3264710,lva1-aud-ogr-2026-08-03-corners-first-half-total-3pt5
Virslīga,soccer_first_half_total_corners,FK Auda Riga vs. Ogre United: 1st Half O/U 4.5 Total Corners,,1.0,,,0.0,0.0,0.0,2026-08-03 15:00:00+00:00,-65.74789739969907,False,False,sports_fees_v3,1st Half Total Corners: O/U 4.5,3264713,lva1-aud-ogr-2026-08-03-corners-first-half-total-4pt5
Virslīga,soccer_first_half_total_corners,FK Auda Riga vs. Ogre United: 1st Half O/U 5.5 Total Corners,,1.0,,,0.0,0.0,0.0,2026-08-03 15:00:00+00:00,-65.74789739969907,False,False,sports_fees_v3,1st Half Total Corners: O/U 5.5,3264716,lva1-aud-ogr-2026-08-03-corners-first-half-total-5pt5
Virslīga,soccer_second_half_total_corners,FK Auda Riga vs. Ogre United: 2nd Half O/U 3.5 Total Corners,,1.0,,,0.0,0.0,0.0,2026-08-03 15:00:00+00:00,-65.74789739969907,False,False,sports_fees_v3,2nd Half Total Corners: O/U 3.5,3264719,lva1-aud-ogr-2026-08-03-corners-second-half-total-3pt5
Virslīga,soccer_second_half_total_corners,FK Auda Riga vs. Ogre United: 2nd Half O/U 4.5 Total Corners,,1.0,,,0.0,0.0,0.0,2026-08-03 15:00:00+00:00,-65.74789739969907,False,False,sports_fees_v3,2nd Half Total Corners: O/U 4.5,3264722,lva1-aud-ogr-2026-08-03-corners-second-half-total-4pt5
Virslīga,soccer_second_half_total_corners,FK Auda Riga vs. Ogre United: 2nd Half O/U 5.5 Total Corners,,1.0,,,0.0,0.0,0.0,2026-08-03 15:00:00+00:00,-65.74789739969907,False,False,sports_fees_v3,2nd Half Total Corners: O/U 5.5,3264726,lva1-aud-ogr-2026-08-03-corners-second-half-total-5pt5
Virslīga,soccer_team_total_corners,FK Auda Riga vs. Ogre United: FK Auda Riga O/U 2.5 Corners,,1.0,,,0.0,0.0,0.0,2026-08-03 15:00:00+00:00,-65.74789739969907,False,False,sports_fees_v3,FK Auda Riga Corners: O/U 2.5,3264729,lva1-aud-ogr-2026-08-03-corners-team-home-2pt5
Virslīga,soccer_team_total_corners,FK Auda Riga vs. Ogre United: FK Auda Riga O/U 3.5 Corners,,1.0,,,0.0,0.0,0.0,2026-08-03 15:00:00+00:00,-65.74789739969907,False,False,sports_fees_v3,FK Auda Riga Corners: O/U 3.5,3264733,lva1-aud-ogr-2026-08-03-corners-team-home-3pt5
Virslīga,soccer_team_total_corners,FK Auda Riga vs. Ogre United: FK Auda Riga O/U 4.5 Corners,,1.0,,,0.0,0.0,0.0,2026-08-03 15:00:00+00:00,-65.74789739969907,False,False,sports_fees_v3,FK Auda Riga Corners: O/U 4.5,3264735,lva1-aud-ogr-2026-08-03-corners-team-home-4pt5
Virslīga,soccer_team_total_corners,FK Auda Riga vs. Ogre United: FK Auda Riga O/U 5.5 Corners,,1.0,,,0.0,0.0,0.0,2026-08-03 15:00:00+00:00,-65.74789739969907,False,False,sports_fees_v3,FK Auda Riga Corners: O/U 5.5,3264736,lva1-aud-ogr-2026-08-03-corners-team-home-5pt5
Virslīga,soccer_team_total_corners,FK Auda Riga vs. Ogre United: Ogre United O/U 2.5 Corners,,1.0,,,0.0,0.0,0.0,2026-08-03 15:00:00+00:00,-65.74789739969907,False,False,sports_fees_v3,Ogre United Corners: O/U 2.5,3264737,lva1-aud-ogr-2026-08-03-corners-team-away-2pt5
Virslīga,soccer_team_total_corners,FK Auda Riga vs. Ogre United: Ogre United O/U 3.5 Corners,,1.0,,,0.0,0.0,0.0,2026-08-03 15:00:00+00:00,-65.74789739969907,False,False,sports_fees_v3,Ogre United Corners: O/U 3.5,3264738,lva1-aud-ogr-2026-08-03-corners-team-away-3pt5
Virslīga,soccer_team_total_corners,FK Auda Riga vs. Ogre United: Ogre United O/U 4.5 Corners,,1.0,,,0.0,0.0,0.0,2026-08-03 15:00:00+00:00,-65.74789739969907,False,False,sports_fees_v3,Ogre United Corners: O/U 4.5,3264742,lva1-aud-ogr-2026-08-03-corners-team-away-4pt5
Virslīga,soccer_team_total_corners,FK Auda Riga vs. Ogre United: Ogre United O/U 5.5 Corners,,1.0,,,0.0,0.0,0.0,2026-08-03 15:00:00+00:00,-65.74789739969907,False,False,sports_fees_v3,Ogre United Corners: O/U 5.5,3264743,lva1-aud-ogr-2026-08-03-corners-team-away-5pt5
Virslīga,soccer_game_corners_odd_even,FK Auda Riga vs. Ogre United: Total Corners Odd or Even?,,1.0,,,0.0,0.0,0.0,2026-08-03 15:00:00+00:00,-65.74789739969907,False,False,sports_fees_v3,Total Corners: Odd or Even,3264744,lva1-aud-ogr-2026-08-03-corners-odd-even
Virslīga,soccer_first_corner,FK Auda Riga vs. Ogre United: Team to Take First Corner,,1.0,,,0.0,0.0,0.0,2026-08-03 15:00:00+00:00,-65.74789739969907,False,False,sports_fees_v3,Team to Take First Corner,3264746,lva1-aud-ogr-2026-08-03-first-corner
Virslīga,soccer_first_corner,Riga FC vs. FK Grobina: Team to Take First Corner,,1.0,,,0.0,0.0,0.0,2026-08-02 15:00:00+00:00,-66.74789739969907,False,False,sports_fees_v3,Team to Take First Corner,3264794,lva1-rfc-grb-2026-08-02-first-corner
Virslīga,,Will Riga FC win the 2026 Virslīga (Latvia)?,0.02,0.98,0.5,0.96,0.0,0.0,3.0904,2027-01-01 04:59:00+00:00,84.83474148918981,False,True,sports_fees_v3,Riga FC,3530065,2026-soccer-virslga-latvia-winner-riga-fc
Virslīga,,Will RFS win the 2026 Virslīga (Latvia)?,0.02,0.98,0.5,0.96,0.0,0.0,3.0906,2027-01-01 04:59:00+00:00,84.83474148918981,False,True,sports_fees_v3,RFS,3530066,2026-soccer-virslga-latvia-winner-rfs
Virslīga,,Will FK Auda win the 2026 Virslīga (Latvia)?,0.02,0.97,0.495,0.95,0.0,0.0,3.2994,2027-01-01 04:59:00+00:00,84.83474148918981,False,True,sports_fees_v3,FK Auda,3530070,2026-soccer-virslga-latvia-winner-fk-auda
Virslīga,,Will Riga FC be runner-up in the 2026 Virslīga (Latvia)?,0.02,0.98,0.5,0.96,0.0,0.0,3.0905,2027-01-01 04:59:00+00:00,84.83474148918981,False,True,sports_fees_v3,Riga FC,3544573,2026-soccer-virslga-latvia-runner-up-riga-fc
Virslīga,,Will RFS be runner-up in the 2026 Virslīga (Latvia)?,0.02,0.97,0.495,0.95,0.0,0.0,4.1314,2027-01-01 04:59:00+00:00,84.83474148918981,False,True,sports_fees_v3,RFS,3544574,2026-soccer-virslga-latvia-runner-up-rfs
Virslīga,,Will FK Auda be runner-up in the 2026 Virslīga (Latvia)?,0.02,0.98,0.5,0.96,0.0,51.17,3.0905,2027-01-01 04:59:00+00:00,84.83474148918981,False,True,sports_fees_v3,FK Auda,3544578,2026-soccer-virslga-latvia-runner-up-fk-auda
Virslīga,,Will Riga FC finish 3rd in the 2026 Virslīga (Latvia)?,0.01,0.88,0.445,0.87,0.0,60.0,4.1901,2027-01-01 04:59:00+00:00,84.83474148918981,False,True,sports_fees_v3,Riga FC,3849425,will-riga-fc-finish-3rd-in-virsliga-latvia-2026
Virslīga,,Will RFS finish 3rd in the 2026 Virslīga (Latvia)?,0.05,0.9,0.47500000000000003,0.85,0.0,60.0,9.8692,2027-01-01 04:59:00+00:00,84.83474148918981,False,True,sports_fees_v3,RFS,3849427,will-rfs-finish-3rd-in-virsliga-latvia-2026
Virslīga,,Will FK Auda finish 3rd in the 2026 Virslīga (Latvia)?,0.05,0.97,0.51,0.9199999999999999,0.0,0.0,6.2381,2027-01-01 04:59:00+00:00,84.83474148918981,False,True,sports_fees_v3,FK Auda,3849433,will-fk-auda-finish-3rd-in-virsliga-latvia-2026
Virslīga,,Will Riga FC be relegated from the 2026 Virslīga (Latvia)?,0.001,0.003,0.002,0.002,0.0,320.01,61.25939,2027-01-01 04:59:00+00:00,84.83474148918981,False,False,sports_fees_v3,Riga FC,3913461,will-riga-fc-be-relegated-from-virsliga-latvia-2026
Virslīga,,Will RFS be relegated from the 2026 Virslīga (Latvia)?,0.003,0.339,0.171,0.336,0.0,875.191488,141.67027,2027-01-01 04:59:00+00:00,84.83474148918981,False,False,sports_fees_v3,RFS,3913463,will-rfs-be-relegated-from-virsliga-latvia-2026
Virslīga,,Will FK Liepāja be relegated from the 2026 Virslīga (Latvia)?,0.003,0.03,0.0165,0.027,0.0,634.4709999999999,218.92599,2027-01-01 04:59:00+00:00,84.83474148918981,False,False,sports_fees_v3,FK Liepāja,3913465,will-fk-liepaja-be-relegated-from-virsliga-latvia-2026
Virslīga,,Will FS Jelgava be relegated from the 2026 Virslīga (Latvia)?,0.12,0.3,0.21,0.18,0.0,124.1,31.714,2027-01-01 04:59:00+00:00,84.83474148918981,False,False,sports_fees_v3,FS Jelgava,3913467,will-fs-jelgava-be-relegated-from-virsliga-latvia-2026
Virslīga,,Will BFC Daugavpils be relegated from the 2026 Virslīga (Latvia)?,,0.043,,,0.0,1126.7571,273.35362,2027-01-01 04:59:00+00:00,84.83474148918981,False,False,sports_fees_v3,BFC Daugavpils,3913468,will-bfc-daugavpils-be-relegated-from-virsliga-latvia-2026
Virslīga,,Will FK Auda be relegated from the 2026 Virslīga (Latvia)?,0.002,0.062,0.032,0.06,0.0,733.8823,50.79646,2027-01-01 04:59:00+00:00,84.83474148918981,False,False,sports_fees_v3,FK Auda,3913469,will-fk-auda-be-relegated-from-virsliga-latvia-2026
Virslīga,,Will Grobiņas SC be relegated from the 2026 Virslīga (Latvia)?,0.2,0.53,0.365,0.33,0.0,580.0,20.934,2027-01-01 04:59:00+00:00,84.83474148918981,False,False,sports_fees_v3,Grobiņas SC,3913470,will-grobinas-sc-be-relegated-from-virsliga-latvia-2026
Virslīga,,Will SK Super Nova be relegated from the 2026 Virslīga (Latvia)?,0.011,0.2,0.10550000000000001,0.189,0.0,60.0,18.73697,2027-01-01 04:59:00+00:00,84.83474148918981,False,False,sports_fees_v3,SK Super Nova,3913471,will-sk-super-nova-be-relegated-from-virsliga-latvia-2026
Virslīga,,Will Tukums 2000 be relegated from the 2026 Virslīga (Latvia)?,0.4,0.59,0.495,0.18999999999999995,0.0,270.4,35.3335,2027-01-01 04:59:00+00:00,84.83474148918981,False,False,sports_fees_v3,Tukums 2000,3913472,will-tukums-2000-be-relegated-from-virsliga-latvia-2026
Virslīga,,Will Ogre United be relegated from the 2026 Virslīga (Latvia)?,0.5,0.96,0.73,0.45999999999999996,0.0,60.0,12.214,2027-01-01 04:59:00+00:00,84.83474148918981,False,False,sports_fees_v3,Ogre United,3913473,will-ogre-united-be-relegated-from-virsliga-latvia-2026
Virslīga,,Will FS Jelgava finish 8th in the 2026 Virslīga (Latvia)?,0.02,0.94,0.48,0.9199999999999999,0.0,0.0,3.2382,2027-01-01 04:59:00+00:00,84.83474148918981,False,True,sports_fees_v3,FS Jelgava,3913777,will-fs-jelgava-finish-8th-in-virsliga-latvia-2026
Virslīga,,Will BFC Daugavpils finish 8th in the 2026 Virslīga (Latvia)?,0.02,0.93,0.47500000000000003,0.91,0.0,0.0,6.0107,2027-01-01 04:59:00+00:00,84.83474148918981,False,True,sports_fees_v3,BFC Daugavpils,3913779,will-bfc-daugavpils-finish-8th-in-virsliga-latvia-2026
Virslīga,,Will Grobiņas SC finish 8th in the 2026 Virslīga (Latvia)?,0.03,0.9,0.465,0.87,0.0,0.0,7.9279,2027-01-01 04:59:00+00:00,84.83474148918981,False,True,sports_fees_v3,Grobiņas SC,3913783,will-grobinas-sc-finish-8th-in-virsliga-latvia-2026
Virslīga,,Will SK Super Nova finish 8th in the 2026 Virslīga (Latvia)?,0.03,0.98,0.505,0.95,0.0,0.0,3.9691,2027-01-01 04:59:00+00:00,84.83474148918981,False,True,sports_fees_v3,SK Super Nova,3913785,will-sk-super-nova-finish-8th-in-virsliga-latvia-2026
Virslīga,,Will Tukums 2000 finish 8th in the 2026 Virslīga (Latvia)?,0.03,0.98,0.505,0.95,0.0,0.0,3.9291,2027-01-01 04:59:00+00:00,84.83474148918981,False,True,sports_fees_v3,Tukums 2000,3913787,will-tukums-2000-finish-8th-in-virsliga-latvia-2026
Virslīga,,Will Ogre United finish 8th in the 2026 Virslīga (Latvia)?,0.04,0.97,0.505,0.9299999999999999,0.0,0.0,3.8289,2027-01-01 04:59:00+00:00,84.83474148918981,False,True,sports_fees_v3,Ogre United,3913789,will-ogre-united-finish-8th-in-virsliga-latvia-2026
Virslīga,,Will Riga FC keep the most clean sheets in the 2026 Virslīga (Latvia)?,0.02,0.94,0.48,0.9199999999999999,0.0,0.0,6.7166,2027-01-01 04:59:00+00:00,84.83474148918981,False,True,sports_fees_v3,Riga FC,3914284,will-riga-fc-keep-the-most-clean-sheets-in-virsliga-latvia-2026
Virslīga,,Will RFS keep the most clean sheets in the 2026 Virslīga (Latvia)?,0.03,0.97,0.5,0.94,0.0,0.0,6.1715,2027-01-01 04:59:00+00:00,84.83474148918981,False,True,sports_fees_v3,RFS,3914285,will-rfs-keep-the-most-clean-sheets-in-virsliga-latvia-2026
Virslīga,,Will BFC Daugavpils keep the most clean sheets in the 2026 Virslīga (Latvia)?,,0.79,,,0.0,67.63,16.4099,2027-01-01 04:59:00+00:00,84.83474148918981,False,True,sports_fees_v3,BFC Daugavpils,3914288,will-bfc-daugavpils-keep-the-most-clean-sheets-in-virsliga-latvia-2026
Virslīga,,Will FK Auda keep the most clean sheets in the 2026 Virslīga (Latvia)?,0.03,0.96,0.495,0.9299999999999999,0.0,0.0,7.2914,2027-01-01 04:59:00+00:00,84.83474148918981,False,True,sports_fees_v3,FK Auda,3914290,will-fk-auda-keep-the-most-clean-sheets-in-virsliga-latvia-2026
Virslīga,,Will SK Super Nova keep the most clean sheets in the 2026 Virslīga (Latvia)?,,0.55,,,0.0,67.63,13.3812,2027-01-01 04:59:00+00:00,84.83474148918981,False,True,sports_fees_v3,SK Super Nova,3914294,will-sk-super-nova-keep-the-most-clean-sheets-in-virsliga-latvia-2026
Virslīga,,Will Tukums 2000 keep the most clean sheets in the 2026 Virslīga (Latvia)?,,0.69,,,0.0,67.63,23.913,2027-01-01 04:59:00+00:00,84.83474148918981,False,True,sports_fees_v3,Tukums 2000,3914296,will-tukums-2000-keep-the-most-clean-sheets-in-virsliga-latvia-2026
Virslīga,,Will Ogre United keep the most clean sheets in the 2026 Virslīga (Latvia)?,0.01,0.84,0.425,0.83,0.0,67.63,16.4062,2027-01-01 04:59:00+00:00,84.83474148918981,False,True,sports_fees_v3,Ogre United,3914298,will-ogre-united-keep-the-most-clean-sheets-in-virsliga-latvia-2026
Virslīga,moneyline,Will SK Super Nova win on 2026-10-10?,0.33,0.44,0.385,0.10999999999999999,0.0,0.0,1037.3849,2026-10-10 13:00:00+00:00,2.1687692669675926,False,True,sports_fees_v3,SK Super Nova,5331274,lva1-sun-grb-2026-10-10-sun
Virslīga,moneyline,Will SK Super Nova vs. FK Grobina end in a draw?,0.21,0.33,0.27,0.12000000000000002,0.0,0.0,947.6933,2026-10-10 13:00:00+00:00,2.1687692669675926,False,True,sports_fees_v3,Draw (SK Super Nova vs. FK Grobina),5331276,lva1-sun-grb-2026-10-10-draw
Virslīga,moneyline,Will FK Grobina win on 2026-10-10?,0.29,0.41,0.35,0.12,0.0,0.0,987.3049,2026-10-10 13:00:00+00:00,2.1687692669675926,False,True,sports_fees_v3,FK Grobina,5331278,lva1-sun-grb-2026-10-10-grb
Virslīga,soccer_halftime_result,SK Super Nova leading at halftime?,0.23,0.37,0.3,0.13999999999999999,0.0,0.0,51.0197,2026-10-10 13:00:00+00:00,2.1687692669675926,False,True,sports_fees_v3,SK Super Nova,5331287,lva1-sun-grb-2026-10-10-halftime-result-home
Virslīga,soccer_halftime_result,SK Super Nova vs. FK Grobina: Draw at halftime?,0.36,0.5,0.43,0.14,0.0,0.0,52.7334,2026-10-10 13:00:00+00:00,2.1687692669675926,False,True,sports_fees_v3,Draw,5331288,lva1-sun-grb-2026-10-10-halftime-result-draw
Virslīga,soccer_halftime_result,FK Grobina leading at halftime?,0.2,0.34,0.27,0.14,0.0,0.0,49.3892,2026-10-10 13:00:00+00:00,2.1687692669675926,False,True,sports_fees_v3,FK Grobina,5331290,lva1-sun-grb-2026-10-10-halftime-result-away
Virslīga,soccer_second_half_result,SK Super Nova to win the second half?,0.02,0.98,0.5,0.96,0.0,0.0,2.8599,2026-10-10 13:00:00+00:00,2.1687692669675926,False,True,sports_fees_v3,SK Super Nova,5331294,lva1-sun-grb-2026-10-10-second-half-result-home
Virslīga,soccer_second_half_result,SK Super Nova vs. FK Grobina: Second half draw?,0.02,0.8,0.41000000000000003,0.78,0.0,0.0,19.8597,2026-10-10 13:00:00+00:00,2.1687692669675926,False,True,sports_fees_v3,Draw,5331295,lva1-sun-grb-2026-10-10-second-half-result-draw
Virslīga,soccer_second_half_result,FK Grobina to win the second half?,0.02,0.98,0.5,0.96,0.0,0.0,2.8599,2026-10-10 13:00:00+00:00,2.1687692669675926,False,True,sports_fees_v3,FK Grobina,5331297,lva1-sun-grb-2026-10-10-second-half-result-away
Virslīga,soccer_exact_score,Exact Score: SK Super Nova 0 - 0 FK Grobina?,,0.75,,,0.0,0.0,15.0673,2026-10-10 13:00:00+00:00,2.1687692669675926,False,True,sports_fees_v3,SK Super Nova 0 - 0 FK Grobina,5331301,lva1-sun-grb-2026-10-10-exact-score-0-0
Virslīga,soccer_exact_score,Exact Score: SK Super Nova 0 - 1 FK Grobina?,,0.75,,,0.0,0.0,18.6696,2026-10-10 13:00:00+00:00,2.1687692669675926,False,True,sports_fees_v3,SK Super Nova 0 - 1 FK Grobina,5331302,lva1-sun-grb-2026-10-10-exact-score-0-1
Virslīga,soccer_exact_score,Exact Score: SK Super Nova 1 - 0 FK Grobina?,,0.75,,,0.0,0.0,18.6696,2026-10-10 13:00:00+00:00,2.1687692669675926,False,True,sports_fees_v3,SK Super Nova 1 - 0 FK Grobina,5331303,lva1-sun-grb-2026-10-10-exact-score-1-0
Virslīga,soccer_exact_score,Exact Score: SK Super Nova 0 - 2 FK Grobina?,,0.75,,,0.0,0.0,18.6698,2026-10-10 13:00:00+00:00,2.1687692669675926,False,True,sports_fees_v3,SK Super Nova 0 - 2 FK Grobina,5331304,lva1-sun-grb-2026-10-10-exact-score-0-2
Virslīga,soccer_exact_score,Exact Score: SK Super Nova 1 - 1 FK Grobina?,,0.75,,,0.0,0.0,18.6699,2026-10-10 13:00:00+00:00,2.1687692669675926,False,True,sports_fees_v3,SK Super Nova 1 - 1 FK Grobina,5331305,lva1-sun-grb-2026-10-10-exact-score-1-1
Virslīga,soccer_exact_score,Exact Score: SK Super Nova 2 - 0 FK Grobina?,,0.75,,,0.0,0.0,18.6696,2026-10-10 13:00:00+00:00,2.1687692669675926,False,True,sports_fees_v3,SK Super Nova 2 - 0 FK Grobina,5331306,lva1-sun-grb-2026-10-10-exact-score-2-0
Virslīga,soccer_exact_score,Exact Score: SK Super Nova 0 - 3 FK Grobina?,,0.75,,,0.0,0.0,18.6695,2026-10-10 13:00:00+00:00,2.1687692669675926,False,True,sports_fees_v3,SK Super Nova 0 - 3 FK Grobina,5331307,lva1-sun-grb-2026-10-10-exact-score-0-3
Virslīga,soccer_exact_score,Exact Score: SK Super Nova 1 - 2 FK Grobina?,,0.75,,,0.0,0.0,18.6696,2026-10-10 13:00:00+00:00,2.1687692669675926,False,True,sports_fees_v3,SK Super Nova 1 - 2 FK Grobina,5331308,lva1-sun-grb-2026-10-10-exact-score-1-2
Virslīga,soccer_exact_score,Exact Score: SK Super Nova 2 - 1 FK Grobina?,,0.75,,,0.0,0.0,18.6696,2026-10-10 13:00:00+00:00,2.1687692669675926,False,True,sports_fees_v3,SK Super Nova 2 - 1 FK Grobina,5331309,lva1-sun-grb-2026-10-10-exact-score-2-1
Virslīga,soccer_exact_score,Exact Score: SK Super Nova 3 - 0 FK Grobina?,,0.75,,,0.0,0.0,18.6696,2026-10-10 13:00:00+00:00,2.1687692669675926,False,True,sports_fees_v3,SK Super Nova 3 - 0 FK Grobina,5331310,lva1-sun-grb-2026-10-10-exact-score-3-0
Virslīga,soccer_exact_score,Exact Score: SK Super Nova 0 - 4 FK Grobina?,,0.75,,,0.0,0.0,15.0673,2026-10-10 13:00:00+00:00,2.1687692669675926,False,True,sports_fees_v3,SK Super Nova 0 - 4 FK Grobina,5331311,lva1-sun-grb-2026-10-10-exact-score-0-4
Virslīga,soccer_exact_score,Exact Score: SK Super Nova 1 - 3 FK Grobina?,,0.75,,,0.0,0.0,18.6698,2026-10-10 13:00:00+00:00,2.1687692669675926,False,True,sports_fees_v3,SK Super Nova 1 - 3 FK Grobina,5331312,lva1-sun-grb-2026-10-10-exact-score-1-3
Virslīga,soccer_exact_score,Exact Score: SK Super Nova 2 - 2 FK Grobina?,,0.75,,,0.0,0.0,18.6696,2026-10-10 13:00:00+00:00,2.1687692669675926,False,True,sports_fees_v3,SK Super Nova 2 - 2 FK Grobina,5331313,lva1-sun-grb-2026-10-10-exact-score-2-2
Virslīga,soccer_exact_score,Exact Score: SK Super Nova 3 - 1 FK Grobina?,,0.75,,,0.0,0.0,18.6696,2026-10-10 13:00:00+00:00,2.1687692669675926,False,True,sports_fees_v3,SK Super Nova 3 - 1 FK Grobina,5331314,lva1-sun-grb-2026-10-10-exact-score-3-1
Virslīga,soccer_exact_score,Exact Score: SK Super Nova 4 - 0 FK Grobina?,,0.75,,,0.0,0.0,18.6697,2026-10-10 13:00:00+00:00,2.1687692669675926,False,True,sports_fees_v3,SK Super Nova 4 - 0 FK Grobina,5331315,lva1-sun-grb-2026-10-10-exact-score-4-0
Virslīga,soccer_exact_score,Exact Score: SK Super Nova 0 - 5 FK Grobina?,,0.75,,,0.0,0.0,16.8475,2026-10-10 13:00:00+00:00,2.1687692669675926,False,True,sports_fees_v3,SK Super Nova 0 - 5 FK Grobina,5331316,lva1-sun-grb-2026-10-10-exact-score-0-5
Virslīga,soccer_exact_score,Exact Score: SK Super Nova 1 - 4 FK Grobina?,,0.75,,,0.0,0.0,15.1698,2026-10-10 13:00:00+00:00,2.1687692669675926,False,True,sports_fees_v3,SK Super Nova 1 - 4 FK Grobina,5331317,lva1-sun-grb-2026-10-10-exact-score-1-4
Virslīga,soccer_exact_score,Exact Score: SK Super Nova 2 - 3 FK Grobina?,,0.75,,,0.0,0.0,18.6695,2026-10-10 13:00:00+00:00,2.1687692669675926,False,True,sports_fees_v3,SK Super Nova 2 - 3 FK Grobina,5331318,lva1-sun-grb-2026-10-10-exact-score-2-3
Virslīga,soccer_exact_score,Exact Score: SK Super Nova 3 - 2 FK Grobina?,,0.75,,,0.0,0.0,18.6696,2026-10-10 13:00:00+00:00,2.1687692669675926,False,True,sports_fees_v3,SK Super Nova 3 - 2 FK Grobina,5331319,lva1-sun-grb-2026-10-10-exact-score-3-2
Virslīga,soccer_exact_score,Exact Score: SK Super Nova 4 - 1 FK Grobina?,,0.75,,,0.0,0.0,18.6696,2026-10-10 13:00:00+00:00,2.1687692669675926,False,True,sports_fees_v3,SK Super Nova 4 - 1 FK Grobina,5331320,lva1-sun-grb-2026-10-10-exact-score-4-1
Virslīga,soccer_exact_score,Exact Score: SK Super Nova 5 - 0 FK Grobina?,,0.75,,,0.0,0.0,21.8469,2026-10-10 13:00:00+00:00,2.1687692669675926,False,True,sports_fees_v3,SK Super Nova 5 - 0 FK Grobina,5331321,lva1-sun-grb-2026-10-10-exact-score-5-0
Virslīga,soccer_exact_score,Exact Score: SK Super Nova 1 - 5 FK Grobina?,,0.75,,,0.0,0.0,15.1698,2026-10-10 13:00:00+00:00,2.1687692669675926,False,True,sports_fees_v3,SK Super Nova 1 - 5 FK Grobina,5331322,lva1-sun-grb-2026-10-10-exact-score-1-5
Virslīga,soccer_exact_score,Exact Score: SK Super Nova 2 - 4 FK Grobina?,,0.75,,,0.0,0.0,15.1699,2026-10-10 13:00:00+00:00,2.1687692669675926,False,True,sports_fees_v3,SK Super Nova 2 - 4 FK Grobina,5331323,lva1-sun-grb-2026-10-10-exact-score-2-4
Virslīga,soccer_exact_score,Exact Score: SK Super Nova 3 - 3 FK Grobina?,,0.75,,,0.0,0.0,18.6695,2026-10-10 13:00:00+00:00,2.1687692669675926,False,True,sports_fees_v3,SK Super Nova 3 - 3 FK Grobina,5331324,lva1-sun-grb-2026-10-10-exact-score-3-3
Virslīga,soccer_exact_score,Exact Score: SK Super Nova 4 - 2 FK Grobina?,,0.75,,,0.0,0.0,18.6696,2026-10-10 13:00:00+00:00,2.1687692669675926,False,True,sports_fees_v3,SK Super Nova 4 - 2 FK Grobina,5331325,lva1-sun-grb-2026-10-10-exact-score-4-2
Virslīga,soccer_exact_score,Exact Score: SK Super Nova 5 - 1 FK Grobina?,,0.75,,,0.0,0.0,18.6696,2026-10-10 13:00:00+00:00,2.1687692669675926,False,True,sports_fees_v3,SK Super Nova 5 - 1 FK Grobina,5331327,lva1-sun-grb-2026-10-10-exact-score-5-1
Virslīga,soccer_exact_score,Exact Score: SK Super Nova 2 - 5 FK Grobina?,,0.75,,,0.0,0.0,15.1698,2026-10-10 13:00:00+00:00,2.1687692669675926,False,True,sports_fees_v3,SK Super Nova 2 - 5 FK Grobina,5331328,lva1-sun-grb-2026-10-10-exact-score-2-5
Virslīga,soccer_exact_score,Exact Score: SK Super Nova 3 - 4 FK Grobina?,,0.75,,,0.0,0.0,15.1698,2026-10-10 13:00:00+00:00,2.1687692669675926,False,True,sports_fees_v3,SK Super Nova 3 - 4 FK Grobina,5331330,lva1-sun-grb-2026-10-10-exact-score-3-4
Virslīga,soccer_exact_score,Exact Score: SK Super Nova 4 - 3 FK Grobina?,,0.75,,,0.0,0.0,18.6697,2026-10-10 13:00:00+00:00,2.1687692669675926,False,True,sports_fees_v3,SK Super Nova 4 - 3 FK Grobina,5331331,lva1-sun-grb-2026-10-10-exact-score-4-3
Virslīga,soccer_exact_score,Exact Score: SK Super Nova 5 - 2 FK Grobina?,,0.75,,,0.0,0.0,18.6696,2026-10-10 13:00:00+00:00,2.1687692669675926,False,True,sports_fees_v3,SK Super Nova 5 - 2 FK Grobina,5331333,lva1-sun-grb-2026-10-10-exact-score-5-2
Virslīga,soccer_exact_score,Exact Score: SK Super Nova 3 - 5 FK Grobina?,,0.75,,,0.0,0.0,15.1699,2026-10-10 13:00:00+00:00,2.1687692669675926,False,True,sports_fees_v3,SK Super Nova 3 - 5 FK Grobina,5331334,lva1-sun-grb-2026-10-10-exact-score-3-5
Virslīga,soccer_exact_score,Exact Score: SK Super Nova 4 - 4 FK Grobina?,,0.75,,,0.0,0.0,18.6696,2026-10-10 13:00:00+00:00,2.1687692669675926,False,True,sports_fees_v3,SK Super Nova 4 - 4 FK Grobina,5331336,lva1-sun-grb-2026-10-10-exact-score-4-4
Virslīga,soccer_exact_score,Exact Score: SK Super Nova 5 - 3 FK Grobina?,,0.75,,,0.0,0.0,18.6696,2026-10-10 13:00:00+00:00,2.1687692669675926,False,True,sports_fees_v3,SK Super Nova 5 - 3 FK Grobina,5331338,lva1-sun-grb-2026-10-10-exact-score-5-3
